ISO-10303-21;
HEADER;
FILE_DESCRIPTION((''),'2;1');
FILE_NAME('C-5-104068-4','2018-02-15T',('workeradm'),('TE Connectivity Ltd.'),
'CREO PARAMETRIC BY PTC INC, 2016050','CREO PARAMETRIC BY PTC INC, 2016050','');
FILE_SCHEMA(('AUTOMOTIVE_DESIGN { 1 0 10303 214 1 1 1 1 }'));
ENDSEC;
DATA;
#134=DIRECTION('',(1.E0,0.E0,0.E0));
#135=VECTOR('',#134,2.83952E1);
#136=CARTESIAN_POINT('',(-1.41976E1,-3.605E0,-8.894E0));
#137=LINE('',#136,#135);
#138=DIRECTION('',(0.E0,0.E0,1.E0));
#139=VECTOR('',#138,1.471010857176E0);
#140=CARTESIAN_POINT('',(-1.41976E1,-3.605E0,-8.894E0));
#141=LINE('',#140,#139);
#142=DIRECTION('',(1.045284632677E-1,0.E0,-9.945218953683E-1));
#143=VECTOR('',#142,1.457976088386E0);
#144=CARTESIAN_POINT('',(-1.435E1,-3.605E0,-5.973E0));
#145=LINE('',#144,#143);
#146=DIRECTION('',(-1.E0,0.E0,0.E0));
#147=VECTOR('',#146,1.4478E0);
#148=CARTESIAN_POINT('',(-1.435E1,-3.605E0,-5.973E0));
#149=LINE('',#148,#147);
#150=DIRECTION('',(0.E0,0.E0,1.E0));
#151=VECTOR('',#150,1.524E0);
#152=CARTESIAN_POINT('',(-1.57978E1,-3.605E0,-5.973E0));
#153=LINE('',#152,#151);
#154=DIRECTION('',(1.E0,0.E0,0.E0));
#155=VECTOR('',#154,1.4478E0);
#156=CARTESIAN_POINT('',(-1.57978E1,-3.605E0,-4.449E0));
#157=LINE('',#156,#155);
#158=DIRECTION('',(1.E0,0.E0,0.E0));
#159=VECTOR('',#158,2.87E1);
#160=CARTESIAN_POINT('',(-1.435E1,-3.605E0,0.E0));
#161=LINE('',#160,#159);
#162=DIRECTION('',(1.E0,0.E0,0.E0));
#163=VECTOR('',#162,1.4478E0);
#164=CARTESIAN_POINT('',(1.435E1,-3.605E0,-4.449E0));
#165=LINE('',#164,#163);
#166=DIRECTION('',(0.E0,0.E0,-1.E0));
#167=VECTOR('',#166,1.524E0);
#168=CARTESIAN_POINT('',(1.57978E1,-3.605E0,-4.449E0));
#169=LINE('',#168,#167);
#170=DIRECTION('',(-1.E0,0.E0,0.E0));
#171=VECTOR('',#170,1.4478E0);
#172=CARTESIAN_POINT('',(1.57978E1,-3.605E0,-5.973E0));
#173=LINE('',#172,#171);
#174=DIRECTION('',(1.045284632677E-1,0.E0,9.945218953683E-1));
#175=VECTOR('',#174,1.457976088386E0);
#176=CARTESIAN_POINT('',(1.41976E1,-3.605E0,-7.422989142824E0));
#177=LINE('',#176,#175);
#178=DIRECTION('',(0.E0,0.E0,1.E0));
#179=VECTOR('',#178,1.471010857176E0);
#180=CARTESIAN_POINT('',(1.41976E1,-3.605E0,-8.894E0));
#181=LINE('',#180,#179);
#182=DIRECTION('',(-1.E0,0.E0,0.E0));
#183=VECTOR('',#182,2.83952E1);
#184=CARTESIAN_POINT('',(1.41976E1,-3.5034E0,-8.894E0));
#185=LINE('',#184,#183);
#186=DIRECTION('',(0.E0,0.E0,1.E0));
#187=VECTOR('',#186,1.016E0);
#188=CARTESIAN_POINT('',(1.41976E1,-3.5034E0,-9.91E0));
#189=LINE('',#188,#187);
#190=DIRECTION('',(0.E0,1.E0,0.E0));
#191=VECTOR('',#190,1.016E-1);
#192=CARTESIAN_POINT('',(1.41976E1,-3.605E0,-8.894E0));
#193=LINE('',#192,#191);
#194=DIRECTION('',(0.E0,-1.E0,0.E0));
#195=VECTOR('',#194,1.016E-1);
#196=CARTESIAN_POINT('',(1.41976E1,3.605E0,-8.894E0));
#197=LINE('',#196,#195);
#198=DIRECTION('',(0.E0,0.E0,1.E0));
#199=VECTOR('',#198,1.016E0);
#200=CARTESIAN_POINT('',(1.41976E1,3.5034E0,-9.91E0));
#201=LINE('',#200,#199);
#202=DIRECTION('',(1.E0,0.E0,0.E0));
#203=VECTOR('',#202,2.83952E1);
#204=CARTESIAN_POINT('',(-1.41976E1,-3.5034E0,-9.91E0));
#205=LINE('',#204,#203);
#206=DIRECTION('',(0.E0,1.E0,0.E0));
#207=VECTOR('',#206,7.0068E0);
#208=CARTESIAN_POINT('',(1.41976E1,-3.5034E0,-9.91E0));
#209=LINE('',#208,#207);
#210=DIRECTION('',(1.E0,0.E0,0.E0));
#211=VECTOR('',#210,2.83952E1);
#212=CARTESIAN_POINT('',(-1.41976E1,3.5034E0,-9.91E0));
#213=LINE('',#212,#211);
#214=DIRECTION('',(0.E0,1.E0,0.E0));
#215=VECTOR('',#214,7.0068E0);
#216=CARTESIAN_POINT('',(-1.41976E1,-3.5034E0,-9.91E0));
#217=LINE('',#216,#215);
#218=CARTESIAN_POINT('',(1.2319E1,-1.27E0,-9.91E0));
#219=DIRECTION('',(0.E0,0.E0,-1.E0));
#220=DIRECTION('',(1.E0,0.E0,0.E0));
#221=AXIS2_PLACEMENT_3D('',#218,#219,#220);
#223=CARTESIAN_POINT('',(1.2319E1,-1.27E0,-9.91E0));
#224=DIRECTION('',(0.E0,0.E0,-1.E0));
#225=DIRECTION('',(-1.E0,0.E0,0.E0));
#226=AXIS2_PLACEMENT_3D('',#223,#224,#225);
#228=CARTESIAN_POINT('',(1.2319E1,1.27E0,-9.91E0));
#229=DIRECTION('',(0.E0,0.E0,-1.E0));
#230=DIRECTION('',(1.E0,0.E0,0.E0));
#231=AXIS2_PLACEMENT_3D('',#228,#229,#230);
#233=CARTESIAN_POINT('',(1.2319E1,1.27E0,-9.91E0));
#234=DIRECTION('',(0.E0,0.E0,-1.E0));
#235=DIRECTION('',(-1.E0,0.E0,0.E0));
#236=AXIS2_PLACEMENT_3D('',#233,#234,#235);
#238=CARTESIAN_POINT('',(1.1049E1,-1.27E0,-9.91E0));
#239=DIRECTION('',(0.E0,0.E0,-1.E0));
#240=DIRECTION('',(1.E0,0.E0,0.E0));
#241=AXIS2_PLACEMENT_3D('',#238,#239,#240);
#243=CARTESIAN_POINT('',(1.1049E1,-1.27E0,-9.91E0));
#244=DIRECTION('',(0.E0,0.E0,-1.E0));
#245=DIRECTION('',(-1.E0,0.E0,0.E0));
#246=AXIS2_PLACEMENT_3D('',#243,#244,#245);
#248=CARTESIAN_POINT('',(1.1049E1,1.27E0,-9.91E0));
#249=DIRECTION('',(0.E0,0.E0,-1.E0));
#250=DIRECTION('',(1.E0,0.E0,0.E0));
#251=AXIS2_PLACEMENT_3D('',#248,#249,#250);
#253=CARTESIAN_POINT('',(1.1049E1,1.27E0,-9.91E0));
#254=DIRECTION('',(0.E0,0.E0,-1.E0));
#255=DIRECTION('',(-1.E0,0.E0,0.E0));
#256=AXIS2_PLACEMENT_3D('',#253,#254,#255);
#258=CARTESIAN_POINT('',(9.779E0,-1.27E0,-9.91E0));
#259=DIRECTION('',(0.E0,0.E0,-1.E0));
#260=DIRECTION('',(1.E0,0.E0,0.E0));
#261=AXIS2_PLACEMENT_3D('',#258,#259,#260);
#263=CARTESIAN_POINT('',(9.779E0,-1.27E0,-9.91E0));
#264=DIRECTION('',(0.E0,0.E0,-1.E0));
#265=DIRECTION('',(-1.E0,0.E0,0.E0));
#266=AXIS2_PLACEMENT_3D('',#263,#264,#265);
#268=CARTESIAN_POINT('',(9.779E0,1.27E0,-9.91E0));
#269=DIRECTION('',(0.E0,0.E0,-1.E0));
#270=DIRECTION('',(1.E0,0.E0,0.E0));
#271=AXIS2_PLACEMENT_3D('',#268,#269,#270);
#273=CARTESIAN_POINT('',(9.779E0,1.27E0,-9.91E0));
#274=DIRECTION('',(0.E0,0.E0,-1.E0));
#275=DIRECTION('',(-1.E0,0.E0,0.E0));
#276=AXIS2_PLACEMENT_3D('',#273,#274,#275);
#278=CARTESIAN_POINT('',(8.509E0,-1.27E0,-9.91E0));
#279=DIRECTION('',(0.E0,0.E0,-1.E0));
#280=DIRECTION('',(1.E0,0.E0,0.E0));
#281=AXIS2_PLACEMENT_3D('',#278,#279,#280);
#283=CARTESIAN_POINT('',(8.509E0,-1.27E0,-9.91E0));
#284=DIRECTION('',(0.E0,0.E0,-1.E0));
#285=DIRECTION('',(-1.E0,0.E0,0.E0));
#286=AXIS2_PLACEMENT_3D('',#283,#284,#285);
#288=CARTESIAN_POINT('',(8.509E0,1.27E0,-9.91E0));
#289=DIRECTION('',(0.E0,0.E0,-1.E0));
#290=DIRECTION('',(1.E0,0.E0,0.E0));
#291=AXIS2_PLACEMENT_3D('',#288,#289,#290);
#293=CARTESIAN_POINT('',(8.509E0,1.27E0,-9.91E0));
#294=DIRECTION('',(0.E0,0.E0,-1.E0));
#295=DIRECTION('',(-1.E0,0.E0,0.E0));
#296=AXIS2_PLACEMENT_3D('',#293,#294,#295);
#298=CARTESIAN_POINT('',(7.239E0,-1.27E0,-9.91E0));
#299=DIRECTION('',(0.E0,0.E0,-1.E0));
#300=DIRECTION('',(1.E0,0.E0,0.E0));
#301=AXIS2_PLACEMENT_3D('',#298,#299,#300);
#303=CARTESIAN_POINT('',(7.239E0,-1.27E0,-9.91E0));
#304=DIRECTION('',(0.E0,0.E0,-1.E0));
#305=DIRECTION('',(-1.E0,0.E0,0.E0));
#306=AXIS2_PLACEMENT_3D('',#303,#304,#305);
#308=CARTESIAN_POINT('',(7.239E0,1.27E0,-9.91E0));
#309=DIRECTION('',(0.E0,0.E0,-1.E0));
#310=DIRECTION('',(1.E0,0.E0,0.E0));
#311=AXIS2_PLACEMENT_3D('',#308,#309,#310);
#313=CARTESIAN_POINT('',(7.239E0,1.27E0,-9.91E0));
#314=DIRECTION('',(0.E0,0.E0,-1.E0));
#315=DIRECTION('',(-1.E0,0.E0,0.E0));
#316=AXIS2_PLACEMENT_3D('',#313,#314,#315);
#318=CARTESIAN_POINT('',(5.969E0,-1.27E0,-9.91E0));
#319=DIRECTION('',(0.E0,0.E0,-1.E0));
#320=DIRECTION('',(1.E0,0.E0,0.E0));
#321=AXIS2_PLACEMENT_3D('',#318,#319,#320);
#323=CARTESIAN_POINT('',(5.969E0,-1.27E0,-9.91E0));
#324=DIRECTION('',(0.E0,0.E0,-1.E0));
#325=DIRECTION('',(-1.E0,0.E0,0.E0));
#326=AXIS2_PLACEMENT_3D('',#323,#324,#325);
#328=CARTESIAN_POINT('',(5.969E0,1.27E0,-9.91E0));
#329=DIRECTION('',(0.E0,0.E0,-1.E0));
#330=DIRECTION('',(1.E0,0.E0,0.E0));
#331=AXIS2_PLACEMENT_3D('',#328,#329,#330);
#333=CARTESIAN_POINT('',(5.969E0,1.27E0,-9.91E0));
#334=DIRECTION('',(0.E0,0.E0,-1.E0));
#335=DIRECTION('',(-1.E0,0.E0,0.E0));
#336=AXIS2_PLACEMENT_3D('',#333,#334,#335);
#338=CARTESIAN_POINT('',(4.699E0,-1.27E0,-9.91E0));
#339=DIRECTION('',(0.E0,0.E0,-1.E0));
#340=DIRECTION('',(1.E0,0.E0,0.E0));
#341=AXIS2_PLACEMENT_3D('',#338,#339,#340);
#343=CARTESIAN_POINT('',(4.699E0,-1.27E0,-9.91E0));
#344=DIRECTION('',(0.E0,0.E0,-1.E0));
#345=DIRECTION('',(-1.E0,0.E0,0.E0));
#346=AXIS2_PLACEMENT_3D('',#343,#344,#345);
#348=CARTESIAN_POINT('',(4.699E0,1.27E0,-9.91E0));
#349=DIRECTION('',(0.E0,0.E0,-1.E0));
#350=DIRECTION('',(1.E0,0.E0,0.E0));
#351=AXIS2_PLACEMENT_3D('',#348,#349,#350);
#353=CARTESIAN_POINT('',(4.699E0,1.27E0,-9.91E0));
#354=DIRECTION('',(0.E0,0.E0,-1.E0));
#355=DIRECTION('',(-1.E0,0.E0,0.E0));
#356=AXIS2_PLACEMENT_3D('',#353,#354,#355);
#358=CARTESIAN_POINT('',(3.429E0,-1.27E0,-9.91E0));
#359=DIRECTION('',(0.E0,0.E0,-1.E0));
#360=DIRECTION('',(1.E0,0.E0,0.E0));
#361=AXIS2_PLACEMENT_3D('',#358,#359,#360);
#363=CARTESIAN_POINT('',(3.429E0,-1.27E0,-9.91E0));
#364=DIRECTION('',(0.E0,0.E0,-1.E0));
#365=DIRECTION('',(-1.E0,0.E0,0.E0));
#366=AXIS2_PLACEMENT_3D('',#363,#364,#365);
#368=CARTESIAN_POINT('',(3.429E0,1.27E0,-9.91E0));
#369=DIRECTION('',(0.E0,0.E0,-1.E0));
#370=DIRECTION('',(1.E0,0.E0,0.E0));
#371=AXIS2_PLACEMENT_3D('',#368,#369,#370);
#373=CARTESIAN_POINT('',(3.429E0,1.27E0,-9.91E0));
#374=DIRECTION('',(0.E0,0.E0,-1.E0));
#375=DIRECTION('',(-1.E0,0.E0,0.E0));
#376=AXIS2_PLACEMENT_3D('',#373,#374,#375);
#378=CARTESIAN_POINT('',(2.159E0,-1.27E0,-9.91E0));
#379=DIRECTION('',(0.E0,0.E0,-1.E0));
#380=DIRECTION('',(1.E0,0.E0,0.E0));
#381=AXIS2_PLACEMENT_3D('',#378,#379,#380);
#383=CARTESIAN_POINT('',(2.159E0,-1.27E0,-9.91E0));
#384=DIRECTION('',(0.E0,0.E0,-1.E0));
#385=DIRECTION('',(-1.E0,0.E0,0.E0));
#386=AXIS2_PLACEMENT_3D('',#383,#384,#385);
#388=CARTESIAN_POINT('',(2.159E0,1.27E0,-9.91E0));
#389=DIRECTION('',(0.E0,0.E0,-1.E0));
#390=DIRECTION('',(1.E0,0.E0,0.E0));
#391=AXIS2_PLACEMENT_3D('',#388,#389,#390);
#393=CARTESIAN_POINT('',(2.159E0,1.27E0,-9.91E0));
#394=DIRECTION('',(0.E0,0.E0,-1.E0));
#395=DIRECTION('',(-1.E0,0.E0,0.E0));
#396=AXIS2_PLACEMENT_3D('',#393,#394,#395);
#398=CARTESIAN_POINT('',(8.89E-1,-1.27E0,-9.91E0));
#399=DIRECTION('',(0.E0,0.E0,-1.E0));
#400=DIRECTION('',(1.E0,0.E0,0.E0));
#401=AXIS2_PLACEMENT_3D('',#398,#399,#400);
#403=CARTESIAN_POINT('',(8.89E-1,-1.27E0,-9.91E0));
#404=DIRECTION('',(0.E0,0.E0,-1.E0));
#405=DIRECTION('',(-1.E0,0.E0,0.E0));
#406=AXIS2_PLACEMENT_3D('',#403,#404,#405);
#408=CARTESIAN_POINT('',(8.89E-1,1.27E0,-9.91E0));
#409=DIRECTION('',(0.E0,0.E0,-1.E0));
#410=DIRECTION('',(1.E0,0.E0,0.E0));
#411=AXIS2_PLACEMENT_3D('',#408,#409,#410);
#413=CARTESIAN_POINT('',(8.89E-1,1.27E0,-9.91E0));
#414=DIRECTION('',(0.E0,0.E0,-1.E0));
#415=DIRECTION('',(-1.E0,0.E0,0.E0));
#416=AXIS2_PLACEMENT_3D('',#413,#414,#415);
#418=CARTESIAN_POINT('',(-3.81E-1,-1.27E0,-9.91E0));
#419=DIRECTION('',(0.E0,0.E0,-1.E0));
#420=DIRECTION('',(1.E0,0.E0,0.E0));
#421=AXIS2_PLACEMENT_3D('',#418,#419,#420);
#423=CARTESIAN_POINT('',(-3.81E-1,-1.27E0,-9.91E0));
#424=DIRECTION('',(0.E0,0.E0,-1.E0));
#425=DIRECTION('',(-1.E0,0.E0,0.E0));
#426=AXIS2_PLACEMENT_3D('',#423,#424,#425);
#428=CARTESIAN_POINT('',(-3.81E-1,1.27E0,-9.91E0));
#429=DIRECTION('',(0.E0,0.E0,-1.E0));
#430=DIRECTION('',(1.E0,0.E0,0.E0));
#431=AXIS2_PLACEMENT_3D('',#428,#429,#430);
#433=CARTESIAN_POINT('',(-3.81E-1,1.27E0,-9.91E0));
#434=DIRECTION('',(0.E0,0.E0,-1.E0));
#435=DIRECTION('',(-1.E0,0.E0,0.E0));
#436=AXIS2_PLACEMENT_3D('',#433,#434,#435);
#438=CARTESIAN_POINT('',(-1.651E0,-1.27E0,-9.91E0));
#439=DIRECTION('',(0.E0,0.E0,-1.E0));
#440=DIRECTION('',(1.E0,0.E0,0.E0));
#441=AXIS2_PLACEMENT_3D('',#438,#439,#440);
#443=CARTESIAN_POINT('',(-1.651E0,-1.27E0,-9.91E0));
#444=DIRECTION('',(0.E0,0.E0,-1.E0));
#445=DIRECTION('',(-1.E0,0.E0,0.E0));
#446=AXIS2_PLACEMENT_3D('',#443,#444,#445);
#448=CARTESIAN_POINT('',(-1.651E0,1.27E0,-9.91E0));
#449=DIRECTION('',(0.E0,0.E0,-1.E0));
#450=DIRECTION('',(1.E0,0.E0,0.E0));
#451=AXIS2_PLACEMENT_3D('',#448,#449,#450);
#453=CARTESIAN_POINT('',(-1.651E0,1.27E0,-9.91E0));
#454=DIRECTION('',(0.E0,0.E0,-1.E0));
#455=DIRECTION('',(-1.E0,0.E0,0.E0));
#456=AXIS2_PLACEMENT_3D('',#453,#454,#455);
#458=CARTESIAN_POINT('',(-2.921E0,-1.27E0,-9.91E0));
#459=DIRECTION('',(0.E0,0.E0,-1.E0));
#460=DIRECTION('',(1.E0,0.E0,0.E0));
#461=AXIS2_PLACEMENT_3D('',#458,#459,#460);
#463=CARTESIAN_POINT('',(-2.921E0,-1.27E0,-9.91E0));
#464=DIRECTION('',(0.E0,0.E0,-1.E0));
#465=DIRECTION('',(-1.E0,0.E0,0.E0));
#466=AXIS2_PLACEMENT_3D('',#463,#464,#465);
#468=CARTESIAN_POINT('',(-2.921E0,1.27E0,-9.91E0));
#469=DIRECTION('',(0.E0,0.E0,-1.E0));
#470=DIRECTION('',(1.E0,0.E0,0.E0));
#471=AXIS2_PLACEMENT_3D('',#468,#469,#470);
#473=CARTESIAN_POINT('',(-2.921E0,1.27E0,-9.91E0));
#474=DIRECTION('',(0.E0,0.E0,-1.E0));
#475=DIRECTION('',(-1.E0,0.E0,0.E0));
#476=AXIS2_PLACEMENT_3D('',#473,#474,#475);
#478=CARTESIAN_POINT('',(-4.191E0,-1.27E0,-9.91E0));
#479=DIRECTION('',(0.E0,0.E0,-1.E0));
#480=DIRECTION('',(1.E0,0.E0,0.E0));
#481=AXIS2_PLACEMENT_3D('',#478,#479,#480);
#483=CARTESIAN_POINT('',(-4.191E0,-1.27E0,-9.91E0));
#484=DIRECTION('',(0.E0,0.E0,-1.E0));
#485=DIRECTION('',(-1.E0,0.E0,0.E0));
#486=AXIS2_PLACEMENT_3D('',#483,#484,#485);
#488=CARTESIAN_POINT('',(-4.191E0,1.27E0,-9.91E0));
#489=DIRECTION('',(0.E0,0.E0,-1.E0));
#490=DIRECTION('',(1.E0,0.E0,0.E0));
#491=AXIS2_PLACEMENT_3D('',#488,#489,#490);
#493=CARTESIAN_POINT('',(-4.191E0,1.27E0,-9.91E0));
#494=DIRECTION('',(0.E0,0.E0,-1.E0));
#495=DIRECTION('',(-1.E0,0.E0,0.E0));
#496=AXIS2_PLACEMENT_3D('',#493,#494,#495);
#498=CARTESIAN_POINT('',(-5.461E0,-1.27E0,-9.91E0));
#499=DIRECTION('',(0.E0,0.E0,-1.E0));
#500=DIRECTION('',(1.E0,0.E0,0.E0));
#501=AXIS2_PLACEMENT_3D('',#498,#499,#500);
#503=CARTESIAN_POINT('',(-5.461E0,-1.27E0,-9.91E0));
#504=DIRECTION('',(0.E0,0.E0,-1.E0));
#505=DIRECTION('',(-1.E0,0.E0,0.E0));
#506=AXIS2_PLACEMENT_3D('',#503,#504,#505);
#508=CARTESIAN_POINT('',(-5.461E0,1.27E0,-9.91E0));
#509=DIRECTION('',(0.E0,0.E0,-1.E0));
#510=DIRECTION('',(1.E0,0.E0,0.E0));
#511=AXIS2_PLACEMENT_3D('',#508,#509,#510);
#513=CARTESIAN_POINT('',(-5.461E0,1.27E0,-9.91E0));
#514=DIRECTION('',(0.E0,0.E0,-1.E0));
#515=DIRECTION('',(-1.E0,0.E0,0.E0));
#516=AXIS2_PLACEMENT_3D('',#513,#514,#515);
#518=CARTESIAN_POINT('',(-6.731E0,-1.27E0,-9.91E0));
#519=DIRECTION('',(0.E0,0.E0,-1.E0));
#520=DIRECTION('',(1.E0,0.E0,0.E0));
#521=AXIS2_PLACEMENT_3D('',#518,#519,#520);
#523=CARTESIAN_POINT('',(-6.731E0,-1.27E0,-9.91E0));
#524=DIRECTION('',(0.E0,0.E0,-1.E0));
#525=DIRECTION('',(-1.E0,0.E0,0.E0));
#526=AXIS2_PLACEMENT_3D('',#523,#524,#525);
#528=CARTESIAN_POINT('',(-6.731E0,1.27E0,-9.91E0));
#529=DIRECTION('',(0.E0,0.E0,-1.E0));
#530=DIRECTION('',(1.E0,0.E0,0.E0));
#531=AXIS2_PLACEMENT_3D('',#528,#529,#530);
#533=CARTESIAN_POINT('',(-6.731E0,1.27E0,-9.91E0));
#534=DIRECTION('',(0.E0,0.E0,-1.E0));
#535=DIRECTION('',(-1.E0,0.E0,0.E0));
#536=AXIS2_PLACEMENT_3D('',#533,#534,#535);
#538=CARTESIAN_POINT('',(-8.001E0,-1.27E0,-9.91E0));
#539=DIRECTION('',(0.E0,0.E0,-1.E0));
#540=DIRECTION('',(1.E0,0.E0,0.E0));
#541=AXIS2_PLACEMENT_3D('',#538,#539,#540);
#543=CARTESIAN_POINT('',(-8.001E0,-1.27E0,-9.91E0));
#544=DIRECTION('',(0.E0,0.E0,-1.E0));
#545=DIRECTION('',(-1.E0,0.E0,0.E0));
#546=AXIS2_PLACEMENT_3D('',#543,#544,#545);
#548=CARTESIAN_POINT('',(-8.001E0,1.27E0,-9.91E0));
#549=DIRECTION('',(0.E0,0.E0,-1.E0));
#550=DIRECTION('',(1.E0,0.E0,0.E0));
#551=AXIS2_PLACEMENT_3D('',#548,#549,#550);
#553=CARTESIAN_POINT('',(-8.001E0,1.27E0,-9.91E0));
#554=DIRECTION('',(0.E0,0.E0,-1.E0));
#555=DIRECTION('',(-1.E0,0.E0,0.E0));
#556=AXIS2_PLACEMENT_3D('',#553,#554,#555);
#558=CARTESIAN_POINT('',(-9.271E0,-1.27E0,-9.91E0));
#559=DIRECTION('',(0.E0,0.E0,-1.E0));
#560=DIRECTION('',(1.E0,0.E0,0.E0));
#561=AXIS2_PLACEMENT_3D('',#558,#559,#560);
#563=CARTESIAN_POINT('',(-9.271E0,-1.27E0,-9.91E0));
#564=DIRECTION('',(0.E0,0.E0,-1.E0));
#565=DIRECTION('',(-1.E0,0.E0,0.E0));
#566=AXIS2_PLACEMENT_3D('',#563,#564,#565);
#568=CARTESIAN_POINT('',(-9.271E0,1.27E0,-9.91E0));
#569=DIRECTION('',(0.E0,0.E0,-1.E0));
#570=DIRECTION('',(1.E0,0.E0,0.E0));
#571=AXIS2_PLACEMENT_3D('',#568,#569,#570);
#573=CARTESIAN_POINT('',(-9.271E0,1.27E0,-9.91E0));
#574=DIRECTION('',(0.E0,0.E0,-1.E0));
#575=DIRECTION('',(-1.E0,0.E0,0.E0));
#576=AXIS2_PLACEMENT_3D('',#573,#574,#575);
#578=CARTESIAN_POINT('',(-1.0541E1,-1.27E0,-9.91E0));
#579=DIRECTION('',(0.E0,0.E0,-1.E0));
#580=DIRECTION('',(1.E0,0.E0,0.E0));
#581=AXIS2_PLACEMENT_3D('',#578,#579,#580);
#583=CARTESIAN_POINT('',(-1.0541E1,-1.27E0,-9.91E0));
#584=DIRECTION('',(0.E0,0.E0,-1.E0));
#585=DIRECTION('',(-1.E0,0.E0,0.E0));
#586=AXIS2_PLACEMENT_3D('',#583,#584,#585);
#588=CARTESIAN_POINT('',(-1.0541E1,1.27E0,-9.91E0));
#589=DIRECTION('',(0.E0,0.E0,-1.E0));
#590=DIRECTION('',(1.E0,0.E0,0.E0));
#591=AXIS2_PLACEMENT_3D('',#588,#589,#590);
#593=CARTESIAN_POINT('',(-1.0541E1,1.27E0,-9.91E0));
#594=DIRECTION('',(0.E0,0.E0,-1.E0));
#595=DIRECTION('',(-1.E0,0.E0,0.E0));
#596=AXIS2_PLACEMENT_3D('',#593,#594,#595);
#598=CARTESIAN_POINT('',(-1.1811E1,-1.27E0,-9.91E0));
#599=DIRECTION('',(0.E0,0.E0,-1.E0));
#600=DIRECTION('',(1.E0,0.E0,0.E0));
#601=AXIS2_PLACEMENT_3D('',#598,#599,#600);
#603=CARTESIAN_POINT('',(-1.1811E1,-1.27E0,-9.91E0));
#604=DIRECTION('',(0.E0,0.E0,-1.E0));
#605=DIRECTION('',(-1.E0,0.E0,0.E0));
#606=AXIS2_PLACEMENT_3D('',#603,#604,#605);
#608=CARTESIAN_POINT('',(-1.1811E1,1.27E0,-9.91E0));
#609=DIRECTION('',(0.E0,0.E0,-1.E0));
#610=DIRECTION('',(1.E0,0.E0,0.E0));
#611=AXIS2_PLACEMENT_3D('',#608,#609,#610);
#613=CARTESIAN_POINT('',(-1.1811E1,1.27E0,-9.91E0));
#614=DIRECTION('',(0.E0,0.E0,-1.E0));
#615=DIRECTION('',(-1.E0,0.E0,0.E0));
#616=AXIS2_PLACEMENT_3D('',#613,#614,#615);
#618=DIRECTION('',(-1.E0,0.E0,0.E0));
#619=VECTOR('',#618,2.83952E1);
#620=CARTESIAN_POINT('',(1.41976E1,3.5034E0,-8.894E0));
#621=LINE('',#620,#619);
#622=DIRECTION('',(-2.588190451025E-1,0.E0,-9.659258262891E-1));
#623=VECTOR('',#622,1.472070959265E0);
#624=CARTESIAN_POINT('',(1.2445E1,3.605E0,0.E0));
#625=LINE('',#624,#623);
#626=DIRECTION('',(-2.588190451025E-1,0.E0,9.659258262891E-1));
#627=VECTOR('',#626,1.472070959265E0);
#628=CARTESIAN_POINT('',(1.2064E1,3.605E0,-1.421911357684E0));
#629=LINE('',#628,#627);
#630=DIRECTION('',(0.E0,0.E0,1.E0));
#631=VECTOR('',#630,3.81E0);
#632=CARTESIAN_POINT('',(3.81E0,3.605E0,-3.81E0));
#633=LINE('',#632,#631);
#634=DIRECTION('',(1.E0,0.E0,0.E0));
#635=VECTOR('',#634,1.016E0);
#636=CARTESIAN_POINT('',(2.794E0,3.605E0,-3.81E0));
#637=LINE('',#636,#635);
#638=DIRECTION('',(1.E0,0.E0,0.E0));
#639=VECTOR('',#638,1.269E0);
#640=CARTESIAN_POINT('',(1.525E0,3.605E0,-3.81E0));
#641=LINE('',#640,#639);
#642=DIRECTION('',(0.E0,0.E0,1.E0));
#643=VECTOR('',#642,3.556E0);
#644=CARTESIAN_POINT('',(1.525E0,3.605E0,-7.366E0));
#645=LINE('',#644,#643);
#646=DIRECTION('',(1.E0,0.E0,0.E0));
#647=VECTOR('',#646,3.05E0);
#648=CARTESIAN_POINT('',(-1.525E0,3.605E0,-7.366E0));
#649=LINE('',#648,#647);
#650=DIRECTION('',(0.E0,0.E0,1.E0));
#651=VECTOR('',#650,3.556E0);
#652=CARTESIAN_POINT('',(-1.525E0,3.605E0,-7.366E0));
#653=LINE('',#652,#651);
#654=DIRECTION('',(1.E0,0.E0,0.E0));
#655=VECTOR('',#654,1.269E0);
#656=CARTESIAN_POINT('',(-2.794E0,3.605E0,-3.81E0));
#657=LINE('',#656,#655);
#658=DIRECTION('',(1.E0,0.E0,0.E0));
#659=VECTOR('',#658,1.016E0);
#660=CARTESIAN_POINT('',(-3.81E0,3.605E0,-3.81E0));
#661=LINE('',#660,#659);
#662=DIRECTION('',(0.E0,0.E0,1.E0));
#663=VECTOR('',#662,3.81E0);
#664=CARTESIAN_POINT('',(-3.81E0,3.605E0,-3.81E0));
#665=LINE('',#664,#663);
#666=DIRECTION('',(1.E0,0.E0,0.E0));
#667=VECTOR('',#666,1.4478E0);
#668=CARTESIAN_POINT('',(-1.57978E1,3.605E0,-4.449E0));
#669=LINE('',#668,#667);
#670=DIRECTION('',(0.E0,0.E0,1.E0));
#671=VECTOR('',#670,1.524E0);
#672=CARTESIAN_POINT('',(-1.57978E1,3.605E0,-5.973E0));
#673=LINE('',#672,#671);
#674=DIRECTION('',(-1.E0,0.E0,0.E0));
#675=VECTOR('',#674,1.4478E0);
#676=CARTESIAN_POINT('',(-1.435E1,3.605E0,-5.973E0));
#677=LINE('',#676,#675);
#678=DIRECTION('',(1.045284632677E-1,0.E0,-9.945218953683E-1));
#679=VECTOR('',#678,1.457976088386E0);
#680=CARTESIAN_POINT('',(-1.435E1,3.605E0,-5.973E0));
#681=LINE('',#680,#679);
#682=DIRECTION('',(0.E0,0.E0,1.E0));
#683=VECTOR('',#682,1.471010857176E0);
#684=CARTESIAN_POINT('',(-1.41976E1,3.605E0,-8.894E0));
#685=LINE('',#684,#683);
#686=DIRECTION('',(1.E0,0.E0,0.E0));
#687=VECTOR('',#686,2.83952E1);
#688=CARTESIAN_POINT('',(-1.41976E1,3.605E0,-8.894E0));
#689=LINE('',#688,#687);
#690=DIRECTION('',(0.E0,0.E0,1.E0));
#691=VECTOR('',#690,1.471010857176E0);
#692=CARTESIAN_POINT('',(1.41976E1,3.605E0,-8.894E0));
#693=LINE('',#692,#691);
#694=DIRECTION('',(1.045284632677E-1,0.E0,9.945218953683E-1));
#695=VECTOR('',#694,1.457976088386E0);
#696=CARTESIAN_POINT('',(1.41976E1,3.605E0,-7.422989142824E0));
#697=LINE('',#696,#695);
#698=DIRECTION('',(-1.E0,0.E0,0.E0));
#699=VECTOR('',#698,1.4478E0);
#700=CARTESIAN_POINT('',(1.57978E1,3.605E0,-5.973E0));
#701=LINE('',#700,#699);
#702=DIRECTION('',(0.E0,0.E0,-1.E0));
#703=VECTOR('',#702,1.524E0);
#704=CARTESIAN_POINT('',(1.57978E1,3.605E0,-4.449E0));
#705=LINE('',#704,#703);
#706=DIRECTION('',(1.E0,0.E0,0.E0));
#707=VECTOR('',#706,1.4478E0);
#708=CARTESIAN_POINT('',(1.435E1,3.605E0,-4.449E0));
#709=LINE('',#708,#707);
#710=DIRECTION('',(1.E0,0.E0,0.E0));
#711=VECTOR('',#710,2.87E1);
#712=CARTESIAN_POINT('',(-1.435E1,-2.844E0,0.E0));
#713=LINE('',#712,#711);
#714=DIRECTION('',(1.E0,0.E0,0.E0));
#715=VECTOR('',#714,7.62E-1);
#716=CARTESIAN_POINT('',(1.1683E1,3.351E0,0.E0));
#717=LINE('',#716,#715);
#718=DIRECTION('',(0.E0,1.E0,0.E0));
#719=VECTOR('',#718,2.54E-1);
#720=CARTESIAN_POINT('',(1.2445E1,3.351E0,0.E0));
#721=LINE('',#720,#719);
#722=DIRECTION('',(1.E0,0.E0,0.E0));
#723=VECTOR('',#722,1.905E0);
#724=CARTESIAN_POINT('',(1.2445E1,3.605E0,0.E0));
#725=LINE('',#724,#723);
#726=DIRECTION('',(-1.E0,0.E0,0.E0));
#727=VECTOR('',#726,8.683530316258E-1);
#728=CARTESIAN_POINT('',(1.435E1,1.59E0,0.E0));
#729=LINE('',#728,#727);
#730=DIRECTION('',(0.E0,-1.E0,0.E0));
#731=VECTOR('',#730,1.146646968374E0);
#732=CARTESIAN_POINT('',(1.348164696837E1,2.736646968374E0,0.E0));
#733=LINE('',#732,#731);
#734=DIRECTION('',(1.E0,0.E0,0.E0));
#735=VECTOR('',#734,1.043364696837E1);
#736=CARTESIAN_POINT('',(3.048E0,2.736646968374E0,0.E0));
#737=LINE('',#736,#735);
#738=DIRECTION('',(0.E0,-1.E0,0.E0));
#739=VECTOR('',#738,1.682153031626E0);
#740=CARTESIAN_POINT('',(3.048E0,4.4188E0,0.E0));
#741=LINE('',#740,#739);
#742=DIRECTION('',(1.E0,0.E0,0.E0));
#743=VECTOR('',#742,6.096E0);
#744=CARTESIAN_POINT('',(-3.048E0,4.4188E0,0.E0));
#745=LINE('',#744,#743);
#746=DIRECTION('',(0.E0,1.E0,0.E0));
#747=VECTOR('',#746,1.682153031626E0);
#748=CARTESIAN_POINT('',(-3.048E0,2.736646968374E0,0.E0));
#749=LINE('',#748,#747);
#750=DIRECTION('',(1.E0,0.E0,0.E0));
#751=VECTOR('',#750,1.043364696837E1);
#752=CARTESIAN_POINT('',(-1.348164696837E1,2.736646968374E0,0.E0));
#753=LINE('',#752,#751);
#754=DIRECTION('',(0.E0,1.E0,0.E0));
#755=VECTOR('',#754,1.146646968374E0);
#756=CARTESIAN_POINT('',(-1.348164696837E1,1.59E0,0.E0));
#757=LINE('',#756,#755);
#758=DIRECTION('',(1.E0,0.E0,0.E0));
#759=VECTOR('',#758,8.683530316258E-1);
#760=CARTESIAN_POINT('',(-1.435E1,1.59E0,0.E0));
#761=LINE('',#760,#759);
#762=DIRECTION('',(1.E0,0.E0,0.E0));
#763=VECTOR('',#762,1.054E1);
#764=CARTESIAN_POINT('',(-1.435E1,3.605E0,0.E0));
#765=LINE('',#764,#763);
#766=DIRECTION('',(-1.E0,0.E0,0.E0));
#767=VECTOR('',#766,7.62E0);
#768=CARTESIAN_POINT('',(3.81E0,5.1326E0,0.E0));
#769=LINE('',#768,#767);
#770=DIRECTION('',(1.E0,0.E0,0.E0));
#771=VECTOR('',#770,7.873E0);
#772=CARTESIAN_POINT('',(3.81E0,3.605E0,0.E0));
#773=LINE('',#772,#771);
#774=DIRECTION('',(0.E0,1.E0,0.E0));
#775=VECTOR('',#774,2.54E-1);
#776=CARTESIAN_POINT('',(1.1683E1,3.351E0,0.E0));
#777=LINE('',#776,#775);
#778=DIRECTION('',(0.E0,0.E0,-1.E0));
#779=VECTOR('',#778,4.449E0);
#780=CARTESIAN_POINT('',(1.435E1,1.59E0,0.E0));
#781=LINE('',#780,#779);
#782=DIRECTION('',(0.E0,-1.E0,0.E0));
#783=VECTOR('',#782,2.015E0);
#784=CARTESIAN_POINT('',(1.435E1,3.605E0,0.E0));
#785=LINE('',#784,#783);
#786=DIRECTION('',(0.E0,0.E0,1.E0));
#787=VECTOR('',#786,4.449E0);
#788=CARTESIAN_POINT('',(1.435E1,3.605E0,-4.449E0));
#789=LINE('',#788,#787);
#790=DIRECTION('',(0.E0,-1.E0,0.E0));
#791=VECTOR('',#790,2.015E0);
#792=CARTESIAN_POINT('',(1.435E1,3.605E0,-4.449E0));
#793=LINE('',#792,#791);
#794=DIRECTION('',(0.E0,-8.660254037844E-1,5.E-1));
#795=VECTOR('',#794,2.932939367483E-1);
#796=CARTESIAN_POINT('',(1.435E1,-2.59E0,-1.466469683742E-1));
#797=LINE('',#796,#795);
#798=DIRECTION('',(0.E0,0.E0,-1.E0));
#799=VECTOR('',#798,1.377353031626E0);
#800=CARTESIAN_POINT('',(1.435E1,-2.59E0,-1.466469683742E-1));
#801=LINE('',#800,#799);
#802=DIRECTION('',(0.E0,1.E0,0.E0));
#803=VECTOR('',#802,7.067060632517E-1);
#804=CARTESIAN_POINT('',(1.435E1,-2.59E0,-1.524E0));
#805=LINE('',#804,#803);
#806=DIRECTION('',(0.E0,-5.E-1,8.660254037844E-1));
#807=VECTOR('',#806,5.865878734967E-1);
#808=CARTESIAN_POINT('',(1.435E1,-1.59E0,-2.032E0));
#809=LINE('',#808,#807);
#810=DIRECTION('',(0.E0,0.E0,-1.E0));
#811=VECTOR('',#810,2.417E0);
#812=CARTESIAN_POINT('',(1.435E1,-1.59E0,-2.032E0));
#813=LINE('',#812,#811);
#814=DIRECTION('',(0.E0,-1.E0,0.E0));
#815=VECTOR('',#814,2.015E0);
#816=CARTESIAN_POINT('',(1.435E1,-1.59E0,-4.449E0));
#817=LINE('',#816,#815);
#818=DIRECTION('',(0.E0,0.E0,-1.E0));
#819=VECTOR('',#818,4.449E0);
#820=CARTESIAN_POINT('',(1.435E1,-3.605E0,0.E0));
#821=LINE('',#820,#819);
#822=DIRECTION('',(0.E0,-1.E0,0.E0));
#823=VECTOR('',#822,7.61E-1);
#824=CARTESIAN_POINT('',(1.435E1,-2.844E0,0.E0));
#825=LINE('',#824,#823);
#826=DIRECTION('',(-5.E-1,0.E0,-8.660254037844E-1));
#827=VECTOR('',#826,2.932939367483E-1);
#828=CARTESIAN_POINT('',(1.348164696837E1,1.59E0,0.E0));
#829=LINE('',#828,#827);
#830=DIRECTION('',(-6.427876096865E-1,0.E0,-7.660444431190E-1));
#831=VECTOR('',#830,1.281324523790E0);
#832=CARTESIAN_POINT('',(1.55438E1,1.59E0,-4.449E0));
#833=LINE('',#832,#831);
#834=CARTESIAN_POINT('',(1.497312834724E1,1.59E0,-5.6428E0));
#835=DIRECTION('',(0.E0,-1.E0,0.E0));
#836=DIRECTION('',(-7.660444431190E-1,0.E0,6.427876096865E-1));
#837=AXIS2_PLACEMENT_3D('',#834,#835,#836);
#839=DIRECTION('',(0.E0,0.E0,-1.E0));
#840=VECTOR('',#839,3.302E-1);
#841=CARTESIAN_POINT('',(1.464292834724E1,1.59E0,-5.6428E0));
#842=LINE('',#841,#840);
#843=DIRECTION('',(1.045284632677E-1,0.E0,9.945218953683E-1));
#844=VECTOR('',#843,1.149295963541E0);
#845=CARTESIAN_POINT('',(1.422986585909E1,1.59E0,-7.116E0));
#846=LINE('',#845,#844);
#847=DIRECTION('',(1.E0,0.E0,0.E0));
#848=VECTOR('',#847,8.948658590913E-1);
#849=CARTESIAN_POINT('',(1.3335E1,1.59E0,-7.116E0));
#850=LINE('',#849,#848);
#851=DIRECTION('',(0.E0,0.E0,-1.E0));
#852=VECTOR('',#851,6.862E0);
#853=CARTESIAN_POINT('',(1.3335E1,1.59E0,-2.54E-1));
#854=LINE('',#853,#852);
#855=DIRECTION('',(-5.E-1,0.E0,8.660254037844E-1));
#856=VECTOR('',#855,2.932939367483E-1);
#857=CARTESIAN_POINT('',(-1.3335E1,1.59E0,-2.54E-1));
#858=LINE('',#857,#856);
#859=DIRECTION('',(1.E0,0.E0,0.E0));
#860=VECTOR('',#859,8.948658590913E-1);
#861=CARTESIAN_POINT('',(-1.422986585909E1,1.59E0,-7.116E0));
#862=LINE('',#861,#860);
#863=DIRECTION('',(1.045284632677E-1,0.E0,-9.945218953683E-1));
#864=VECTOR('',#863,1.149295963541E0);
#865=CARTESIAN_POINT('',(-1.435E1,1.59E0,-5.973E0));
#866=LINE('',#865,#864);
#867=DIRECTION('',(0.E0,0.E0,1.E0));
#868=VECTOR('',#867,3.302E-1);
#869=CARTESIAN_POINT('',(-1.464292834724E1,1.59E0,-5.973E0));
#870=LINE('',#869,#868);
#871=CARTESIAN_POINT('',(-1.497312834724E1,1.59E0,-5.6428E0));
#872=DIRECTION('',(0.E0,-1.E0,0.E0));
#873=DIRECTION('',(1.E0,0.E0,0.E0));
#874=AXIS2_PLACEMENT_3D('',#871,#872,#873);
#876=DIRECTION('',(-6.427876096865E-1,0.E0,7.660444431190E-1));
#877=VECTOR('',#876,1.281324523790E0);
#878=CARTESIAN_POINT('',(-1.472018047212E1,1.59E0,-5.430551531282E0));
#879=LINE('',#878,#877);
#880=DIRECTION('',(0.E0,-1.E0,0.E0));
#881=VECTOR('',#880,1.E0);
#882=CARTESIAN_POINT('',(1.3335E1,2.59E0,-2.54E-1));
#883=LINE('',#882,#881);
#884=DIRECTION('',(0.E0,-1.E0,0.E0));
#885=VECTOR('',#884,1.E0);
#886=CARTESIAN_POINT('',(1.3335E1,2.59E0,-7.116E0));
#887=LINE('',#886,#885);
#888=DIRECTION('',(0.E0,0.E0,-1.E0));
#889=VECTOR('',#888,6.862E0);
#890=CARTESIAN_POINT('',(1.3335E1,2.59E0,-2.54E-1));
#891=LINE('',#890,#889);
#892=CARTESIAN_POINT('',(1.3335E1,2.59E0,-7.116E0));
#893=CARTESIAN_POINT('',(1.3335E1,2.59E0,-7.136022884279E0));
#894=CARTESIAN_POINT('',(1.333015078806E1,2.585150788056E0,-7.176698195559E0));
#895=CARTESIAN_POINT('',(1.330756759768E1,2.562567597676E0,-7.235795587346E0));
#896=CARTESIAN_POINT('',(1.326941511675E1,2.524415116747E0,-7.288883197868E0));
#897=CARTESIAN_POINT('',(1.321951761695E1,2.474517616952E0,-7.330113912383E0));
#898=CARTESIAN_POINT('',(1.315762613188E1,2.412626131885E0,-7.358587785065E0));
#899=CARTESIAN_POINT('',(1.311000745758E1,2.365007457577E0,-7.366E0));
#900=CARTESIAN_POINT('',(1.3085E1,2.34E0,-7.366E0));
#902=DIRECTION('',(1.E0,0.E0,0.E0));
#903=VECTOR('',#902,1.118589800275E0);
#904=CARTESIAN_POINT('',(-1.420358980027E1,1.34E0,-7.366E0));
#905=LINE('',#904,#903);
#906=DIRECTION('',(0.E0,1.E0,0.E0));
#907=VECTOR('',#906,1.E0);
#908=CARTESIAN_POINT('',(-1.3085E1,1.34E0,-7.366E0));
#909=LINE('',#908,#907);
#910=DIRECTION('',(1.E0,0.E0,0.E0));
#911=VECTOR('',#910,1.156E1);
#912=CARTESIAN_POINT('',(-1.3085E1,2.34E0,-7.366E0));
#913=LINE('',#912,#911);
#914=DIRECTION('',(1.E0,0.E0,0.E0));
#915=VECTOR('',#914,1.156E1);
#916=CARTESIAN_POINT('',(1.525E0,2.34E0,-7.366E0));
#917=LINE('',#916,#915);
#918=DIRECTION('',(0.E0,-1.E0,0.E0));
#919=VECTOR('',#918,1.E0);
#920=CARTESIAN_POINT('',(1.3085E1,2.34E0,-7.366E0));
#921=LINE('',#920,#919);
#922=DIRECTION('',(1.E0,0.E0,0.E0));
#923=VECTOR('',#922,1.118589800275E0);
#924=CARTESIAN_POINT('',(1.3085E1,1.34E0,-7.366E0));
#925=LINE('',#924,#923);
#926=DIRECTION('',(0.E0,1.E0,0.E0));
#927=VECTOR('',#926,2.68E0);
#928=CARTESIAN_POINT('',(1.420358980027E1,-1.34E0,-7.366E0));
#929=LINE('',#928,#927);
#930=DIRECTION('',(-1.E0,0.E0,0.E0));
#931=VECTOR('',#930,1.118589800275E0);
#932=CARTESIAN_POINT('',(1.420358980027E1,-1.34E0,-7.366E0));
#933=LINE('',#932,#931);
#934=DIRECTION('',(0.E0,-1.E0,0.E0));
#935=VECTOR('',#934,1.E0);
#936=CARTESIAN_POINT('',(1.3085E1,-1.34E0,-7.366E0));
#937=LINE('',#936,#935);
#938=DIRECTION('',(-1.E0,0.E0,0.E0));
#939=VECTOR('',#938,2.617E1);
#940=CARTESIAN_POINT('',(1.3085E1,-2.34E0,-7.366E0));
#941=LINE('',#940,#939);
#942=DIRECTION('',(0.E0,1.E0,0.E0));
#943=VECTOR('',#942,1.E0);
#944=CARTESIAN_POINT('',(-1.3085E1,-2.34E0,-7.366E0));
#945=LINE('',#944,#943);
#946=DIRECTION('',(-1.E0,0.E0,0.E0));
#947=VECTOR('',#946,1.118589800275E0);
#948=CARTESIAN_POINT('',(-1.3085E1,-1.34E0,-7.366E0));
#949=LINE('',#948,#947);
#950=DIRECTION('',(0.E0,1.E0,0.E0));
#951=VECTOR('',#950,2.68E0);
#952=CARTESIAN_POINT('',(-1.420358980027E1,-1.34E0,-7.366E0));
#953=LINE('',#952,#951);
#954=DIRECTION('',(-1.398706172756E-14,-1.E0,0.E0));
#955=VECTOR('',#954,3.81E-1);
#956=CARTESIAN_POINT('',(1.21285E1,1.4605E0,-7.366E0));
#957=LINE('',#956,#955);
#958=DIRECTION('',(1.E0,0.E0,0.E0));
#959=VECTOR('',#958,3.81E-1);
#960=CARTESIAN_POINT('',(1.21285E1,1.0795E0,-7.366E0));
#961=LINE('',#960,#959);
#962=DIRECTION('',(0.E0,1.E0,0.E0));
#963=VECTOR('',#962,3.81E-1);
#964=CARTESIAN_POINT('',(1.25095E1,1.0795E0,-7.366E0));
#965=LINE('',#964,#963);
#966=DIRECTION('',(-1.E0,0.E0,0.E0));
#967=VECTOR('',#966,3.81E-1);
#968=CARTESIAN_POINT('',(1.25095E1,1.4605E0,-7.366E0));
#969=LINE('',#968,#967);
#970=DIRECTION('',(0.E0,-1.E0,0.E0));
#971=VECTOR('',#970,3.81E-1);
#972=CARTESIAN_POINT('',(1.21285E1,-1.0795E0,-7.366E0));
#973=LINE('',#972,#971);
#974=DIRECTION('',(1.E0,0.E0,0.E0));
#975=VECTOR('',#974,3.81E-1);
#976=CARTESIAN_POINT('',(1.21285E1,-1.4605E0,-7.366E0));
#977=LINE('',#976,#975);
#978=DIRECTION('',(0.E0,1.E0,0.E0));
#979=VECTOR('',#978,3.81E-1);
#980=CARTESIAN_POINT('',(1.25095E1,-1.4605E0,-7.366E0));
#981=LINE('',#980,#979);
#982=DIRECTION('',(-1.E0,0.E0,0.E0));
#983=VECTOR('',#982,3.81E-1);
#984=CARTESIAN_POINT('',(1.25095E1,-1.0795E0,-7.366E0));
#985=LINE('',#984,#983);
#986=DIRECTION('',(0.E0,-1.E0,0.E0));
#987=VECTOR('',#986,3.81E-1);
#988=CARTESIAN_POINT('',(1.08585E1,1.4605E0,-7.366E0));
#989=LINE('',#988,#987);
#990=DIRECTION('',(1.E0,0.E0,0.E0));
#991=VECTOR('',#990,3.81E-1);
#992=CARTESIAN_POINT('',(1.08585E1,1.0795E0,-7.366E0));
#993=LINE('',#992,#991);
#994=DIRECTION('',(0.E0,1.E0,0.E0));
#995=VECTOR('',#994,3.81E-1);
#996=CARTESIAN_POINT('',(1.12395E1,1.0795E0,-7.366E0));
#997=LINE('',#996,#995);
#998=DIRECTION('',(-1.E0,0.E0,0.E0));
#999=VECTOR('',#998,3.81E-1);
#1000=CARTESIAN_POINT('',(1.12395E1,1.4605E0,-7.366E0));
#1001=LINE('',#1000,#999);
#1002=DIRECTION('',(0.E0,-1.E0,0.E0));
#1003=VECTOR('',#1002,3.81E-1);
#1004=CARTESIAN_POINT('',(1.08585E1,-1.0795E0,-7.366E0));
#1005=LINE('',#1004,#1003);
#1006=DIRECTION('',(1.E0,0.E0,0.E0));
#1007=VECTOR('',#1006,3.81E-1);
#1008=CARTESIAN_POINT('',(1.08585E1,-1.4605E0,-7.366E0));
#1009=LINE('',#1008,#1007);
#1010=DIRECTION('',(0.E0,1.E0,0.E0));
#1011=VECTOR('',#1010,3.81E-1);
#1012=CARTESIAN_POINT('',(1.12395E1,-1.4605E0,-7.366E0));
#1013=LINE('',#1012,#1011);
#1014=DIRECTION('',(-1.E0,0.E0,0.E0));
#1015=VECTOR('',#1014,3.81E-1);
#1016=CARTESIAN_POINT('',(1.12395E1,-1.0795E0,-7.366E0));
#1017=LINE('',#1016,#1015);
#1018=DIRECTION('',(0.E0,-1.E0,0.E0));
#1019=VECTOR('',#1018,3.81E-1);
#1020=CARTESIAN_POINT('',(9.5885E0,1.4605E0,-7.366E0));
#1021=LINE('',#1020,#1019);
#1022=DIRECTION('',(1.E0,0.E0,0.E0));
#1023=VECTOR('',#1022,3.81E-1);
#1024=CARTESIAN_POINT('',(9.5885E0,1.0795E0,-7.366E0));
#1025=LINE('',#1024,#1023);
#1026=DIRECTION('',(0.E0,1.E0,0.E0));
#1027=VECTOR('',#1026,3.81E-1);
#1028=CARTESIAN_POINT('',(9.9695E0,1.0795E0,-7.366E0));
#1029=LINE('',#1028,#1027);
#1030=DIRECTION('',(-1.E0,0.E0,0.E0));
#1031=VECTOR('',#1030,3.81E-1);
#1032=CARTESIAN_POINT('',(9.9695E0,1.4605E0,-7.366E0));
#1033=LINE('',#1032,#1031);
#1034=DIRECTION('',(0.E0,-1.E0,0.E0));
#1035=VECTOR('',#1034,3.81E-1);
#1036=CARTESIAN_POINT('',(9.5885E0,-1.0795E0,-7.366E0));
#1037=LINE('',#1036,#1035);
#1038=DIRECTION('',(1.E0,0.E0,0.E0));
#1039=VECTOR('',#1038,3.81E-1);
#1040=CARTESIAN_POINT('',(9.5885E0,-1.4605E0,-7.366E0));
#1041=LINE('',#1040,#1039);
#1042=DIRECTION('',(0.E0,1.E0,0.E0));
#1043=VECTOR('',#1042,3.81E-1);
#1044=CARTESIAN_POINT('',(9.9695E0,-1.4605E0,-7.366E0));
#1045=LINE('',#1044,#1043);
#1046=DIRECTION('',(-1.E0,0.E0,0.E0));
#1047=VECTOR('',#1046,3.81E-1);
#1048=CARTESIAN_POINT('',(9.9695E0,-1.0795E0,-7.366E0));
#1049=LINE('',#1048,#1047);
#1050=DIRECTION('',(0.E0,-1.E0,0.E0));
#1051=VECTOR('',#1050,3.81E-1);
#1052=CARTESIAN_POINT('',(8.3185E0,1.4605E0,-7.366E0));
#1053=LINE('',#1052,#1051);
#1054=DIRECTION('',(1.E0,0.E0,0.E0));
#1055=VECTOR('',#1054,3.81E-1);
#1056=CARTESIAN_POINT('',(8.3185E0,1.0795E0,-7.366E0));
#1057=LINE('',#1056,#1055);
#1058=DIRECTION('',(0.E0,1.E0,0.E0));
#1059=VECTOR('',#1058,3.81E-1);
#1060=CARTESIAN_POINT('',(8.6995E0,1.0795E0,-7.366E0));
#1061=LINE('',#1060,#1059);
#1062=DIRECTION('',(-1.E0,0.E0,0.E0));
#1063=VECTOR('',#1062,3.81E-1);
#1064=CARTESIAN_POINT('',(8.6995E0,1.4605E0,-7.366E0));
#1065=LINE('',#1064,#1063);
#1066=DIRECTION('',(0.E0,-1.E0,0.E0));
#1067=VECTOR('',#1066,3.81E-1);
#1068=CARTESIAN_POINT('',(8.3185E0,-1.0795E0,-7.366E0));
#1069=LINE('',#1068,#1067);
#1070=DIRECTION('',(1.E0,0.E0,0.E0));
#1071=VECTOR('',#1070,3.81E-1);
#1072=CARTESIAN_POINT('',(8.3185E0,-1.4605E0,-7.366E0));
#1073=LINE('',#1072,#1071);
#1074=DIRECTION('',(0.E0,1.E0,0.E0));
#1075=VECTOR('',#1074,3.81E-1);
#1076=CARTESIAN_POINT('',(8.6995E0,-1.4605E0,-7.366E0));
#1077=LINE('',#1076,#1075);
#1078=DIRECTION('',(-1.E0,0.E0,0.E0));
#1079=VECTOR('',#1078,3.81E-1);
#1080=CARTESIAN_POINT('',(8.6995E0,-1.0795E0,-7.366E0));
#1081=LINE('',#1080,#1079);
#1082=DIRECTION('',(0.E0,-1.E0,0.E0));
#1083=VECTOR('',#1082,3.81E-1);
#1084=CARTESIAN_POINT('',(7.0485E0,1.4605E0,-7.366E0));
#1085=LINE('',#1084,#1083);
#1086=DIRECTION('',(1.E0,0.E0,0.E0));
#1087=VECTOR('',#1086,3.81E-1);
#1088=CARTESIAN_POINT('',(7.0485E0,1.0795E0,-7.366E0));
#1089=LINE('',#1088,#1087);
#1090=DIRECTION('',(0.E0,1.E0,0.E0));
#1091=VECTOR('',#1090,3.81E-1);
#1092=CARTESIAN_POINT('',(7.4295E0,1.0795E0,-7.366E0));
#1093=LINE('',#1092,#1091);
#1094=DIRECTION('',(-1.E0,0.E0,0.E0));
#1095=VECTOR('',#1094,3.81E-1);
#1096=CARTESIAN_POINT('',(7.4295E0,1.4605E0,-7.366E0));
#1097=LINE('',#1096,#1095);
#1098=DIRECTION('',(0.E0,-1.E0,0.E0));
#1099=VECTOR('',#1098,3.81E-1);
#1100=CARTESIAN_POINT('',(7.0485E0,-1.0795E0,-7.366E0));
#1101=LINE('',#1100,#1099);
#1102=DIRECTION('',(1.E0,0.E0,0.E0));
#1103=VECTOR('',#1102,3.81E-1);
#1104=CARTESIAN_POINT('',(7.0485E0,-1.4605E0,-7.366E0));
#1105=LINE('',#1104,#1103);
#1106=DIRECTION('',(0.E0,1.E0,0.E0));
#1107=VECTOR('',#1106,3.81E-1);
#1108=CARTESIAN_POINT('',(7.4295E0,-1.4605E0,-7.366E0));
#1109=LINE('',#1108,#1107);
#1110=DIRECTION('',(-1.E0,0.E0,0.E0));
#1111=VECTOR('',#1110,3.81E-1);
#1112=CARTESIAN_POINT('',(7.4295E0,-1.0795E0,-7.366E0));
#1113=LINE('',#1112,#1111);
#1114=DIRECTION('',(0.E0,-1.E0,0.E0));
#1115=VECTOR('',#1114,3.81E-1);
#1116=CARTESIAN_POINT('',(5.7785E0,1.4605E0,-7.366E0));
#1117=LINE('',#1116,#1115);
#1118=DIRECTION('',(1.E0,0.E0,0.E0));
#1119=VECTOR('',#1118,3.81E-1);
#1120=CARTESIAN_POINT('',(5.7785E0,1.0795E0,-7.366E0));
#1121=LINE('',#1120,#1119);
#1122=DIRECTION('',(0.E0,1.E0,0.E0));
#1123=VECTOR('',#1122,3.81E-1);
#1124=CARTESIAN_POINT('',(6.1595E0,1.0795E0,-7.366E0));
#1125=LINE('',#1124,#1123);
#1126=DIRECTION('',(-1.E0,0.E0,0.E0));
#1127=VECTOR('',#1126,3.81E-1);
#1128=CARTESIAN_POINT('',(6.1595E0,1.4605E0,-7.366E0));
#1129=LINE('',#1128,#1127);
#1130=DIRECTION('',(0.E0,-1.E0,0.E0));
#1131=VECTOR('',#1130,3.81E-1);
#1132=CARTESIAN_POINT('',(5.7785E0,-1.0795E0,-7.366E0));
#1133=LINE('',#1132,#1131);
#1134=DIRECTION('',(1.E0,0.E0,0.E0));
#1135=VECTOR('',#1134,3.81E-1);
#1136=CARTESIAN_POINT('',(5.7785E0,-1.4605E0,-7.366E0));
#1137=LINE('',#1136,#1135);
#1138=DIRECTION('',(0.E0,1.E0,0.E0));
#1139=VECTOR('',#1138,3.81E-1);
#1140=CARTESIAN_POINT('',(6.1595E0,-1.4605E0,-7.366E0));
#1141=LINE('',#1140,#1139);
#1142=DIRECTION('',(-1.E0,0.E0,0.E0));
#1143=VECTOR('',#1142,3.81E-1);
#1144=CARTESIAN_POINT('',(6.1595E0,-1.0795E0,-7.366E0));
#1145=LINE('',#1144,#1143);
#1146=DIRECTION('',(-1.165588477297E-14,-1.E0,0.E0));
#1147=VECTOR('',#1146,3.81E-1);
#1148=CARTESIAN_POINT('',(4.5085E0,1.4605E0,-7.366E0));
#1149=LINE('',#1148,#1147);
#1150=DIRECTION('',(1.E0,0.E0,0.E0));
#1151=VECTOR('',#1150,3.81E-1);
#1152=CARTESIAN_POINT('',(4.5085E0,1.0795E0,-7.366E0));
#1153=LINE('',#1152,#1151);
#1154=DIRECTION('',(0.E0,1.E0,0.E0));
#1155=VECTOR('',#1154,3.81E-1);
#1156=CARTESIAN_POINT('',(4.8895E0,1.0795E0,-7.366E0));
#1157=LINE('',#1156,#1155);
#1158=DIRECTION('',(-1.E0,0.E0,0.E0));
#1159=VECTOR('',#1158,3.81E-1);
#1160=CARTESIAN_POINT('',(4.8895E0,1.4605E0,-7.366E0));
#1161=LINE('',#1160,#1159);
#1162=DIRECTION('',(0.E0,-1.E0,0.E0));
#1163=VECTOR('',#1162,3.81E-1);
#1164=CARTESIAN_POINT('',(4.5085E0,-1.0795E0,-7.366E0));
#1165=LINE('',#1164,#1163);
#1166=DIRECTION('',(1.E0,0.E0,0.E0));
#1167=VECTOR('',#1166,3.81E-1);
#1168=CARTESIAN_POINT('',(4.5085E0,-1.4605E0,-7.366E0));
#1169=LINE('',#1168,#1167);
#1170=DIRECTION('',(0.E0,1.E0,0.E0));
#1171=VECTOR('',#1170,3.81E-1);
#1172=CARTESIAN_POINT('',(4.8895E0,-1.4605E0,-7.366E0));
#1173=LINE('',#1172,#1171);
#1174=DIRECTION('',(-1.E0,0.E0,0.E0));
#1175=VECTOR('',#1174,3.81E-1);
#1176=CARTESIAN_POINT('',(4.8895E0,-1.0795E0,-7.366E0));
#1177=LINE('',#1176,#1175);
#1178=DIRECTION('',(0.E0,-1.E0,0.E0));
#1179=VECTOR('',#1178,3.81E-1);
#1180=CARTESIAN_POINT('',(3.2385E0,1.4605E0,-7.366E0));
#1181=LINE('',#1180,#1179);
#1182=DIRECTION('',(1.E0,0.E0,0.E0));
#1183=VECTOR('',#1182,3.81E-1);
#1184=CARTESIAN_POINT('',(3.2385E0,1.0795E0,-7.366E0));
#1185=LINE('',#1184,#1183);
#1186=DIRECTION('',(0.E0,1.E0,0.E0));
#1187=VECTOR('',#1186,3.81E-1);
#1188=CARTESIAN_POINT('',(3.6195E0,1.0795E0,-7.366E0));
#1189=LINE('',#1188,#1187);
#1190=DIRECTION('',(-1.E0,0.E0,0.E0));
#1191=VECTOR('',#1190,3.81E-1);
#1192=CARTESIAN_POINT('',(3.6195E0,1.4605E0,-7.366E0));
#1193=LINE('',#1192,#1191);
#1194=DIRECTION('',(0.E0,-1.E0,0.E0));
#1195=VECTOR('',#1194,3.81E-1);
#1196=CARTESIAN_POINT('',(3.2385E0,-1.0795E0,-7.366E0));
#1197=LINE('',#1196,#1195);
#1198=DIRECTION('',(1.E0,0.E0,0.E0));
#1199=VECTOR('',#1198,3.81E-1);
#1200=CARTESIAN_POINT('',(3.2385E0,-1.4605E0,-7.366E0));
#1201=LINE('',#1200,#1199);
#1202=DIRECTION('',(0.E0,1.E0,0.E0));
#1203=VECTOR('',#1202,3.81E-1);
#1204=CARTESIAN_POINT('',(3.6195E0,-1.4605E0,-7.366E0));
#1205=LINE('',#1204,#1203);
#1206=DIRECTION('',(-1.E0,0.E0,0.E0));
#1207=VECTOR('',#1206,3.81E-1);
#1208=CARTESIAN_POINT('',(3.6195E0,-1.0795E0,-7.366E0));
#1209=LINE('',#1208,#1207);
#1210=DIRECTION('',(-1.223867901162E-14,-1.E0,0.E0));
#1211=VECTOR('',#1210,3.81E-1);
#1212=CARTESIAN_POINT('',(1.9685E0,1.4605E0,-7.366E0));
#1213=LINE('',#1212,#1211);
#1214=DIRECTION('',(1.E0,0.E0,0.E0));
#1215=VECTOR('',#1214,3.81E-1);
#1216=CARTESIAN_POINT('',(1.9685E0,1.0795E0,-7.366E0));
#1217=LINE('',#1216,#1215);
#1218=DIRECTION('',(0.E0,1.E0,0.E0));
#1219=VECTOR('',#1218,3.81E-1);
#1220=CARTESIAN_POINT('',(2.3495E0,1.0795E0,-7.366E0));
#1221=LINE('',#1220,#1219);
#1222=DIRECTION('',(-1.E0,0.E0,0.E0));
#1223=VECTOR('',#1222,3.81E-1);
#1224=CARTESIAN_POINT('',(2.3495E0,1.4605E0,-7.366E0));
#1225=LINE('',#1224,#1223);
#1226=DIRECTION('',(0.E0,-1.E0,0.E0));
#1227=VECTOR('',#1226,3.81E-1);
#1228=CARTESIAN_POINT('',(1.9685E0,-1.0795E0,-7.366E0));
#1229=LINE('',#1228,#1227);
#1230=DIRECTION('',(1.E0,0.E0,0.E0));
#1231=VECTOR('',#1230,3.81E-1);
#1232=CARTESIAN_POINT('',(1.9685E0,-1.4605E0,-7.366E0));
#1233=LINE('',#1232,#1231);
#1234=DIRECTION('',(0.E0,1.E0,0.E0));
#1235=VECTOR('',#1234,3.81E-1);
#1236=CARTESIAN_POINT('',(2.3495E0,-1.4605E0,-7.366E0));
#1237=LINE('',#1236,#1235);
#1238=DIRECTION('',(-1.E0,0.E0,0.E0));
#1239=VECTOR('',#1238,3.81E-1);
#1240=CARTESIAN_POINT('',(2.3495E0,-1.0795E0,-7.366E0));
#1241=LINE('',#1240,#1239);
#1242=DIRECTION('',(0.E0,-1.E0,0.E0));
#1243=VECTOR('',#1242,3.81E-1);
#1244=CARTESIAN_POINT('',(6.985E-1,1.4605E0,-7.366E0));
#1245=LINE('',#1244,#1243);
#1246=DIRECTION('',(1.E0,0.E0,0.E0));
#1247=VECTOR('',#1246,3.81E-1);
#1248=CARTESIAN_POINT('',(6.985E-1,1.0795E0,-7.366E0));
#1249=LINE('',#1248,#1247);
#1250=DIRECTION('',(0.E0,1.E0,0.E0));
#1251=VECTOR('',#1250,3.81E-1);
#1252=CARTESIAN_POINT('',(1.0795E0,1.0795E0,-7.366E0));
#1253=LINE('',#1252,#1251);
#1254=DIRECTION('',(-1.E0,0.E0,0.E0));
#1255=VECTOR('',#1254,3.81E-1);
#1256=CARTESIAN_POINT('',(1.0795E0,1.4605E0,-7.366E0));
#1257=LINE('',#1256,#1255);
#1258=DIRECTION('',(0.E0,-1.E0,0.E0));
#1259=VECTOR('',#1258,3.81E-1);
#1260=CARTESIAN_POINT('',(6.985E-1,-1.0795E0,-7.366E0));
#1261=LINE('',#1260,#1259);
#1262=DIRECTION('',(1.E0,0.E0,0.E0));
#1263=VECTOR('',#1262,3.81E-1);
#1264=CARTESIAN_POINT('',(6.985E-1,-1.4605E0,-7.366E0));
#1265=LINE('',#1264,#1263);
#1266=DIRECTION('',(0.E0,1.E0,0.E0));
#1267=VECTOR('',#1266,3.81E-1);
#1268=CARTESIAN_POINT('',(1.0795E0,-1.4605E0,-7.366E0));
#1269=LINE('',#1268,#1267);
#1270=DIRECTION('',(-1.E0,0.E0,0.E0));
#1271=VECTOR('',#1270,3.81E-1);
#1272=CARTESIAN_POINT('',(1.0795E0,-1.0795E0,-7.366E0));
#1273=LINE('',#1272,#1271);
#1274=DIRECTION('',(0.E0,-1.E0,0.E0));
#1275=VECTOR('',#1274,3.81E-1);
#1276=CARTESIAN_POINT('',(-5.715E-1,1.4605E0,-7.366E0));
#1277=LINE('',#1276,#1275);
#1278=DIRECTION('',(1.E0,0.E0,0.E0));
#1279=VECTOR('',#1278,3.81E-1);
#1280=CARTESIAN_POINT('',(-5.715E-1,1.0795E0,-7.366E0));
#1281=LINE('',#1280,#1279);
#1282=DIRECTION('',(0.E0,1.E0,0.E0));
#1283=VECTOR('',#1282,3.81E-1);
#1284=CARTESIAN_POINT('',(-1.905E-1,1.0795E0,-7.366E0));
#1285=LINE('',#1284,#1283);
#1286=DIRECTION('',(-1.E0,0.E0,0.E0));
#1287=VECTOR('',#1286,3.81E-1);
#1288=CARTESIAN_POINT('',(-1.905E-1,1.4605E0,-7.366E0));
#1289=LINE('',#1288,#1287);
#1290=DIRECTION('',(0.E0,-1.E0,0.E0));
#1291=VECTOR('',#1290,3.81E-1);
#1292=CARTESIAN_POINT('',(-5.715E-1,-1.0795E0,-7.366E0));
#1293=LINE('',#1292,#1291);
#1294=DIRECTION('',(1.E0,0.E0,0.E0));
#1295=VECTOR('',#1294,3.81E-1);
#1296=CARTESIAN_POINT('',(-5.715E-1,-1.4605E0,-7.366E0));
#1297=LINE('',#1296,#1295);
#1298=DIRECTION('',(0.E0,1.E0,0.E0));
#1299=VECTOR('',#1298,3.81E-1);
#1300=CARTESIAN_POINT('',(-1.905E-1,-1.4605E0,-7.366E0));
#1301=LINE('',#1300,#1299);
#1302=DIRECTION('',(-1.E0,0.E0,0.E0));
#1303=VECTOR('',#1302,3.81E-1);
#1304=CARTESIAN_POINT('',(-1.905E-1,-1.0795E0,-7.366E0));
#1305=LINE('',#1304,#1303);
#1306=DIRECTION('',(0.E0,-1.E0,0.E0));
#1307=VECTOR('',#1306,3.81E-1);
#1308=CARTESIAN_POINT('',(-1.8415E0,1.4605E0,-7.366E0));
#1309=LINE('',#1308,#1307);
#1310=DIRECTION('',(1.E0,0.E0,0.E0));
#1311=VECTOR('',#1310,3.81E-1);
#1312=CARTESIAN_POINT('',(-1.8415E0,1.0795E0,-7.366E0));
#1313=LINE('',#1312,#1311);
#1314=DIRECTION('',(0.E0,1.E0,0.E0));
#1315=VECTOR('',#1314,3.81E-1);
#1316=CARTESIAN_POINT('',(-1.4605E0,1.0795E0,-7.366E0));
#1317=LINE('',#1316,#1315);
#1318=DIRECTION('',(-1.E0,0.E0,0.E0));
#1319=VECTOR('',#1318,3.81E-1);
#1320=CARTESIAN_POINT('',(-1.4605E0,1.4605E0,-7.366E0));
#1321=LINE('',#1320,#1319);
#1322=DIRECTION('',(0.E0,-1.E0,0.E0));
#1323=VECTOR('',#1322,3.81E-1);
#1324=CARTESIAN_POINT('',(-1.8415E0,-1.0795E0,-7.366E0));
#1325=LINE('',#1324,#1323);
#1326=DIRECTION('',(1.E0,0.E0,0.E0));
#1327=VECTOR('',#1326,3.81E-1);
#1328=CARTESIAN_POINT('',(-1.8415E0,-1.4605E0,-7.366E0));
#1329=LINE('',#1328,#1327);
#1330=DIRECTION('',(0.E0,1.E0,0.E0));
#1331=VECTOR('',#1330,3.81E-1);
#1332=CARTESIAN_POINT('',(-1.4605E0,-1.4605E0,-7.366E0));
#1333=LINE('',#1332,#1331);
#1334=DIRECTION('',(-1.E0,0.E0,0.E0));
#1335=VECTOR('',#1334,3.81E-1);
#1336=CARTESIAN_POINT('',(-1.4605E0,-1.0795E0,-7.366E0));
#1337=LINE('',#1336,#1335);
#1338=DIRECTION('',(0.E0,-1.E0,0.E0));
#1339=VECTOR('',#1338,3.81E-1);
#1340=CARTESIAN_POINT('',(-3.1115E0,1.4605E0,-7.366E0));
#1341=LINE('',#1340,#1339);
#1342=DIRECTION('',(1.E0,0.E0,0.E0));
#1343=VECTOR('',#1342,3.81E-1);
#1344=CARTESIAN_POINT('',(-3.1115E0,1.0795E0,-7.366E0));
#1345=LINE('',#1344,#1343);
#1346=DIRECTION('',(0.E0,1.E0,0.E0));
#1347=VECTOR('',#1346,3.81E-1);
#1348=CARTESIAN_POINT('',(-2.7305E0,1.0795E0,-7.366E0));
#1349=LINE('',#1348,#1347);
#1350=DIRECTION('',(-1.E0,0.E0,0.E0));
#1351=VECTOR('',#1350,3.81E-1);
#1352=CARTESIAN_POINT('',(-2.7305E0,1.4605E0,-7.366E0));
#1353=LINE('',#1352,#1351);
#1354=DIRECTION('',(0.E0,-1.E0,0.E0));
#1355=VECTOR('',#1354,3.81E-1);
#1356=CARTESIAN_POINT('',(-3.1115E0,-1.0795E0,-7.366E0));
#1357=LINE('',#1356,#1355);
#1358=DIRECTION('',(1.E0,0.E0,0.E0));
#1359=VECTOR('',#1358,3.81E-1);
#1360=CARTESIAN_POINT('',(-3.1115E0,-1.4605E0,-7.366E0));
#1361=LINE('',#1360,#1359);
#1362=DIRECTION('',(0.E0,1.E0,0.E0));
#1363=VECTOR('',#1362,3.81E-1);
#1364=CARTESIAN_POINT('',(-2.7305E0,-1.4605E0,-7.366E0));
#1365=LINE('',#1364,#1363);
#1366=DIRECTION('',(-1.E0,0.E0,0.E0));
#1367=VECTOR('',#1366,3.81E-1);
#1368=CARTESIAN_POINT('',(-2.7305E0,-1.0795E0,-7.366E0));
#1369=LINE('',#1368,#1367);
#1370=DIRECTION('',(0.E0,-1.E0,0.E0));
#1371=VECTOR('',#1370,3.81E-1);
#1372=CARTESIAN_POINT('',(-4.3815E0,1.4605E0,-7.366E0));
#1373=LINE('',#1372,#1371);
#1374=DIRECTION('',(1.E0,0.E0,0.E0));
#1375=VECTOR('',#1374,3.81E-1);
#1376=CARTESIAN_POINT('',(-4.3815E0,1.0795E0,-7.366E0));
#1377=LINE('',#1376,#1375);
#1378=DIRECTION('',(0.E0,1.E0,0.E0));
#1379=VECTOR('',#1378,3.81E-1);
#1380=CARTESIAN_POINT('',(-4.0005E0,1.0795E0,-7.366E0));
#1381=LINE('',#1380,#1379);
#1382=DIRECTION('',(-1.E0,0.E0,0.E0));
#1383=VECTOR('',#1382,3.81E-1);
#1384=CARTESIAN_POINT('',(-4.0005E0,1.4605E0,-7.366E0));
#1385=LINE('',#1384,#1383);
#1386=DIRECTION('',(0.E0,-1.E0,0.E0));
#1387=VECTOR('',#1386,3.81E-1);
#1388=CARTESIAN_POINT('',(-4.3815E0,-1.0795E0,-7.366E0));
#1389=LINE('',#1388,#1387);
#1390=DIRECTION('',(1.E0,0.E0,0.E0));
#1391=VECTOR('',#1390,3.81E-1);
#1392=CARTESIAN_POINT('',(-4.3815E0,-1.4605E0,-7.366E0));
#1393=LINE('',#1392,#1391);
#1394=DIRECTION('',(0.E0,1.E0,0.E0));
#1395=VECTOR('',#1394,3.81E-1);
#1396=CARTESIAN_POINT('',(-4.0005E0,-1.4605E0,-7.366E0));
#1397=LINE('',#1396,#1395);
#1398=DIRECTION('',(-1.E0,0.E0,0.E0));
#1399=VECTOR('',#1398,3.81E-1);
#1400=CARTESIAN_POINT('',(-4.0005E0,-1.0795E0,-7.366E0));
#1401=LINE('',#1400,#1399);
#1402=DIRECTION('',(-1.165588477297E-14,-1.E0,0.E0));
#1403=VECTOR('',#1402,3.81E-1);
#1404=CARTESIAN_POINT('',(-5.6515E0,1.4605E0,-7.366E0));
#1405=LINE('',#1404,#1403);
#1406=DIRECTION('',(1.E0,0.E0,0.E0));
#1407=VECTOR('',#1406,3.81E-1);
#1408=CARTESIAN_POINT('',(-5.6515E0,1.0795E0,-7.366E0));
#1409=LINE('',#1408,#1407);
#1410=DIRECTION('',(0.E0,1.E0,0.E0));
#1411=VECTOR('',#1410,3.81E-1);
#1412=CARTESIAN_POINT('',(-5.2705E0,1.0795E0,-7.366E0));
#1413=LINE('',#1412,#1411);
#1414=DIRECTION('',(-1.E0,0.E0,0.E0));
#1415=VECTOR('',#1414,3.81E-1);
#1416=CARTESIAN_POINT('',(-5.2705E0,1.4605E0,-7.366E0));
#1417=LINE('',#1416,#1415);
#1418=DIRECTION('',(0.E0,-1.E0,0.E0));
#1419=VECTOR('',#1418,3.81E-1);
#1420=CARTESIAN_POINT('',(-5.6515E0,-1.0795E0,-7.366E0));
#1421=LINE('',#1420,#1419);
#1422=DIRECTION('',(1.E0,0.E0,0.E0));
#1423=VECTOR('',#1422,3.81E-1);
#1424=CARTESIAN_POINT('',(-5.6515E0,-1.4605E0,-7.366E0));
#1425=LINE('',#1424,#1423);
#1426=DIRECTION('',(0.E0,1.E0,0.E0));
#1427=VECTOR('',#1426,3.81E-1);
#1428=CARTESIAN_POINT('',(-5.2705E0,-1.4605E0,-7.366E0));
#1429=LINE('',#1428,#1427);
#1430=DIRECTION('',(-1.E0,0.E0,0.E0));
#1431=VECTOR('',#1430,3.81E-1);
#1432=CARTESIAN_POINT('',(-5.2705E0,-1.0795E0,-7.366E0));
#1433=LINE('',#1432,#1431);
#1434=DIRECTION('',(0.E0,-1.E0,0.E0));
#1435=VECTOR('',#1434,3.81E-1);
#1436=CARTESIAN_POINT('',(-6.9215E0,1.4605E0,-7.366E0));
#1437=LINE('',#1436,#1435);
#1438=DIRECTION('',(1.E0,0.E0,0.E0));
#1439=VECTOR('',#1438,3.81E-1);
#1440=CARTESIAN_POINT('',(-6.9215E0,1.0795E0,-7.366E0));
#1441=LINE('',#1440,#1439);
#1442=DIRECTION('',(0.E0,1.E0,0.E0));
#1443=VECTOR('',#1442,3.81E-1);
#1444=CARTESIAN_POINT('',(-6.5405E0,1.0795E0,-7.366E0));
#1445=LINE('',#1444,#1443);
#1446=DIRECTION('',(-1.E0,0.E0,0.E0));
#1447=VECTOR('',#1446,3.81E-1);
#1448=CARTESIAN_POINT('',(-6.5405E0,1.4605E0,-7.366E0));
#1449=LINE('',#1448,#1447);
#1450=DIRECTION('',(0.E0,-1.E0,0.E0));
#1451=VECTOR('',#1450,3.81E-1);
#1452=CARTESIAN_POINT('',(-6.9215E0,-1.0795E0,-7.366E0));
#1453=LINE('',#1452,#1451);
#1454=DIRECTION('',(1.E0,0.E0,0.E0));
#1455=VECTOR('',#1454,3.81E-1);
#1456=CARTESIAN_POINT('',(-6.9215E0,-1.4605E0,-7.366E0));
#1457=LINE('',#1456,#1455);
#1458=DIRECTION('',(0.E0,1.E0,0.E0));
#1459=VECTOR('',#1458,3.81E-1);
#1460=CARTESIAN_POINT('',(-6.5405E0,-1.4605E0,-7.366E0));
#1461=LINE('',#1460,#1459);
#1462=DIRECTION('',(-1.E0,0.E0,0.E0));
#1463=VECTOR('',#1462,3.81E-1);
#1464=CARTESIAN_POINT('',(-6.5405E0,-1.0795E0,-7.366E0));
#1465=LINE('',#1464,#1463);
#1466=DIRECTION('',(-1.398706172756E-14,-1.E0,0.E0));
#1467=VECTOR('',#1466,3.81E-1);
#1468=CARTESIAN_POINT('',(-8.1915E0,1.4605E0,-7.366E0));
#1469=LINE('',#1468,#1467);
#1470=DIRECTION('',(1.E0,0.E0,0.E0));
#1471=VECTOR('',#1470,3.81E-1);
#1472=CARTESIAN_POINT('',(-8.1915E0,1.0795E0,-7.366E0));
#1473=LINE('',#1472,#1471);
#1474=DIRECTION('',(0.E0,1.E0,0.E0));
#1475=VECTOR('',#1474,3.81E-1);
#1476=CARTESIAN_POINT('',(-7.8105E0,1.0795E0,-7.366E0));
#1477=LINE('',#1476,#1475);
#1478=DIRECTION('',(-1.E0,0.E0,0.E0));
#1479=VECTOR('',#1478,3.81E-1);
#1480=CARTESIAN_POINT('',(-7.8105E0,1.4605E0,-7.366E0));
#1481=LINE('',#1480,#1479);
#1482=DIRECTION('',(0.E0,-1.E0,0.E0));
#1483=VECTOR('',#1482,3.81E-1);
#1484=CARTESIAN_POINT('',(-8.1915E0,-1.0795E0,-7.366E0));
#1485=LINE('',#1484,#1483);
#1486=DIRECTION('',(1.E0,0.E0,0.E0));
#1487=VECTOR('',#1486,3.81E-1);
#1488=CARTESIAN_POINT('',(-8.1915E0,-1.4605E0,-7.366E0));
#1489=LINE('',#1488,#1487);
#1490=DIRECTION('',(0.E0,1.E0,0.E0));
#1491=VECTOR('',#1490,3.81E-1);
#1492=CARTESIAN_POINT('',(-7.8105E0,-1.4605E0,-7.366E0));
#1493=LINE('',#1492,#1491);
#1494=DIRECTION('',(-1.E0,0.E0,0.E0));
#1495=VECTOR('',#1494,3.81E-1);
#1496=CARTESIAN_POINT('',(-7.8105E0,-1.0795E0,-7.366E0));
#1497=LINE('',#1496,#1495);
#1498=DIRECTION('',(0.E0,-1.E0,0.E0));
#1499=VECTOR('',#1498,3.81E-1);
#1500=CARTESIAN_POINT('',(-9.4615E0,1.4605E0,-7.366E0));
#1501=LINE('',#1500,#1499);
#1502=DIRECTION('',(1.E0,0.E0,0.E0));
#1503=VECTOR('',#1502,3.81E-1);
#1504=CARTESIAN_POINT('',(-9.4615E0,1.0795E0,-7.366E0));
#1505=LINE('',#1504,#1503);
#1506=DIRECTION('',(0.E0,1.E0,0.E0));
#1507=VECTOR('',#1506,3.81E-1);
#1508=CARTESIAN_POINT('',(-9.0805E0,1.0795E0,-7.366E0));
#1509=LINE('',#1508,#1507);
#1510=DIRECTION('',(-1.E0,0.E0,0.E0));
#1511=VECTOR('',#1510,3.81E-1);
#1512=CARTESIAN_POINT('',(-9.0805E0,1.4605E0,-7.366E0));
#1513=LINE('',#1512,#1511);
#1514=DIRECTION('',(0.E0,-1.E0,0.E0));
#1515=VECTOR('',#1514,3.81E-1);
#1516=CARTESIAN_POINT('',(-9.4615E0,-1.0795E0,-7.366E0));
#1517=LINE('',#1516,#1515);
#1518=DIRECTION('',(1.E0,0.E0,0.E0));
#1519=VECTOR('',#1518,3.81E-1);
#1520=CARTESIAN_POINT('',(-9.4615E0,-1.4605E0,-7.366E0));
#1521=LINE('',#1520,#1519);
#1522=DIRECTION('',(0.E0,1.E0,0.E0));
#1523=VECTOR('',#1522,3.81E-1);
#1524=CARTESIAN_POINT('',(-9.0805E0,-1.4605E0,-7.366E0));
#1525=LINE('',#1524,#1523);
#1526=DIRECTION('',(-1.E0,0.E0,0.E0));
#1527=VECTOR('',#1526,3.81E-1);
#1528=CARTESIAN_POINT('',(-9.0805E0,-1.0795E0,-7.366E0));
#1529=LINE('',#1528,#1527);
#1530=DIRECTION('',(0.E0,-1.E0,0.E0));
#1531=VECTOR('',#1530,3.81E-1);
#1532=CARTESIAN_POINT('',(-1.07315E1,1.4605E0,-7.366E0));
#1533=LINE('',#1532,#1531);
#1534=DIRECTION('',(1.E0,0.E0,0.E0));
#1535=VECTOR('',#1534,3.81E-1);
#1536=CARTESIAN_POINT('',(-1.07315E1,1.0795E0,-7.366E0));
#1537=LINE('',#1536,#1535);
#1538=DIRECTION('',(0.E0,1.E0,0.E0));
#1539=VECTOR('',#1538,3.81E-1);
#1540=CARTESIAN_POINT('',(-1.03505E1,1.0795E0,-7.366E0));
#1541=LINE('',#1540,#1539);
#1542=DIRECTION('',(-1.E0,0.E0,0.E0));
#1543=VECTOR('',#1542,3.81E-1);
#1544=CARTESIAN_POINT('',(-1.03505E1,1.4605E0,-7.366E0));
#1545=LINE('',#1544,#1543);
#1546=DIRECTION('',(0.E0,-1.E0,0.E0));
#1547=VECTOR('',#1546,3.81E-1);
#1548=CARTESIAN_POINT('',(-1.07315E1,-1.0795E0,-7.366E0));
#1549=LINE('',#1548,#1547);
#1550=DIRECTION('',(1.E0,0.E0,0.E0));
#1551=VECTOR('',#1550,3.81E-1);
#1552=CARTESIAN_POINT('',(-1.07315E1,-1.4605E0,-7.366E0));
#1553=LINE('',#1552,#1551);
#1554=DIRECTION('',(0.E0,1.E0,0.E0));
#1555=VECTOR('',#1554,3.81E-1);
#1556=CARTESIAN_POINT('',(-1.03505E1,-1.4605E0,-7.366E0));
#1557=LINE('',#1556,#1555);
#1558=DIRECTION('',(-1.E0,0.E0,0.E0));
#1559=VECTOR('',#1558,3.81E-1);
#1560=CARTESIAN_POINT('',(-1.03505E1,-1.0795E0,-7.366E0));
#1561=LINE('',#1560,#1559);
#1562=DIRECTION('',(-1.398706172756E-14,-1.E0,0.E0));
#1563=VECTOR('',#1562,3.81E-1);
#1564=CARTESIAN_POINT('',(-1.20015E1,1.4605E0,-7.366E0));
#1565=LINE('',#1564,#1563);
#1566=DIRECTION('',(1.E0,0.E0,0.E0));
#1567=VECTOR('',#1566,3.81E-1);
#1568=CARTESIAN_POINT('',(-1.20015E1,1.0795E0,-7.366E0));
#1569=LINE('',#1568,#1567);
#1570=DIRECTION('',(0.E0,1.E0,0.E0));
#1571=VECTOR('',#1570,3.81E-1);
#1572=CARTESIAN_POINT('',(-1.16205E1,1.0795E0,-7.366E0));
#1573=LINE('',#1572,#1571);
#1574=DIRECTION('',(-1.E0,0.E0,0.E0));
#1575=VECTOR('',#1574,3.81E-1);
#1576=CARTESIAN_POINT('',(-1.16205E1,1.4605E0,-7.366E0));
#1577=LINE('',#1576,#1575);
#1578=DIRECTION('',(0.E0,-1.E0,0.E0));
#1579=VECTOR('',#1578,3.81E-1);
#1580=CARTESIAN_POINT('',(-1.20015E1,-1.0795E0,-7.366E0));
#1581=LINE('',#1580,#1579);
#1582=DIRECTION('',(1.E0,0.E0,0.E0));
#1583=VECTOR('',#1582,3.81E-1);
#1584=CARTESIAN_POINT('',(-1.20015E1,-1.4605E0,-7.366E0));
#1585=LINE('',#1584,#1583);
#1586=DIRECTION('',(0.E0,1.E0,0.E0));
#1587=VECTOR('',#1586,3.81E-1);
#1588=CARTESIAN_POINT('',(-1.16205E1,-1.4605E0,-7.366E0));
#1589=LINE('',#1588,#1587);
#1590=DIRECTION('',(-1.E0,0.E0,0.E0));
#1591=VECTOR('',#1590,3.81E-1);
#1592=CARTESIAN_POINT('',(-1.16205E1,-1.0795E0,-7.366E0));
#1593=LINE('',#1592,#1591);
#1594=CARTESIAN_POINT('',(-1.420358980027E1,1.34E0,-7.366E0));
#1595=CARTESIAN_POINT('',(-1.420358980027E1,1.423562844982E0,-7.366E0));
#1596=CARTESIAN_POINT('',(-1.421024118308E1,1.527056270576E0,
-7.302716319833E0));
#1597=CARTESIAN_POINT('',(-1.422113116332E1,1.59E0,-7.199105078974E0));
#1598=CARTESIAN_POINT('',(-1.422986585909E1,1.59E0,-7.116E0));
#1600=CARTESIAN_POINT('',(-1.3335E1,1.59E0,-7.116E0));
#1601=CARTESIAN_POINT('',(-1.3335E1,1.59E0,-7.136022884279E0));
#1602=CARTESIAN_POINT('',(-1.333015078806E1,1.585150788056E0,
-7.176698195559E0));
#1603=CARTESIAN_POINT('',(-1.330756759768E1,1.562567597676E0,
-7.235795587346E0));
#1604=CARTESIAN_POINT('',(-1.326941511675E1,1.524415116747E0,
-7.288883197868E0));
#1605=CARTESIAN_POINT('',(-1.321951761695E1,1.474517616952E0,
-7.330113912383E0));
#1606=CARTESIAN_POINT('',(-1.315762613188E1,1.412626131885E0,
-7.358587785065E0));
#1607=CARTESIAN_POINT('',(-1.311000745758E1,1.365007457577E0,-7.366E0));
#1608=CARTESIAN_POINT('',(-1.3085E1,1.34E0,-7.366E0));
#1610=DIRECTION('',(0.E0,1.E0,0.E0));
#1611=VECTOR('',#1610,1.E0);
#1612=CARTESIAN_POINT('',(-1.3335E1,1.59E0,-2.54E-1));
#1613=LINE('',#1612,#1611);
#1614=DIRECTION('',(0.E0,1.E0,0.E0));
#1615=VECTOR('',#1614,1.E0);
#1616=CARTESIAN_POINT('',(-1.3335E1,1.59E0,-7.116E0));
#1617=LINE('',#1616,#1615);
#1618=DIRECTION('',(0.E0,0.E0,-1.E0));
#1619=VECTOR('',#1618,6.862E0);
#1620=CARTESIAN_POINT('',(-1.3335E1,1.59E0,-2.54E-1));
#1621=LINE('',#1620,#1619);
#1622=DIRECTION('',(-4.472135955E-1,4.472135955E-1,7.745966692415E-1));
#1623=VECTOR('',#1622,3.279125899789E-1);
#1624=CARTESIAN_POINT('',(-1.3335E1,2.59E0,-2.54E-1));
#1625=LINE('',#1624,#1623);
#1626=DIRECTION('',(0.E0,0.E0,1.E0));
#1627=VECTOR('',#1626,3.81E0);
#1628=CARTESIAN_POINT('',(-2.794E0,2.59E0,-4.064E0));
#1629=LINE('',#1628,#1627);
#1630=DIRECTION('',(0.E0,-5.E-1,-8.660254037844E-1));
#1631=VECTOR('',#1630,1.239606034150E-1);
#1632=CARTESIAN_POINT('',(-2.794E0,2.651980301707E0,-1.466469683742E-1));
#1633=LINE('',#1632,#1631);
#1634=DIRECTION('',(0.E0,1.E0,0.E0));
#1635=VECTOR('',#1634,1.512819698293E0);
#1636=CARTESIAN_POINT('',(-2.794E0,2.651980301707E0,-1.466469683742E-1));
#1637=LINE('',#1636,#1635);
#1638=DIRECTION('',(0.E0,0.E0,-1.E0));
#1639=VECTOR('',#1638,1.398592896126E0);
#1640=CARTESIAN_POINT('',(-2.794E0,4.1648E0,-1.466469683742E-1));
#1641=LINE('',#1640,#1639);
#1642=DIRECTION('',(0.E0,-5.591929034707E-1,-8.290375725550E-1));
#1643=VECTOR('',#1642,2.731794324496E0);
#1644=CARTESIAN_POINT('',(-2.794E0,5.1326E0,-1.545239864500E0));
#1645=LINE('',#1644,#1643);
#1646=DIRECTION('',(-1.E0,0.E0,0.E0));
#1647=VECTOR('',#1646,1.269E0);
#1648=CARTESIAN_POINT('',(-1.525E0,2.736646968374E0,-3.81E0));
#1649=LINE('',#1648,#1647);
#1650=DIRECTION('',(0.E0,-1.E0,0.E0));
#1651=VECTOR('',#1650,8.683530316258E-1);
#1652=CARTESIAN_POINT('',(-2.794E0,3.605E0,-3.81E0));
#1653=LINE('',#1652,#1651);
#1654=DIRECTION('',(-1.E0,0.E0,0.E0));
#1655=VECTOR('',#1654,1.269E0);
#1656=CARTESIAN_POINT('',(2.794E0,2.736646968374E0,-3.81E0));
#1657=LINE('',#1656,#1655);
#1658=DIRECTION('',(0.E0,1.E0,0.E0));
#1659=VECTOR('',#1658,8.683530316258E-1);
#1660=CARTESIAN_POINT('',(2.794E0,2.736646968374E0,-3.81E0));
#1661=LINE('',#1660,#1659);
#1662=DIRECTION('',(0.E0,5.E-1,8.660254037844E-1));
#1663=VECTOR('',#1662,2.932939367483E-1);
#1664=CARTESIAN_POINT('',(-2.794E0,2.59E0,-4.064E0));
#1665=LINE('',#1664,#1663);
#1666=DIRECTION('',(0.E0,-5.E-1,-8.660254037844E-1));
#1667=VECTOR('',#1666,2.932939367483E-1);
#1668=CARTESIAN_POINT('',(-1.525E0,2.736646968374E0,-3.81E0));
#1669=LINE('',#1668,#1667);
#1670=DIRECTION('',(0.E0,-1.E0,0.E0));
#1671=VECTOR('',#1670,8.683530316258E-1);
#1672=CARTESIAN_POINT('',(-1.525E0,3.605E0,-3.81E0));
#1673=LINE('',#1672,#1671);
#1674=DIRECTION('',(0.E0,-1.E0,0.E0));
#1675=VECTOR('',#1674,1.265E0);
#1676=CARTESIAN_POINT('',(-1.525E0,3.605E0,-7.366E0));
#1677=LINE('',#1676,#1675);
#1678=CARTESIAN_POINT('',(-1.3335E1,2.59E0,-7.116E0));
#1679=CARTESIAN_POINT('',(-1.3335E1,2.59E0,-7.136022884279E0));
#1680=CARTESIAN_POINT('',(-1.333015078806E1,2.585150788056E0,
-7.176698195559E0));
#1681=CARTESIAN_POINT('',(-1.330756759768E1,2.562567597676E0,
-7.235795587346E0));
#1682=CARTESIAN_POINT('',(-1.326941511675E1,2.524415116747E0,
-7.288883197868E0));
#1683=CARTESIAN_POINT('',(-1.321951761695E1,2.474517616952E0,
-7.330113912383E0));
#1684=CARTESIAN_POINT('',(-1.315762613188E1,2.412626131885E0,
-7.358587785065E0));
#1685=CARTESIAN_POINT('',(-1.311000745758E1,2.365007457577E0,-7.366E0));
#1686=CARTESIAN_POINT('',(-1.3085E1,2.34E0,-7.366E0));
#1688=CARTESIAN_POINT('',(-1.525E0,2.34E0,-7.116E0));
#1689=DIRECTION('',(-1.E0,0.E0,0.E0));
#1690=DIRECTION('',(0.E0,1.E0,0.E0));
#1691=AXIS2_PLACEMENT_3D('',#1688,#1689,#1690);
#1693=DIRECTION('',(1.E0,0.E0,0.E0));
#1694=VECTOR('',#1693,1.0541E1);
#1695=CARTESIAN_POINT('',(2.794E0,2.59E0,-2.54E-1));
#1696=LINE('',#1695,#1694);
#1697=DIRECTION('',(1.E0,0.E0,0.E0));
#1698=VECTOR('',#1697,1.181E1);
#1699=CARTESIAN_POINT('',(1.525E0,2.59E0,-7.116E0));
#1700=LINE('',#1699,#1698);
#1701=DIRECTION('',(0.E0,0.E0,-1.E0));
#1702=VECTOR('',#1701,3.052E0);
#1703=CARTESIAN_POINT('',(1.525E0,2.59E0,-4.064E0));
#1704=LINE('',#1703,#1702);
#1705=DIRECTION('',(-1.E0,0.E0,0.E0));
#1706=VECTOR('',#1705,1.269E0);
#1707=CARTESIAN_POINT('',(2.794E0,2.59E0,-4.064E0));
#1708=LINE('',#1707,#1706);
#1709=DIRECTION('',(1.E0,0.E0,0.E0));
#1710=VECTOR('',#1709,1.0541E1);
#1711=CARTESIAN_POINT('',(-1.3335E1,2.59E0,-2.54E-1));
#1712=LINE('',#1711,#1710);
#1713=DIRECTION('',(-1.E0,0.E0,0.E0));
#1714=VECTOR('',#1713,1.269E0);
#1715=CARTESIAN_POINT('',(-1.525E0,2.59E0,-4.064E0));
#1716=LINE('',#1715,#1714);
#1717=DIRECTION('',(0.E0,0.E0,-1.E0));
#1718=VECTOR('',#1717,3.052E0);
#1719=CARTESIAN_POINT('',(-1.525E0,2.59E0,-4.064E0));
#1720=LINE('',#1719,#1718);
#1721=DIRECTION('',(1.E0,0.E0,0.E0));
#1722=VECTOR('',#1721,1.181E1);
#1723=CARTESIAN_POINT('',(-1.3335E1,2.59E0,-7.116E0));
#1724=LINE('',#1723,#1722);
#1725=DIRECTION('',(0.E0,0.E0,-1.E0));
#1726=VECTOR('',#1725,6.862E0);
#1727=CARTESIAN_POINT('',(-1.3335E1,2.59E0,-2.54E-1));
#1728=LINE('',#1727,#1726);
#1729=DIRECTION('',(8.320502943378E-1,2.773500981126E-1,4.803844614153E-1));
#1730=VECTOR('',#1729,3.052700079893E-1);
#1731=CARTESIAN_POINT('',(2.794E0,2.651980301707E0,-1.466469683742E-1));
#1732=LINE('',#1731,#1730);
#1733=DIRECTION('',(4.472135955E-1,4.472135955E-1,7.745966692415E-1));
#1734=VECTOR('',#1733,3.279125899789E-1);
#1735=CARTESIAN_POINT('',(1.3335E1,2.59E0,-2.54E-1));
#1736=LINE('',#1735,#1734);
#1737=DIRECTION('',(0.E0,0.E0,-1.E0));
#1738=VECTOR('',#1737,3.81E0);
#1739=CARTESIAN_POINT('',(2.794E0,2.59E0,-2.54E-1));
#1740=LINE('',#1739,#1738);
#1741=DIRECTION('',(0.E0,5.591929034707E-1,8.290375725550E-1));
#1742=VECTOR('',#1741,2.731794324496E0);
#1743=CARTESIAN_POINT('',(2.794E0,3.605E0,-3.81E0));
#1744=LINE('',#1743,#1742);
#1745=DIRECTION('',(0.E0,-1.E0,0.E0));
#1746=VECTOR('',#1745,1.512819698293E0);
#1747=CARTESIAN_POINT('',(2.794E0,4.1648E0,-1.466469683742E-1));
#1748=LINE('',#1747,#1746);
#1749=DIRECTION('',(0.E0,5.E-1,8.660254037844E-1));
#1750=VECTOR('',#1749,1.239606034150E-1);
#1751=CARTESIAN_POINT('',(2.794E0,2.59E0,-2.54E-1));
#1752=LINE('',#1751,#1750);
#1753=DIRECTION('',(0.E0,-5.E-1,-8.660254037844E-1));
#1754=VECTOR('',#1753,2.932939367483E-1);
#1755=CARTESIAN_POINT('',(2.794E0,2.736646968374E0,-3.81E0));
#1756=LINE('',#1755,#1754);
#1757=DIRECTION('',(0.E0,5.E-1,8.660254037844E-1));
#1758=VECTOR('',#1757,2.932939367483E-1);
#1759=CARTESIAN_POINT('',(1.525E0,2.59E0,-4.064E0));
#1760=LINE('',#1759,#1758);
#1761=DIRECTION('',(0.E0,1.E0,0.E0));
#1762=VECTOR('',#1761,1.265E0);
#1763=CARTESIAN_POINT('',(1.525E0,2.34E0,-7.366E0));
#1764=LINE('',#1763,#1762);
#1765=DIRECTION('',(0.E0,1.E0,0.E0));
#1766=VECTOR('',#1765,8.683530316258E-1);
#1767=CARTESIAN_POINT('',(1.525E0,2.736646968374E0,-3.81E0));
#1768=LINE('',#1767,#1766);
#1769=CARTESIAN_POINT('',(1.525E0,2.34E0,-7.116E0));
#1770=DIRECTION('',(1.E0,0.E0,0.E0));
#1771=DIRECTION('',(0.E0,0.E0,-1.E0));
#1772=AXIS2_PLACEMENT_3D('',#1769,#1770,#1771);
#1774=DIRECTION('',(-1.E0,0.E0,0.E0));
#1775=VECTOR('',#1774,5.588E0);
#1776=CARTESIAN_POINT('',(2.794E0,5.1326E0,-1.545239864500E0));
#1777=LINE('',#1776,#1775);
#1778=DIRECTION('',(1.E0,0.E0,0.E0));
#1779=VECTOR('',#1778,1.016E0);
#1780=CARTESIAN_POINT('',(2.794E0,5.1326E0,-1.545239864500E0));
#1781=LINE('',#1780,#1779);
#1782=DIRECTION('',(1.E0,0.E0,0.E0));
#1783=VECTOR('',#1782,1.016E0);
#1784=CARTESIAN_POINT('',(-3.81E0,5.1326E0,-1.545239864500E0));
#1785=LINE('',#1784,#1783);
#1786=DIRECTION('',(0.E0,1.E0,0.E0));
#1787=VECTOR('',#1786,9.678E-1);
#1788=CARTESIAN_POINT('',(-2.794E0,4.1648E0,-1.545239864500E0));
#1789=LINE('',#1788,#1787);
#1790=DIRECTION('',(0.E0,-1.E0,0.E0));
#1791=VECTOR('',#1790,9.678E-1);
#1792=CARTESIAN_POINT('',(2.794E0,5.1326E0,-1.545239864500E0));
#1793=LINE('',#1792,#1791);
#1794=DIRECTION('',(1.E0,0.E0,0.E0));
#1795=VECTOR('',#1794,5.588E0);
#1796=CARTESIAN_POINT('',(-2.794E0,4.1648E0,-1.466469683742E-1));
#1797=LINE('',#1796,#1795);
#1798=DIRECTION('',(0.E0,0.E0,-1.E0));
#1799=VECTOR('',#1798,1.398592896126E0);
#1800=CARTESIAN_POINT('',(2.794E0,4.1648E0,-1.466469683742E-1));
#1801=LINE('',#1800,#1799);
#1802=DIRECTION('',(-1.E0,0.E0,0.E0));
#1803=VECTOR('',#1802,5.588E0);
#1804=CARTESIAN_POINT('',(2.794E0,4.1648E0,-1.545239864500E0));
#1805=LINE('',#1804,#1803);
#1806=DIRECTION('',(6.546536707080E-1,6.546536707080E-1,3.779644730092E-1));
#1807=VECTOR('',#1806,3.879914088396E-1);
#1808=CARTESIAN_POINT('',(2.794E0,4.1648E0,-1.466469683742E-1));
#1809=LINE('',#1808,#1807);
#1810=DIRECTION('',(-8.320502943378E-1,2.773500981126E-1,4.803844614153E-1));
#1811=VECTOR('',#1810,3.052700079893E-1);
#1812=CARTESIAN_POINT('',(-2.794E0,2.651980301707E0,-1.466469683742E-1));
#1813=LINE('',#1812,#1811);
#1814=DIRECTION('',(-6.546536707080E-1,6.546536707080E-1,3.779644730092E-1));
#1815=VECTOR('',#1814,3.879914088396E-1);
#1816=CARTESIAN_POINT('',(-2.794E0,4.1648E0,-1.466469683742E-1));
#1817=LINE('',#1816,#1815);
#1818=DIRECTION('',(0.E0,1.E0,0.E0));
#1819=VECTOR('',#1818,1.5276E0);
#1820=CARTESIAN_POINT('',(3.81E0,3.605E0,0.E0));
#1821=LINE('',#1820,#1819);
#1822=DIRECTION('',(0.E0,0.E0,-1.E0));
#1823=VECTOR('',#1822,1.545239864500E0);
#1824=CARTESIAN_POINT('',(3.81E0,5.1326E0,0.E0));
#1825=LINE('',#1824,#1823);
#1826=DIRECTION('',(0.E0,-5.591929034707E-1,-8.290375725550E-1));
#1827=VECTOR('',#1826,2.731794324496E0);
#1828=CARTESIAN_POINT('',(3.81E0,5.1326E0,-1.545239864500E0));
#1829=LINE('',#1828,#1827);
#1830=DIRECTION('',(0.E0,-5.591929034707E-1,-8.290375725550E-1));
#1831=VECTOR('',#1830,2.731794324496E0);
#1832=CARTESIAN_POINT('',(-3.81E0,5.1326E0,-1.545239864500E0));
#1833=LINE('',#1832,#1831);
#1834=DIRECTION('',(0.E0,0.E0,-1.E0));
#1835=VECTOR('',#1834,1.545239864500E0);
#1836=CARTESIAN_POINT('',(-3.81E0,5.1326E0,0.E0));
#1837=LINE('',#1836,#1835);
#1838=DIRECTION('',(0.E0,-1.E0,0.E0));
#1839=VECTOR('',#1838,1.5276E0);
#1840=CARTESIAN_POINT('',(-3.81E0,5.1326E0,0.E0));
#1841=LINE('',#1840,#1839);
#1842=CARTESIAN_POINT('',(-1.3335E1,-1.59E0,-7.116E0));
#1843=CARTESIAN_POINT('',(-1.3335E1,-1.59E0,-7.136022884279E0));
#1844=CARTESIAN_POINT('',(-1.333015078806E1,-1.585150788056E0,
-7.176698195559E0));
#1845=CARTESIAN_POINT('',(-1.330756759768E1,-1.562567597676E0,
-7.235795587346E0));
#1846=CARTESIAN_POINT('',(-1.326941511675E1,-1.524415116747E0,
-7.288883197868E0));
#1847=CARTESIAN_POINT('',(-1.321951761695E1,-1.474517616952E0,
-7.330113912383E0));
#1848=CARTESIAN_POINT('',(-1.315762613188E1,-1.412626131885E0,
-7.358587785065E0));
#1849=CARTESIAN_POINT('',(-1.311000745758E1,-1.365007457577E0,-7.366E0));
#1850=CARTESIAN_POINT('',(-1.3085E1,-1.34E0,-7.366E0));
#1852=CARTESIAN_POINT('',(-1.422986585909E1,-1.59E0,-7.116E0));
#1853=CARTESIAN_POINT('',(-1.422113116332E1,-1.59E0,-7.199105078974E0));
#1854=CARTESIAN_POINT('',(-1.421024118308E1,-1.527056270576E0,
-7.302716319833E0));
#1855=CARTESIAN_POINT('',(-1.420358980027E1,-1.423562844982E0,-7.366E0));
#1856=CARTESIAN_POINT('',(-1.420358980027E1,-1.34E0,-7.366E0));
#1858=CARTESIAN_POINT('',(-1.3335E1,-2.59E0,-7.116E0));
#1859=CARTESIAN_POINT('',(-1.3335E1,-2.59E0,-7.136022884279E0));
#1860=CARTESIAN_POINT('',(-1.333015078806E1,-2.585150788056E0,
-7.176698195559E0));
#1861=CARTESIAN_POINT('',(-1.330756759768E1,-2.562567597676E0,
-7.235795587346E0));
#1862=CARTESIAN_POINT('',(-1.326941511675E1,-2.524415116747E0,
-7.288883197868E0));
#1863=CARTESIAN_POINT('',(-1.321951761695E1,-2.474517616952E0,
-7.330113912383E0));
#1864=CARTESIAN_POINT('',(-1.315762613188E1,-2.412626131885E0,
-7.358587785065E0));
#1865=CARTESIAN_POINT('',(-1.311000745758E1,-2.365007457577E0,-7.366E0));
#1866=CARTESIAN_POINT('',(-1.3085E1,-2.34E0,-7.366E0));
#1868=CARTESIAN_POINT('',(1.3335E1,-2.59E0,-7.116E0));
#1869=CARTESIAN_POINT('',(1.3335E1,-2.59E0,-7.136022884279E0));
#1870=CARTESIAN_POINT('',(1.333015078806E1,-2.585150788056E0,
-7.176698195559E0));
#1871=CARTESIAN_POINT('',(1.330756759768E1,-2.562567597676E0,
-7.235795587346E0));
#1872=CARTESIAN_POINT('',(1.326941511675E1,-2.524415116747E0,
-7.288883197868E0));
#1873=CARTESIAN_POINT('',(1.321951761695E1,-2.474517616952E0,
-7.330113912383E0));
#1874=CARTESIAN_POINT('',(1.315762613188E1,-2.412626131885E0,
-7.358587785065E0));
#1875=CARTESIAN_POINT('',(1.311000745758E1,-2.365007457577E0,-7.366E0));
#1876=CARTESIAN_POINT('',(1.3085E1,-2.34E0,-7.366E0));
#1878=CARTESIAN_POINT('',(1.3335E1,-1.59E0,-7.116E0));
#1879=CARTESIAN_POINT('',(1.3335E1,-1.59E0,-7.136022884279E0));
#1880=CARTESIAN_POINT('',(1.333015078806E1,-1.585150788056E0,
-7.176698195559E0));
#1881=CARTESIAN_POINT('',(1.330756759768E1,-1.562567597676E0,
-7.235795587346E0));
#1882=CARTESIAN_POINT('',(1.326941511675E1,-1.524415116747E0,
-7.288883197868E0));
#1883=CARTESIAN_POINT('',(1.321951761695E1,-1.474517616952E0,
-7.330113912383E0));
#1884=CARTESIAN_POINT('',(1.315762613188E1,-1.412626131885E0,
-7.358587785065E0));
#1885=CARTESIAN_POINT('',(1.311000745758E1,-1.365007457577E0,-7.366E0));
#1886=CARTESIAN_POINT('',(1.3085E1,-1.34E0,-7.366E0));
#1888=DIRECTION('',(0.E0,-1.E0,0.E0));
#1889=VECTOR('',#1888,1.E0);
#1890=CARTESIAN_POINT('',(1.3335E1,-1.59E0,-7.116E0));
#1891=LINE('',#1890,#1889);
#1892=DIRECTION('',(0.E0,0.E0,-1.E0));
#1893=VECTOR('',#1892,5.084E0);
#1894=CARTESIAN_POINT('',(1.3335E1,-1.59E0,-2.032E0));
#1895=LINE('',#1894,#1893);
#1896=DIRECTION('',(0.E0,5.E-1,-8.660254037844E-1));
#1897=VECTOR('',#1896,5.865878734967E-1);
#1898=CARTESIAN_POINT('',(1.3335E1,-1.883293936748E0,-1.524E0));
#1899=LINE('',#1898,#1897);
#1900=DIRECTION('',(0.E0,-1.E0,0.E0));
#1901=VECTOR('',#1900,7.067060632517E-1);
#1902=CARTESIAN_POINT('',(1.3335E1,-1.883293936748E0,-1.524E0));
#1903=LINE('',#1902,#1901);
#1904=DIRECTION('',(-1.E0,0.E0,0.E0));
#1905=VECTOR('',#1904,8.948658590913E-1);
#1906=CARTESIAN_POINT('',(1.422986585909E1,-1.59E0,-7.116E0));
#1907=LINE('',#1906,#1905);
#1908=DIRECTION('',(1.045284632677E-1,0.E0,9.945218953683E-1));
#1909=VECTOR('',#1908,1.149295963541E0);
#1910=CARTESIAN_POINT('',(1.422986585909E1,-1.59E0,-7.116E0));
#1911=LINE('',#1910,#1909);
#1912=DIRECTION('',(0.E0,0.E0,-1.E0));
#1913=VECTOR('',#1912,3.302E-1);
#1914=CARTESIAN_POINT('',(1.464292834724E1,-1.59E0,-5.6428E0));
#1915=LINE('',#1914,#1913);
#1916=CARTESIAN_POINT('',(1.497312834724E1,-1.59E0,-5.6428E0));
#1917=DIRECTION('',(0.E0,-1.E0,0.E0));
#1918=DIRECTION('',(-7.660444431190E-1,0.E0,6.427876096865E-1));
#1919=AXIS2_PLACEMENT_3D('',#1916,#1917,#1918);
#1921=DIRECTION('',(-6.427876096865E-1,0.E0,-7.660444431190E-1));
#1922=VECTOR('',#1921,1.281324523790E0);
#1923=CARTESIAN_POINT('',(1.55438E1,-1.59E0,-4.449E0));
#1924=LINE('',#1923,#1922);
#1925=DIRECTION('',(1.E0,0.E0,0.E0));
#1926=VECTOR('',#1925,1.015E0);
#1927=CARTESIAN_POINT('',(1.3335E1,-1.59E0,-2.032E0));
#1928=LINE('',#1927,#1926);
#1929=DIRECTION('',(-1.E0,0.E0,0.E0));
#1930=VECTOR('',#1929,8.948658590913E-1);
#1931=CARTESIAN_POINT('',(-1.3335E1,-1.59E0,-7.116E0));
#1932=LINE('',#1931,#1930);
#1933=DIRECTION('',(0.E0,0.E0,-1.E0));
#1934=VECTOR('',#1933,5.084E0);
#1935=CARTESIAN_POINT('',(-1.3335E1,-1.59E0,-2.032E0));
#1936=LINE('',#1935,#1934);
#1937=DIRECTION('',(1.E0,0.E0,0.E0));
#1938=VECTOR('',#1937,1.015E0);
#1939=CARTESIAN_POINT('',(-1.435E1,-1.59E0,-2.032E0));
#1940=LINE('',#1939,#1938);
#1941=DIRECTION('',(-6.427876096865E-1,0.E0,7.660444431190E-1));
#1942=VECTOR('',#1941,1.281324523790E0);
#1943=CARTESIAN_POINT('',(-1.472018047212E1,-1.59E0,-5.430551531282E0));
#1944=LINE('',#1943,#1942);
#1945=CARTESIAN_POINT('',(-1.497312834724E1,-1.59E0,-5.6428E0));
#1946=DIRECTION('',(0.E0,-1.E0,0.E0));
#1947=DIRECTION('',(1.E0,0.E0,0.E0));
#1948=AXIS2_PLACEMENT_3D('',#1945,#1946,#1947);
#1950=DIRECTION('',(-1.075927825197E-14,0.E0,1.E0));
#1951=VECTOR('',#1950,3.302E-1);
#1952=CARTESIAN_POINT('',(-1.464292834724E1,-1.59E0,-5.973E0));
#1953=LINE('',#1952,#1951);
#1954=DIRECTION('',(1.045284632677E-1,0.E0,-9.945218953683E-1));
#1955=VECTOR('',#1954,1.149295963541E0);
#1956=CARTESIAN_POINT('',(-1.435E1,-1.59E0,-5.973E0));
#1957=LINE('',#1956,#1955);
#1958=CARTESIAN_POINT('',(1.420358980027E1,-1.34E0,-7.366E0));
#1959=CARTESIAN_POINT('',(1.420358980027E1,-1.423562844982E0,-7.366E0));
#1960=CARTESIAN_POINT('',(1.421024118308E1,-1.527056270576E0,
-7.302716319833E0));
#1961=CARTESIAN_POINT('',(1.422113116332E1,-1.59E0,-7.199105078974E0));
#1962=CARTESIAN_POINT('',(1.422986585909E1,-1.59E0,-7.116E0));
#1964=DIRECTION('',(0.E0,-1.E0,0.E0));
#1965=VECTOR('',#1964,7.21E0);
#1966=CARTESIAN_POINT('',(1.41976E1,3.605E0,-7.422989142824E0));
#1967=LINE('',#1966,#1965);
#1968=CARTESIAN_POINT('',(1.3335E1,1.59E0,-7.116E0));
#1969=CARTESIAN_POINT('',(1.3335E1,1.59E0,-7.136022884279E0));
#1970=CARTESIAN_POINT('',(1.333015078806E1,1.585150788056E0,-7.176698195559E0));
#1971=CARTESIAN_POINT('',(1.330756759768E1,1.562567597676E0,-7.235795587346E0));
#1972=CARTESIAN_POINT('',(1.326941511675E1,1.524415116747E0,-7.288883197868E0));
#1973=CARTESIAN_POINT('',(1.321951761695E1,1.474517616952E0,-7.330113912383E0));
#1974=CARTESIAN_POINT('',(1.315762613188E1,1.412626131885E0,-7.358587785065E0));
#1975=CARTESIAN_POINT('',(1.311000745758E1,1.365007457577E0,-7.366E0));
#1976=CARTESIAN_POINT('',(1.3085E1,1.34E0,-7.366E0));
#1978=CARTESIAN_POINT('',(1.422986585909E1,1.59E0,-7.116E0));
#1979=CARTESIAN_POINT('',(1.422113116332E1,1.59E0,-7.199105078974E0));
#1980=CARTESIAN_POINT('',(1.421024118308E1,1.527056270576E0,-7.302716319833E0));
#1981=CARTESIAN_POINT('',(1.420358980027E1,1.423562844982E0,-7.366E0));
#1982=CARTESIAN_POINT('',(1.420358980027E1,1.34E0,-7.366E0));
#1984=DIRECTION('',(1.E0,0.E0,0.E0));
#1985=VECTOR('',#1984,2.929283472381E-1);
#1986=CARTESIAN_POINT('',(1.435E1,-1.59E0,-5.973E0));
#1987=LINE('',#1986,#1985);
#1988=DIRECTION('',(0.E0,-1.E0,0.E0));
#1989=VECTOR('',#1988,2.015E0);
#1990=CARTESIAN_POINT('',(1.435E1,-1.59E0,-5.973E0));
#1991=LINE('',#1990,#1989);
#1992=DIRECTION('',(0.E0,1.E0,0.E0));
#1993=VECTOR('',#1992,7.21E0);
#1994=CARTESIAN_POINT('',(1.57978E1,-3.605E0,-5.973E0));
#1995=LINE('',#1994,#1993);
#1996=DIRECTION('',(0.E0,-1.E0,0.E0));
#1997=VECTOR('',#1996,2.015E0);
#1998=CARTESIAN_POINT('',(1.435E1,3.605E0,-5.973E0));
#1999=LINE('',#1998,#1997);
#2000=DIRECTION('',(1.E0,0.E0,0.E0));
#2001=VECTOR('',#2000,2.929283472381E-1);
#2002=CARTESIAN_POINT('',(1.435E1,1.59E0,-5.973E0));
#2003=LINE('',#2002,#2001);
#2004=DIRECTION('',(0.E0,1.E0,0.E0));
#2005=VECTOR('',#2004,3.18E0);
#2006=CARTESIAN_POINT('',(1.464292834724E1,-1.59E0,-5.973E0));
#2007=LINE('',#2006,#2005);
#2008=DIRECTION('',(0.E0,1.E0,0.E0));
#2009=VECTOR('',#2008,7.21E0);
#2010=CARTESIAN_POINT('',(1.57978E1,-3.605E0,-4.449E0));
#2011=LINE('',#2010,#2009);
#2012=DIRECTION('',(1.E0,0.E0,0.E0));
#2013=VECTOR('',#2012,1.1938E0);
#2014=CARTESIAN_POINT('',(1.435E1,-1.59E0,-4.449E0));
#2015=LINE('',#2014,#2013);
#2016=DIRECTION('',(0.E0,1.E0,0.E0));
#2017=VECTOR('',#2016,3.18E0);
#2018=CARTESIAN_POINT('',(1.55438E1,-1.59E0,-4.449E0));
#2019=LINE('',#2018,#2017);
#2020=DIRECTION('',(1.E0,0.E0,0.E0));
#2021=VECTOR('',#2020,1.1938E0);
#2022=CARTESIAN_POINT('',(1.435E1,1.59E0,-4.449E0));
#2023=LINE('',#2022,#2021);
#2024=DIRECTION('',(0.E0,1.E0,0.E0));
#2025=VECTOR('',#2024,3.18E0);
#2026=CARTESIAN_POINT('',(1.472018047212E1,-1.59E0,-5.430551531281E0));
#2027=LINE('',#2026,#2025);
#2028=DIRECTION('',(0.E0,1.E0,0.E0));
#2029=VECTOR('',#2028,3.18E0);
#2030=CARTESIAN_POINT('',(1.464292834724E1,-1.59E0,-5.6428E0));
#2031=LINE('',#2030,#2029);
#2032=DIRECTION('',(1.E0,0.E0,0.E0));
#2033=VECTOR('',#2032,1.015E0);
#2034=CARTESIAN_POINT('',(1.3335E1,-1.883293936748E0,-1.524E0));
#2035=LINE('',#2034,#2033);
#2036=DIRECTION('',(1.E0,0.E0,0.E0));
#2037=VECTOR('',#2036,1.015E0);
#2038=CARTESIAN_POINT('',(1.3335E1,-2.59E0,-1.524E0));
#2039=LINE('',#2038,#2037);
#2040=DIRECTION('',(1.E0,0.E0,0.E0));
#2041=VECTOR('',#2040,1.015E0);
#2042=CARTESIAN_POINT('',(-1.435E1,-1.883293936748E0,-1.524E0));
#2043=LINE('',#2042,#2041);
#2044=DIRECTION('',(1.E0,0.E0,0.E0));
#2045=VECTOR('',#2044,1.015E0);
#2046=CARTESIAN_POINT('',(-1.435E1,-2.59E0,-1.524E0));
#2047=LINE('',#2046,#2045);
#2048=DIRECTION('',(1.E0,0.E0,0.E0));
#2049=VECTOR('',#2048,2.87E1);
#2050=CARTESIAN_POINT('',(-1.435E1,-2.59E0,-1.466469683742E-1));
#2051=LINE('',#2050,#2049);
#2052=DIRECTION('',(-1.E0,0.E0,0.E0));
#2053=VECTOR('',#2052,2.667E1);
#2054=CARTESIAN_POINT('',(1.3335E1,-2.59E0,-7.116E0));
#2055=LINE('',#2054,#2053);
#2056=DIRECTION('',(0.E0,0.E0,-1.E0));
#2057=VECTOR('',#2056,5.592E0);
#2058=CARTESIAN_POINT('',(1.3335E1,-2.59E0,-1.524E0));
#2059=LINE('',#2058,#2057);
#2060=DIRECTION('',(0.E0,0.E0,-1.E0));
#2061=VECTOR('',#2060,4.449E0);
#2062=CARTESIAN_POINT('',(-1.435E1,1.59E0,0.E0));
#2063=LINE('',#2062,#2061);
#2064=DIRECTION('',(0.E0,-1.E0,0.E0));
#2065=VECTOR('',#2064,2.015E0);
#2066=CARTESIAN_POINT('',(-1.435E1,3.605E0,-4.449E0));
#2067=LINE('',#2066,#2065);
#2068=DIRECTION('',(0.E0,0.E0,1.E0));
#2069=VECTOR('',#2068,4.449E0);
#2070=CARTESIAN_POINT('',(-1.435E1,3.605E0,-4.449E0));
#2071=LINE('',#2070,#2069);
#2072=DIRECTION('',(0.E0,-1.E0,0.E0));
#2073=VECTOR('',#2072,2.015E0);
#2074=CARTESIAN_POINT('',(-1.435E1,3.605E0,0.E0));
#2075=LINE('',#2074,#2073);
#2076=DIRECTION('',(0.E0,8.660254037844E-1,-5.E-1));
#2077=VECTOR('',#2076,2.932939367483E-1);
#2078=CARTESIAN_POINT('',(-1.435E1,-2.844E0,0.E0));
#2079=LINE('',#2078,#2077);
#2080=DIRECTION('',(0.E0,-1.E0,0.E0));
#2081=VECTOR('',#2080,7.61E-1);
#2082=CARTESIAN_POINT('',(-1.435E1,-2.844E0,0.E0));
#2083=LINE('',#2082,#2081);
#2084=DIRECTION('',(0.E0,0.E0,-1.E0));
#2085=VECTOR('',#2084,4.449E0);
#2086=CARTESIAN_POINT('',(-1.435E1,-3.605E0,0.E0));
#2087=LINE('',#2086,#2085);
#2088=DIRECTION('',(0.E0,-1.E0,0.E0));
#2089=VECTOR('',#2088,2.015E0);
#2090=CARTESIAN_POINT('',(-1.435E1,-1.59E0,-4.449E0));
#2091=LINE('',#2090,#2089);
#2092=DIRECTION('',(0.E0,0.E0,-1.E0));
#2093=VECTOR('',#2092,2.417E0);
#2094=CARTESIAN_POINT('',(-1.435E1,-1.59E0,-2.032E0));
#2095=LINE('',#2094,#2093);
#2096=DIRECTION('',(0.E0,5.E-1,-8.660254037844E-1));
#2097=VECTOR('',#2096,5.865878734967E-1);
#2098=CARTESIAN_POINT('',(-1.435E1,-1.883293936748E0,-1.524E0));
#2099=LINE('',#2098,#2097);
#2100=DIRECTION('',(0.E0,1.E0,0.E0));
#2101=VECTOR('',#2100,7.067060632517E-1);
#2102=CARTESIAN_POINT('',(-1.435E1,-2.59E0,-1.524E0));
#2103=LINE('',#2102,#2101);
#2104=DIRECTION('',(0.E0,0.E0,-1.E0));
#2105=VECTOR('',#2104,1.377353031626E0);
#2106=CARTESIAN_POINT('',(-1.435E1,-2.59E0,-1.466469683742E-1));
#2107=LINE('',#2106,#2105);
#2108=DIRECTION('',(-1.E0,0.E0,0.E0));
#2109=VECTOR('',#2108,1.1938E0);
#2110=CARTESIAN_POINT('',(-1.435E1,-1.59E0,-4.449E0));
#2111=LINE('',#2110,#2109);
#2112=DIRECTION('',(0.E0,1.E0,0.E0));
#2113=VECTOR('',#2112,7.21E0);
#2114=CARTESIAN_POINT('',(-1.57978E1,-3.605E0,-4.449E0));
#2115=LINE('',#2114,#2113);
#2116=DIRECTION('',(-1.E0,0.E0,0.E0));
#2117=VECTOR('',#2116,1.1938E0);
#2118=CARTESIAN_POINT('',(-1.435E1,1.59E0,-4.449E0));
#2119=LINE('',#2118,#2117);
#2120=DIRECTION('',(0.E0,1.E0,0.E0));
#2121=VECTOR('',#2120,3.18E0);
#2122=CARTESIAN_POINT('',(-1.55438E1,-1.59E0,-4.449E0));
#2123=LINE('',#2122,#2121);
#2124=DIRECTION('',(0.E0,1.E0,0.E0));
#2125=VECTOR('',#2124,7.21E0);
#2126=CARTESIAN_POINT('',(-1.57978E1,-3.605E0,-5.973E0));
#2127=LINE('',#2126,#2125);
#2128=DIRECTION('',(-1.E0,0.E0,0.E0));
#2129=VECTOR('',#2128,2.929283472381E-1);
#2130=CARTESIAN_POINT('',(-1.435E1,-1.59E0,-5.973E0));
#2131=LINE('',#2130,#2129);
#2132=DIRECTION('',(0.E0,1.E0,0.E0));
#2133=VECTOR('',#2132,3.18E0);
#2134=CARTESIAN_POINT('',(-1.464292834724E1,-1.59E0,-5.973E0));
#2135=LINE('',#2134,#2133);
#2136=DIRECTION('',(-1.E0,0.E0,0.E0));
#2137=VECTOR('',#2136,2.929283472381E-1);
#2138=CARTESIAN_POINT('',(-1.435E1,1.59E0,-5.973E0));
#2139=LINE('',#2138,#2137);
#2140=DIRECTION('',(0.E0,-1.E0,0.E0));
#2141=VECTOR('',#2140,2.015E0);
#2142=CARTESIAN_POINT('',(-1.435E1,3.605E0,-5.973E0));
#2143=LINE('',#2142,#2141);
#2144=DIRECTION('',(0.E0,-1.E0,0.E0));
#2145=VECTOR('',#2144,2.015E0);
#2146=CARTESIAN_POINT('',(-1.435E1,-1.59E0,-5.973E0));
#2147=LINE('',#2146,#2145);
#2148=DIRECTION('',(0.E0,1.E0,0.E0));
#2149=VECTOR('',#2148,3.18E0);
#2150=CARTESIAN_POINT('',(-1.464292834724E1,-1.59E0,-5.6428E0));
#2151=LINE('',#2150,#2149);
#2152=DIRECTION('',(0.E0,1.E0,0.E0));
#2153=VECTOR('',#2152,3.18E0);
#2154=CARTESIAN_POINT('',(-1.472018047212E1,-1.59E0,-5.430551531282E0));
#2155=LINE('',#2154,#2153);
#2156=DIRECTION('',(0.E0,1.E0,0.E0));
#2157=VECTOR('',#2156,1.E0);
#2158=CARTESIAN_POINT('',(-1.3335E1,-2.59E0,-7.116E0));
#2159=LINE('',#2158,#2157);
#2160=DIRECTION('',(0.E0,0.E0,-1.E0));
#2161=VECTOR('',#2160,5.592E0);
#2162=CARTESIAN_POINT('',(-1.3335E1,-2.59E0,-1.524E0));
#2163=LINE('',#2162,#2161);
#2164=DIRECTION('',(0.E0,1.E0,0.E0));
#2165=VECTOR('',#2164,7.067060632517E-1);
#2166=CARTESIAN_POINT('',(-1.3335E1,-2.59E0,-1.524E0));
#2167=LINE('',#2166,#2165);
#2168=DIRECTION('',(0.E0,-5.E-1,8.660254037844E-1));
#2169=VECTOR('',#2168,5.865878734967E-1);
#2170=CARTESIAN_POINT('',(-1.3335E1,-1.59E0,-2.032E0));
#2171=LINE('',#2170,#2169);
#2172=DIRECTION('',(0.E0,0.E0,1.E0));
#2173=VECTOR('',#2172,1.016E0);
#2174=CARTESIAN_POINT('',(-1.41976E1,-3.5034E0,-9.91E0));
#2175=LINE('',#2174,#2173);
#2176=DIRECTION('',(0.E0,0.E0,1.E0));
#2177=VECTOR('',#2176,1.016E0);
#2178=CARTESIAN_POINT('',(-1.41976E1,3.5034E0,-9.91E0));
#2179=LINE('',#2178,#2177);
#2180=DIRECTION('',(0.E0,-1.E0,0.E0));
#2181=VECTOR('',#2180,1.016E-1);
#2182=CARTESIAN_POINT('',(-1.41976E1,3.605E0,-8.894E0));
#2183=LINE('',#2182,#2181);
#2184=DIRECTION('',(0.E0,-1.E0,0.E0));
#2185=VECTOR('',#2184,7.21E0);
#2186=CARTESIAN_POINT('',(-1.41976E1,3.605E0,-7.422989142824E0));
#2187=LINE('',#2186,#2185);
#2188=DIRECTION('',(0.E0,1.E0,0.E0));
#2189=VECTOR('',#2188,1.016E-1);
#2190=CARTESIAN_POINT('',(-1.41976E1,-3.605E0,-8.894E0));
#2191=LINE('',#2190,#2189);
#2192=DIRECTION('',(0.E0,0.E0,1.E0));
#2193=VECTOR('',#2192,3.175E0);
#2194=CARTESIAN_POINT('',(1.21285E1,1.4605E0,-7.366E0));
#2195=LINE('',#2194,#2193);
#2196=DIRECTION('',(0.E0,0.E0,1.E0));
#2197=VECTOR('',#2196,3.175E0);
#2198=CARTESIAN_POINT('',(1.25095E1,1.4605E0,-7.366E0));
#2199=LINE('',#2198,#2197);
#2200=DIRECTION('',(0.E0,0.E0,1.E0));
#2201=VECTOR('',#2200,3.175E0);
#2202=CARTESIAN_POINT('',(1.25095E1,1.0795E0,-7.366E0));
#2203=LINE('',#2202,#2201);
#2204=DIRECTION('',(0.E0,0.E0,1.E0));
#2205=VECTOR('',#2204,3.175E0);
#2206=CARTESIAN_POINT('',(1.21285E1,1.0795E0,-7.366E0));
#2207=LINE('',#2206,#2205);
#2208=DIRECTION('',(-1.398706172756E-14,-1.E0,0.E0));
#2209=VECTOR('',#2208,3.81E-1);
#2210=CARTESIAN_POINT('',(1.21285E1,1.4605E0,-4.191E0));
#2211=LINE('',#2210,#2209);
#2212=DIRECTION('',(-1.E0,0.E0,0.E0));
#2213=VECTOR('',#2212,3.81E-1);
#2214=CARTESIAN_POINT('',(1.25095E1,1.4605E0,-4.191E0));
#2215=LINE('',#2214,#2213);
#2216=DIRECTION('',(0.E0,1.E0,0.E0));
#2217=VECTOR('',#2216,3.81E-1);
#2218=CARTESIAN_POINT('',(1.25095E1,1.0795E0,-4.191E0));
#2219=LINE('',#2218,#2217);
#2220=DIRECTION('',(1.E0,0.E0,0.E0));
#2221=VECTOR('',#2220,3.81E-1);
#2222=CARTESIAN_POINT('',(1.21285E1,1.0795E0,-4.191E0));
#2223=LINE('',#2222,#2221);
#2224=DIRECTION('',(0.E0,-1.E0,0.E0));
#2225=VECTOR('',#2224,3.81E-1);
#2226=CARTESIAN_POINT('',(1.21285E1,-1.0795E0,-4.191E0));
#2227=LINE('',#2226,#2225);
#2228=DIRECTION('',(-1.E0,0.E0,0.E0));
#2229=VECTOR('',#2228,3.81E-1);
#2230=CARTESIAN_POINT('',(1.25095E1,-1.0795E0,-4.191E0));
#2231=LINE('',#2230,#2229);
#2232=DIRECTION('',(0.E0,1.E0,0.E0));
#2233=VECTOR('',#2232,3.81E-1);
#2234=CARTESIAN_POINT('',(1.25095E1,-1.4605E0,-4.191E0));
#2235=LINE('',#2234,#2233);
#2236=DIRECTION('',(1.E0,0.E0,0.E0));
#2237=VECTOR('',#2236,3.81E-1);
#2238=CARTESIAN_POINT('',(1.21285E1,-1.4605E0,-4.191E0));
#2239=LINE('',#2238,#2237);
#2240=DIRECTION('',(0.E0,0.E0,1.E0));
#2241=VECTOR('',#2240,3.175E0);
#2242=CARTESIAN_POINT('',(1.21285E1,-1.0795E0,-7.366E0));
#2243=LINE('',#2242,#2241);
#2244=DIRECTION('',(0.E0,0.E0,1.E0));
#2245=VECTOR('',#2244,3.175E0);
#2246=CARTESIAN_POINT('',(1.25095E1,-1.0795E0,-7.366E0));
#2247=LINE('',#2246,#2245);
#2248=DIRECTION('',(0.E0,0.E0,1.E0));
#2249=VECTOR('',#2248,3.175E0);
#2250=CARTESIAN_POINT('',(1.25095E1,-1.4605E0,-7.366E0));
#2251=LINE('',#2250,#2249);
#2252=DIRECTION('',(0.E0,0.E0,1.E0));
#2253=VECTOR('',#2252,3.175E0);
#2254=CARTESIAN_POINT('',(1.21285E1,-1.4605E0,-7.366E0));
#2255=LINE('',#2254,#2253);
#2256=DIRECTION('',(0.E0,0.E0,1.E0));
#2257=VECTOR('',#2256,3.175E0);
#2258=CARTESIAN_POINT('',(1.08585E1,1.4605E0,-7.366E0));
#2259=LINE('',#2258,#2257);
#2260=DIRECTION('',(0.E0,0.E0,1.E0));
#2261=VECTOR('',#2260,3.175E0);
#2262=CARTESIAN_POINT('',(1.12395E1,1.4605E0,-7.366E0));
#2263=LINE('',#2262,#2261);
#2264=DIRECTION('',(0.E0,0.E0,1.E0));
#2265=VECTOR('',#2264,3.175E0);
#2266=CARTESIAN_POINT('',(1.12395E1,1.0795E0,-7.366E0));
#2267=LINE('',#2266,#2265);
#2268=DIRECTION('',(0.E0,0.E0,1.E0));
#2269=VECTOR('',#2268,3.175E0);
#2270=CARTESIAN_POINT('',(1.08585E1,1.0795E0,-7.366E0));
#2271=LINE('',#2270,#2269);
#2272=DIRECTION('',(0.E0,-1.E0,0.E0));
#2273=VECTOR('',#2272,3.81E-1);
#2274=CARTESIAN_POINT('',(1.08585E1,1.4605E0,-4.191E0));
#2275=LINE('',#2274,#2273);
#2276=DIRECTION('',(-1.E0,0.E0,0.E0));
#2277=VECTOR('',#2276,3.81E-1);
#2278=CARTESIAN_POINT('',(1.12395E1,1.4605E0,-4.191E0));
#2279=LINE('',#2278,#2277);
#2280=DIRECTION('',(0.E0,1.E0,0.E0));
#2281=VECTOR('',#2280,3.81E-1);
#2282=CARTESIAN_POINT('',(1.12395E1,1.0795E0,-4.191E0));
#2283=LINE('',#2282,#2281);
#2284=DIRECTION('',(1.E0,0.E0,0.E0));
#2285=VECTOR('',#2284,3.81E-1);
#2286=CARTESIAN_POINT('',(1.08585E1,1.0795E0,-4.191E0));
#2287=LINE('',#2286,#2285);
#2288=DIRECTION('',(0.E0,-1.E0,0.E0));
#2289=VECTOR('',#2288,3.81E-1);
#2290=CARTESIAN_POINT('',(1.08585E1,-1.0795E0,-4.191E0));
#2291=LINE('',#2290,#2289);
#2292=DIRECTION('',(-1.E0,0.E0,0.E0));
#2293=VECTOR('',#2292,3.81E-1);
#2294=CARTESIAN_POINT('',(1.12395E1,-1.0795E0,-4.191E0));
#2295=LINE('',#2294,#2293);
#2296=DIRECTION('',(0.E0,1.E0,0.E0));
#2297=VECTOR('',#2296,3.81E-1);
#2298=CARTESIAN_POINT('',(1.12395E1,-1.4605E0,-4.191E0));
#2299=LINE('',#2298,#2297);
#2300=DIRECTION('',(1.E0,0.E0,0.E0));
#2301=VECTOR('',#2300,3.81E-1);
#2302=CARTESIAN_POINT('',(1.08585E1,-1.4605E0,-4.191E0));
#2303=LINE('',#2302,#2301);
#2304=DIRECTION('',(0.E0,0.E0,1.E0));
#2305=VECTOR('',#2304,3.175E0);
#2306=CARTESIAN_POINT('',(1.08585E1,-1.0795E0,-7.366E0));
#2307=LINE('',#2306,#2305);
#2308=DIRECTION('',(0.E0,0.E0,1.E0));
#2309=VECTOR('',#2308,3.175E0);
#2310=CARTESIAN_POINT('',(1.12395E1,-1.0795E0,-7.366E0));
#2311=LINE('',#2310,#2309);
#2312=DIRECTION('',(0.E0,0.E0,1.E0));
#2313=VECTOR('',#2312,3.175E0);
#2314=CARTESIAN_POINT('',(1.12395E1,-1.4605E0,-7.366E0));
#2315=LINE('',#2314,#2313);
#2316=DIRECTION('',(0.E0,0.E0,1.E0));
#2317=VECTOR('',#2316,3.175E0);
#2318=CARTESIAN_POINT('',(1.08585E1,-1.4605E0,-7.366E0));
#2319=LINE('',#2318,#2317);
#2320=DIRECTION('',(0.E0,0.E0,1.E0));
#2321=VECTOR('',#2320,3.175E0);
#2322=CARTESIAN_POINT('',(9.5885E0,1.4605E0,-7.366E0));
#2323=LINE('',#2322,#2321);
#2324=DIRECTION('',(0.E0,0.E0,1.E0));
#2325=VECTOR('',#2324,3.175E0);
#2326=CARTESIAN_POINT('',(9.9695E0,1.4605E0,-7.366E0));
#2327=LINE('',#2326,#2325);
#2328=DIRECTION('',(0.E0,0.E0,1.E0));
#2329=VECTOR('',#2328,3.175E0);
#2330=CARTESIAN_POINT('',(9.9695E0,1.0795E0,-7.366E0));
#2331=LINE('',#2330,#2329);
#2332=DIRECTION('',(0.E0,0.E0,1.E0));
#2333=VECTOR('',#2332,3.175E0);
#2334=CARTESIAN_POINT('',(9.5885E0,1.0795E0,-7.366E0));
#2335=LINE('',#2334,#2333);
#2336=DIRECTION('',(0.E0,-1.E0,0.E0));
#2337=VECTOR('',#2336,3.81E-1);
#2338=CARTESIAN_POINT('',(9.5885E0,1.4605E0,-4.191E0));
#2339=LINE('',#2338,#2337);
#2340=DIRECTION('',(-1.E0,0.E0,0.E0));
#2341=VECTOR('',#2340,3.81E-1);
#2342=CARTESIAN_POINT('',(9.9695E0,1.4605E0,-4.191E0));
#2343=LINE('',#2342,#2341);
#2344=DIRECTION('',(0.E0,1.E0,0.E0));
#2345=VECTOR('',#2344,3.81E-1);
#2346=CARTESIAN_POINT('',(9.9695E0,1.0795E0,-4.191E0));
#2347=LINE('',#2346,#2345);
#2348=DIRECTION('',(1.E0,0.E0,0.E0));
#2349=VECTOR('',#2348,3.81E-1);
#2350=CARTESIAN_POINT('',(9.5885E0,1.0795E0,-4.191E0));
#2351=LINE('',#2350,#2349);
#2352=DIRECTION('',(0.E0,-1.E0,0.E0));
#2353=VECTOR('',#2352,3.81E-1);
#2354=CARTESIAN_POINT('',(9.5885E0,-1.0795E0,-4.191E0));
#2355=LINE('',#2354,#2353);
#2356=DIRECTION('',(-1.E0,0.E0,0.E0));
#2357=VECTOR('',#2356,3.81E-1);
#2358=CARTESIAN_POINT('',(9.9695E0,-1.0795E0,-4.191E0));
#2359=LINE('',#2358,#2357);
#2360=DIRECTION('',(0.E0,1.E0,0.E0));
#2361=VECTOR('',#2360,3.81E-1);
#2362=CARTESIAN_POINT('',(9.9695E0,-1.4605E0,-4.191E0));
#2363=LINE('',#2362,#2361);
#2364=DIRECTION('',(1.E0,0.E0,0.E0));
#2365=VECTOR('',#2364,3.81E-1);
#2366=CARTESIAN_POINT('',(9.5885E0,-1.4605E0,-4.191E0));
#2367=LINE('',#2366,#2365);
#2368=DIRECTION('',(0.E0,0.E0,1.E0));
#2369=VECTOR('',#2368,3.175E0);
#2370=CARTESIAN_POINT('',(9.5885E0,-1.0795E0,-7.366E0));
#2371=LINE('',#2370,#2369);
#2372=DIRECTION('',(0.E0,0.E0,1.E0));
#2373=VECTOR('',#2372,3.175E0);
#2374=CARTESIAN_POINT('',(9.9695E0,-1.0795E0,-7.366E0));
#2375=LINE('',#2374,#2373);
#2376=DIRECTION('',(0.E0,0.E0,1.E0));
#2377=VECTOR('',#2376,3.175E0);
#2378=CARTESIAN_POINT('',(9.9695E0,-1.4605E0,-7.366E0));
#2379=LINE('',#2378,#2377);
#2380=DIRECTION('',(0.E0,0.E0,1.E0));
#2381=VECTOR('',#2380,3.175E0);
#2382=CARTESIAN_POINT('',(9.5885E0,-1.4605E0,-7.366E0));
#2383=LINE('',#2382,#2381);
#2384=DIRECTION('',(0.E0,0.E0,1.E0));
#2385=VECTOR('',#2384,3.175E0);
#2386=CARTESIAN_POINT('',(8.3185E0,1.4605E0,-7.366E0));
#2387=LINE('',#2386,#2385);
#2388=DIRECTION('',(0.E0,0.E0,1.E0));
#2389=VECTOR('',#2388,3.175E0);
#2390=CARTESIAN_POINT('',(8.6995E0,1.4605E0,-7.366E0));
#2391=LINE('',#2390,#2389);
#2392=DIRECTION('',(0.E0,0.E0,1.E0));
#2393=VECTOR('',#2392,3.175E0);
#2394=CARTESIAN_POINT('',(8.6995E0,1.0795E0,-7.366E0));
#2395=LINE('',#2394,#2393);
#2396=DIRECTION('',(0.E0,0.E0,1.E0));
#2397=VECTOR('',#2396,3.175E0);
#2398=CARTESIAN_POINT('',(8.3185E0,1.0795E0,-7.366E0));
#2399=LINE('',#2398,#2397);
#2400=DIRECTION('',(0.E0,-1.E0,0.E0));
#2401=VECTOR('',#2400,3.81E-1);
#2402=CARTESIAN_POINT('',(8.3185E0,1.4605E0,-4.191E0));
#2403=LINE('',#2402,#2401);
#2404=DIRECTION('',(-1.E0,0.E0,0.E0));
#2405=VECTOR('',#2404,3.81E-1);
#2406=CARTESIAN_POINT('',(8.6995E0,1.4605E0,-4.191E0));
#2407=LINE('',#2406,#2405);
#2408=DIRECTION('',(0.E0,1.E0,0.E0));
#2409=VECTOR('',#2408,3.81E-1);
#2410=CARTESIAN_POINT('',(8.6995E0,1.0795E0,-4.191E0));
#2411=LINE('',#2410,#2409);
#2412=DIRECTION('',(1.E0,0.E0,0.E0));
#2413=VECTOR('',#2412,3.81E-1);
#2414=CARTESIAN_POINT('',(8.3185E0,1.0795E0,-4.191E0));
#2415=LINE('',#2414,#2413);
#2416=DIRECTION('',(0.E0,-1.E0,0.E0));
#2417=VECTOR('',#2416,3.81E-1);
#2418=CARTESIAN_POINT('',(8.3185E0,-1.0795E0,-4.191E0));
#2419=LINE('',#2418,#2417);
#2420=DIRECTION('',(-1.E0,0.E0,0.E0));
#2421=VECTOR('',#2420,3.81E-1);
#2422=CARTESIAN_POINT('',(8.6995E0,-1.0795E0,-4.191E0));
#2423=LINE('',#2422,#2421);
#2424=DIRECTION('',(0.E0,1.E0,0.E0));
#2425=VECTOR('',#2424,3.81E-1);
#2426=CARTESIAN_POINT('',(8.6995E0,-1.4605E0,-4.191E0));
#2427=LINE('',#2426,#2425);
#2428=DIRECTION('',(1.E0,0.E0,0.E0));
#2429=VECTOR('',#2428,3.81E-1);
#2430=CARTESIAN_POINT('',(8.3185E0,-1.4605E0,-4.191E0));
#2431=LINE('',#2430,#2429);
#2432=DIRECTION('',(0.E0,0.E0,1.E0));
#2433=VECTOR('',#2432,3.175E0);
#2434=CARTESIAN_POINT('',(8.3185E0,-1.0795E0,-7.366E0));
#2435=LINE('',#2434,#2433);
#2436=DIRECTION('',(0.E0,0.E0,1.E0));
#2437=VECTOR('',#2436,3.175E0);
#2438=CARTESIAN_POINT('',(8.6995E0,-1.0795E0,-7.366E0));
#2439=LINE('',#2438,#2437);
#2440=DIRECTION('',(0.E0,0.E0,1.E0));
#2441=VECTOR('',#2440,3.175E0);
#2442=CARTESIAN_POINT('',(8.6995E0,-1.4605E0,-7.366E0));
#2443=LINE('',#2442,#2441);
#2444=DIRECTION('',(0.E0,0.E0,1.E0));
#2445=VECTOR('',#2444,3.175E0);
#2446=CARTESIAN_POINT('',(8.3185E0,-1.4605E0,-7.366E0));
#2447=LINE('',#2446,#2445);
#2448=DIRECTION('',(0.E0,0.E0,1.E0));
#2449=VECTOR('',#2448,3.175E0);
#2450=CARTESIAN_POINT('',(7.0485E0,1.4605E0,-7.366E0));
#2451=LINE('',#2450,#2449);
#2452=DIRECTION('',(0.E0,0.E0,1.E0));
#2453=VECTOR('',#2452,3.175E0);
#2454=CARTESIAN_POINT('',(7.4295E0,1.4605E0,-7.366E0));
#2455=LINE('',#2454,#2453);
#2456=DIRECTION('',(0.E0,0.E0,1.E0));
#2457=VECTOR('',#2456,3.175E0);
#2458=CARTESIAN_POINT('',(7.4295E0,1.0795E0,-7.366E0));
#2459=LINE('',#2458,#2457);
#2460=DIRECTION('',(0.E0,0.E0,1.E0));
#2461=VECTOR('',#2460,3.175E0);
#2462=CARTESIAN_POINT('',(7.0485E0,1.0795E0,-7.366E0));
#2463=LINE('',#2462,#2461);
#2464=DIRECTION('',(0.E0,-1.E0,0.E0));
#2465=VECTOR('',#2464,3.81E-1);
#2466=CARTESIAN_POINT('',(7.0485E0,1.4605E0,-4.191E0));
#2467=LINE('',#2466,#2465);
#2468=DIRECTION('',(-1.E0,0.E0,0.E0));
#2469=VECTOR('',#2468,3.81E-1);
#2470=CARTESIAN_POINT('',(7.4295E0,1.4605E0,-4.191E0));
#2471=LINE('',#2470,#2469);
#2472=DIRECTION('',(0.E0,1.E0,0.E0));
#2473=VECTOR('',#2472,3.81E-1);
#2474=CARTESIAN_POINT('',(7.4295E0,1.0795E0,-4.191E0));
#2475=LINE('',#2474,#2473);
#2476=DIRECTION('',(1.E0,0.E0,0.E0));
#2477=VECTOR('',#2476,3.81E-1);
#2478=CARTESIAN_POINT('',(7.0485E0,1.0795E0,-4.191E0));
#2479=LINE('',#2478,#2477);
#2480=DIRECTION('',(0.E0,-1.E0,0.E0));
#2481=VECTOR('',#2480,3.81E-1);
#2482=CARTESIAN_POINT('',(7.0485E0,-1.0795E0,-4.191E0));
#2483=LINE('',#2482,#2481);
#2484=DIRECTION('',(-1.E0,0.E0,0.E0));
#2485=VECTOR('',#2484,3.81E-1);
#2486=CARTESIAN_POINT('',(7.4295E0,-1.0795E0,-4.191E0));
#2487=LINE('',#2486,#2485);
#2488=DIRECTION('',(0.E0,1.E0,0.E0));
#2489=VECTOR('',#2488,3.81E-1);
#2490=CARTESIAN_POINT('',(7.4295E0,-1.4605E0,-4.191E0));
#2491=LINE('',#2490,#2489);
#2492=DIRECTION('',(1.E0,0.E0,0.E0));
#2493=VECTOR('',#2492,3.81E-1);
#2494=CARTESIAN_POINT('',(7.0485E0,-1.4605E0,-4.191E0));
#2495=LINE('',#2494,#2493);
#2496=DIRECTION('',(0.E0,0.E0,1.E0));
#2497=VECTOR('',#2496,3.175E0);
#2498=CARTESIAN_POINT('',(7.0485E0,-1.0795E0,-7.366E0));
#2499=LINE('',#2498,#2497);
#2500=DIRECTION('',(0.E0,0.E0,1.E0));
#2501=VECTOR('',#2500,3.175E0);
#2502=CARTESIAN_POINT('',(7.4295E0,-1.0795E0,-7.366E0));
#2503=LINE('',#2502,#2501);
#2504=DIRECTION('',(0.E0,0.E0,1.E0));
#2505=VECTOR('',#2504,3.175E0);
#2506=CARTESIAN_POINT('',(7.4295E0,-1.4605E0,-7.366E0));
#2507=LINE('',#2506,#2505);
#2508=DIRECTION('',(0.E0,0.E0,1.E0));
#2509=VECTOR('',#2508,3.175E0);
#2510=CARTESIAN_POINT('',(7.0485E0,-1.4605E0,-7.366E0));
#2511=LINE('',#2510,#2509);
#2512=DIRECTION('',(0.E0,0.E0,1.E0));
#2513=VECTOR('',#2512,3.175E0);
#2514=CARTESIAN_POINT('',(5.7785E0,1.4605E0,-7.366E0));
#2515=LINE('',#2514,#2513);
#2516=DIRECTION('',(0.E0,0.E0,1.E0));
#2517=VECTOR('',#2516,3.175E0);
#2518=CARTESIAN_POINT('',(6.1595E0,1.4605E0,-7.366E0));
#2519=LINE('',#2518,#2517);
#2520=DIRECTION('',(0.E0,0.E0,1.E0));
#2521=VECTOR('',#2520,3.175E0);
#2522=CARTESIAN_POINT('',(6.1595E0,1.0795E0,-7.366E0));
#2523=LINE('',#2522,#2521);
#2524=DIRECTION('',(0.E0,0.E0,1.E0));
#2525=VECTOR('',#2524,3.175E0);
#2526=CARTESIAN_POINT('',(5.7785E0,1.0795E0,-7.366E0));
#2527=LINE('',#2526,#2525);
#2528=DIRECTION('',(0.E0,-1.E0,0.E0));
#2529=VECTOR('',#2528,3.81E-1);
#2530=CARTESIAN_POINT('',(5.7785E0,1.4605E0,-4.191E0));
#2531=LINE('',#2530,#2529);
#2532=DIRECTION('',(-1.E0,0.E0,0.E0));
#2533=VECTOR('',#2532,3.81E-1);
#2534=CARTESIAN_POINT('',(6.1595E0,1.4605E0,-4.191E0));
#2535=LINE('',#2534,#2533);
#2536=DIRECTION('',(0.E0,1.E0,0.E0));
#2537=VECTOR('',#2536,3.81E-1);
#2538=CARTESIAN_POINT('',(6.1595E0,1.0795E0,-4.191E0));
#2539=LINE('',#2538,#2537);
#2540=DIRECTION('',(1.E0,0.E0,0.E0));
#2541=VECTOR('',#2540,3.81E-1);
#2542=CARTESIAN_POINT('',(5.7785E0,1.0795E0,-4.191E0));
#2543=LINE('',#2542,#2541);
#2544=DIRECTION('',(0.E0,-1.E0,0.E0));
#2545=VECTOR('',#2544,3.81E-1);
#2546=CARTESIAN_POINT('',(5.7785E0,-1.0795E0,-4.191E0));
#2547=LINE('',#2546,#2545);
#2548=DIRECTION('',(-1.E0,0.E0,0.E0));
#2549=VECTOR('',#2548,3.81E-1);
#2550=CARTESIAN_POINT('',(6.1595E0,-1.0795E0,-4.191E0));
#2551=LINE('',#2550,#2549);
#2552=DIRECTION('',(0.E0,1.E0,0.E0));
#2553=VECTOR('',#2552,3.81E-1);
#2554=CARTESIAN_POINT('',(6.1595E0,-1.4605E0,-4.191E0));
#2555=LINE('',#2554,#2553);
#2556=DIRECTION('',(1.E0,0.E0,0.E0));
#2557=VECTOR('',#2556,3.81E-1);
#2558=CARTESIAN_POINT('',(5.7785E0,-1.4605E0,-4.191E0));
#2559=LINE('',#2558,#2557);
#2560=DIRECTION('',(0.E0,0.E0,1.E0));
#2561=VECTOR('',#2560,3.175E0);
#2562=CARTESIAN_POINT('',(5.7785E0,-1.0795E0,-7.366E0));
#2563=LINE('',#2562,#2561);
#2564=DIRECTION('',(0.E0,0.E0,1.E0));
#2565=VECTOR('',#2564,3.175E0);
#2566=CARTESIAN_POINT('',(6.1595E0,-1.0795E0,-7.366E0));
#2567=LINE('',#2566,#2565);
#2568=DIRECTION('',(0.E0,0.E0,1.E0));
#2569=VECTOR('',#2568,3.175E0);
#2570=CARTESIAN_POINT('',(6.1595E0,-1.4605E0,-7.366E0));
#2571=LINE('',#2570,#2569);
#2572=DIRECTION('',(0.E0,0.E0,1.E0));
#2573=VECTOR('',#2572,3.175E0);
#2574=CARTESIAN_POINT('',(5.7785E0,-1.4605E0,-7.366E0));
#2575=LINE('',#2574,#2573);
#2576=DIRECTION('',(0.E0,0.E0,1.E0));
#2577=VECTOR('',#2576,3.175E0);
#2578=CARTESIAN_POINT('',(4.5085E0,1.4605E0,-7.366E0));
#2579=LINE('',#2578,#2577);
#2580=DIRECTION('',(0.E0,0.E0,1.E0));
#2581=VECTOR('',#2580,3.175E0);
#2582=CARTESIAN_POINT('',(4.8895E0,1.4605E0,-7.366E0));
#2583=LINE('',#2582,#2581);
#2584=DIRECTION('',(0.E0,0.E0,1.E0));
#2585=VECTOR('',#2584,3.175E0);
#2586=CARTESIAN_POINT('',(4.8895E0,1.0795E0,-7.366E0));
#2587=LINE('',#2586,#2585);
#2588=DIRECTION('',(0.E0,0.E0,1.E0));
#2589=VECTOR('',#2588,3.175E0);
#2590=CARTESIAN_POINT('',(4.5085E0,1.0795E0,-7.366E0));
#2591=LINE('',#2590,#2589);
#2592=DIRECTION('',(0.E0,-1.E0,0.E0));
#2593=VECTOR('',#2592,3.81E-1);
#2594=CARTESIAN_POINT('',(4.5085E0,1.4605E0,-4.191E0));
#2595=LINE('',#2594,#2593);
#2596=DIRECTION('',(-1.E0,0.E0,0.E0));
#2597=VECTOR('',#2596,3.81E-1);
#2598=CARTESIAN_POINT('',(4.8895E0,1.4605E0,-4.191E0));
#2599=LINE('',#2598,#2597);
#2600=DIRECTION('',(0.E0,1.E0,0.E0));
#2601=VECTOR('',#2600,3.81E-1);
#2602=CARTESIAN_POINT('',(4.8895E0,1.0795E0,-4.191E0));
#2603=LINE('',#2602,#2601);
#2604=DIRECTION('',(1.E0,0.E0,0.E0));
#2605=VECTOR('',#2604,3.81E-1);
#2606=CARTESIAN_POINT('',(4.5085E0,1.0795E0,-4.191E0));
#2607=LINE('',#2606,#2605);
#2608=DIRECTION('',(0.E0,-1.E0,0.E0));
#2609=VECTOR('',#2608,3.81E-1);
#2610=CARTESIAN_POINT('',(4.5085E0,-1.0795E0,-4.191E0));
#2611=LINE('',#2610,#2609);
#2612=DIRECTION('',(-1.E0,0.E0,0.E0));
#2613=VECTOR('',#2612,3.81E-1);
#2614=CARTESIAN_POINT('',(4.8895E0,-1.0795E0,-4.191E0));
#2615=LINE('',#2614,#2613);
#2616=DIRECTION('',(0.E0,1.E0,0.E0));
#2617=VECTOR('',#2616,3.81E-1);
#2618=CARTESIAN_POINT('',(4.8895E0,-1.4605E0,-4.191E0));
#2619=LINE('',#2618,#2617);
#2620=DIRECTION('',(1.E0,0.E0,0.E0));
#2621=VECTOR('',#2620,3.81E-1);
#2622=CARTESIAN_POINT('',(4.5085E0,-1.4605E0,-4.191E0));
#2623=LINE('',#2622,#2621);
#2624=DIRECTION('',(0.E0,0.E0,1.E0));
#2625=VECTOR('',#2624,3.175E0);
#2626=CARTESIAN_POINT('',(4.5085E0,-1.0795E0,-7.366E0));
#2627=LINE('',#2626,#2625);
#2628=DIRECTION('',(0.E0,0.E0,1.E0));
#2629=VECTOR('',#2628,3.175E0);
#2630=CARTESIAN_POINT('',(4.8895E0,-1.0795E0,-7.366E0));
#2631=LINE('',#2630,#2629);
#2632=DIRECTION('',(0.E0,0.E0,1.E0));
#2633=VECTOR('',#2632,3.175E0);
#2634=CARTESIAN_POINT('',(4.8895E0,-1.4605E0,-7.366E0));
#2635=LINE('',#2634,#2633);
#2636=DIRECTION('',(0.E0,0.E0,1.E0));
#2637=VECTOR('',#2636,3.175E0);
#2638=CARTESIAN_POINT('',(4.5085E0,-1.4605E0,-7.366E0));
#2639=LINE('',#2638,#2637);
#2640=DIRECTION('',(0.E0,0.E0,1.E0));
#2641=VECTOR('',#2640,3.175E0);
#2642=CARTESIAN_POINT('',(3.2385E0,1.4605E0,-7.366E0));
#2643=LINE('',#2642,#2641);
#2644=DIRECTION('',(0.E0,0.E0,1.E0));
#2645=VECTOR('',#2644,3.175E0);
#2646=CARTESIAN_POINT('',(3.6195E0,1.4605E0,-7.366E0));
#2647=LINE('',#2646,#2645);
#2648=DIRECTION('',(0.E0,0.E0,1.E0));
#2649=VECTOR('',#2648,3.175E0);
#2650=CARTESIAN_POINT('',(3.6195E0,1.0795E0,-7.366E0));
#2651=LINE('',#2650,#2649);
#2652=DIRECTION('',(0.E0,0.E0,1.E0));
#2653=VECTOR('',#2652,3.175E0);
#2654=CARTESIAN_POINT('',(3.2385E0,1.0795E0,-7.366E0));
#2655=LINE('',#2654,#2653);
#2656=DIRECTION('',(0.E0,-1.E0,0.E0));
#2657=VECTOR('',#2656,3.81E-1);
#2658=CARTESIAN_POINT('',(3.2385E0,1.4605E0,-4.191E0));
#2659=LINE('',#2658,#2657);
#2660=DIRECTION('',(-1.E0,0.E0,0.E0));
#2661=VECTOR('',#2660,3.81E-1);
#2662=CARTESIAN_POINT('',(3.6195E0,1.4605E0,-4.191E0));
#2663=LINE('',#2662,#2661);
#2664=DIRECTION('',(0.E0,1.E0,0.E0));
#2665=VECTOR('',#2664,3.81E-1);
#2666=CARTESIAN_POINT('',(3.6195E0,1.0795E0,-4.191E0));
#2667=LINE('',#2666,#2665);
#2668=DIRECTION('',(1.E0,0.E0,0.E0));
#2669=VECTOR('',#2668,3.81E-1);
#2670=CARTESIAN_POINT('',(3.2385E0,1.0795E0,-4.191E0));
#2671=LINE('',#2670,#2669);
#2672=DIRECTION('',(0.E0,-1.E0,0.E0));
#2673=VECTOR('',#2672,3.81E-1);
#2674=CARTESIAN_POINT('',(3.2385E0,-1.0795E0,-4.191E0));
#2675=LINE('',#2674,#2673);
#2676=DIRECTION('',(-1.E0,0.E0,0.E0));
#2677=VECTOR('',#2676,3.81E-1);
#2678=CARTESIAN_POINT('',(3.6195E0,-1.0795E0,-4.191E0));
#2679=LINE('',#2678,#2677);
#2680=DIRECTION('',(0.E0,1.E0,0.E0));
#2681=VECTOR('',#2680,3.81E-1);
#2682=CARTESIAN_POINT('',(3.6195E0,-1.4605E0,-4.191E0));
#2683=LINE('',#2682,#2681);
#2684=DIRECTION('',(1.E0,0.E0,0.E0));
#2685=VECTOR('',#2684,3.81E-1);
#2686=CARTESIAN_POINT('',(3.2385E0,-1.4605E0,-4.191E0));
#2687=LINE('',#2686,#2685);
#2688=DIRECTION('',(0.E0,0.E0,1.E0));
#2689=VECTOR('',#2688,3.175E0);
#2690=CARTESIAN_POINT('',(3.2385E0,-1.0795E0,-7.366E0));
#2691=LINE('',#2690,#2689);
#2692=DIRECTION('',(0.E0,0.E0,1.E0));
#2693=VECTOR('',#2692,3.175E0);
#2694=CARTESIAN_POINT('',(3.6195E0,-1.0795E0,-7.366E0));
#2695=LINE('',#2694,#2693);
#2696=DIRECTION('',(0.E0,0.E0,1.E0));
#2697=VECTOR('',#2696,3.175E0);
#2698=CARTESIAN_POINT('',(3.6195E0,-1.4605E0,-7.366E0));
#2699=LINE('',#2698,#2697);
#2700=DIRECTION('',(0.E0,0.E0,1.E0));
#2701=VECTOR('',#2700,3.175E0);
#2702=CARTESIAN_POINT('',(3.2385E0,-1.4605E0,-7.366E0));
#2703=LINE('',#2702,#2701);
#2704=DIRECTION('',(0.E0,0.E0,1.E0));
#2705=VECTOR('',#2704,3.175E0);
#2706=CARTESIAN_POINT('',(1.9685E0,1.4605E0,-7.366E0));
#2707=LINE('',#2706,#2705);
#2708=DIRECTION('',(0.E0,0.E0,1.E0));
#2709=VECTOR('',#2708,3.175E0);
#2710=CARTESIAN_POINT('',(2.3495E0,1.4605E0,-7.366E0));
#2711=LINE('',#2710,#2709);
#2712=DIRECTION('',(0.E0,0.E0,1.E0));
#2713=VECTOR('',#2712,3.175E0);
#2714=CARTESIAN_POINT('',(2.3495E0,1.0795E0,-7.366E0));
#2715=LINE('',#2714,#2713);
#2716=DIRECTION('',(0.E0,0.E0,1.E0));
#2717=VECTOR('',#2716,3.175E0);
#2718=CARTESIAN_POINT('',(1.9685E0,1.0795E0,-7.366E0));
#2719=LINE('',#2718,#2717);
#2720=DIRECTION('',(0.E0,-1.E0,0.E0));
#2721=VECTOR('',#2720,3.81E-1);
#2722=CARTESIAN_POINT('',(1.9685E0,1.4605E0,-4.191E0));
#2723=LINE('',#2722,#2721);
#2724=DIRECTION('',(-1.E0,0.E0,0.E0));
#2725=VECTOR('',#2724,3.81E-1);
#2726=CARTESIAN_POINT('',(2.3495E0,1.4605E0,-4.191E0));
#2727=LINE('',#2726,#2725);
#2728=DIRECTION('',(0.E0,1.E0,0.E0));
#2729=VECTOR('',#2728,3.81E-1);
#2730=CARTESIAN_POINT('',(2.3495E0,1.0795E0,-4.191E0));
#2731=LINE('',#2730,#2729);
#2732=DIRECTION('',(1.E0,0.E0,0.E0));
#2733=VECTOR('',#2732,3.81E-1);
#2734=CARTESIAN_POINT('',(1.9685E0,1.0795E0,-4.191E0));
#2735=LINE('',#2734,#2733);
#2736=DIRECTION('',(0.E0,-1.E0,0.E0));
#2737=VECTOR('',#2736,3.81E-1);
#2738=CARTESIAN_POINT('',(1.9685E0,-1.0795E0,-4.191E0));
#2739=LINE('',#2738,#2737);
#2740=DIRECTION('',(-1.E0,0.E0,0.E0));
#2741=VECTOR('',#2740,3.81E-1);
#2742=CARTESIAN_POINT('',(2.3495E0,-1.0795E0,-4.191E0));
#2743=LINE('',#2742,#2741);
#2744=DIRECTION('',(0.E0,1.E0,0.E0));
#2745=VECTOR('',#2744,3.81E-1);
#2746=CARTESIAN_POINT('',(2.3495E0,-1.4605E0,-4.191E0));
#2747=LINE('',#2746,#2745);
#2748=DIRECTION('',(1.E0,0.E0,0.E0));
#2749=VECTOR('',#2748,3.81E-1);
#2750=CARTESIAN_POINT('',(1.9685E0,-1.4605E0,-4.191E0));
#2751=LINE('',#2750,#2749);
#2752=DIRECTION('',(0.E0,0.E0,1.E0));
#2753=VECTOR('',#2752,3.175E0);
#2754=CARTESIAN_POINT('',(1.9685E0,-1.0795E0,-7.366E0));
#2755=LINE('',#2754,#2753);
#2756=DIRECTION('',(0.E0,0.E0,1.E0));
#2757=VECTOR('',#2756,3.175E0);
#2758=CARTESIAN_POINT('',(2.3495E0,-1.0795E0,-7.366E0));
#2759=LINE('',#2758,#2757);
#2760=DIRECTION('',(0.E0,0.E0,1.E0));
#2761=VECTOR('',#2760,3.175E0);
#2762=CARTESIAN_POINT('',(2.3495E0,-1.4605E0,-7.366E0));
#2763=LINE('',#2762,#2761);
#2764=DIRECTION('',(0.E0,0.E0,1.E0));
#2765=VECTOR('',#2764,3.175E0);
#2766=CARTESIAN_POINT('',(1.9685E0,-1.4605E0,-7.366E0));
#2767=LINE('',#2766,#2765);
#2768=DIRECTION('',(0.E0,0.E0,1.E0));
#2769=VECTOR('',#2768,3.175E0);
#2770=CARTESIAN_POINT('',(6.985E-1,1.4605E0,-7.366E0));
#2771=LINE('',#2770,#2769);
#2772=DIRECTION('',(0.E0,0.E0,1.E0));
#2773=VECTOR('',#2772,3.175E0);
#2774=CARTESIAN_POINT('',(1.0795E0,1.4605E0,-7.366E0));
#2775=LINE('',#2774,#2773);
#2776=DIRECTION('',(0.E0,0.E0,1.E0));
#2777=VECTOR('',#2776,3.175E0);
#2778=CARTESIAN_POINT('',(1.0795E0,1.0795E0,-7.366E0));
#2779=LINE('',#2778,#2777);
#2780=DIRECTION('',(0.E0,0.E0,1.E0));
#2781=VECTOR('',#2780,3.175E0);
#2782=CARTESIAN_POINT('',(6.985E-1,1.0795E0,-7.366E0));
#2783=LINE('',#2782,#2781);
#2784=DIRECTION('',(0.E0,-1.E0,0.E0));
#2785=VECTOR('',#2784,3.81E-1);
#2786=CARTESIAN_POINT('',(6.985E-1,1.4605E0,-4.191E0));
#2787=LINE('',#2786,#2785);
#2788=DIRECTION('',(-1.E0,0.E0,0.E0));
#2789=VECTOR('',#2788,3.81E-1);
#2790=CARTESIAN_POINT('',(1.0795E0,1.4605E0,-4.191E0));
#2791=LINE('',#2790,#2789);
#2792=DIRECTION('',(0.E0,1.E0,0.E0));
#2793=VECTOR('',#2792,3.81E-1);
#2794=CARTESIAN_POINT('',(1.0795E0,1.0795E0,-4.191E0));
#2795=LINE('',#2794,#2793);
#2796=DIRECTION('',(1.E0,0.E0,0.E0));
#2797=VECTOR('',#2796,3.81E-1);
#2798=CARTESIAN_POINT('',(6.985E-1,1.0795E0,-4.191E0));
#2799=LINE('',#2798,#2797);
#2800=DIRECTION('',(0.E0,-1.E0,0.E0));
#2801=VECTOR('',#2800,3.81E-1);
#2802=CARTESIAN_POINT('',(6.985E-1,-1.0795E0,-4.191E0));
#2803=LINE('',#2802,#2801);
#2804=DIRECTION('',(-1.E0,0.E0,0.E0));
#2805=VECTOR('',#2804,3.81E-1);
#2806=CARTESIAN_POINT('',(1.0795E0,-1.0795E0,-4.191E0));
#2807=LINE('',#2806,#2805);
#2808=DIRECTION('',(0.E0,1.E0,0.E0));
#2809=VECTOR('',#2808,3.81E-1);
#2810=CARTESIAN_POINT('',(1.0795E0,-1.4605E0,-4.191E0));
#2811=LINE('',#2810,#2809);
#2812=DIRECTION('',(1.E0,0.E0,0.E0));
#2813=VECTOR('',#2812,3.81E-1);
#2814=CARTESIAN_POINT('',(6.985E-1,-1.4605E0,-4.191E0));
#2815=LINE('',#2814,#2813);
#2816=DIRECTION('',(0.E0,0.E0,1.E0));
#2817=VECTOR('',#2816,3.175E0);
#2818=CARTESIAN_POINT('',(6.985E-1,-1.0795E0,-7.366E0));
#2819=LINE('',#2818,#2817);
#2820=DIRECTION('',(0.E0,0.E0,1.E0));
#2821=VECTOR('',#2820,3.175E0);
#2822=CARTESIAN_POINT('',(1.0795E0,-1.0795E0,-7.366E0));
#2823=LINE('',#2822,#2821);
#2824=DIRECTION('',(0.E0,0.E0,1.E0));
#2825=VECTOR('',#2824,3.175E0);
#2826=CARTESIAN_POINT('',(1.0795E0,-1.4605E0,-7.366E0));
#2827=LINE('',#2826,#2825);
#2828=DIRECTION('',(0.E0,0.E0,1.E0));
#2829=VECTOR('',#2828,3.175E0);
#2830=CARTESIAN_POINT('',(6.985E-1,-1.4605E0,-7.366E0));
#2831=LINE('',#2830,#2829);
#2832=DIRECTION('',(0.E0,0.E0,1.E0));
#2833=VECTOR('',#2832,3.175E0);
#2834=CARTESIAN_POINT('',(-5.715E-1,1.4605E0,-7.366E0));
#2835=LINE('',#2834,#2833);
#2836=DIRECTION('',(0.E0,0.E0,1.E0));
#2837=VECTOR('',#2836,3.175E0);
#2838=CARTESIAN_POINT('',(-1.905E-1,1.4605E0,-7.366E0));
#2839=LINE('',#2838,#2837);
#2840=DIRECTION('',(0.E0,0.E0,1.E0));
#2841=VECTOR('',#2840,3.175E0);
#2842=CARTESIAN_POINT('',(-1.905E-1,1.0795E0,-7.366E0));
#2843=LINE('',#2842,#2841);
#2844=DIRECTION('',(0.E0,0.E0,1.E0));
#2845=VECTOR('',#2844,3.175E0);
#2846=CARTESIAN_POINT('',(-5.715E-1,1.0795E0,-7.366E0));
#2847=LINE('',#2846,#2845);
#2848=DIRECTION('',(0.E0,-1.E0,0.E0));
#2849=VECTOR('',#2848,3.81E-1);
#2850=CARTESIAN_POINT('',(-5.715E-1,1.4605E0,-4.191E0));
#2851=LINE('',#2850,#2849);
#2852=DIRECTION('',(-1.E0,0.E0,0.E0));
#2853=VECTOR('',#2852,3.81E-1);
#2854=CARTESIAN_POINT('',(-1.905E-1,1.4605E0,-4.191E0));
#2855=LINE('',#2854,#2853);
#2856=DIRECTION('',(0.E0,1.E0,0.E0));
#2857=VECTOR('',#2856,3.81E-1);
#2858=CARTESIAN_POINT('',(-1.905E-1,1.0795E0,-4.191E0));
#2859=LINE('',#2858,#2857);
#2860=DIRECTION('',(1.E0,0.E0,0.E0));
#2861=VECTOR('',#2860,3.81E-1);
#2862=CARTESIAN_POINT('',(-5.715E-1,1.0795E0,-4.191E0));
#2863=LINE('',#2862,#2861);
#2864=DIRECTION('',(0.E0,-1.E0,0.E0));
#2865=VECTOR('',#2864,3.81E-1);
#2866=CARTESIAN_POINT('',(-5.715E-1,-1.0795E0,-4.191E0));
#2867=LINE('',#2866,#2865);
#2868=DIRECTION('',(-1.E0,0.E0,0.E0));
#2869=VECTOR('',#2868,3.81E-1);
#2870=CARTESIAN_POINT('',(-1.905E-1,-1.0795E0,-4.191E0));
#2871=LINE('',#2870,#2869);
#2872=DIRECTION('',(0.E0,1.E0,0.E0));
#2873=VECTOR('',#2872,3.81E-1);
#2874=CARTESIAN_POINT('',(-1.905E-1,-1.4605E0,-4.191E0));
#2875=LINE('',#2874,#2873);
#2876=DIRECTION('',(1.E0,0.E0,0.E0));
#2877=VECTOR('',#2876,3.81E-1);
#2878=CARTESIAN_POINT('',(-5.715E-1,-1.4605E0,-4.191E0));
#2879=LINE('',#2878,#2877);
#2880=DIRECTION('',(0.E0,0.E0,1.E0));
#2881=VECTOR('',#2880,3.175E0);
#2882=CARTESIAN_POINT('',(-5.715E-1,-1.0795E0,-7.366E0));
#2883=LINE('',#2882,#2881);
#2884=DIRECTION('',(0.E0,0.E0,1.E0));
#2885=VECTOR('',#2884,3.175E0);
#2886=CARTESIAN_POINT('',(-1.905E-1,-1.0795E0,-7.366E0));
#2887=LINE('',#2886,#2885);
#2888=DIRECTION('',(0.E0,0.E0,1.E0));
#2889=VECTOR('',#2888,3.175E0);
#2890=CARTESIAN_POINT('',(-1.905E-1,-1.4605E0,-7.366E0));
#2891=LINE('',#2890,#2889);
#2892=DIRECTION('',(0.E0,0.E0,1.E0));
#2893=VECTOR('',#2892,3.175E0);
#2894=CARTESIAN_POINT('',(-5.715E-1,-1.4605E0,-7.366E0));
#2895=LINE('',#2894,#2893);
#2896=DIRECTION('',(0.E0,0.E0,1.E0));
#2897=VECTOR('',#2896,3.175E0);
#2898=CARTESIAN_POINT('',(-1.8415E0,1.4605E0,-7.366E0));
#2899=LINE('',#2898,#2897);
#2900=DIRECTION('',(0.E0,0.E0,1.E0));
#2901=VECTOR('',#2900,3.175E0);
#2902=CARTESIAN_POINT('',(-1.4605E0,1.4605E0,-7.366E0));
#2903=LINE('',#2902,#2901);
#2904=DIRECTION('',(0.E0,0.E0,1.E0));
#2905=VECTOR('',#2904,3.175E0);
#2906=CARTESIAN_POINT('',(-1.4605E0,1.0795E0,-7.366E0));
#2907=LINE('',#2906,#2905);
#2908=DIRECTION('',(0.E0,0.E0,1.E0));
#2909=VECTOR('',#2908,3.175E0);
#2910=CARTESIAN_POINT('',(-1.8415E0,1.0795E0,-7.366E0));
#2911=LINE('',#2910,#2909);
#2912=DIRECTION('',(0.E0,-1.E0,0.E0));
#2913=VECTOR('',#2912,3.81E-1);
#2914=CARTESIAN_POINT('',(-1.8415E0,1.4605E0,-4.191E0));
#2915=LINE('',#2914,#2913);
#2916=DIRECTION('',(-1.E0,0.E0,0.E0));
#2917=VECTOR('',#2916,3.81E-1);
#2918=CARTESIAN_POINT('',(-1.4605E0,1.4605E0,-4.191E0));
#2919=LINE('',#2918,#2917);
#2920=DIRECTION('',(0.E0,1.E0,0.E0));
#2921=VECTOR('',#2920,3.81E-1);
#2922=CARTESIAN_POINT('',(-1.4605E0,1.0795E0,-4.191E0));
#2923=LINE('',#2922,#2921);
#2924=DIRECTION('',(1.E0,0.E0,0.E0));
#2925=VECTOR('',#2924,3.81E-1);
#2926=CARTESIAN_POINT('',(-1.8415E0,1.0795E0,-4.191E0));
#2927=LINE('',#2926,#2925);
#2928=DIRECTION('',(0.E0,-1.E0,0.E0));
#2929=VECTOR('',#2928,3.81E-1);
#2930=CARTESIAN_POINT('',(-1.8415E0,-1.0795E0,-4.191E0));
#2931=LINE('',#2930,#2929);
#2932=DIRECTION('',(-1.E0,0.E0,0.E0));
#2933=VECTOR('',#2932,3.81E-1);
#2934=CARTESIAN_POINT('',(-1.4605E0,-1.0795E0,-4.191E0));
#2935=LINE('',#2934,#2933);
#2936=DIRECTION('',(0.E0,1.E0,0.E0));
#2937=VECTOR('',#2936,3.81E-1);
#2938=CARTESIAN_POINT('',(-1.4605E0,-1.4605E0,-4.191E0));
#2939=LINE('',#2938,#2937);
#2940=DIRECTION('',(1.E0,0.E0,0.E0));
#2941=VECTOR('',#2940,3.81E-1);
#2942=CARTESIAN_POINT('',(-1.8415E0,-1.4605E0,-4.191E0));
#2943=LINE('',#2942,#2941);
#2944=DIRECTION('',(0.E0,0.E0,1.E0));
#2945=VECTOR('',#2944,3.175E0);
#2946=CARTESIAN_POINT('',(-1.8415E0,-1.0795E0,-7.366E0));
#2947=LINE('',#2946,#2945);
#2948=DIRECTION('',(0.E0,0.E0,1.E0));
#2949=VECTOR('',#2948,3.175E0);
#2950=CARTESIAN_POINT('',(-1.4605E0,-1.0795E0,-7.366E0));
#2951=LINE('',#2950,#2949);
#2952=DIRECTION('',(0.E0,0.E0,1.E0));
#2953=VECTOR('',#2952,3.175E0);
#2954=CARTESIAN_POINT('',(-1.4605E0,-1.4605E0,-7.366E0));
#2955=LINE('',#2954,#2953);
#2956=DIRECTION('',(0.E0,0.E0,1.E0));
#2957=VECTOR('',#2956,3.175E0);
#2958=CARTESIAN_POINT('',(-1.8415E0,-1.4605E0,-7.366E0));
#2959=LINE('',#2958,#2957);
#2960=DIRECTION('',(0.E0,0.E0,1.E0));
#2961=VECTOR('',#2960,3.175E0);
#2962=CARTESIAN_POINT('',(-3.1115E0,1.4605E0,-7.366E0));
#2963=LINE('',#2962,#2961);
#2964=DIRECTION('',(0.E0,0.E0,1.E0));
#2965=VECTOR('',#2964,3.175E0);
#2966=CARTESIAN_POINT('',(-2.7305E0,1.4605E0,-7.366E0));
#2967=LINE('',#2966,#2965);
#2968=DIRECTION('',(0.E0,0.E0,1.E0));
#2969=VECTOR('',#2968,3.175E0);
#2970=CARTESIAN_POINT('',(-2.7305E0,1.0795E0,-7.366E0));
#2971=LINE('',#2970,#2969);
#2972=DIRECTION('',(0.E0,0.E0,1.E0));
#2973=VECTOR('',#2972,3.175E0);
#2974=CARTESIAN_POINT('',(-3.1115E0,1.0795E0,-7.366E0));
#2975=LINE('',#2974,#2973);
#2976=DIRECTION('',(0.E0,-1.E0,0.E0));
#2977=VECTOR('',#2976,3.81E-1);
#2978=CARTESIAN_POINT('',(-3.1115E0,1.4605E0,-4.191E0));
#2979=LINE('',#2978,#2977);
#2980=DIRECTION('',(-1.E0,0.E0,0.E0));
#2981=VECTOR('',#2980,3.81E-1);
#2982=CARTESIAN_POINT('',(-2.7305E0,1.4605E0,-4.191E0));
#2983=LINE('',#2982,#2981);
#2984=DIRECTION('',(0.E0,1.E0,0.E0));
#2985=VECTOR('',#2984,3.81E-1);
#2986=CARTESIAN_POINT('',(-2.7305E0,1.0795E0,-4.191E0));
#2987=LINE('',#2986,#2985);
#2988=DIRECTION('',(1.E0,0.E0,0.E0));
#2989=VECTOR('',#2988,3.81E-1);
#2990=CARTESIAN_POINT('',(-3.1115E0,1.0795E0,-4.191E0));
#2991=LINE('',#2990,#2989);
#2992=DIRECTION('',(0.E0,-1.E0,0.E0));
#2993=VECTOR('',#2992,3.81E-1);
#2994=CARTESIAN_POINT('',(-3.1115E0,-1.0795E0,-4.191E0));
#2995=LINE('',#2994,#2993);
#2996=DIRECTION('',(-1.E0,0.E0,0.E0));
#2997=VECTOR('',#2996,3.81E-1);
#2998=CARTESIAN_POINT('',(-2.7305E0,-1.0795E0,-4.191E0));
#2999=LINE('',#2998,#2997);
#3000=DIRECTION('',(0.E0,1.E0,0.E0));
#3001=VECTOR('',#3000,3.81E-1);
#3002=CARTESIAN_POINT('',(-2.7305E0,-1.4605E0,-4.191E0));
#3003=LINE('',#3002,#3001);
#3004=DIRECTION('',(1.E0,0.E0,0.E0));
#3005=VECTOR('',#3004,3.81E-1);
#3006=CARTESIAN_POINT('',(-3.1115E0,-1.4605E0,-4.191E0));
#3007=LINE('',#3006,#3005);
#3008=DIRECTION('',(0.E0,0.E0,1.E0));
#3009=VECTOR('',#3008,3.175E0);
#3010=CARTESIAN_POINT('',(-3.1115E0,-1.0795E0,-7.366E0));
#3011=LINE('',#3010,#3009);
#3012=DIRECTION('',(0.E0,0.E0,1.E0));
#3013=VECTOR('',#3012,3.175E0);
#3014=CARTESIAN_POINT('',(-2.7305E0,-1.0795E0,-7.366E0));
#3015=LINE('',#3014,#3013);
#3016=DIRECTION('',(0.E0,0.E0,1.E0));
#3017=VECTOR('',#3016,3.175E0);
#3018=CARTESIAN_POINT('',(-2.7305E0,-1.4605E0,-7.366E0));
#3019=LINE('',#3018,#3017);
#3020=DIRECTION('',(0.E0,0.E0,1.E0));
#3021=VECTOR('',#3020,3.175E0);
#3022=CARTESIAN_POINT('',(-3.1115E0,-1.4605E0,-7.366E0));
#3023=LINE('',#3022,#3021);
#3024=DIRECTION('',(0.E0,0.E0,1.E0));
#3025=VECTOR('',#3024,3.175E0);
#3026=CARTESIAN_POINT('',(-4.3815E0,1.4605E0,-7.366E0));
#3027=LINE('',#3026,#3025);
#3028=DIRECTION('',(0.E0,0.E0,1.E0));
#3029=VECTOR('',#3028,3.175E0);
#3030=CARTESIAN_POINT('',(-4.0005E0,1.4605E0,-7.366E0));
#3031=LINE('',#3030,#3029);
#3032=DIRECTION('',(0.E0,0.E0,1.E0));
#3033=VECTOR('',#3032,3.175E0);
#3034=CARTESIAN_POINT('',(-4.0005E0,1.0795E0,-7.366E0));
#3035=LINE('',#3034,#3033);
#3036=DIRECTION('',(0.E0,0.E0,1.E0));
#3037=VECTOR('',#3036,3.175E0);
#3038=CARTESIAN_POINT('',(-4.3815E0,1.0795E0,-7.366E0));
#3039=LINE('',#3038,#3037);
#3040=DIRECTION('',(0.E0,-1.E0,0.E0));
#3041=VECTOR('',#3040,3.81E-1);
#3042=CARTESIAN_POINT('',(-4.3815E0,1.4605E0,-4.191E0));
#3043=LINE('',#3042,#3041);
#3044=DIRECTION('',(-1.E0,0.E0,0.E0));
#3045=VECTOR('',#3044,3.81E-1);
#3046=CARTESIAN_POINT('',(-4.0005E0,1.4605E0,-4.191E0));
#3047=LINE('',#3046,#3045);
#3048=DIRECTION('',(0.E0,1.E0,0.E0));
#3049=VECTOR('',#3048,3.81E-1);
#3050=CARTESIAN_POINT('',(-4.0005E0,1.0795E0,-4.191E0));
#3051=LINE('',#3050,#3049);
#3052=DIRECTION('',(1.E0,0.E0,0.E0));
#3053=VECTOR('',#3052,3.81E-1);
#3054=CARTESIAN_POINT('',(-4.3815E0,1.0795E0,-4.191E0));
#3055=LINE('',#3054,#3053);
#3056=DIRECTION('',(0.E0,-1.E0,0.E0));
#3057=VECTOR('',#3056,3.81E-1);
#3058=CARTESIAN_POINT('',(-4.3815E0,-1.0795E0,-4.191E0));
#3059=LINE('',#3058,#3057);
#3060=DIRECTION('',(-1.E0,0.E0,0.E0));
#3061=VECTOR('',#3060,3.81E-1);
#3062=CARTESIAN_POINT('',(-4.0005E0,-1.0795E0,-4.191E0));
#3063=LINE('',#3062,#3061);
#3064=DIRECTION('',(0.E0,1.E0,0.E0));
#3065=VECTOR('',#3064,3.81E-1);
#3066=CARTESIAN_POINT('',(-4.0005E0,-1.4605E0,-4.191E0));
#3067=LINE('',#3066,#3065);
#3068=DIRECTION('',(1.E0,0.E0,0.E0));
#3069=VECTOR('',#3068,3.81E-1);
#3070=CARTESIAN_POINT('',(-4.3815E0,-1.4605E0,-4.191E0));
#3071=LINE('',#3070,#3069);
#3072=DIRECTION('',(0.E0,0.E0,1.E0));
#3073=VECTOR('',#3072,3.175E0);
#3074=CARTESIAN_POINT('',(-4.3815E0,-1.0795E0,-7.366E0));
#3075=LINE('',#3074,#3073);
#3076=DIRECTION('',(0.E0,0.E0,1.E0));
#3077=VECTOR('',#3076,3.175E0);
#3078=CARTESIAN_POINT('',(-4.0005E0,-1.0795E0,-7.366E0));
#3079=LINE('',#3078,#3077);
#3080=DIRECTION('',(0.E0,0.E0,1.E0));
#3081=VECTOR('',#3080,3.175E0);
#3082=CARTESIAN_POINT('',(-4.0005E0,-1.4605E0,-7.366E0));
#3083=LINE('',#3082,#3081);
#3084=DIRECTION('',(0.E0,0.E0,1.E0));
#3085=VECTOR('',#3084,3.175E0);
#3086=CARTESIAN_POINT('',(-4.3815E0,-1.4605E0,-7.366E0));
#3087=LINE('',#3086,#3085);
#3088=DIRECTION('',(0.E0,0.E0,1.E0));
#3089=VECTOR('',#3088,3.175E0);
#3090=CARTESIAN_POINT('',(-5.6515E0,1.4605E0,-7.366E0));
#3091=LINE('',#3090,#3089);
#3092=DIRECTION('',(0.E0,0.E0,1.E0));
#3093=VECTOR('',#3092,3.175E0);
#3094=CARTESIAN_POINT('',(-5.2705E0,1.4605E0,-7.366E0));
#3095=LINE('',#3094,#3093);
#3096=DIRECTION('',(0.E0,0.E0,1.E0));
#3097=VECTOR('',#3096,3.175E0);
#3098=CARTESIAN_POINT('',(-5.2705E0,1.0795E0,-7.366E0));
#3099=LINE('',#3098,#3097);
#3100=DIRECTION('',(0.E0,0.E0,1.E0));
#3101=VECTOR('',#3100,3.175E0);
#3102=CARTESIAN_POINT('',(-5.6515E0,1.0795E0,-7.366E0));
#3103=LINE('',#3102,#3101);
#3104=DIRECTION('',(-1.165588477297E-14,-1.E0,0.E0));
#3105=VECTOR('',#3104,3.81E-1);
#3106=CARTESIAN_POINT('',(-5.6515E0,1.4605E0,-4.191E0));
#3107=LINE('',#3106,#3105);
#3108=DIRECTION('',(-1.E0,0.E0,0.E0));
#3109=VECTOR('',#3108,3.81E-1);
#3110=CARTESIAN_POINT('',(-5.2705E0,1.4605E0,-4.191E0));
#3111=LINE('',#3110,#3109);
#3112=DIRECTION('',(0.E0,1.E0,0.E0));
#3113=VECTOR('',#3112,3.81E-1);
#3114=CARTESIAN_POINT('',(-5.2705E0,1.0795E0,-4.191E0));
#3115=LINE('',#3114,#3113);
#3116=DIRECTION('',(1.E0,0.E0,0.E0));
#3117=VECTOR('',#3116,3.81E-1);
#3118=CARTESIAN_POINT('',(-5.6515E0,1.0795E0,-4.191E0));
#3119=LINE('',#3118,#3117);
#3120=DIRECTION('',(0.E0,-1.E0,0.E0));
#3121=VECTOR('',#3120,3.81E-1);
#3122=CARTESIAN_POINT('',(-5.6515E0,-1.0795E0,-4.191E0));
#3123=LINE('',#3122,#3121);
#3124=DIRECTION('',(-1.E0,0.E0,0.E0));
#3125=VECTOR('',#3124,3.81E-1);
#3126=CARTESIAN_POINT('',(-5.2705E0,-1.0795E0,-4.191E0));
#3127=LINE('',#3126,#3125);
#3128=DIRECTION('',(0.E0,1.E0,0.E0));
#3129=VECTOR('',#3128,3.81E-1);
#3130=CARTESIAN_POINT('',(-5.2705E0,-1.4605E0,-4.191E0));
#3131=LINE('',#3130,#3129);
#3132=DIRECTION('',(1.E0,0.E0,0.E0));
#3133=VECTOR('',#3132,3.81E-1);
#3134=CARTESIAN_POINT('',(-5.6515E0,-1.4605E0,-4.191E0));
#3135=LINE('',#3134,#3133);
#3136=DIRECTION('',(0.E0,0.E0,1.E0));
#3137=VECTOR('',#3136,3.175E0);
#3138=CARTESIAN_POINT('',(-5.6515E0,-1.0795E0,-7.366E0));
#3139=LINE('',#3138,#3137);
#3140=DIRECTION('',(0.E0,0.E0,1.E0));
#3141=VECTOR('',#3140,3.175E0);
#3142=CARTESIAN_POINT('',(-5.2705E0,-1.0795E0,-7.366E0));
#3143=LINE('',#3142,#3141);
#3144=DIRECTION('',(0.E0,0.E0,1.E0));
#3145=VECTOR('',#3144,3.175E0);
#3146=CARTESIAN_POINT('',(-5.2705E0,-1.4605E0,-7.366E0));
#3147=LINE('',#3146,#3145);
#3148=DIRECTION('',(0.E0,0.E0,1.E0));
#3149=VECTOR('',#3148,3.175E0);
#3150=CARTESIAN_POINT('',(-5.6515E0,-1.4605E0,-7.366E0));
#3151=LINE('',#3150,#3149);
#3152=DIRECTION('',(0.E0,0.E0,1.E0));
#3153=VECTOR('',#3152,3.175E0);
#3154=CARTESIAN_POINT('',(-6.9215E0,1.4605E0,-7.366E0));
#3155=LINE('',#3154,#3153);
#3156=DIRECTION('',(0.E0,0.E0,1.E0));
#3157=VECTOR('',#3156,3.175E0);
#3158=CARTESIAN_POINT('',(-6.5405E0,1.4605E0,-7.366E0));
#3159=LINE('',#3158,#3157);
#3160=DIRECTION('',(0.E0,0.E0,1.E0));
#3161=VECTOR('',#3160,3.175E0);
#3162=CARTESIAN_POINT('',(-6.5405E0,1.0795E0,-7.366E0));
#3163=LINE('',#3162,#3161);
#3164=DIRECTION('',(0.E0,0.E0,1.E0));
#3165=VECTOR('',#3164,3.175E0);
#3166=CARTESIAN_POINT('',(-6.9215E0,1.0795E0,-7.366E0));
#3167=LINE('',#3166,#3165);
#3168=DIRECTION('',(0.E0,-1.E0,0.E0));
#3169=VECTOR('',#3168,3.81E-1);
#3170=CARTESIAN_POINT('',(-6.9215E0,1.4605E0,-4.191E0));
#3171=LINE('',#3170,#3169);
#3172=DIRECTION('',(-1.E0,0.E0,0.E0));
#3173=VECTOR('',#3172,3.81E-1);
#3174=CARTESIAN_POINT('',(-6.5405E0,1.4605E0,-4.191E0));
#3175=LINE('',#3174,#3173);
#3176=DIRECTION('',(0.E0,1.E0,0.E0));
#3177=VECTOR('',#3176,3.81E-1);
#3178=CARTESIAN_POINT('',(-6.5405E0,1.0795E0,-4.191E0));
#3179=LINE('',#3178,#3177);
#3180=DIRECTION('',(1.E0,0.E0,0.E0));
#3181=VECTOR('',#3180,3.81E-1);
#3182=CARTESIAN_POINT('',(-6.9215E0,1.0795E0,-4.191E0));
#3183=LINE('',#3182,#3181);
#3184=DIRECTION('',(0.E0,-1.E0,0.E0));
#3185=VECTOR('',#3184,3.81E-1);
#3186=CARTESIAN_POINT('',(-6.9215E0,-1.0795E0,-4.191E0));
#3187=LINE('',#3186,#3185);
#3188=DIRECTION('',(-1.E0,0.E0,0.E0));
#3189=VECTOR('',#3188,3.81E-1);
#3190=CARTESIAN_POINT('',(-6.5405E0,-1.0795E0,-4.191E0));
#3191=LINE('',#3190,#3189);
#3192=DIRECTION('',(0.E0,1.E0,0.E0));
#3193=VECTOR('',#3192,3.81E-1);
#3194=CARTESIAN_POINT('',(-6.5405E0,-1.4605E0,-4.191E0));
#3195=LINE('',#3194,#3193);
#3196=DIRECTION('',(1.E0,0.E0,0.E0));
#3197=VECTOR('',#3196,3.81E-1);
#3198=CARTESIAN_POINT('',(-6.9215E0,-1.4605E0,-4.191E0));
#3199=LINE('',#3198,#3197);
#3200=DIRECTION('',(0.E0,0.E0,1.E0));
#3201=VECTOR('',#3200,3.175E0);
#3202=CARTESIAN_POINT('',(-6.9215E0,-1.0795E0,-7.366E0));
#3203=LINE('',#3202,#3201);
#3204=DIRECTION('',(0.E0,0.E0,1.E0));
#3205=VECTOR('',#3204,3.175E0);
#3206=CARTESIAN_POINT('',(-6.5405E0,-1.0795E0,-7.366E0));
#3207=LINE('',#3206,#3205);
#3208=DIRECTION('',(0.E0,0.E0,1.E0));
#3209=VECTOR('',#3208,3.175E0);
#3210=CARTESIAN_POINT('',(-6.5405E0,-1.4605E0,-7.366E0));
#3211=LINE('',#3210,#3209);
#3212=DIRECTION('',(0.E0,0.E0,1.E0));
#3213=VECTOR('',#3212,3.175E0);
#3214=CARTESIAN_POINT('',(-6.9215E0,-1.4605E0,-7.366E0));
#3215=LINE('',#3214,#3213);
#3216=DIRECTION('',(0.E0,0.E0,1.E0));
#3217=VECTOR('',#3216,3.175E0);
#3218=CARTESIAN_POINT('',(-8.1915E0,1.4605E0,-7.366E0));
#3219=LINE('',#3218,#3217);
#3220=DIRECTION('',(0.E0,0.E0,1.E0));
#3221=VECTOR('',#3220,3.175E0);
#3222=CARTESIAN_POINT('',(-7.8105E0,1.4605E0,-7.366E0));
#3223=LINE('',#3222,#3221);
#3224=DIRECTION('',(0.E0,0.E0,1.E0));
#3225=VECTOR('',#3224,3.175E0);
#3226=CARTESIAN_POINT('',(-7.8105E0,1.0795E0,-7.366E0));
#3227=LINE('',#3226,#3225);
#3228=DIRECTION('',(0.E0,0.E0,1.E0));
#3229=VECTOR('',#3228,3.175E0);
#3230=CARTESIAN_POINT('',(-8.1915E0,1.0795E0,-7.366E0));
#3231=LINE('',#3230,#3229);
#3232=DIRECTION('',(-1.398706172756E-14,-1.E0,0.E0));
#3233=VECTOR('',#3232,3.81E-1);
#3234=CARTESIAN_POINT('',(-8.1915E0,1.4605E0,-4.191E0));
#3235=LINE('',#3234,#3233);
#3236=DIRECTION('',(-1.E0,0.E0,0.E0));
#3237=VECTOR('',#3236,3.81E-1);
#3238=CARTESIAN_POINT('',(-7.8105E0,1.4605E0,-4.191E0));
#3239=LINE('',#3238,#3237);
#3240=DIRECTION('',(0.E0,1.E0,0.E0));
#3241=VECTOR('',#3240,3.81E-1);
#3242=CARTESIAN_POINT('',(-7.8105E0,1.0795E0,-4.191E0));
#3243=LINE('',#3242,#3241);
#3244=DIRECTION('',(1.E0,0.E0,0.E0));
#3245=VECTOR('',#3244,3.81E-1);
#3246=CARTESIAN_POINT('',(-8.1915E0,1.0795E0,-4.191E0));
#3247=LINE('',#3246,#3245);
#3248=DIRECTION('',(0.E0,-1.E0,0.E0));
#3249=VECTOR('',#3248,3.81E-1);
#3250=CARTESIAN_POINT('',(-8.1915E0,-1.0795E0,-4.191E0));
#3251=LINE('',#3250,#3249);
#3252=DIRECTION('',(-1.E0,0.E0,0.E0));
#3253=VECTOR('',#3252,3.81E-1);
#3254=CARTESIAN_POINT('',(-7.8105E0,-1.0795E0,-4.191E0));
#3255=LINE('',#3254,#3253);
#3256=DIRECTION('',(0.E0,1.E0,0.E0));
#3257=VECTOR('',#3256,3.81E-1);
#3258=CARTESIAN_POINT('',(-7.8105E0,-1.4605E0,-4.191E0));
#3259=LINE('',#3258,#3257);
#3260=DIRECTION('',(1.E0,0.E0,0.E0));
#3261=VECTOR('',#3260,3.81E-1);
#3262=CARTESIAN_POINT('',(-8.1915E0,-1.4605E0,-4.191E0));
#3263=LINE('',#3262,#3261);
#3264=DIRECTION('',(0.E0,0.E0,1.E0));
#3265=VECTOR('',#3264,3.175E0);
#3266=CARTESIAN_POINT('',(-8.1915E0,-1.0795E0,-7.366E0));
#3267=LINE('',#3266,#3265);
#3268=DIRECTION('',(0.E0,0.E0,1.E0));
#3269=VECTOR('',#3268,3.175E0);
#3270=CARTESIAN_POINT('',(-7.8105E0,-1.0795E0,-7.366E0));
#3271=LINE('',#3270,#3269);
#3272=DIRECTION('',(0.E0,0.E0,1.E0));
#3273=VECTOR('',#3272,3.175E0);
#3274=CARTESIAN_POINT('',(-7.8105E0,-1.4605E0,-7.366E0));
#3275=LINE('',#3274,#3273);
#3276=DIRECTION('',(0.E0,0.E0,1.E0));
#3277=VECTOR('',#3276,3.175E0);
#3278=CARTESIAN_POINT('',(-8.1915E0,-1.4605E0,-7.366E0));
#3279=LINE('',#3278,#3277);
#3280=DIRECTION('',(0.E0,0.E0,1.E0));
#3281=VECTOR('',#3280,3.175E0);
#3282=CARTESIAN_POINT('',(-9.4615E0,1.4605E0,-7.366E0));
#3283=LINE('',#3282,#3281);
#3284=DIRECTION('',(0.E0,0.E0,1.E0));
#3285=VECTOR('',#3284,3.175E0);
#3286=CARTESIAN_POINT('',(-9.0805E0,1.4605E0,-7.366E0));
#3287=LINE('',#3286,#3285);
#3288=DIRECTION('',(0.E0,0.E0,1.E0));
#3289=VECTOR('',#3288,3.175E0);
#3290=CARTESIAN_POINT('',(-9.0805E0,1.0795E0,-7.366E0));
#3291=LINE('',#3290,#3289);
#3292=DIRECTION('',(0.E0,0.E0,1.E0));
#3293=VECTOR('',#3292,3.175E0);
#3294=CARTESIAN_POINT('',(-9.4615E0,1.0795E0,-7.366E0));
#3295=LINE('',#3294,#3293);
#3296=DIRECTION('',(0.E0,-1.E0,0.E0));
#3297=VECTOR('',#3296,3.81E-1);
#3298=CARTESIAN_POINT('',(-9.4615E0,1.4605E0,-4.191E0));
#3299=LINE('',#3298,#3297);
#3300=DIRECTION('',(-1.E0,0.E0,0.E0));
#3301=VECTOR('',#3300,3.81E-1);
#3302=CARTESIAN_POINT('',(-9.0805E0,1.4605E0,-4.191E0));
#3303=LINE('',#3302,#3301);
#3304=DIRECTION('',(0.E0,1.E0,0.E0));
#3305=VECTOR('',#3304,3.81E-1);
#3306=CARTESIAN_POINT('',(-9.0805E0,1.0795E0,-4.191E0));
#3307=LINE('',#3306,#3305);
#3308=DIRECTION('',(1.E0,0.E0,0.E0));
#3309=VECTOR('',#3308,3.81E-1);
#3310=CARTESIAN_POINT('',(-9.4615E0,1.0795E0,-4.191E0));
#3311=LINE('',#3310,#3309);
#3312=DIRECTION('',(0.E0,-1.E0,0.E0));
#3313=VECTOR('',#3312,3.81E-1);
#3314=CARTESIAN_POINT('',(-9.4615E0,-1.0795E0,-4.191E0));
#3315=LINE('',#3314,#3313);
#3316=DIRECTION('',(-1.E0,0.E0,0.E0));
#3317=VECTOR('',#3316,3.81E-1);
#3318=CARTESIAN_POINT('',(-9.0805E0,-1.0795E0,-4.191E0));
#3319=LINE('',#3318,#3317);
#3320=DIRECTION('',(0.E0,1.E0,0.E0));
#3321=VECTOR('',#3320,3.81E-1);
#3322=CARTESIAN_POINT('',(-9.0805E0,-1.4605E0,-4.191E0));
#3323=LINE('',#3322,#3321);
#3324=DIRECTION('',(1.E0,0.E0,0.E0));
#3325=VECTOR('',#3324,3.81E-1);
#3326=CARTESIAN_POINT('',(-9.4615E0,-1.4605E0,-4.191E0));
#3327=LINE('',#3326,#3325);
#3328=DIRECTION('',(0.E0,0.E0,1.E0));
#3329=VECTOR('',#3328,3.175E0);
#3330=CARTESIAN_POINT('',(-9.4615E0,-1.0795E0,-7.366E0));
#3331=LINE('',#3330,#3329);
#3332=DIRECTION('',(0.E0,0.E0,1.E0));
#3333=VECTOR('',#3332,3.175E0);
#3334=CARTESIAN_POINT('',(-9.0805E0,-1.0795E0,-7.366E0));
#3335=LINE('',#3334,#3333);
#3336=DIRECTION('',(0.E0,0.E0,1.E0));
#3337=VECTOR('',#3336,3.175E0);
#3338=CARTESIAN_POINT('',(-9.0805E0,-1.4605E0,-7.366E0));
#3339=LINE('',#3338,#3337);
#3340=DIRECTION('',(0.E0,0.E0,1.E0));
#3341=VECTOR('',#3340,3.175E0);
#3342=CARTESIAN_POINT('',(-9.4615E0,-1.4605E0,-7.366E0));
#3343=LINE('',#3342,#3341);
#3344=DIRECTION('',(0.E0,0.E0,1.E0));
#3345=VECTOR('',#3344,3.175E0);
#3346=CARTESIAN_POINT('',(-1.07315E1,1.4605E0,-7.366E0));
#3347=LINE('',#3346,#3345);
#3348=DIRECTION('',(0.E0,0.E0,1.E0));
#3349=VECTOR('',#3348,3.175E0);
#3350=CARTESIAN_POINT('',(-1.03505E1,1.4605E0,-7.366E0));
#3351=LINE('',#3350,#3349);
#3352=DIRECTION('',(0.E0,0.E0,1.E0));
#3353=VECTOR('',#3352,3.175E0);
#3354=CARTESIAN_POINT('',(-1.03505E1,1.0795E0,-7.366E0));
#3355=LINE('',#3354,#3353);
#3356=DIRECTION('',(0.E0,0.E0,1.E0));
#3357=VECTOR('',#3356,3.175E0);
#3358=CARTESIAN_POINT('',(-1.07315E1,1.0795E0,-7.366E0));
#3359=LINE('',#3358,#3357);
#3360=DIRECTION('',(0.E0,-1.E0,0.E0));
#3361=VECTOR('',#3360,3.81E-1);
#3362=CARTESIAN_POINT('',(-1.07315E1,1.4605E0,-4.191E0));
#3363=LINE('',#3362,#3361);
#3364=DIRECTION('',(-1.E0,0.E0,0.E0));
#3365=VECTOR('',#3364,3.81E-1);
#3366=CARTESIAN_POINT('',(-1.03505E1,1.4605E0,-4.191E0));
#3367=LINE('',#3366,#3365);
#3368=DIRECTION('',(0.E0,1.E0,0.E0));
#3369=VECTOR('',#3368,3.81E-1);
#3370=CARTESIAN_POINT('',(-1.03505E1,1.0795E0,-4.191E0));
#3371=LINE('',#3370,#3369);
#3372=DIRECTION('',(1.E0,0.E0,0.E0));
#3373=VECTOR('',#3372,3.81E-1);
#3374=CARTESIAN_POINT('',(-1.07315E1,1.0795E0,-4.191E0));
#3375=LINE('',#3374,#3373);
#3376=DIRECTION('',(0.E0,-1.E0,0.E0));
#3377=VECTOR('',#3376,3.81E-1);
#3378=CARTESIAN_POINT('',(-1.07315E1,-1.0795E0,-4.191E0));
#3379=LINE('',#3378,#3377);
#3380=DIRECTION('',(-1.E0,0.E0,0.E0));
#3381=VECTOR('',#3380,3.81E-1);
#3382=CARTESIAN_POINT('',(-1.03505E1,-1.0795E0,-4.191E0));
#3383=LINE('',#3382,#3381);
#3384=DIRECTION('',(0.E0,1.E0,0.E0));
#3385=VECTOR('',#3384,3.81E-1);
#3386=CARTESIAN_POINT('',(-1.03505E1,-1.4605E0,-4.191E0));
#3387=LINE('',#3386,#3385);
#3388=DIRECTION('',(1.E0,0.E0,0.E0));
#3389=VECTOR('',#3388,3.81E-1);
#3390=CARTESIAN_POINT('',(-1.07315E1,-1.4605E0,-4.191E0));
#3391=LINE('',#3390,#3389);
#3392=DIRECTION('',(0.E0,0.E0,1.E0));
#3393=VECTOR('',#3392,3.175E0);
#3394=CARTESIAN_POINT('',(-1.07315E1,-1.0795E0,-7.366E0));
#3395=LINE('',#3394,#3393);
#3396=DIRECTION('',(0.E0,0.E0,1.E0));
#3397=VECTOR('',#3396,3.175E0);
#3398=CARTESIAN_POINT('',(-1.03505E1,-1.0795E0,-7.366E0));
#3399=LINE('',#3398,#3397);
#3400=DIRECTION('',(0.E0,0.E0,1.E0));
#3401=VECTOR('',#3400,3.175E0);
#3402=CARTESIAN_POINT('',(-1.03505E1,-1.4605E0,-7.366E0));
#3403=LINE('',#3402,#3401);
#3404=DIRECTION('',(0.E0,0.E0,1.E0));
#3405=VECTOR('',#3404,3.175E0);
#3406=CARTESIAN_POINT('',(-1.07315E1,-1.4605E0,-7.366E0));
#3407=LINE('',#3406,#3405);
#3408=DIRECTION('',(0.E0,0.E0,1.E0));
#3409=VECTOR('',#3408,3.175E0);
#3410=CARTESIAN_POINT('',(-1.20015E1,1.4605E0,-7.366E0));
#3411=LINE('',#3410,#3409);
#3412=DIRECTION('',(0.E0,0.E0,1.E0));
#3413=VECTOR('',#3412,3.175E0);
#3414=CARTESIAN_POINT('',(-1.16205E1,1.4605E0,-7.366E0));
#3415=LINE('',#3414,#3413);
#3416=DIRECTION('',(0.E0,0.E0,1.E0));
#3417=VECTOR('',#3416,3.175E0);
#3418=CARTESIAN_POINT('',(-1.16205E1,1.0795E0,-7.366E0));
#3419=LINE('',#3418,#3417);
#3420=DIRECTION('',(0.E0,0.E0,1.E0));
#3421=VECTOR('',#3420,3.175E0);
#3422=CARTESIAN_POINT('',(-1.20015E1,1.0795E0,-7.366E0));
#3423=LINE('',#3422,#3421);
#3424=DIRECTION('',(0.E0,-1.E0,0.E0));
#3425=VECTOR('',#3424,3.81E-1);
#3426=CARTESIAN_POINT('',(-1.20015E1,1.4605E0,-4.191E0));
#3427=LINE('',#3426,#3425);
#3428=DIRECTION('',(-1.E0,0.E0,0.E0));
#3429=VECTOR('',#3428,3.81E-1);
#3430=CARTESIAN_POINT('',(-1.16205E1,1.4605E0,-4.191E0));
#3431=LINE('',#3430,#3429);
#3432=DIRECTION('',(0.E0,1.E0,0.E0));
#3433=VECTOR('',#3432,3.81E-1);
#3434=CARTESIAN_POINT('',(-1.16205E1,1.0795E0,-4.191E0));
#3435=LINE('',#3434,#3433);
#3436=DIRECTION('',(1.E0,0.E0,0.E0));
#3437=VECTOR('',#3436,3.81E-1);
#3438=CARTESIAN_POINT('',(-1.20015E1,1.0795E0,-4.191E0));
#3439=LINE('',#3438,#3437);
#3440=DIRECTION('',(0.E0,-1.E0,0.E0));
#3441=VECTOR('',#3440,3.81E-1);
#3442=CARTESIAN_POINT('',(-1.20015E1,-1.0795E0,-4.191E0));
#3443=LINE('',#3442,#3441);
#3444=DIRECTION('',(-1.E0,0.E0,0.E0));
#3445=VECTOR('',#3444,3.81E-1);
#3446=CARTESIAN_POINT('',(-1.16205E1,-1.0795E0,-4.191E0));
#3447=LINE('',#3446,#3445);
#3448=DIRECTION('',(0.E0,1.E0,0.E0));
#3449=VECTOR('',#3448,3.81E-1);
#3450=CARTESIAN_POINT('',(-1.16205E1,-1.4605E0,-4.191E0));
#3451=LINE('',#3450,#3449);
#3452=DIRECTION('',(1.E0,0.E0,0.E0));
#3453=VECTOR('',#3452,3.81E-1);
#3454=CARTESIAN_POINT('',(-1.20015E1,-1.4605E0,-4.191E0));
#3455=LINE('',#3454,#3453);
#3456=DIRECTION('',(0.E0,0.E0,1.E0));
#3457=VECTOR('',#3456,3.175E0);
#3458=CARTESIAN_POINT('',(-1.20015E1,-1.0795E0,-7.366E0));
#3459=LINE('',#3458,#3457);
#3460=DIRECTION('',(0.E0,0.E0,1.E0));
#3461=VECTOR('',#3460,3.175E0);
#3462=CARTESIAN_POINT('',(-1.16205E1,-1.0795E0,-7.366E0));
#3463=LINE('',#3462,#3461);
#3464=DIRECTION('',(0.E0,0.E0,1.E0));
#3465=VECTOR('',#3464,3.175E0);
#3466=CARTESIAN_POINT('',(-1.16205E1,-1.4605E0,-7.366E0));
#3467=LINE('',#3466,#3465);
#3468=DIRECTION('',(0.E0,0.E0,1.E0));
#3469=VECTOR('',#3468,3.175E0);
#3470=CARTESIAN_POINT('',(-1.20015E1,-1.4605E0,-7.366E0));
#3471=LINE('',#3470,#3469);
#3472=DIRECTION('',(-2.588190451025E-1,0.E0,9.659258262891E-1));
#3473=VECTOR('',#3472,1.472070959265E0);
#3474=CARTESIAN_POINT('',(1.2064E1,3.351E0,-1.421911357684E0));
#3475=LINE('',#3474,#3473);
#3476=DIRECTION('',(-2.588190451025E-1,0.E0,-9.659258262891E-1));
#3477=VECTOR('',#3476,1.472070959265E0);
#3478=CARTESIAN_POINT('',(1.2445E1,3.351E0,0.E0));
#3479=LINE('',#3478,#3477);
#3480=DIRECTION('',(0.E0,-1.E0,0.E0));
#3481=VECTOR('',#3480,2.54E-1);
#3482=CARTESIAN_POINT('',(1.2064E1,3.605E0,-1.421911357684E0));
#3483=LINE('',#3482,#3481);
#3484=DIRECTION('',(0.E0,0.E0,-1.E0));
#3485=VECTOR('',#3484,2.54E0);
#3486=CARTESIAN_POINT('',(1.25095E1,-1.27E0,-9.91E0));
#3487=LINE('',#3486,#3485);
#3488=DIRECTION('',(0.E0,0.E0,-1.E0));
#3489=VECTOR('',#3488,2.54E0);
#3490=CARTESIAN_POINT('',(1.21285E1,-1.27E0,-9.91E0));
#3491=LINE('',#3490,#3489);
#3492=CARTESIAN_POINT('',(1.2319E1,-1.27E0,-1.245E1));
#3493=DIRECTION('',(0.E0,0.E0,-1.E0));
#3494=DIRECTION('',(1.E0,0.E0,0.E0));
#3495=AXIS2_PLACEMENT_3D('',#3492,#3493,#3494);
#3497=CARTESIAN_POINT('',(1.2319E1,-1.27E0,-1.245E1));
#3498=DIRECTION('',(0.E0,0.E0,-1.E0));
#3499=DIRECTION('',(-1.E0,0.E0,0.E0));
#3500=AXIS2_PLACEMENT_3D('',#3497,#3498,#3499);
#3502=CARTESIAN_POINT('',(1.2319E1,1.27E0,-1.245E1));
#3503=DIRECTION('',(0.E0,0.E0,-1.E0));
#3504=DIRECTION('',(1.E0,0.E0,0.E0));
#3505=AXIS2_PLACEMENT_3D('',#3502,#3503,#3504);
#3507=CARTESIAN_POINT('',(1.2319E1,1.27E0,-1.245E1));
#3508=DIRECTION('',(0.E0,0.E0,-1.E0));
#3509=DIRECTION('',(-1.E0,0.E0,0.E0));
#3510=AXIS2_PLACEMENT_3D('',#3507,#3508,#3509);
#3512=DIRECTION('',(0.E0,0.E0,-1.E0));
#3513=VECTOR('',#3512,2.54E0);
#3514=CARTESIAN_POINT('',(1.25095E1,1.27E0,-9.91E0));
#3515=LINE('',#3514,#3513);
#3516=DIRECTION('',(0.E0,0.E0,-1.E0));
#3517=VECTOR('',#3516,2.54E0);
#3518=CARTESIAN_POINT('',(1.21285E1,1.27E0,-9.91E0));
#3519=LINE('',#3518,#3517);
#3520=DIRECTION('',(0.E0,0.E0,-1.E0));
#3521=VECTOR('',#3520,2.54E0);
#3522=CARTESIAN_POINT('',(1.12395E1,-1.27E0,-9.91E0));
#3523=LINE('',#3522,#3521);
#3524=DIRECTION('',(0.E0,0.E0,-1.E0));
#3525=VECTOR('',#3524,2.54E0);
#3526=CARTESIAN_POINT('',(1.08585E1,-1.27E0,-9.91E0));
#3527=LINE('',#3526,#3525);
#3528=CARTESIAN_POINT('',(1.1049E1,-1.27E0,-1.245E1));
#3529=DIRECTION('',(0.E0,0.E0,-1.E0));
#3530=DIRECTION('',(1.E0,0.E0,0.E0));
#3531=AXIS2_PLACEMENT_3D('',#3528,#3529,#3530);
#3533=CARTESIAN_POINT('',(1.1049E1,-1.27E0,-1.245E1));
#3534=DIRECTION('',(0.E0,0.E0,-1.E0));
#3535=DIRECTION('',(-1.E0,0.E0,0.E0));
#3536=AXIS2_PLACEMENT_3D('',#3533,#3534,#3535);
#3538=CARTESIAN_POINT('',(1.1049E1,1.27E0,-1.245E1));
#3539=DIRECTION('',(0.E0,0.E0,-1.E0));
#3540=DIRECTION('',(1.E0,0.E0,0.E0));
#3541=AXIS2_PLACEMENT_3D('',#3538,#3539,#3540);
#3543=CARTESIAN_POINT('',(1.1049E1,1.27E0,-1.245E1));
#3544=DIRECTION('',(0.E0,0.E0,-1.E0));
#3545=DIRECTION('',(-1.E0,0.E0,0.E0));
#3546=AXIS2_PLACEMENT_3D('',#3543,#3544,#3545);
#3548=DIRECTION('',(0.E0,0.E0,-1.E0));
#3549=VECTOR('',#3548,2.54E0);
#3550=CARTESIAN_POINT('',(1.12395E1,1.27E0,-9.91E0));
#3551=LINE('',#3550,#3549);
#3552=DIRECTION('',(0.E0,0.E0,-1.E0));
#3553=VECTOR('',#3552,2.54E0);
#3554=CARTESIAN_POINT('',(1.08585E1,1.27E0,-9.91E0));
#3555=LINE('',#3554,#3553);
#3556=DIRECTION('',(0.E0,0.E0,-1.E0));
#3557=VECTOR('',#3556,2.54E0);
#3558=CARTESIAN_POINT('',(9.9695E0,-1.27E0,-9.91E0));
#3559=LINE('',#3558,#3557);
#3560=DIRECTION('',(0.E0,0.E0,-1.E0));
#3561=VECTOR('',#3560,2.54E0);
#3562=CARTESIAN_POINT('',(9.5885E0,-1.27E0,-9.91E0));
#3563=LINE('',#3562,#3561);
#3564=CARTESIAN_POINT('',(9.779E0,-1.27E0,-1.245E1));
#3565=DIRECTION('',(0.E0,0.E0,-1.E0));
#3566=DIRECTION('',(1.E0,0.E0,0.E0));
#3567=AXIS2_PLACEMENT_3D('',#3564,#3565,#3566);
#3569=CARTESIAN_POINT('',(9.779E0,-1.27E0,-1.245E1));
#3570=DIRECTION('',(0.E0,0.E0,-1.E0));
#3571=DIRECTION('',(-1.E0,0.E0,0.E0));
#3572=AXIS2_PLACEMENT_3D('',#3569,#3570,#3571);
#3574=CARTESIAN_POINT('',(9.779E0,1.27E0,-1.245E1));
#3575=DIRECTION('',(0.E0,0.E0,-1.E0));
#3576=DIRECTION('',(1.E0,0.E0,0.E0));
#3577=AXIS2_PLACEMENT_3D('',#3574,#3575,#3576);
#3579=CARTESIAN_POINT('',(9.779E0,1.27E0,-1.245E1));
#3580=DIRECTION('',(0.E0,0.E0,-1.E0));
#3581=DIRECTION('',(-1.E0,0.E0,0.E0));
#3582=AXIS2_PLACEMENT_3D('',#3579,#3580,#3581);
#3584=DIRECTION('',(0.E0,0.E0,-1.E0));
#3585=VECTOR('',#3584,2.54E0);
#3586=CARTESIAN_POINT('',(9.9695E0,1.27E0,-9.91E0));
#3587=LINE('',#3586,#3585);
#3588=DIRECTION('',(0.E0,0.E0,-1.E0));
#3589=VECTOR('',#3588,2.54E0);
#3590=CARTESIAN_POINT('',(9.5885E0,1.27E0,-9.91E0));
#3591=LINE('',#3590,#3589);
#3592=DIRECTION('',(0.E0,0.E0,-1.E0));
#3593=VECTOR('',#3592,2.54E0);
#3594=CARTESIAN_POINT('',(8.6995E0,-1.27E0,-9.91E0));
#3595=LINE('',#3594,#3593);
#3596=DIRECTION('',(0.E0,0.E0,-1.E0));
#3597=VECTOR('',#3596,2.54E0);
#3598=CARTESIAN_POINT('',(8.3185E0,-1.27E0,-9.91E0));
#3599=LINE('',#3598,#3597);
#3600=CARTESIAN_POINT('',(8.509E0,-1.27E0,-1.245E1));
#3601=DIRECTION('',(0.E0,0.E0,-1.E0));
#3602=DIRECTION('',(1.E0,0.E0,0.E0));
#3603=AXIS2_PLACEMENT_3D('',#3600,#3601,#3602);
#3605=CARTESIAN_POINT('',(8.509E0,-1.27E0,-1.245E1));
#3606=DIRECTION('',(0.E0,0.E0,-1.E0));
#3607=DIRECTION('',(-1.E0,0.E0,0.E0));
#3608=AXIS2_PLACEMENT_3D('',#3605,#3606,#3607);
#3610=CARTESIAN_POINT('',(8.509E0,1.27E0,-1.245E1));
#3611=DIRECTION('',(0.E0,0.E0,-1.E0));
#3612=DIRECTION('',(1.E0,0.E0,0.E0));
#3613=AXIS2_PLACEMENT_3D('',#3610,#3611,#3612);
#3615=CARTESIAN_POINT('',(8.509E0,1.27E0,-1.245E1));
#3616=DIRECTION('',(0.E0,0.E0,-1.E0));
#3617=DIRECTION('',(-1.E0,0.E0,0.E0));
#3618=AXIS2_PLACEMENT_3D('',#3615,#3616,#3617);
#3620=DIRECTION('',(0.E0,0.E0,-1.E0));
#3621=VECTOR('',#3620,2.54E0);
#3622=CARTESIAN_POINT('',(8.6995E0,1.27E0,-9.91E0));
#3623=LINE('',#3622,#3621);
#3624=DIRECTION('',(0.E0,0.E0,-1.E0));
#3625=VECTOR('',#3624,2.54E0);
#3626=CARTESIAN_POINT('',(8.3185E0,1.27E0,-9.91E0));
#3627=LINE('',#3626,#3625);
#3628=DIRECTION('',(0.E0,0.E0,-1.E0));
#3629=VECTOR('',#3628,2.54E0);
#3630=CARTESIAN_POINT('',(7.4295E0,-1.27E0,-9.91E0));
#3631=LINE('',#3630,#3629);
#3632=DIRECTION('',(0.E0,0.E0,-1.E0));
#3633=VECTOR('',#3632,2.54E0);
#3634=CARTESIAN_POINT('',(7.0485E0,-1.27E0,-9.91E0));
#3635=LINE('',#3634,#3633);
#3636=CARTESIAN_POINT('',(7.239E0,-1.27E0,-1.245E1));
#3637=DIRECTION('',(0.E0,0.E0,-1.E0));
#3638=DIRECTION('',(1.E0,0.E0,0.E0));
#3639=AXIS2_PLACEMENT_3D('',#3636,#3637,#3638);
#3641=CARTESIAN_POINT('',(7.239E0,-1.27E0,-1.245E1));
#3642=DIRECTION('',(0.E0,0.E0,-1.E0));
#3643=DIRECTION('',(-1.E0,0.E0,0.E0));
#3644=AXIS2_PLACEMENT_3D('',#3641,#3642,#3643);
#3646=CARTESIAN_POINT('',(7.239E0,1.27E0,-1.245E1));
#3647=DIRECTION('',(0.E0,0.E0,-1.E0));
#3648=DIRECTION('',(1.E0,0.E0,0.E0));
#3649=AXIS2_PLACEMENT_3D('',#3646,#3647,#3648);
#3651=CARTESIAN_POINT('',(7.239E0,1.27E0,-1.245E1));
#3652=DIRECTION('',(0.E0,0.E0,-1.E0));
#3653=DIRECTION('',(-1.E0,0.E0,0.E0));
#3654=AXIS2_PLACEMENT_3D('',#3651,#3652,#3653);
#3656=DIRECTION('',(0.E0,0.E0,-1.E0));
#3657=VECTOR('',#3656,2.54E0);
#3658=CARTESIAN_POINT('',(7.4295E0,1.27E0,-9.91E0));
#3659=LINE('',#3658,#3657);
#3660=DIRECTION('',(0.E0,0.E0,-1.E0));
#3661=VECTOR('',#3660,2.54E0);
#3662=CARTESIAN_POINT('',(7.0485E0,1.27E0,-9.91E0));
#3663=LINE('',#3662,#3661);
#3664=DIRECTION('',(0.E0,0.E0,-1.E0));
#3665=VECTOR('',#3664,2.54E0);
#3666=CARTESIAN_POINT('',(6.1595E0,-1.27E0,-9.91E0));
#3667=LINE('',#3666,#3665);
#3668=DIRECTION('',(0.E0,0.E0,-1.E0));
#3669=VECTOR('',#3668,2.54E0);
#3670=CARTESIAN_POINT('',(5.7785E0,-1.27E0,-9.91E0));
#3671=LINE('',#3670,#3669);
#3672=CARTESIAN_POINT('',(5.969E0,-1.27E0,-1.245E1));
#3673=DIRECTION('',(0.E0,0.E0,-1.E0));
#3674=DIRECTION('',(1.E0,0.E0,0.E0));
#3675=AXIS2_PLACEMENT_3D('',#3672,#3673,#3674);
#3677=CARTESIAN_POINT('',(5.969E0,-1.27E0,-1.245E1));
#3678=DIRECTION('',(0.E0,0.E0,-1.E0));
#3679=DIRECTION('',(-1.E0,0.E0,0.E0));
#3680=AXIS2_PLACEMENT_3D('',#3677,#3678,#3679);
#3682=CARTESIAN_POINT('',(5.969E0,1.27E0,-1.245E1));
#3683=DIRECTION('',(0.E0,0.E0,-1.E0));
#3684=DIRECTION('',(1.E0,0.E0,0.E0));
#3685=AXIS2_PLACEMENT_3D('',#3682,#3683,#3684);
#3687=CARTESIAN_POINT('',(5.969E0,1.27E0,-1.245E1));
#3688=DIRECTION('',(0.E0,0.E0,-1.E0));
#3689=DIRECTION('',(-1.E0,0.E0,0.E0));
#3690=AXIS2_PLACEMENT_3D('',#3687,#3688,#3689);
#3692=DIRECTION('',(0.E0,0.E0,-1.E0));
#3693=VECTOR('',#3692,2.54E0);
#3694=CARTESIAN_POINT('',(6.1595E0,1.27E0,-9.91E0));
#3695=LINE('',#3694,#3693);
#3696=DIRECTION('',(0.E0,0.E0,-1.E0));
#3697=VECTOR('',#3696,2.54E0);
#3698=CARTESIAN_POINT('',(5.7785E0,1.27E0,-9.91E0));
#3699=LINE('',#3698,#3697);
#3700=DIRECTION('',(0.E0,0.E0,-1.E0));
#3701=VECTOR('',#3700,2.54E0);
#3702=CARTESIAN_POINT('',(4.8895E0,-1.27E0,-9.91E0));
#3703=LINE('',#3702,#3701);
#3704=DIRECTION('',(0.E0,0.E0,-1.E0));
#3705=VECTOR('',#3704,2.54E0);
#3706=CARTESIAN_POINT('',(4.5085E0,-1.27E0,-9.91E0));
#3707=LINE('',#3706,#3705);
#3708=CARTESIAN_POINT('',(4.699E0,-1.27E0,-1.245E1));
#3709=DIRECTION('',(0.E0,0.E0,-1.E0));
#3710=DIRECTION('',(1.E0,0.E0,0.E0));
#3711=AXIS2_PLACEMENT_3D('',#3708,#3709,#3710);
#3713=CARTESIAN_POINT('',(4.699E0,-1.27E0,-1.245E1));
#3714=DIRECTION('',(0.E0,0.E0,-1.E0));
#3715=DIRECTION('',(-1.E0,0.E0,0.E0));
#3716=AXIS2_PLACEMENT_3D('',#3713,#3714,#3715);
#3718=CARTESIAN_POINT('',(4.699E0,1.27E0,-1.245E1));
#3719=DIRECTION('',(0.E0,0.E0,-1.E0));
#3720=DIRECTION('',(1.E0,0.E0,0.E0));
#3721=AXIS2_PLACEMENT_3D('',#3718,#3719,#3720);
#3723=CARTESIAN_POINT('',(4.699E0,1.27E0,-1.245E1));
#3724=DIRECTION('',(0.E0,0.E0,-1.E0));
#3725=DIRECTION('',(-1.E0,0.E0,0.E0));
#3726=AXIS2_PLACEMENT_3D('',#3723,#3724,#3725);
#3728=DIRECTION('',(0.E0,0.E0,-1.E0));
#3729=VECTOR('',#3728,2.54E0);
#3730=CARTESIAN_POINT('',(4.8895E0,1.27E0,-9.91E0));
#3731=LINE('',#3730,#3729);
#3732=DIRECTION('',(0.E0,0.E0,-1.E0));
#3733=VECTOR('',#3732,2.54E0);
#3734=CARTESIAN_POINT('',(4.5085E0,1.27E0,-9.91E0));
#3735=LINE('',#3734,#3733);
#3736=DIRECTION('',(0.E0,0.E0,-1.E0));
#3737=VECTOR('',#3736,2.54E0);
#3738=CARTESIAN_POINT('',(3.6195E0,-1.27E0,-9.91E0));
#3739=LINE('',#3738,#3737);
#3740=DIRECTION('',(0.E0,0.E0,-1.E0));
#3741=VECTOR('',#3740,2.54E0);
#3742=CARTESIAN_POINT('',(3.2385E0,-1.27E0,-9.91E0));
#3743=LINE('',#3742,#3741);
#3744=CARTESIAN_POINT('',(3.429E0,-1.27E0,-1.245E1));
#3745=DIRECTION('',(0.E0,0.E0,-1.E0));
#3746=DIRECTION('',(1.E0,0.E0,0.E0));
#3747=AXIS2_PLACEMENT_3D('',#3744,#3745,#3746);
#3749=CARTESIAN_POINT('',(3.429E0,-1.27E0,-1.245E1));
#3750=DIRECTION('',(0.E0,0.E0,-1.E0));
#3751=DIRECTION('',(-1.E0,0.E0,0.E0));
#3752=AXIS2_PLACEMENT_3D('',#3749,#3750,#3751);
#3754=CARTESIAN_POINT('',(3.429E0,1.27E0,-1.245E1));
#3755=DIRECTION('',(0.E0,0.E0,-1.E0));
#3756=DIRECTION('',(1.E0,0.E0,0.E0));
#3757=AXIS2_PLACEMENT_3D('',#3754,#3755,#3756);
#3759=CARTESIAN_POINT('',(3.429E0,1.27E0,-1.245E1));
#3760=DIRECTION('',(0.E0,0.E0,-1.E0));
#3761=DIRECTION('',(-1.E0,0.E0,0.E0));
#3762=AXIS2_PLACEMENT_3D('',#3759,#3760,#3761);
#3764=DIRECTION('',(0.E0,0.E0,-1.E0));
#3765=VECTOR('',#3764,2.54E0);
#3766=CARTESIAN_POINT('',(3.6195E0,1.27E0,-9.91E0));
#3767=LINE('',#3766,#3765);
#3768=DIRECTION('',(0.E0,0.E0,-1.E0));
#3769=VECTOR('',#3768,2.54E0);
#3770=CARTESIAN_POINT('',(3.2385E0,1.27E0,-9.91E0));
#3771=LINE('',#3770,#3769);
#3772=DIRECTION('',(0.E0,0.E0,-1.E0));
#3773=VECTOR('',#3772,2.54E0);
#3774=CARTESIAN_POINT('',(2.3495E0,-1.27E0,-9.91E0));
#3775=LINE('',#3774,#3773);
#3776=DIRECTION('',(0.E0,0.E0,-1.E0));
#3777=VECTOR('',#3776,2.54E0);
#3778=CARTESIAN_POINT('',(1.9685E0,-1.27E0,-9.91E0));
#3779=LINE('',#3778,#3777);
#3780=CARTESIAN_POINT('',(2.159E0,-1.27E0,-1.245E1));
#3781=DIRECTION('',(0.E0,0.E0,-1.E0));
#3782=DIRECTION('',(1.E0,0.E0,0.E0));
#3783=AXIS2_PLACEMENT_3D('',#3780,#3781,#3782);
#3785=CARTESIAN_POINT('',(2.159E0,-1.27E0,-1.245E1));
#3786=DIRECTION('',(0.E0,0.E0,-1.E0));
#3787=DIRECTION('',(-1.E0,0.E0,0.E0));
#3788=AXIS2_PLACEMENT_3D('',#3785,#3786,#3787);
#3790=CARTESIAN_POINT('',(2.159E0,1.27E0,-1.245E1));
#3791=DIRECTION('',(0.E0,0.E0,-1.E0));
#3792=DIRECTION('',(1.E0,0.E0,0.E0));
#3793=AXIS2_PLACEMENT_3D('',#3790,#3791,#3792);
#3795=CARTESIAN_POINT('',(2.159E0,1.27E0,-1.245E1));
#3796=DIRECTION('',(0.E0,0.E0,-1.E0));
#3797=DIRECTION('',(-1.E0,0.E0,0.E0));
#3798=AXIS2_PLACEMENT_3D('',#3795,#3796,#3797);
#3800=DIRECTION('',(0.E0,0.E0,-1.E0));
#3801=VECTOR('',#3800,2.54E0);
#3802=CARTESIAN_POINT('',(2.3495E0,1.27E0,-9.91E0));
#3803=LINE('',#3802,#3801);
#3804=DIRECTION('',(0.E0,0.E0,-1.E0));
#3805=VECTOR('',#3804,2.54E0);
#3806=CARTESIAN_POINT('',(1.9685E0,1.27E0,-9.91E0));
#3807=LINE('',#3806,#3805);
#3808=DIRECTION('',(0.E0,0.E0,-1.E0));
#3809=VECTOR('',#3808,2.54E0);
#3810=CARTESIAN_POINT('',(1.0795E0,-1.27E0,-9.91E0));
#3811=LINE('',#3810,#3809);
#3812=DIRECTION('',(0.E0,0.E0,-1.E0));
#3813=VECTOR('',#3812,2.54E0);
#3814=CARTESIAN_POINT('',(6.985E-1,-1.27E0,-9.91E0));
#3815=LINE('',#3814,#3813);
#3816=CARTESIAN_POINT('',(8.89E-1,-1.27E0,-1.245E1));
#3817=DIRECTION('',(0.E0,0.E0,-1.E0));
#3818=DIRECTION('',(1.E0,0.E0,0.E0));
#3819=AXIS2_PLACEMENT_3D('',#3816,#3817,#3818);
#3821=CARTESIAN_POINT('',(8.89E-1,-1.27E0,-1.245E1));
#3822=DIRECTION('',(0.E0,0.E0,-1.E0));
#3823=DIRECTION('',(-1.E0,0.E0,0.E0));
#3824=AXIS2_PLACEMENT_3D('',#3821,#3822,#3823);
#3826=CARTESIAN_POINT('',(8.89E-1,1.27E0,-1.245E1));
#3827=DIRECTION('',(0.E0,0.E0,-1.E0));
#3828=DIRECTION('',(1.E0,0.E0,0.E0));
#3829=AXIS2_PLACEMENT_3D('',#3826,#3827,#3828);
#3831=CARTESIAN_POINT('',(8.89E-1,1.27E0,-1.245E1));
#3832=DIRECTION('',(0.E0,0.E0,-1.E0));
#3833=DIRECTION('',(-1.E0,0.E0,0.E0));
#3834=AXIS2_PLACEMENT_3D('',#3831,#3832,#3833);
#3836=DIRECTION('',(0.E0,0.E0,-1.E0));
#3837=VECTOR('',#3836,2.54E0);
#3838=CARTESIAN_POINT('',(1.0795E0,1.27E0,-9.91E0));
#3839=LINE('',#3838,#3837);
#3840=DIRECTION('',(0.E0,0.E0,-1.E0));
#3841=VECTOR('',#3840,2.54E0);
#3842=CARTESIAN_POINT('',(6.985E-1,1.27E0,-9.91E0));
#3843=LINE('',#3842,#3841);
#3844=DIRECTION('',(0.E0,0.E0,-1.E0));
#3845=VECTOR('',#3844,2.54E0);
#3846=CARTESIAN_POINT('',(-1.905E-1,-1.27E0,-9.91E0));
#3847=LINE('',#3846,#3845);
#3848=DIRECTION('',(0.E0,0.E0,-1.E0));
#3849=VECTOR('',#3848,2.54E0);
#3850=CARTESIAN_POINT('',(-5.715E-1,-1.27E0,-9.91E0));
#3851=LINE('',#3850,#3849);
#3852=CARTESIAN_POINT('',(-3.81E-1,-1.27E0,-1.245E1));
#3853=DIRECTION('',(0.E0,0.E0,-1.E0));
#3854=DIRECTION('',(1.E0,0.E0,0.E0));
#3855=AXIS2_PLACEMENT_3D('',#3852,#3853,#3854);
#3857=CARTESIAN_POINT('',(-3.81E-1,-1.27E0,-1.245E1));
#3858=DIRECTION('',(0.E0,0.E0,-1.E0));
#3859=DIRECTION('',(-1.E0,0.E0,0.E0));
#3860=AXIS2_PLACEMENT_3D('',#3857,#3858,#3859);
#3862=CARTESIAN_POINT('',(-3.81E-1,1.27E0,-1.245E1));
#3863=DIRECTION('',(0.E0,0.E0,-1.E0));
#3864=DIRECTION('',(1.E0,0.E0,0.E0));
#3865=AXIS2_PLACEMENT_3D('',#3862,#3863,#3864);
#3867=CARTESIAN_POINT('',(-3.81E-1,1.27E0,-1.245E1));
#3868=DIRECTION('',(0.E0,0.E0,-1.E0));
#3869=DIRECTION('',(-1.E0,0.E0,0.E0));
#3870=AXIS2_PLACEMENT_3D('',#3867,#3868,#3869);
#3872=DIRECTION('',(0.E0,0.E0,-1.E0));
#3873=VECTOR('',#3872,2.54E0);
#3874=CARTESIAN_POINT('',(-1.905E-1,1.27E0,-9.91E0));
#3875=LINE('',#3874,#3873);
#3876=DIRECTION('',(0.E0,0.E0,-1.E0));
#3877=VECTOR('',#3876,2.54E0);
#3878=CARTESIAN_POINT('',(-5.715E-1,1.27E0,-9.91E0));
#3879=LINE('',#3878,#3877);
#3880=DIRECTION('',(0.E0,0.E0,-1.E0));
#3881=VECTOR('',#3880,2.54E0);
#3882=CARTESIAN_POINT('',(-1.4605E0,-1.27E0,-9.91E0));
#3883=LINE('',#3882,#3881);
#3884=DIRECTION('',(0.E0,0.E0,-1.E0));
#3885=VECTOR('',#3884,2.54E0);
#3886=CARTESIAN_POINT('',(-1.8415E0,-1.27E0,-9.91E0));
#3887=LINE('',#3886,#3885);
#3888=CARTESIAN_POINT('',(-1.651E0,-1.27E0,-1.245E1));
#3889=DIRECTION('',(0.E0,0.E0,-1.E0));
#3890=DIRECTION('',(1.E0,0.E0,0.E0));
#3891=AXIS2_PLACEMENT_3D('',#3888,#3889,#3890);
#3893=CARTESIAN_POINT('',(-1.651E0,-1.27E0,-1.245E1));
#3894=DIRECTION('',(0.E0,0.E0,-1.E0));
#3895=DIRECTION('',(-1.E0,0.E0,0.E0));
#3896=AXIS2_PLACEMENT_3D('',#3893,#3894,#3895);
#3898=CARTESIAN_POINT('',(-1.651E0,1.27E0,-1.245E1));
#3899=DIRECTION('',(0.E0,0.E0,-1.E0));
#3900=DIRECTION('',(1.E0,0.E0,0.E0));
#3901=AXIS2_PLACEMENT_3D('',#3898,#3899,#3900);
#3903=CARTESIAN_POINT('',(-1.651E0,1.27E0,-1.245E1));
#3904=DIRECTION('',(0.E0,0.E0,-1.E0));
#3905=DIRECTION('',(-1.E0,0.E0,0.E0));
#3906=AXIS2_PLACEMENT_3D('',#3903,#3904,#3905);
#3908=DIRECTION('',(0.E0,0.E0,-1.E0));
#3909=VECTOR('',#3908,2.54E0);
#3910=CARTESIAN_POINT('',(-1.4605E0,1.27E0,-9.91E0));
#3911=LINE('',#3910,#3909);
#3912=DIRECTION('',(0.E0,0.E0,-1.E0));
#3913=VECTOR('',#3912,2.54E0);
#3914=CARTESIAN_POINT('',(-1.8415E0,1.27E0,-9.91E0));
#3915=LINE('',#3914,#3913);
#3916=DIRECTION('',(0.E0,0.E0,-1.E0));
#3917=VECTOR('',#3916,2.54E0);
#3918=CARTESIAN_POINT('',(-2.7305E0,-1.27E0,-9.91E0));
#3919=LINE('',#3918,#3917);
#3920=DIRECTION('',(0.E0,0.E0,-1.E0));
#3921=VECTOR('',#3920,2.54E0);
#3922=CARTESIAN_POINT('',(-3.1115E0,-1.27E0,-9.91E0));
#3923=LINE('',#3922,#3921);
#3924=CARTESIAN_POINT('',(-2.921E0,-1.27E0,-1.245E1));
#3925=DIRECTION('',(0.E0,0.E0,-1.E0));
#3926=DIRECTION('',(1.E0,0.E0,0.E0));
#3927=AXIS2_PLACEMENT_3D('',#3924,#3925,#3926);
#3929=CARTESIAN_POINT('',(-2.921E0,-1.27E0,-1.245E1));
#3930=DIRECTION('',(0.E0,0.E0,-1.E0));
#3931=DIRECTION('',(-1.E0,0.E0,0.E0));
#3932=AXIS2_PLACEMENT_3D('',#3929,#3930,#3931);
#3934=CARTESIAN_POINT('',(-2.921E0,1.27E0,-1.245E1));
#3935=DIRECTION('',(0.E0,0.E0,-1.E0));
#3936=DIRECTION('',(1.E0,0.E0,0.E0));
#3937=AXIS2_PLACEMENT_3D('',#3934,#3935,#3936);
#3939=CARTESIAN_POINT('',(-2.921E0,1.27E0,-1.245E1));
#3940=DIRECTION('',(0.E0,0.E0,-1.E0));
#3941=DIRECTION('',(-1.E0,0.E0,0.E0));
#3942=AXIS2_PLACEMENT_3D('',#3939,#3940,#3941);
#3944=DIRECTION('',(0.E0,0.E0,-1.E0));
#3945=VECTOR('',#3944,2.54E0);
#3946=CARTESIAN_POINT('',(-2.7305E0,1.27E0,-9.91E0));
#3947=LINE('',#3946,#3945);
#3948=DIRECTION('',(0.E0,0.E0,-1.E0));
#3949=VECTOR('',#3948,2.54E0);
#3950=CARTESIAN_POINT('',(-3.1115E0,1.27E0,-9.91E0));
#3951=LINE('',#3950,#3949);
#3952=DIRECTION('',(0.E0,0.E0,-1.E0));
#3953=VECTOR('',#3952,2.54E0);
#3954=CARTESIAN_POINT('',(-4.0005E0,-1.27E0,-9.91E0));
#3955=LINE('',#3954,#3953);
#3956=DIRECTION('',(0.E0,0.E0,-1.E0));
#3957=VECTOR('',#3956,2.54E0);
#3958=CARTESIAN_POINT('',(-4.3815E0,-1.27E0,-9.91E0));
#3959=LINE('',#3958,#3957);
#3960=CARTESIAN_POINT('',(-4.191E0,-1.27E0,-1.245E1));
#3961=DIRECTION('',(0.E0,0.E0,-1.E0));
#3962=DIRECTION('',(1.E0,0.E0,0.E0));
#3963=AXIS2_PLACEMENT_3D('',#3960,#3961,#3962);
#3965=CARTESIAN_POINT('',(-4.191E0,-1.27E0,-1.245E1));
#3966=DIRECTION('',(0.E0,0.E0,-1.E0));
#3967=DIRECTION('',(-1.E0,0.E0,0.E0));
#3968=AXIS2_PLACEMENT_3D('',#3965,#3966,#3967);
#3970=CARTESIAN_POINT('',(-4.191E0,1.27E0,-1.245E1));
#3971=DIRECTION('',(0.E0,0.E0,-1.E0));
#3972=DIRECTION('',(1.E0,0.E0,0.E0));
#3973=AXIS2_PLACEMENT_3D('',#3970,#3971,#3972);
#3975=CARTESIAN_POINT('',(-4.191E0,1.27E0,-1.245E1));
#3976=DIRECTION('',(0.E0,0.E0,-1.E0));
#3977=DIRECTION('',(-1.E0,0.E0,0.E0));
#3978=AXIS2_PLACEMENT_3D('',#3975,#3976,#3977);
#3980=DIRECTION('',(0.E0,0.E0,-1.E0));
#3981=VECTOR('',#3980,2.54E0);
#3982=CARTESIAN_POINT('',(-4.0005E0,1.27E0,-9.91E0));
#3983=LINE('',#3982,#3981);
#3984=DIRECTION('',(0.E0,0.E0,-1.E0));
#3985=VECTOR('',#3984,2.54E0);
#3986=CARTESIAN_POINT('',(-4.3815E0,1.27E0,-9.91E0));
#3987=LINE('',#3986,#3985);
#3988=DIRECTION('',(0.E0,0.E0,-1.E0));
#3989=VECTOR('',#3988,2.54E0);
#3990=CARTESIAN_POINT('',(-5.2705E0,-1.27E0,-9.91E0));
#3991=LINE('',#3990,#3989);
#3992=DIRECTION('',(0.E0,0.E0,-1.E0));
#3993=VECTOR('',#3992,2.54E0);
#3994=CARTESIAN_POINT('',(-5.6515E0,-1.27E0,-9.91E0));
#3995=LINE('',#3994,#3993);
#3996=CARTESIAN_POINT('',(-5.461E0,-1.27E0,-1.245E1));
#3997=DIRECTION('',(0.E0,0.E0,-1.E0));
#3998=DIRECTION('',(1.E0,0.E0,0.E0));
#3999=AXIS2_PLACEMENT_3D('',#3996,#3997,#3998);
#4001=CARTESIAN_POINT('',(-5.461E0,-1.27E0,-1.245E1));
#4002=DIRECTION('',(0.E0,0.E0,-1.E0));
#4003=DIRECTION('',(-1.E0,0.E0,0.E0));
#4004=AXIS2_PLACEMENT_3D('',#4001,#4002,#4003);
#4006=CARTESIAN_POINT('',(-5.461E0,1.27E0,-1.245E1));
#4007=DIRECTION('',(0.E0,0.E0,-1.E0));
#4008=DIRECTION('',(1.E0,0.E0,0.E0));
#4009=AXIS2_PLACEMENT_3D('',#4006,#4007,#4008);
#4011=CARTESIAN_POINT('',(-5.461E0,1.27E0,-1.245E1));
#4012=DIRECTION('',(0.E0,0.E0,-1.E0));
#4013=DIRECTION('',(-1.E0,0.E0,0.E0));
#4014=AXIS2_PLACEMENT_3D('',#4011,#4012,#4013);
#4016=DIRECTION('',(0.E0,0.E0,-1.E0));
#4017=VECTOR('',#4016,2.54E0);
#4018=CARTESIAN_POINT('',(-5.2705E0,1.27E0,-9.91E0));
#4019=LINE('',#4018,#4017);
#4020=DIRECTION('',(0.E0,0.E0,-1.E0));
#4021=VECTOR('',#4020,2.54E0);
#4022=CARTESIAN_POINT('',(-5.6515E0,1.27E0,-9.91E0));
#4023=LINE('',#4022,#4021);
#4024=DIRECTION('',(0.E0,0.E0,-1.E0));
#4025=VECTOR('',#4024,2.54E0);
#4026=CARTESIAN_POINT('',(-6.5405E0,-1.27E0,-9.91E0));
#4027=LINE('',#4026,#4025);
#4028=DIRECTION('',(0.E0,0.E0,-1.E0));
#4029=VECTOR('',#4028,2.54E0);
#4030=CARTESIAN_POINT('',(-6.9215E0,-1.27E0,-9.91E0));
#4031=LINE('',#4030,#4029);
#4032=CARTESIAN_POINT('',(-6.731E0,-1.27E0,-1.245E1));
#4033=DIRECTION('',(0.E0,0.E0,-1.E0));
#4034=DIRECTION('',(1.E0,0.E0,0.E0));
#4035=AXIS2_PLACEMENT_3D('',#4032,#4033,#4034);
#4037=CARTESIAN_POINT('',(-6.731E0,-1.27E0,-1.245E1));
#4038=DIRECTION('',(0.E0,0.E0,-1.E0));
#4039=DIRECTION('',(-1.E0,0.E0,0.E0));
#4040=AXIS2_PLACEMENT_3D('',#4037,#4038,#4039);
#4042=CARTESIAN_POINT('',(-6.731E0,1.27E0,-1.245E1));
#4043=DIRECTION('',(0.E0,0.E0,-1.E0));
#4044=DIRECTION('',(1.E0,0.E0,0.E0));
#4045=AXIS2_PLACEMENT_3D('',#4042,#4043,#4044);
#4047=CARTESIAN_POINT('',(-6.731E0,1.27E0,-1.245E1));
#4048=DIRECTION('',(0.E0,0.E0,-1.E0));
#4049=DIRECTION('',(-1.E0,0.E0,0.E0));
#4050=AXIS2_PLACEMENT_3D('',#4047,#4048,#4049);
#4052=DIRECTION('',(0.E0,0.E0,-1.E0));
#4053=VECTOR('',#4052,2.54E0);
#4054=CARTESIAN_POINT('',(-6.5405E0,1.27E0,-9.91E0));
#4055=LINE('',#4054,#4053);
#4056=DIRECTION('',(0.E0,0.E0,-1.E0));
#4057=VECTOR('',#4056,2.54E0);
#4058=CARTESIAN_POINT('',(-6.9215E0,1.27E0,-9.91E0));
#4059=LINE('',#4058,#4057);
#4060=DIRECTION('',(0.E0,0.E0,-1.E0));
#4061=VECTOR('',#4060,2.54E0);
#4062=CARTESIAN_POINT('',(-7.8105E0,-1.27E0,-9.91E0));
#4063=LINE('',#4062,#4061);
#4064=DIRECTION('',(0.E0,0.E0,-1.E0));
#4065=VECTOR('',#4064,2.54E0);
#4066=CARTESIAN_POINT('',(-8.1915E0,-1.27E0,-9.91E0));
#4067=LINE('',#4066,#4065);
#4068=CARTESIAN_POINT('',(-8.001E0,-1.27E0,-1.245E1));
#4069=DIRECTION('',(0.E0,0.E0,-1.E0));
#4070=DIRECTION('',(1.E0,0.E0,0.E0));
#4071=AXIS2_PLACEMENT_3D('',#4068,#4069,#4070);
#4073=CARTESIAN_POINT('',(-8.001E0,-1.27E0,-1.245E1));
#4074=DIRECTION('',(0.E0,0.E0,-1.E0));
#4075=DIRECTION('',(-1.E0,0.E0,0.E0));
#4076=AXIS2_PLACEMENT_3D('',#4073,#4074,#4075);
#4078=CARTESIAN_POINT('',(-8.001E0,1.27E0,-1.245E1));
#4079=DIRECTION('',(0.E0,0.E0,-1.E0));
#4080=DIRECTION('',(1.E0,0.E0,0.E0));
#4081=AXIS2_PLACEMENT_3D('',#4078,#4079,#4080);
#4083=CARTESIAN_POINT('',(-8.001E0,1.27E0,-1.245E1));
#4084=DIRECTION('',(0.E0,0.E0,-1.E0));
#4085=DIRECTION('',(-1.E0,0.E0,0.E0));
#4086=AXIS2_PLACEMENT_3D('',#4083,#4084,#4085);
#4088=DIRECTION('',(0.E0,0.E0,-1.E0));
#4089=VECTOR('',#4088,2.54E0);
#4090=CARTESIAN_POINT('',(-7.8105E0,1.27E0,-9.91E0));
#4091=LINE('',#4090,#4089);
#4092=DIRECTION('',(0.E0,0.E0,-1.E0));
#4093=VECTOR('',#4092,2.54E0);
#4094=CARTESIAN_POINT('',(-8.1915E0,1.27E0,-9.91E0));
#4095=LINE('',#4094,#4093);
#4096=DIRECTION('',(0.E0,0.E0,-1.E0));
#4097=VECTOR('',#4096,2.54E0);
#4098=CARTESIAN_POINT('',(-9.0805E0,-1.27E0,-9.91E0));
#4099=LINE('',#4098,#4097);
#4100=DIRECTION('',(0.E0,0.E0,-1.E0));
#4101=VECTOR('',#4100,2.54E0);
#4102=CARTESIAN_POINT('',(-9.4615E0,-1.27E0,-9.91E0));
#4103=LINE('',#4102,#4101);
#4104=CARTESIAN_POINT('',(-9.271E0,-1.27E0,-1.245E1));
#4105=DIRECTION('',(0.E0,0.E0,-1.E0));
#4106=DIRECTION('',(1.E0,0.E0,0.E0));
#4107=AXIS2_PLACEMENT_3D('',#4104,#4105,#4106);
#4109=CARTESIAN_POINT('',(-9.271E0,-1.27E0,-1.245E1));
#4110=DIRECTION('',(0.E0,0.E0,-1.E0));
#4111=DIRECTION('',(-1.E0,0.E0,0.E0));
#4112=AXIS2_PLACEMENT_3D('',#4109,#4110,#4111);
#4114=CARTESIAN_POINT('',(-9.271E0,1.27E0,-1.245E1));
#4115=DIRECTION('',(0.E0,0.E0,-1.E0));
#4116=DIRECTION('',(1.E0,0.E0,0.E0));
#4117=AXIS2_PLACEMENT_3D('',#4114,#4115,#4116);
#4119=CARTESIAN_POINT('',(-9.271E0,1.27E0,-1.245E1));
#4120=DIRECTION('',(0.E0,0.E0,-1.E0));
#4121=DIRECTION('',(-1.E0,0.E0,0.E0));
#4122=AXIS2_PLACEMENT_3D('',#4119,#4120,#4121);
#4124=DIRECTION('',(0.E0,0.E0,-1.E0));
#4125=VECTOR('',#4124,2.54E0);
#4126=CARTESIAN_POINT('',(-9.0805E0,1.27E0,-9.91E0));
#4127=LINE('',#4126,#4125);
#4128=DIRECTION('',(0.E0,0.E0,-1.E0));
#4129=VECTOR('',#4128,2.54E0);
#4130=CARTESIAN_POINT('',(-9.4615E0,1.27E0,-9.91E0));
#4131=LINE('',#4130,#4129);
#4132=DIRECTION('',(0.E0,0.E0,-1.E0));
#4133=VECTOR('',#4132,2.54E0);
#4134=CARTESIAN_POINT('',(-1.03505E1,-1.27E0,-9.91E0));
#4135=LINE('',#4134,#4133);
#4136=DIRECTION('',(0.E0,0.E0,-1.E0));
#4137=VECTOR('',#4136,2.54E0);
#4138=CARTESIAN_POINT('',(-1.07315E1,-1.27E0,-9.91E0));
#4139=LINE('',#4138,#4137);
#4140=CARTESIAN_POINT('',(-1.0541E1,-1.27E0,-1.245E1));
#4141=DIRECTION('',(0.E0,0.E0,-1.E0));
#4142=DIRECTION('',(1.E0,0.E0,0.E0));
#4143=AXIS2_PLACEMENT_3D('',#4140,#4141,#4142);
#4145=CARTESIAN_POINT('',(-1.0541E1,-1.27E0,-1.245E1));
#4146=DIRECTION('',(0.E0,0.E0,-1.E0));
#4147=DIRECTION('',(-1.E0,0.E0,0.E0));
#4148=AXIS2_PLACEMENT_3D('',#4145,#4146,#4147);
#4150=CARTESIAN_POINT('',(-1.0541E1,1.27E0,-1.245E1));
#4151=DIRECTION('',(0.E0,0.E0,-1.E0));
#4152=DIRECTION('',(1.E0,0.E0,0.E0));
#4153=AXIS2_PLACEMENT_3D('',#4150,#4151,#4152);
#4155=CARTESIAN_POINT('',(-1.0541E1,1.27E0,-1.245E1));
#4156=DIRECTION('',(0.E0,0.E0,-1.E0));
#4157=DIRECTION('',(-1.E0,0.E0,0.E0));
#4158=AXIS2_PLACEMENT_3D('',#4155,#4156,#4157);
#4160=DIRECTION('',(0.E0,0.E0,-1.E0));
#4161=VECTOR('',#4160,2.54E0);
#4162=CARTESIAN_POINT('',(-1.03505E1,1.27E0,-9.91E0));
#4163=LINE('',#4162,#4161);
#4164=DIRECTION('',(0.E0,0.E0,-1.E0));
#4165=VECTOR('',#4164,2.54E0);
#4166=CARTESIAN_POINT('',(-1.07315E1,1.27E0,-9.91E0));
#4167=LINE('',#4166,#4165);
#4168=DIRECTION('',(0.E0,0.E0,-1.E0));
#4169=VECTOR('',#4168,2.54E0);
#4170=CARTESIAN_POINT('',(-1.16205E1,-1.27E0,-9.91E0));
#4171=LINE('',#4170,#4169);
#4172=DIRECTION('',(0.E0,0.E0,-1.E0));
#4173=VECTOR('',#4172,2.54E0);
#4174=CARTESIAN_POINT('',(-1.20015E1,-1.27E0,-9.91E0));
#4175=LINE('',#4174,#4173);
#4176=CARTESIAN_POINT('',(-1.1811E1,-1.27E0,-1.245E1));
#4177=DIRECTION('',(0.E0,0.E0,-1.E0));
#4178=DIRECTION('',(1.E0,0.E0,0.E0));
#4179=AXIS2_PLACEMENT_3D('',#4176,#4177,#4178);
#4181=CARTESIAN_POINT('',(-1.1811E1,-1.27E0,-1.245E1));
#4182=DIRECTION('',(0.E0,0.E0,-1.E0));
#4183=DIRECTION('',(-1.E0,0.E0,0.E0));
#4184=AXIS2_PLACEMENT_3D('',#4181,#4182,#4183);
#4186=CARTESIAN_POINT('',(-1.1811E1,1.27E0,-1.245E1));
#4187=DIRECTION('',(0.E0,0.E0,-1.E0));
#4188=DIRECTION('',(1.E0,0.E0,0.E0));
#4189=AXIS2_PLACEMENT_3D('',#4186,#4187,#4188);
#4191=CARTESIAN_POINT('',(-1.1811E1,1.27E0,-1.245E1));
#4192=DIRECTION('',(0.E0,0.E0,-1.E0));
#4193=DIRECTION('',(-1.E0,0.E0,0.E0));
#4194=AXIS2_PLACEMENT_3D('',#4191,#4192,#4193);
#4196=DIRECTION('',(0.E0,0.E0,-1.E0));
#4197=VECTOR('',#4196,2.54E0);
#4198=CARTESIAN_POINT('',(-1.16205E1,1.27E0,-9.91E0));
#4199=LINE('',#4198,#4197);
#4200=DIRECTION('',(0.E0,0.E0,-1.E0));
#4201=VECTOR('',#4200,2.54E0);
#4202=CARTESIAN_POINT('',(-1.20015E1,1.27E0,-9.91E0));
#4203=LINE('',#4202,#4201);
#4204=CARTESIAN_POINT('',(3.81E0,5.1326E0,0.E0));
#4205=CARTESIAN_POINT('',(3.81E0,5.1326E0,-1.545239864500E0));
#4206=VERTEX_POINT('',#4204);
#4207=VERTEX_POINT('',#4205);
#4208=CARTESIAN_POINT('',(-3.81E0,5.1326E0,0.E0));
#4209=CARTESIAN_POINT('',(-3.81E0,5.1326E0,-1.545239864500E0));
#4210=VERTEX_POINT('',#4208);
#4211=VERTEX_POINT('',#4209);
#4212=CARTESIAN_POINT('',(3.81E0,3.605E0,-3.81E0));
#4213=CARTESIAN_POINT('',(3.81E0,3.605E0,0.E0));
#4214=VERTEX_POINT('',#4212);
#4215=VERTEX_POINT('',#4213);
#4216=CARTESIAN_POINT('',(-3.81E0,3.605E0,-3.81E0));
#4217=CARTESIAN_POINT('',(-3.81E0,3.605E0,0.E0));
#4218=VERTEX_POINT('',#4216);
#4219=VERTEX_POINT('',#4217);
#4220=CARTESIAN_POINT('',(-1.435E1,3.605E0,-4.449E0));
#4221=CARTESIAN_POINT('',(-1.435E1,3.605E0,0.E0));
#4222=VERTEX_POINT('',#4220);
#4223=VERTEX_POINT('',#4221);
#4224=CARTESIAN_POINT('',(-1.435E1,-3.605E0,0.E0));
#4225=CARTESIAN_POINT('',(-1.435E1,-3.605E0,-4.449E0));
#4226=VERTEX_POINT('',#4224);
#4227=VERTEX_POINT('',#4225);
#4228=CARTESIAN_POINT('',(1.435E1,3.605E0,-4.449E0));
#4229=CARTESIAN_POINT('',(1.435E1,3.605E0,0.E0));
#4230=VERTEX_POINT('',#4228);
#4231=VERTEX_POINT('',#4229);
#4232=CARTESIAN_POINT('',(1.435E1,-3.605E0,0.E0));
#4233=CARTESIAN_POINT('',(1.435E1,-3.605E0,-4.449E0));
#4234=VERTEX_POINT('',#4232);
#4235=VERTEX_POINT('',#4233);
#4236=CARTESIAN_POINT('',(-1.525E0,3.605E0,-7.366E0));
#4237=CARTESIAN_POINT('',(1.525E0,3.605E0,-7.366E0));
#4238=VERTEX_POINT('',#4236);
#4239=VERTEX_POINT('',#4237);
#4240=CARTESIAN_POINT('',(-1.435E1,1.59E0,0.E0));
#4241=VERTEX_POINT('',#4240);
#4242=CARTESIAN_POINT('',(1.435E1,1.59E0,0.E0));
#4243=VERTEX_POINT('',#4242);
#4244=CARTESIAN_POINT('',(1.57978E1,-3.605E0,-4.449E0));
#4245=CARTESIAN_POINT('',(1.57978E1,-3.605E0,-5.973E0));
#4246=VERTEX_POINT('',#4244);
#4247=VERTEX_POINT('',#4245);
#4248=CARTESIAN_POINT('',(-1.57978E1,-3.605E0,-5.973E0));
#4249=CARTESIAN_POINT('',(-1.57978E1,-3.605E0,-4.449E0));
#4250=VERTEX_POINT('',#4248);
#4251=VERTEX_POINT('',#4249);
#4252=CARTESIAN_POINT('',(1.57978E1,3.605E0,-4.449E0));
#4253=CARTESIAN_POINT('',(1.57978E1,3.605E0,-5.973E0));
#4254=VERTEX_POINT('',#4252);
#4255=VERTEX_POINT('',#4253);
#4256=CARTESIAN_POINT('',(-1.57978E1,3.605E0,-5.973E0));
#4257=CARTESIAN_POINT('',(-1.57978E1,3.605E0,-4.449E0));
#4258=VERTEX_POINT('',#4256);
#4259=VERTEX_POINT('',#4257);
#4260=CARTESIAN_POINT('',(-1.435E1,3.605E0,-5.973E0));
#4261=CARTESIAN_POINT('',(-1.41976E1,3.605E0,-7.422989142824E0));
#4262=VERTEX_POINT('',#4260);
#4263=VERTEX_POINT('',#4261);
#4264=CARTESIAN_POINT('',(1.41976E1,3.605E0,-7.422989142824E0));
#4265=CARTESIAN_POINT('',(1.435E1,3.605E0,-5.973E0));
#4266=VERTEX_POINT('',#4264);
#4267=VERTEX_POINT('',#4265);
#4268=CARTESIAN_POINT('',(-1.435E1,-3.605E0,-5.973E0));
#4269=CARTESIAN_POINT('',(-1.41976E1,-3.605E0,-7.422989142824E0));
#4270=VERTEX_POINT('',#4268);
#4271=VERTEX_POINT('',#4269);
#4272=CARTESIAN_POINT('',(1.41976E1,-3.605E0,-7.422989142824E0));
#4273=CARTESIAN_POINT('',(1.435E1,-3.605E0,-5.973E0));
#4274=VERTEX_POINT('',#4272);
#4275=VERTEX_POINT('',#4273);
#4276=CARTESIAN_POINT('',(-2.794E0,3.605E0,-3.81E0));
#4277=CARTESIAN_POINT('',(-1.525E0,3.605E0,-3.81E0));
#4278=VERTEX_POINT('',#4276);
#4279=VERTEX_POINT('',#4277);
#4280=CARTESIAN_POINT('',(1.525E0,3.605E0,-3.81E0));
#4281=CARTESIAN_POINT('',(2.794E0,3.605E0,-3.81E0));
#4282=VERTEX_POINT('',#4280);
#4283=VERTEX_POINT('',#4281);
#4284=CARTESIAN_POINT('',(2.794E0,5.1326E0,-1.545239864500E0));
#4285=CARTESIAN_POINT('',(-2.794E0,5.1326E0,-1.545239864500E0));
#4286=VERTEX_POINT('',#4284);
#4287=VERTEX_POINT('',#4285);
#4288=CARTESIAN_POINT('',(2.794E0,4.1648E0,-1.545239864500E0));
#4289=CARTESIAN_POINT('',(-2.794E0,4.1648E0,-1.545239864500E0));
#4290=VERTEX_POINT('',#4288);
#4291=VERTEX_POINT('',#4289);
#4292=CARTESIAN_POINT('',(1.3335E1,-2.59E0,-1.524E0));
#4293=CARTESIAN_POINT('',(1.435E1,-2.59E0,-1.524E0));
#4294=VERTEX_POINT('',#4292);
#4295=VERTEX_POINT('',#4293);
#4296=CARTESIAN_POINT('',(-1.435E1,-2.59E0,-1.524E0));
#4297=CARTESIAN_POINT('',(-1.3335E1,-2.59E0,-1.524E0));
#4298=VERTEX_POINT('',#4296);
#4299=VERTEX_POINT('',#4297);
#4300=CARTESIAN_POINT('',(-1.464292834724E1,-1.59E0,-5.6428E0));
#4301=CARTESIAN_POINT('',(-1.472018047212E1,-1.59E0,-5.430551531282E0));
#4302=VERTEX_POINT('',#4300);
#4303=VERTEX_POINT('',#4301);
#4304=CARTESIAN_POINT('',(-1.464292834724E1,1.59E0,-5.6428E0));
#4305=CARTESIAN_POINT('',(-1.472018047212E1,1.59E0,-5.430551531282E0));
#4306=VERTEX_POINT('',#4304);
#4307=VERTEX_POINT('',#4305);
#4308=CARTESIAN_POINT('',(-1.435E1,-1.59E0,-5.973E0));
#4309=CARTESIAN_POINT('',(-1.464292834724E1,-1.59E0,-5.973E0));
#4310=VERTEX_POINT('',#4308);
#4311=VERTEX_POINT('',#4309);
#4312=CARTESIAN_POINT('',(-1.435E1,1.59E0,-5.973E0));
#4313=CARTESIAN_POINT('',(-1.464292834724E1,1.59E0,-5.973E0));
#4314=VERTEX_POINT('',#4312);
#4315=VERTEX_POINT('',#4313);
#4316=CARTESIAN_POINT('',(-1.435E1,-1.59E0,-4.449E0));
#4317=CARTESIAN_POINT('',(-1.55438E1,-1.59E0,-4.449E0));
#4318=VERTEX_POINT('',#4316);
#4319=VERTEX_POINT('',#4317);
#4320=CARTESIAN_POINT('',(-1.435E1,1.59E0,-4.449E0));
#4321=CARTESIAN_POINT('',(-1.55438E1,1.59E0,-4.449E0));
#4322=VERTEX_POINT('',#4320);
#4323=VERTEX_POINT('',#4321);
#4324=CARTESIAN_POINT('',(1.472018047212E1,-1.59E0,-5.430551531282E0));
#4325=CARTESIAN_POINT('',(1.464292834724E1,-1.59E0,-5.6428E0));
#4326=VERTEX_POINT('',#4324);
#4327=VERTEX_POINT('',#4325);
#4328=CARTESIAN_POINT('',(1.472018047212E1,1.59E0,-5.430551531282E0));
#4329=CARTESIAN_POINT('',(1.464292834724E1,1.59E0,-5.6428E0));
#4330=VERTEX_POINT('',#4328);
#4331=VERTEX_POINT('',#4329);
#4332=CARTESIAN_POINT('',(1.435E1,-1.59E0,-4.449E0));
#4333=CARTESIAN_POINT('',(1.55438E1,-1.59E0,-4.449E0));
#4334=VERTEX_POINT('',#4332);
#4335=VERTEX_POINT('',#4333);
#4336=CARTESIAN_POINT('',(1.435E1,1.59E0,-4.449E0));
#4337=CARTESIAN_POINT('',(1.55438E1,1.59E0,-4.449E0));
#4338=VERTEX_POINT('',#4336);
#4339=VERTEX_POINT('',#4337);
#4340=CARTESIAN_POINT('',(1.435E1,-1.59E0,-5.973E0));
#4341=CARTESIAN_POINT('',(1.464292834724E1,-1.59E0,-5.973E0));
#4342=VERTEX_POINT('',#4340);
#4343=VERTEX_POINT('',#4341);
#4344=CARTESIAN_POINT('',(1.435E1,1.59E0,-5.973E0));
#4345=CARTESIAN_POINT('',(1.464292834724E1,1.59E0,-5.973E0));
#4346=VERTEX_POINT('',#4344);
#4347=VERTEX_POINT('',#4345);
#4348=CARTESIAN_POINT('',(-1.41976E1,3.605E0,-8.894E0));
#4349=CARTESIAN_POINT('',(1.41976E1,3.605E0,-8.894E0));
#4350=VERTEX_POINT('',#4348);
#4351=VERTEX_POINT('',#4349);
#4352=CARTESIAN_POINT('',(-1.41976E1,-3.5034E0,-9.91E0));
#4353=CARTESIAN_POINT('',(1.41976E1,-3.5034E0,-9.91E0));
#4354=VERTEX_POINT('',#4352);
#4355=VERTEX_POINT('',#4353);
#4356=CARTESIAN_POINT('',(-1.41976E1,3.5034E0,-9.91E0));
#4357=CARTESIAN_POINT('',(1.41976E1,3.5034E0,-9.91E0));
#4358=VERTEX_POINT('',#4356);
#4359=VERTEX_POINT('',#4357);
#4360=CARTESIAN_POINT('',(-1.41976E1,-3.605E0,-8.894E0));
#4361=CARTESIAN_POINT('',(1.41976E1,-3.605E0,-8.894E0));
#4362=VERTEX_POINT('',#4360);
#4363=VERTEX_POINT('',#4361);
#4364=CARTESIAN_POINT('',(-1.41976E1,-3.5034E0,-8.894E0));
#4365=VERTEX_POINT('',#4364);
#4366=CARTESIAN_POINT('',(-1.41976E1,3.5034E0,-8.894E0));
#4367=VERTEX_POINT('',#4366);
#4368=CARTESIAN_POINT('',(1.41976E1,-3.5034E0,-8.894E0));
#4369=VERTEX_POINT('',#4368);
#4370=CARTESIAN_POINT('',(1.41976E1,3.5034E0,-8.894E0));
#4371=VERTEX_POINT('',#4370);
#4372=CARTESIAN_POINT('',(1.435E1,-1.59E0,-2.032E0));
#4373=CARTESIAN_POINT('',(1.435E1,-1.883293936748E0,-1.524E0));
#4374=VERTEX_POINT('',#4372);
#4375=VERTEX_POINT('',#4373);
#4376=CARTESIAN_POINT('',(1.3335E1,-1.883293936748E0,-1.524E0));
#4377=VERTEX_POINT('',#4376);
#4378=CARTESIAN_POINT('',(1.3335E1,-1.59E0,-2.032E0));
#4379=VERTEX_POINT('',#4378);
#4380=CARTESIAN_POINT('',(-1.3335E1,-1.59E0,-2.032E0));
#4381=CARTESIAN_POINT('',(-1.3335E1,-1.883293936748E0,-1.524E0));
#4382=VERTEX_POINT('',#4380);
#4383=VERTEX_POINT('',#4381);
#4384=CARTESIAN_POINT('',(-1.435E1,-1.883293936748E0,-1.524E0));
#4385=VERTEX_POINT('',#4384);
#4386=CARTESIAN_POINT('',(-1.435E1,-1.59E0,-2.032E0));
#4387=VERTEX_POINT('',#4386);
#4388=CARTESIAN_POINT('',(1.1683E1,3.351E0,0.E0));
#4389=CARTESIAN_POINT('',(1.2445E1,3.351E0,0.E0));
#4390=VERTEX_POINT('',#4388);
#4391=VERTEX_POINT('',#4389);
#4392=CARTESIAN_POINT('',(1.2445E1,3.605E0,0.E0));
#4393=VERTEX_POINT('',#4392);
#4394=CARTESIAN_POINT('',(1.1683E1,3.605E0,0.E0));
#4395=VERTEX_POINT('',#4394);
#4396=CARTESIAN_POINT('',(1.2064E1,3.605E0,-1.421911357684E0));
#4397=VERTEX_POINT('',#4396);
#4398=CARTESIAN_POINT('',(1.2064E1,3.351E0,-1.421911357684E0));
#4399=VERTEX_POINT('',#4398);
#4400=CARTESIAN_POINT('',(1.21285E1,1.4605E0,-4.191E0));
#4401=CARTESIAN_POINT('',(1.21285E1,1.0795E0,-4.191E0));
#4402=VERTEX_POINT('',#4400);
#4403=VERTEX_POINT('',#4401);
#4404=CARTESIAN_POINT('',(1.25095E1,1.0795E0,-4.191E0));
#4405=VERTEX_POINT('',#4404);
#4406=CARTESIAN_POINT('',(1.25095E1,1.4605E0,-4.191E0));
#4407=VERTEX_POINT('',#4406);
#4408=CARTESIAN_POINT('',(1.21285E1,-1.0795E0,-4.191E0));
#4409=CARTESIAN_POINT('',(1.21285E1,-1.4605E0,-4.191E0));
#4410=VERTEX_POINT('',#4408);
#4411=VERTEX_POINT('',#4409);
#4412=CARTESIAN_POINT('',(1.25095E1,-1.4605E0,-4.191E0));
#4413=VERTEX_POINT('',#4412);
#4414=CARTESIAN_POINT('',(1.25095E1,-1.0795E0,-4.191E0));
#4415=VERTEX_POINT('',#4414);
#4416=CARTESIAN_POINT('',(1.21285E1,1.4605E0,-7.366E0));
#4417=CARTESIAN_POINT('',(1.21285E1,1.0795E0,-7.366E0));
#4418=VERTEX_POINT('',#4416);
#4419=VERTEX_POINT('',#4417);
#4420=CARTESIAN_POINT('',(1.25095E1,1.0795E0,-7.366E0));
#4421=VERTEX_POINT('',#4420);
#4422=CARTESIAN_POINT('',(1.25095E1,1.4605E0,-7.366E0));
#4423=VERTEX_POINT('',#4422);
#4424=CARTESIAN_POINT('',(1.21285E1,-1.0795E0,-7.366E0));
#4425=CARTESIAN_POINT('',(1.21285E1,-1.4605E0,-7.366E0));
#4426=VERTEX_POINT('',#4424);
#4427=VERTEX_POINT('',#4425);
#4428=CARTESIAN_POINT('',(1.25095E1,-1.4605E0,-7.366E0));
#4429=VERTEX_POINT('',#4428);
#4430=CARTESIAN_POINT('',(1.25095E1,-1.0795E0,-7.366E0));
#4431=VERTEX_POINT('',#4430);
#4432=CARTESIAN_POINT('',(1.08585E1,1.4605E0,-4.191E0));
#4433=CARTESIAN_POINT('',(1.08585E1,1.0795E0,-4.191E0));
#4434=VERTEX_POINT('',#4432);
#4435=VERTEX_POINT('',#4433);
#4436=CARTESIAN_POINT('',(1.12395E1,1.0795E0,-4.191E0));
#4437=VERTEX_POINT('',#4436);
#4438=CARTESIAN_POINT('',(1.12395E1,1.4605E0,-4.191E0));
#4439=VERTEX_POINT('',#4438);
#4440=CARTESIAN_POINT('',(1.08585E1,-1.0795E0,-4.191E0));
#4441=CARTESIAN_POINT('',(1.08585E1,-1.4605E0,-4.191E0));
#4442=VERTEX_POINT('',#4440);
#4443=VERTEX_POINT('',#4441);
#4444=CARTESIAN_POINT('',(1.12395E1,-1.4605E0,-4.191E0));
#4445=VERTEX_POINT('',#4444);
#4446=CARTESIAN_POINT('',(1.12395E1,-1.0795E0,-4.191E0));
#4447=VERTEX_POINT('',#4446);
#4448=CARTESIAN_POINT('',(1.08585E1,1.4605E0,-7.366E0));
#4449=CARTESIAN_POINT('',(1.08585E1,1.0795E0,-7.366E0));
#4450=VERTEX_POINT('',#4448);
#4451=VERTEX_POINT('',#4449);
#4452=CARTESIAN_POINT('',(1.12395E1,1.0795E0,-7.366E0));
#4453=VERTEX_POINT('',#4452);
#4454=CARTESIAN_POINT('',(1.12395E1,1.4605E0,-7.366E0));
#4455=VERTEX_POINT('',#4454);
#4456=CARTESIAN_POINT('',(1.08585E1,-1.0795E0,-7.366E0));
#4457=CARTESIAN_POINT('',(1.08585E1,-1.4605E0,-7.366E0));
#4458=VERTEX_POINT('',#4456);
#4459=VERTEX_POINT('',#4457);
#4460=CARTESIAN_POINT('',(1.12395E1,-1.4605E0,-7.366E0));
#4461=VERTEX_POINT('',#4460);
#4462=CARTESIAN_POINT('',(1.12395E1,-1.0795E0,-7.366E0));
#4463=VERTEX_POINT('',#4462);
#4464=CARTESIAN_POINT('',(9.5885E0,1.4605E0,-4.191E0));
#4465=CARTESIAN_POINT('',(9.5885E0,1.0795E0,-4.191E0));
#4466=VERTEX_POINT('',#4464);
#4467=VERTEX_POINT('',#4465);
#4468=CARTESIAN_POINT('',(9.9695E0,1.0795E0,-4.191E0));
#4469=VERTEX_POINT('',#4468);
#4470=CARTESIAN_POINT('',(9.9695E0,1.4605E0,-4.191E0));
#4471=VERTEX_POINT('',#4470);
#4472=CARTESIAN_POINT('',(9.5885E0,-1.0795E0,-4.191E0));
#4473=CARTESIAN_POINT('',(9.5885E0,-1.4605E0,-4.191E0));
#4474=VERTEX_POINT('',#4472);
#4475=VERTEX_POINT('',#4473);
#4476=CARTESIAN_POINT('',(9.9695E0,-1.4605E0,-4.191E0));
#4477=VERTEX_POINT('',#4476);
#4478=CARTESIAN_POINT('',(9.9695E0,-1.0795E0,-4.191E0));
#4479=VERTEX_POINT('',#4478);
#4480=CARTESIAN_POINT('',(9.5885E0,1.4605E0,-7.366E0));
#4481=CARTESIAN_POINT('',(9.5885E0,1.0795E0,-7.366E0));
#4482=VERTEX_POINT('',#4480);
#4483=VERTEX_POINT('',#4481);
#4484=CARTESIAN_POINT('',(9.9695E0,1.0795E0,-7.366E0));
#4485=VERTEX_POINT('',#4484);
#4486=CARTESIAN_POINT('',(9.9695E0,1.4605E0,-7.366E0));
#4487=VERTEX_POINT('',#4486);
#4488=CARTESIAN_POINT('',(9.5885E0,-1.0795E0,-7.366E0));
#4489=CARTESIAN_POINT('',(9.5885E0,-1.4605E0,-7.366E0));
#4490=VERTEX_POINT('',#4488);
#4491=VERTEX_POINT('',#4489);
#4492=CARTESIAN_POINT('',(9.9695E0,-1.4605E0,-7.366E0));
#4493=VERTEX_POINT('',#4492);
#4494=CARTESIAN_POINT('',(9.9695E0,-1.0795E0,-7.366E0));
#4495=VERTEX_POINT('',#4494);
#4496=CARTESIAN_POINT('',(8.3185E0,1.4605E0,-4.191E0));
#4497=CARTESIAN_POINT('',(8.3185E0,1.0795E0,-4.191E0));
#4498=VERTEX_POINT('',#4496);
#4499=VERTEX_POINT('',#4497);
#4500=CARTESIAN_POINT('',(8.6995E0,1.0795E0,-4.191E0));
#4501=VERTEX_POINT('',#4500);
#4502=CARTESIAN_POINT('',(8.6995E0,1.4605E0,-4.191E0));
#4503=VERTEX_POINT('',#4502);
#4504=CARTESIAN_POINT('',(8.3185E0,-1.0795E0,-4.191E0));
#4505=CARTESIAN_POINT('',(8.3185E0,-1.4605E0,-4.191E0));
#4506=VERTEX_POINT('',#4504);
#4507=VERTEX_POINT('',#4505);
#4508=CARTESIAN_POINT('',(8.6995E0,-1.4605E0,-4.191E0));
#4509=VERTEX_POINT('',#4508);
#4510=CARTESIAN_POINT('',(8.6995E0,-1.0795E0,-4.191E0));
#4511=VERTEX_POINT('',#4510);
#4512=CARTESIAN_POINT('',(8.3185E0,1.4605E0,-7.366E0));
#4513=CARTESIAN_POINT('',(8.3185E0,1.0795E0,-7.366E0));
#4514=VERTEX_POINT('',#4512);
#4515=VERTEX_POINT('',#4513);
#4516=CARTESIAN_POINT('',(8.6995E0,1.0795E0,-7.366E0));
#4517=VERTEX_POINT('',#4516);
#4518=CARTESIAN_POINT('',(8.6995E0,1.4605E0,-7.366E0));
#4519=VERTEX_POINT('',#4518);
#4520=CARTESIAN_POINT('',(8.3185E0,-1.0795E0,-7.366E0));
#4521=CARTESIAN_POINT('',(8.3185E0,-1.4605E0,-7.366E0));
#4522=VERTEX_POINT('',#4520);
#4523=VERTEX_POINT('',#4521);
#4524=CARTESIAN_POINT('',(8.6995E0,-1.4605E0,-7.366E0));
#4525=VERTEX_POINT('',#4524);
#4526=CARTESIAN_POINT('',(8.6995E0,-1.0795E0,-7.366E0));
#4527=VERTEX_POINT('',#4526);
#4528=CARTESIAN_POINT('',(7.0485E0,1.4605E0,-4.191E0));
#4529=CARTESIAN_POINT('',(7.0485E0,1.0795E0,-4.191E0));
#4530=VERTEX_POINT('',#4528);
#4531=VERTEX_POINT('',#4529);
#4532=CARTESIAN_POINT('',(7.4295E0,1.0795E0,-4.191E0));
#4533=VERTEX_POINT('',#4532);
#4534=CARTESIAN_POINT('',(7.4295E0,1.4605E0,-4.191E0));
#4535=VERTEX_POINT('',#4534);
#4536=CARTESIAN_POINT('',(7.0485E0,-1.0795E0,-4.191E0));
#4537=CARTESIAN_POINT('',(7.0485E0,-1.4605E0,-4.191E0));
#4538=VERTEX_POINT('',#4536);
#4539=VERTEX_POINT('',#4537);
#4540=CARTESIAN_POINT('',(7.4295E0,-1.4605E0,-4.191E0));
#4541=VERTEX_POINT('',#4540);
#4542=CARTESIAN_POINT('',(7.4295E0,-1.0795E0,-4.191E0));
#4543=VERTEX_POINT('',#4542);
#4544=CARTESIAN_POINT('',(7.0485E0,1.4605E0,-7.366E0));
#4545=CARTESIAN_POINT('',(7.0485E0,1.0795E0,-7.366E0));
#4546=VERTEX_POINT('',#4544);
#4547=VERTEX_POINT('',#4545);
#4548=CARTESIAN_POINT('',(7.4295E0,1.0795E0,-7.366E0));
#4549=VERTEX_POINT('',#4548);
#4550=CARTESIAN_POINT('',(7.4295E0,1.4605E0,-7.366E0));
#4551=VERTEX_POINT('',#4550);
#4552=CARTESIAN_POINT('',(7.0485E0,-1.0795E0,-7.366E0));
#4553=CARTESIAN_POINT('',(7.0485E0,-1.4605E0,-7.366E0));
#4554=VERTEX_POINT('',#4552);
#4555=VERTEX_POINT('',#4553);
#4556=CARTESIAN_POINT('',(7.4295E0,-1.4605E0,-7.366E0));
#4557=VERTEX_POINT('',#4556);
#4558=CARTESIAN_POINT('',(7.4295E0,-1.0795E0,-7.366E0));
#4559=VERTEX_POINT('',#4558);
#4560=CARTESIAN_POINT('',(5.7785E0,1.4605E0,-4.191E0));
#4561=CARTESIAN_POINT('',(5.7785E0,1.0795E0,-4.191E0));
#4562=VERTEX_POINT('',#4560);
#4563=VERTEX_POINT('',#4561);
#4564=CARTESIAN_POINT('',(6.1595E0,1.0795E0,-4.191E0));
#4565=VERTEX_POINT('',#4564);
#4566=CARTESIAN_POINT('',(6.1595E0,1.4605E0,-4.191E0));
#4567=VERTEX_POINT('',#4566);
#4568=CARTESIAN_POINT('',(5.7785E0,-1.0795E0,-4.191E0));
#4569=CARTESIAN_POINT('',(5.7785E0,-1.4605E0,-4.191E0));
#4570=VERTEX_POINT('',#4568);
#4571=VERTEX_POINT('',#4569);
#4572=CARTESIAN_POINT('',(6.1595E0,-1.4605E0,-4.191E0));
#4573=VERTEX_POINT('',#4572);
#4574=CARTESIAN_POINT('',(6.1595E0,-1.0795E0,-4.191E0));
#4575=VERTEX_POINT('',#4574);
#4576=CARTESIAN_POINT('',(5.7785E0,1.4605E0,-7.366E0));
#4577=CARTESIAN_POINT('',(5.7785E0,1.0795E0,-7.366E0));
#4578=VERTEX_POINT('',#4576);
#4579=VERTEX_POINT('',#4577);
#4580=CARTESIAN_POINT('',(6.1595E0,1.0795E0,-7.366E0));
#4581=VERTEX_POINT('',#4580);
#4582=CARTESIAN_POINT('',(6.1595E0,1.4605E0,-7.366E0));
#4583=VERTEX_POINT('',#4582);
#4584=CARTESIAN_POINT('',(5.7785E0,-1.0795E0,-7.366E0));
#4585=CARTESIAN_POINT('',(5.7785E0,-1.4605E0,-7.366E0));
#4586=VERTEX_POINT('',#4584);
#4587=VERTEX_POINT('',#4585);
#4588=CARTESIAN_POINT('',(6.1595E0,-1.4605E0,-7.366E0));
#4589=VERTEX_POINT('',#4588);
#4590=CARTESIAN_POINT('',(6.1595E0,-1.0795E0,-7.366E0));
#4591=VERTEX_POINT('',#4590);
#4592=CARTESIAN_POINT('',(4.5085E0,1.4605E0,-4.191E0));
#4593=CARTESIAN_POINT('',(4.5085E0,1.0795E0,-4.191E0));
#4594=VERTEX_POINT('',#4592);
#4595=VERTEX_POINT('',#4593);
#4596=CARTESIAN_POINT('',(4.8895E0,1.0795E0,-4.191E0));
#4597=VERTEX_POINT('',#4596);
#4598=CARTESIAN_POINT('',(4.8895E0,1.4605E0,-4.191E0));
#4599=VERTEX_POINT('',#4598);
#4600=CARTESIAN_POINT('',(4.5085E0,-1.0795E0,-4.191E0));
#4601=CARTESIAN_POINT('',(4.5085E0,-1.4605E0,-4.191E0));
#4602=VERTEX_POINT('',#4600);
#4603=VERTEX_POINT('',#4601);
#4604=CARTESIAN_POINT('',(4.8895E0,-1.4605E0,-4.191E0));
#4605=VERTEX_POINT('',#4604);
#4606=CARTESIAN_POINT('',(4.8895E0,-1.0795E0,-4.191E0));
#4607=VERTEX_POINT('',#4606);
#4608=CARTESIAN_POINT('',(4.5085E0,1.4605E0,-7.366E0));
#4609=CARTESIAN_POINT('',(4.5085E0,1.0795E0,-7.366E0));
#4610=VERTEX_POINT('',#4608);
#4611=VERTEX_POINT('',#4609);
#4612=CARTESIAN_POINT('',(4.8895E0,1.0795E0,-7.366E0));
#4613=VERTEX_POINT('',#4612);
#4614=CARTESIAN_POINT('',(4.8895E0,1.4605E0,-7.366E0));
#4615=VERTEX_POINT('',#4614);
#4616=CARTESIAN_POINT('',(4.5085E0,-1.0795E0,-7.366E0));
#4617=CARTESIAN_POINT('',(4.5085E0,-1.4605E0,-7.366E0));
#4618=VERTEX_POINT('',#4616);
#4619=VERTEX_POINT('',#4617);
#4620=CARTESIAN_POINT('',(4.8895E0,-1.4605E0,-7.366E0));
#4621=VERTEX_POINT('',#4620);
#4622=CARTESIAN_POINT('',(4.8895E0,-1.0795E0,-7.366E0));
#4623=VERTEX_POINT('',#4622);
#4624=CARTESIAN_POINT('',(3.2385E0,1.4605E0,-4.191E0));
#4625=CARTESIAN_POINT('',(3.2385E0,1.0795E0,-4.191E0));
#4626=VERTEX_POINT('',#4624);
#4627=VERTEX_POINT('',#4625);
#4628=CARTESIAN_POINT('',(3.6195E0,1.0795E0,-4.191E0));
#4629=VERTEX_POINT('',#4628);
#4630=CARTESIAN_POINT('',(3.6195E0,1.4605E0,-4.191E0));
#4631=VERTEX_POINT('',#4630);
#4632=CARTESIAN_POINT('',(3.2385E0,-1.0795E0,-4.191E0));
#4633=CARTESIAN_POINT('',(3.2385E0,-1.4605E0,-4.191E0));
#4634=VERTEX_POINT('',#4632);
#4635=VERTEX_POINT('',#4633);
#4636=CARTESIAN_POINT('',(3.6195E0,-1.4605E0,-4.191E0));
#4637=VERTEX_POINT('',#4636);
#4638=CARTESIAN_POINT('',(3.6195E0,-1.0795E0,-4.191E0));
#4639=VERTEX_POINT('',#4638);
#4640=CARTESIAN_POINT('',(3.2385E0,1.4605E0,-7.366E0));
#4641=CARTESIAN_POINT('',(3.2385E0,1.0795E0,-7.366E0));
#4642=VERTEX_POINT('',#4640);
#4643=VERTEX_POINT('',#4641);
#4644=CARTESIAN_POINT('',(3.6195E0,1.0795E0,-7.366E0));
#4645=VERTEX_POINT('',#4644);
#4646=CARTESIAN_POINT('',(3.6195E0,1.4605E0,-7.366E0));
#4647=VERTEX_POINT('',#4646);
#4648=CARTESIAN_POINT('',(3.2385E0,-1.0795E0,-7.366E0));
#4649=CARTESIAN_POINT('',(3.2385E0,-1.4605E0,-7.366E0));
#4650=VERTEX_POINT('',#4648);
#4651=VERTEX_POINT('',#4649);
#4652=CARTESIAN_POINT('',(3.6195E0,-1.4605E0,-7.366E0));
#4653=VERTEX_POINT('',#4652);
#4654=CARTESIAN_POINT('',(3.6195E0,-1.0795E0,-7.366E0));
#4655=VERTEX_POINT('',#4654);
#4656=CARTESIAN_POINT('',(1.9685E0,1.4605E0,-4.191E0));
#4657=CARTESIAN_POINT('',(1.9685E0,1.0795E0,-4.191E0));
#4658=VERTEX_POINT('',#4656);
#4659=VERTEX_POINT('',#4657);
#4660=CARTESIAN_POINT('',(2.3495E0,1.0795E0,-4.191E0));
#4661=VERTEX_POINT('',#4660);
#4662=CARTESIAN_POINT('',(2.3495E0,1.4605E0,-4.191E0));
#4663=VERTEX_POINT('',#4662);
#4664=CARTESIAN_POINT('',(1.9685E0,-1.0795E0,-4.191E0));
#4665=CARTESIAN_POINT('',(1.9685E0,-1.4605E0,-4.191E0));
#4666=VERTEX_POINT('',#4664);
#4667=VERTEX_POINT('',#4665);
#4668=CARTESIAN_POINT('',(2.3495E0,-1.4605E0,-4.191E0));
#4669=VERTEX_POINT('',#4668);
#4670=CARTESIAN_POINT('',(2.3495E0,-1.0795E0,-4.191E0));
#4671=VERTEX_POINT('',#4670);
#4672=CARTESIAN_POINT('',(1.9685E0,1.4605E0,-7.366E0));
#4673=CARTESIAN_POINT('',(1.9685E0,1.0795E0,-7.366E0));
#4674=VERTEX_POINT('',#4672);
#4675=VERTEX_POINT('',#4673);
#4676=CARTESIAN_POINT('',(2.3495E0,1.0795E0,-7.366E0));
#4677=VERTEX_POINT('',#4676);
#4678=CARTESIAN_POINT('',(2.3495E0,1.4605E0,-7.366E0));
#4679=VERTEX_POINT('',#4678);
#4680=CARTESIAN_POINT('',(1.9685E0,-1.0795E0,-7.366E0));
#4681=CARTESIAN_POINT('',(1.9685E0,-1.4605E0,-7.366E0));
#4682=VERTEX_POINT('',#4680);
#4683=VERTEX_POINT('',#4681);
#4684=CARTESIAN_POINT('',(2.3495E0,-1.4605E0,-7.366E0));
#4685=VERTEX_POINT('',#4684);
#4686=CARTESIAN_POINT('',(2.3495E0,-1.0795E0,-7.366E0));
#4687=VERTEX_POINT('',#4686);
#4688=CARTESIAN_POINT('',(6.985E-1,1.4605E0,-4.191E0));
#4689=CARTESIAN_POINT('',(6.985E-1,1.0795E0,-4.191E0));
#4690=VERTEX_POINT('',#4688);
#4691=VERTEX_POINT('',#4689);
#4692=CARTESIAN_POINT('',(1.0795E0,1.0795E0,-4.191E0));
#4693=VERTEX_POINT('',#4692);
#4694=CARTESIAN_POINT('',(1.0795E0,1.4605E0,-4.191E0));
#4695=VERTEX_POINT('',#4694);
#4696=CARTESIAN_POINT('',(6.985E-1,-1.0795E0,-4.191E0));
#4697=CARTESIAN_POINT('',(6.985E-1,-1.4605E0,-4.191E0));
#4698=VERTEX_POINT('',#4696);
#4699=VERTEX_POINT('',#4697);
#4700=CARTESIAN_POINT('',(1.0795E0,-1.4605E0,-4.191E0));
#4701=VERTEX_POINT('',#4700);
#4702=CARTESIAN_POINT('',(1.0795E0,-1.0795E0,-4.191E0));
#4703=VERTEX_POINT('',#4702);
#4704=CARTESIAN_POINT('',(6.985E-1,1.4605E0,-7.366E0));
#4705=CARTESIAN_POINT('',(6.985E-1,1.0795E0,-7.366E0));
#4706=VERTEX_POINT('',#4704);
#4707=VERTEX_POINT('',#4705);
#4708=CARTESIAN_POINT('',(1.0795E0,1.0795E0,-7.366E0));
#4709=VERTEX_POINT('',#4708);
#4710=CARTESIAN_POINT('',(1.0795E0,1.4605E0,-7.366E0));
#4711=VERTEX_POINT('',#4710);
#4712=CARTESIAN_POINT('',(6.985E-1,-1.0795E0,-7.366E0));
#4713=CARTESIAN_POINT('',(6.985E-1,-1.4605E0,-7.366E0));
#4714=VERTEX_POINT('',#4712);
#4715=VERTEX_POINT('',#4713);
#4716=CARTESIAN_POINT('',(1.0795E0,-1.4605E0,-7.366E0));
#4717=VERTEX_POINT('',#4716);
#4718=CARTESIAN_POINT('',(1.0795E0,-1.0795E0,-7.366E0));
#4719=VERTEX_POINT('',#4718);
#4720=CARTESIAN_POINT('',(-5.715E-1,1.4605E0,-4.191E0));
#4721=CARTESIAN_POINT('',(-5.715E-1,1.0795E0,-4.191E0));
#4722=VERTEX_POINT('',#4720);
#4723=VERTEX_POINT('',#4721);
#4724=CARTESIAN_POINT('',(-1.905E-1,1.0795E0,-4.191E0));
#4725=VERTEX_POINT('',#4724);
#4726=CARTESIAN_POINT('',(-1.905E-1,1.4605E0,-4.191E0));
#4727=VERTEX_POINT('',#4726);
#4728=CARTESIAN_POINT('',(-5.715E-1,-1.0795E0,-4.191E0));
#4729=CARTESIAN_POINT('',(-5.715E-1,-1.4605E0,-4.191E0));
#4730=VERTEX_POINT('',#4728);
#4731=VERTEX_POINT('',#4729);
#4732=CARTESIAN_POINT('',(-1.905E-1,-1.4605E0,-4.191E0));
#4733=VERTEX_POINT('',#4732);
#4734=CARTESIAN_POINT('',(-1.905E-1,-1.0795E0,-4.191E0));
#4735=VERTEX_POINT('',#4734);
#4736=CARTESIAN_POINT('',(-5.715E-1,1.4605E0,-7.366E0));
#4737=CARTESIAN_POINT('',(-5.715E-1,1.0795E0,-7.366E0));
#4738=VERTEX_POINT('',#4736);
#4739=VERTEX_POINT('',#4737);
#4740=CARTESIAN_POINT('',(-1.905E-1,1.0795E0,-7.366E0));
#4741=VERTEX_POINT('',#4740);
#4742=CARTESIAN_POINT('',(-1.905E-1,1.4605E0,-7.366E0));
#4743=VERTEX_POINT('',#4742);
#4744=CARTESIAN_POINT('',(-5.715E-1,-1.0795E0,-7.366E0));
#4745=CARTESIAN_POINT('',(-5.715E-1,-1.4605E0,-7.366E0));
#4746=VERTEX_POINT('',#4744);
#4747=VERTEX_POINT('',#4745);
#4748=CARTESIAN_POINT('',(-1.905E-1,-1.4605E0,-7.366E0));
#4749=VERTEX_POINT('',#4748);
#4750=CARTESIAN_POINT('',(-1.905E-1,-1.0795E0,-7.366E0));
#4751=VERTEX_POINT('',#4750);
#4752=CARTESIAN_POINT('',(-1.8415E0,1.4605E0,-4.191E0));
#4753=CARTESIAN_POINT('',(-1.8415E0,1.0795E0,-4.191E0));
#4754=VERTEX_POINT('',#4752);
#4755=VERTEX_POINT('',#4753);
#4756=CARTESIAN_POINT('',(-1.4605E0,1.0795E0,-4.191E0));
#4757=VERTEX_POINT('',#4756);
#4758=CARTESIAN_POINT('',(-1.4605E0,1.4605E0,-4.191E0));
#4759=VERTEX_POINT('',#4758);
#4760=CARTESIAN_POINT('',(-1.8415E0,-1.0795E0,-4.191E0));
#4761=CARTESIAN_POINT('',(-1.8415E0,-1.4605E0,-4.191E0));
#4762=VERTEX_POINT('',#4760);
#4763=VERTEX_POINT('',#4761);
#4764=CARTESIAN_POINT('',(-1.4605E0,-1.4605E0,-4.191E0));
#4765=VERTEX_POINT('',#4764);
#4766=CARTESIAN_POINT('',(-1.4605E0,-1.0795E0,-4.191E0));
#4767=VERTEX_POINT('',#4766);
#4768=CARTESIAN_POINT('',(-1.8415E0,1.4605E0,-7.366E0));
#4769=CARTESIAN_POINT('',(-1.8415E0,1.0795E0,-7.366E0));
#4770=VERTEX_POINT('',#4768);
#4771=VERTEX_POINT('',#4769);
#4772=CARTESIAN_POINT('',(-1.4605E0,1.0795E0,-7.366E0));
#4773=VERTEX_POINT('',#4772);
#4774=CARTESIAN_POINT('',(-1.4605E0,1.4605E0,-7.366E0));
#4775=VERTEX_POINT('',#4774);
#4776=CARTESIAN_POINT('',(-1.8415E0,-1.0795E0,-7.366E0));
#4777=CARTESIAN_POINT('',(-1.8415E0,-1.4605E0,-7.366E0));
#4778=VERTEX_POINT('',#4776);
#4779=VERTEX_POINT('',#4777);
#4780=CARTESIAN_POINT('',(-1.4605E0,-1.4605E0,-7.366E0));
#4781=VERTEX_POINT('',#4780);
#4782=CARTESIAN_POINT('',(-1.4605E0,-1.0795E0,-7.366E0));
#4783=VERTEX_POINT('',#4782);
#4784=CARTESIAN_POINT('',(-3.1115E0,1.4605E0,-4.191E0));
#4785=CARTESIAN_POINT('',(-3.1115E0,1.0795E0,-4.191E0));
#4786=VERTEX_POINT('',#4784);
#4787=VERTEX_POINT('',#4785);
#4788=CARTESIAN_POINT('',(-2.7305E0,1.0795E0,-4.191E0));
#4789=VERTEX_POINT('',#4788);
#4790=CARTESIAN_POINT('',(-2.7305E0,1.4605E0,-4.191E0));
#4791=VERTEX_POINT('',#4790);
#4792=CARTESIAN_POINT('',(-3.1115E0,-1.0795E0,-4.191E0));
#4793=CARTESIAN_POINT('',(-3.1115E0,-1.4605E0,-4.191E0));
#4794=VERTEX_POINT('',#4792);
#4795=VERTEX_POINT('',#4793);
#4796=CARTESIAN_POINT('',(-2.7305E0,-1.4605E0,-4.191E0));
#4797=VERTEX_POINT('',#4796);
#4798=CARTESIAN_POINT('',(-2.7305E0,-1.0795E0,-4.191E0));
#4799=VERTEX_POINT('',#4798);
#4800=CARTESIAN_POINT('',(-3.1115E0,1.4605E0,-7.366E0));
#4801=CARTESIAN_POINT('',(-3.1115E0,1.0795E0,-7.366E0));
#4802=VERTEX_POINT('',#4800);
#4803=VERTEX_POINT('',#4801);
#4804=CARTESIAN_POINT('',(-2.7305E0,1.0795E0,-7.366E0));
#4805=VERTEX_POINT('',#4804);
#4806=CARTESIAN_POINT('',(-2.7305E0,1.4605E0,-7.366E0));
#4807=VERTEX_POINT('',#4806);
#4808=CARTESIAN_POINT('',(-3.1115E0,-1.0795E0,-7.366E0));
#4809=CARTESIAN_POINT('',(-3.1115E0,-1.4605E0,-7.366E0));
#4810=VERTEX_POINT('',#4808);
#4811=VERTEX_POINT('',#4809);
#4812=CARTESIAN_POINT('',(-2.7305E0,-1.4605E0,-7.366E0));
#4813=VERTEX_POINT('',#4812);
#4814=CARTESIAN_POINT('',(-2.7305E0,-1.0795E0,-7.366E0));
#4815=VERTEX_POINT('',#4814);
#4816=CARTESIAN_POINT('',(-4.3815E0,1.4605E0,-4.191E0));
#4817=CARTESIAN_POINT('',(-4.3815E0,1.0795E0,-4.191E0));
#4818=VERTEX_POINT('',#4816);
#4819=VERTEX_POINT('',#4817);
#4820=CARTESIAN_POINT('',(-4.0005E0,1.0795E0,-4.191E0));
#4821=VERTEX_POINT('',#4820);
#4822=CARTESIAN_POINT('',(-4.0005E0,1.4605E0,-4.191E0));
#4823=VERTEX_POINT('',#4822);
#4824=CARTESIAN_POINT('',(-4.3815E0,-1.0795E0,-4.191E0));
#4825=CARTESIAN_POINT('',(-4.3815E0,-1.4605E0,-4.191E0));
#4826=VERTEX_POINT('',#4824);
#4827=VERTEX_POINT('',#4825);
#4828=CARTESIAN_POINT('',(-4.0005E0,-1.4605E0,-4.191E0));
#4829=VERTEX_POINT('',#4828);
#4830=CARTESIAN_POINT('',(-4.0005E0,-1.0795E0,-4.191E0));
#4831=VERTEX_POINT('',#4830);
#4832=CARTESIAN_POINT('',(-4.3815E0,1.4605E0,-7.366E0));
#4833=CARTESIAN_POINT('',(-4.3815E0,1.0795E0,-7.366E0));
#4834=VERTEX_POINT('',#4832);
#4835=VERTEX_POINT('',#4833);
#4836=CARTESIAN_POINT('',(-4.0005E0,1.0795E0,-7.366E0));
#4837=VERTEX_POINT('',#4836);
#4838=CARTESIAN_POINT('',(-4.0005E0,1.4605E0,-7.366E0));
#4839=VERTEX_POINT('',#4838);
#4840=CARTESIAN_POINT('',(-4.3815E0,-1.0795E0,-7.366E0));
#4841=CARTESIAN_POINT('',(-4.3815E0,-1.4605E0,-7.366E0));
#4842=VERTEX_POINT('',#4840);
#4843=VERTEX_POINT('',#4841);
#4844=CARTESIAN_POINT('',(-4.0005E0,-1.4605E0,-7.366E0));
#4845=VERTEX_POINT('',#4844);
#4846=CARTESIAN_POINT('',(-4.0005E0,-1.0795E0,-7.366E0));
#4847=VERTEX_POINT('',#4846);
#4848=CARTESIAN_POINT('',(-5.6515E0,1.4605E0,-4.191E0));
#4849=CARTESIAN_POINT('',(-5.6515E0,1.0795E0,-4.191E0));
#4850=VERTEX_POINT('',#4848);
#4851=VERTEX_POINT('',#4849);
#4852=CARTESIAN_POINT('',(-5.2705E0,1.0795E0,-4.191E0));
#4853=VERTEX_POINT('',#4852);
#4854=CARTESIAN_POINT('',(-5.2705E0,1.4605E0,-4.191E0));
#4855=VERTEX_POINT('',#4854);
#4856=CARTESIAN_POINT('',(-5.6515E0,-1.0795E0,-4.191E0));
#4857=CARTESIAN_POINT('',(-5.6515E0,-1.4605E0,-4.191E0));
#4858=VERTEX_POINT('',#4856);
#4859=VERTEX_POINT('',#4857);
#4860=CARTESIAN_POINT('',(-5.2705E0,-1.4605E0,-4.191E0));
#4861=VERTEX_POINT('',#4860);
#4862=CARTESIAN_POINT('',(-5.2705E0,-1.0795E0,-4.191E0));
#4863=VERTEX_POINT('',#4862);
#4864=CARTESIAN_POINT('',(-5.6515E0,1.4605E0,-7.366E0));
#4865=CARTESIAN_POINT('',(-5.6515E0,1.0795E0,-7.366E0));
#4866=VERTEX_POINT('',#4864);
#4867=VERTEX_POINT('',#4865);
#4868=CARTESIAN_POINT('',(-5.2705E0,1.0795E0,-7.366E0));
#4869=VERTEX_POINT('',#4868);
#4870=CARTESIAN_POINT('',(-5.2705E0,1.4605E0,-7.366E0));
#4871=VERTEX_POINT('',#4870);
#4872=CARTESIAN_POINT('',(-5.6515E0,-1.0795E0,-7.366E0));
#4873=CARTESIAN_POINT('',(-5.6515E0,-1.4605E0,-7.366E0));
#4874=VERTEX_POINT('',#4872);
#4875=VERTEX_POINT('',#4873);
#4876=CARTESIAN_POINT('',(-5.2705E0,-1.4605E0,-7.366E0));
#4877=VERTEX_POINT('',#4876);
#4878=CARTESIAN_POINT('',(-5.2705E0,-1.0795E0,-7.366E0));
#4879=VERTEX_POINT('',#4878);
#4880=CARTESIAN_POINT('',(-6.9215E0,1.4605E0,-4.191E0));
#4881=CARTESIAN_POINT('',(-6.9215E0,1.0795E0,-4.191E0));
#4882=VERTEX_POINT('',#4880);
#4883=VERTEX_POINT('',#4881);
#4884=CARTESIAN_POINT('',(-6.5405E0,1.0795E0,-4.191E0));
#4885=VERTEX_POINT('',#4884);
#4886=CARTESIAN_POINT('',(-6.5405E0,1.4605E0,-4.191E0));
#4887=VERTEX_POINT('',#4886);
#4888=CARTESIAN_POINT('',(-6.9215E0,-1.0795E0,-4.191E0));
#4889=CARTESIAN_POINT('',(-6.9215E0,-1.4605E0,-4.191E0));
#4890=VERTEX_POINT('',#4888);
#4891=VERTEX_POINT('',#4889);
#4892=CARTESIAN_POINT('',(-6.5405E0,-1.4605E0,-4.191E0));
#4893=VERTEX_POINT('',#4892);
#4894=CARTESIAN_POINT('',(-6.5405E0,-1.0795E0,-4.191E0));
#4895=VERTEX_POINT('',#4894);
#4896=CARTESIAN_POINT('',(-6.9215E0,1.4605E0,-7.366E0));
#4897=CARTESIAN_POINT('',(-6.9215E0,1.0795E0,-7.366E0));
#4898=VERTEX_POINT('',#4896);
#4899=VERTEX_POINT('',#4897);
#4900=CARTESIAN_POINT('',(-6.5405E0,1.0795E0,-7.366E0));
#4901=VERTEX_POINT('',#4900);
#4902=CARTESIAN_POINT('',(-6.5405E0,1.4605E0,-7.366E0));
#4903=VERTEX_POINT('',#4902);
#4904=CARTESIAN_POINT('',(-6.9215E0,-1.0795E0,-7.366E0));
#4905=CARTESIAN_POINT('',(-6.9215E0,-1.4605E0,-7.366E0));
#4906=VERTEX_POINT('',#4904);
#4907=VERTEX_POINT('',#4905);
#4908=CARTESIAN_POINT('',(-6.5405E0,-1.4605E0,-7.366E0));
#4909=VERTEX_POINT('',#4908);
#4910=CARTESIAN_POINT('',(-6.5405E0,-1.0795E0,-7.366E0));
#4911=VERTEX_POINT('',#4910);
#4912=CARTESIAN_POINT('',(-8.1915E0,1.4605E0,-4.191E0));
#4913=CARTESIAN_POINT('',(-8.1915E0,1.0795E0,-4.191E0));
#4914=VERTEX_POINT('',#4912);
#4915=VERTEX_POINT('',#4913);
#4916=CARTESIAN_POINT('',(-7.8105E0,1.0795E0,-4.191E0));
#4917=VERTEX_POINT('',#4916);
#4918=CARTESIAN_POINT('',(-7.8105E0,1.4605E0,-4.191E0));
#4919=VERTEX_POINT('',#4918);
#4920=CARTESIAN_POINT('',(-8.1915E0,-1.0795E0,-4.191E0));
#4921=CARTESIAN_POINT('',(-8.1915E0,-1.4605E0,-4.191E0));
#4922=VERTEX_POINT('',#4920);
#4923=VERTEX_POINT('',#4921);
#4924=CARTESIAN_POINT('',(-7.8105E0,-1.4605E0,-4.191E0));
#4925=VERTEX_POINT('',#4924);
#4926=CARTESIAN_POINT('',(-7.8105E0,-1.0795E0,-4.191E0));
#4927=VERTEX_POINT('',#4926);
#4928=CARTESIAN_POINT('',(-8.1915E0,1.4605E0,-7.366E0));
#4929=CARTESIAN_POINT('',(-8.1915E0,1.0795E0,-7.366E0));
#4930=VERTEX_POINT('',#4928);
#4931=VERTEX_POINT('',#4929);
#4932=CARTESIAN_POINT('',(-7.8105E0,1.0795E0,-7.366E0));
#4933=VERTEX_POINT('',#4932);
#4934=CARTESIAN_POINT('',(-7.8105E0,1.4605E0,-7.366E0));
#4935=VERTEX_POINT('',#4934);
#4936=CARTESIAN_POINT('',(-8.1915E0,-1.0795E0,-7.366E0));
#4937=CARTESIAN_POINT('',(-8.1915E0,-1.4605E0,-7.366E0));
#4938=VERTEX_POINT('',#4936);
#4939=VERTEX_POINT('',#4937);
#4940=CARTESIAN_POINT('',(-7.8105E0,-1.4605E0,-7.366E0));
#4941=VERTEX_POINT('',#4940);
#4942=CARTESIAN_POINT('',(-7.8105E0,-1.0795E0,-7.366E0));
#4943=VERTEX_POINT('',#4942);
#4944=CARTESIAN_POINT('',(-9.4615E0,1.4605E0,-4.191E0));
#4945=CARTESIAN_POINT('',(-9.4615E0,1.0795E0,-4.191E0));
#4946=VERTEX_POINT('',#4944);
#4947=VERTEX_POINT('',#4945);
#4948=CARTESIAN_POINT('',(-9.0805E0,1.0795E0,-4.191E0));
#4949=VERTEX_POINT('',#4948);
#4950=CARTESIAN_POINT('',(-9.0805E0,1.4605E0,-4.191E0));
#4951=VERTEX_POINT('',#4950);
#4952=CARTESIAN_POINT('',(-9.4615E0,-1.0795E0,-4.191E0));
#4953=CARTESIAN_POINT('',(-9.4615E0,-1.4605E0,-4.191E0));
#4954=VERTEX_POINT('',#4952);
#4955=VERTEX_POINT('',#4953);
#4956=CARTESIAN_POINT('',(-9.0805E0,-1.4605E0,-4.191E0));
#4957=VERTEX_POINT('',#4956);
#4958=CARTESIAN_POINT('',(-9.0805E0,-1.0795E0,-4.191E0));
#4959=VERTEX_POINT('',#4958);
#4960=CARTESIAN_POINT('',(-9.4615E0,1.4605E0,-7.366E0));
#4961=CARTESIAN_POINT('',(-9.4615E0,1.0795E0,-7.366E0));
#4962=VERTEX_POINT('',#4960);
#4963=VERTEX_POINT('',#4961);
#4964=CARTESIAN_POINT('',(-9.0805E0,1.0795E0,-7.366E0));
#4965=VERTEX_POINT('',#4964);
#4966=CARTESIAN_POINT('',(-9.0805E0,1.4605E0,-7.366E0));
#4967=VERTEX_POINT('',#4966);
#4968=CARTESIAN_POINT('',(-9.4615E0,-1.0795E0,-7.366E0));
#4969=CARTESIAN_POINT('',(-9.4615E0,-1.4605E0,-7.366E0));
#4970=VERTEX_POINT('',#4968);
#4971=VERTEX_POINT('',#4969);
#4972=CARTESIAN_POINT('',(-9.0805E0,-1.4605E0,-7.366E0));
#4973=VERTEX_POINT('',#4972);
#4974=CARTESIAN_POINT('',(-9.0805E0,-1.0795E0,-7.366E0));
#4975=VERTEX_POINT('',#4974);
#4976=CARTESIAN_POINT('',(-1.07315E1,1.4605E0,-4.191E0));
#4977=CARTESIAN_POINT('',(-1.07315E1,1.0795E0,-4.191E0));
#4978=VERTEX_POINT('',#4976);
#4979=VERTEX_POINT('',#4977);
#4980=CARTESIAN_POINT('',(-1.03505E1,1.0795E0,-4.191E0));
#4981=VERTEX_POINT('',#4980);
#4982=CARTESIAN_POINT('',(-1.03505E1,1.4605E0,-4.191E0));
#4983=VERTEX_POINT('',#4982);
#4984=CARTESIAN_POINT('',(-1.07315E1,-1.0795E0,-4.191E0));
#4985=CARTESIAN_POINT('',(-1.07315E1,-1.4605E0,-4.191E0));
#4986=VERTEX_POINT('',#4984);
#4987=VERTEX_POINT('',#4985);
#4988=CARTESIAN_POINT('',(-1.03505E1,-1.4605E0,-4.191E0));
#4989=VERTEX_POINT('',#4988);
#4990=CARTESIAN_POINT('',(-1.03505E1,-1.0795E0,-4.191E0));
#4991=VERTEX_POINT('',#4990);
#4992=CARTESIAN_POINT('',(-1.07315E1,1.4605E0,-7.366E0));
#4993=CARTESIAN_POINT('',(-1.07315E1,1.0795E0,-7.366E0));
#4994=VERTEX_POINT('',#4992);
#4995=VERTEX_POINT('',#4993);
#4996=CARTESIAN_POINT('',(-1.03505E1,1.0795E0,-7.366E0));
#4997=VERTEX_POINT('',#4996);
#4998=CARTESIAN_POINT('',(-1.03505E1,1.4605E0,-7.366E0));
#4999=VERTEX_POINT('',#4998);
#5000=CARTESIAN_POINT('',(-1.07315E1,-1.0795E0,-7.366E0));
#5001=CARTESIAN_POINT('',(-1.07315E1,-1.4605E0,-7.366E0));
#5002=VERTEX_POINT('',#5000);
#5003=VERTEX_POINT('',#5001);
#5004=CARTESIAN_POINT('',(-1.03505E1,-1.4605E0,-7.366E0));
#5005=VERTEX_POINT('',#5004);
#5006=CARTESIAN_POINT('',(-1.03505E1,-1.0795E0,-7.366E0));
#5007=VERTEX_POINT('',#5006);
#5008=CARTESIAN_POINT('',(-1.20015E1,1.4605E0,-4.191E0));
#5009=CARTESIAN_POINT('',(-1.20015E1,1.0795E0,-4.191E0));
#5010=VERTEX_POINT('',#5008);
#5011=VERTEX_POINT('',#5009);
#5012=CARTESIAN_POINT('',(-1.16205E1,1.0795E0,-4.191E0));
#5013=VERTEX_POINT('',#5012);
#5014=CARTESIAN_POINT('',(-1.16205E1,1.4605E0,-4.191E0));
#5015=VERTEX_POINT('',#5014);
#5016=CARTESIAN_POINT('',(-1.20015E1,-1.0795E0,-4.191E0));
#5017=CARTESIAN_POINT('',(-1.20015E1,-1.4605E0,-4.191E0));
#5018=VERTEX_POINT('',#5016);
#5019=VERTEX_POINT('',#5017);
#5020=CARTESIAN_POINT('',(-1.16205E1,-1.4605E0,-4.191E0));
#5021=VERTEX_POINT('',#5020);
#5022=CARTESIAN_POINT('',(-1.16205E1,-1.0795E0,-4.191E0));
#5023=VERTEX_POINT('',#5022);
#5024=CARTESIAN_POINT('',(-1.20015E1,1.4605E0,-7.366E0));
#5025=CARTESIAN_POINT('',(-1.20015E1,1.0795E0,-7.366E0));
#5026=VERTEX_POINT('',#5024);
#5027=VERTEX_POINT('',#5025);
#5028=CARTESIAN_POINT('',(-1.16205E1,1.0795E0,-7.366E0));
#5029=VERTEX_POINT('',#5028);
#5030=CARTESIAN_POINT('',(-1.16205E1,1.4605E0,-7.366E0));
#5031=VERTEX_POINT('',#5030);
#5032=CARTESIAN_POINT('',(-1.20015E1,-1.0795E0,-7.366E0));
#5033=CARTESIAN_POINT('',(-1.20015E1,-1.4605E0,-7.366E0));
#5034=VERTEX_POINT('',#5032);
#5035=VERTEX_POINT('',#5033);
#5036=CARTESIAN_POINT('',(-1.16205E1,-1.4605E0,-7.366E0));
#5037=VERTEX_POINT('',#5036);
#5038=CARTESIAN_POINT('',(-1.16205E1,-1.0795E0,-7.366E0));
#5039=VERTEX_POINT('',#5038);
#5040=CARTESIAN_POINT('',(1.25095E1,-1.27E0,-1.245E1));
#5041=CARTESIAN_POINT('',(1.21285E1,-1.27E0,-1.245E1));
#5042=VERTEX_POINT('',#5040);
#5043=VERTEX_POINT('',#5041);
#5044=CARTESIAN_POINT('',(1.25095E1,1.27E0,-1.245E1));
#5045=CARTESIAN_POINT('',(1.21285E1,1.27E0,-1.245E1));
#5046=VERTEX_POINT('',#5044);
#5047=VERTEX_POINT('',#5045);
#5048=CARTESIAN_POINT('',(1.25095E1,-1.27E0,-9.91E0));
#5049=CARTESIAN_POINT('',(1.21285E1,-1.27E0,-9.91E0));
#5050=VERTEX_POINT('',#5048);
#5051=VERTEX_POINT('',#5049);
#5052=CARTESIAN_POINT('',(1.25095E1,1.27E0,-9.91E0));
#5053=CARTESIAN_POINT('',(1.21285E1,1.27E0,-9.91E0));
#5054=VERTEX_POINT('',#5052);
#5055=VERTEX_POINT('',#5053);
#5056=CARTESIAN_POINT('',(1.12395E1,-1.27E0,-1.245E1));
#5057=CARTESIAN_POINT('',(1.08585E1,-1.27E0,-1.245E1));
#5058=VERTEX_POINT('',#5056);
#5059=VERTEX_POINT('',#5057);
#5060=CARTESIAN_POINT('',(1.12395E1,1.27E0,-1.245E1));
#5061=CARTESIAN_POINT('',(1.08585E1,1.27E0,-1.245E1));
#5062=VERTEX_POINT('',#5060);
#5063=VERTEX_POINT('',#5061);
#5064=CARTESIAN_POINT('',(1.12395E1,-1.27E0,-9.91E0));
#5065=CARTESIAN_POINT('',(1.08585E1,-1.27E0,-9.91E0));
#5066=VERTEX_POINT('',#5064);
#5067=VERTEX_POINT('',#5065);
#5068=CARTESIAN_POINT('',(1.12395E1,1.27E0,-9.91E0));
#5069=CARTESIAN_POINT('',(1.08585E1,1.27E0,-9.91E0));
#5070=VERTEX_POINT('',#5068);
#5071=VERTEX_POINT('',#5069);
#5072=CARTESIAN_POINT('',(9.9695E0,-1.27E0,-1.245E1));
#5073=CARTESIAN_POINT('',(9.5885E0,-1.27E0,-1.245E1));
#5074=VERTEX_POINT('',#5072);
#5075=VERTEX_POINT('',#5073);
#5076=CARTESIAN_POINT('',(9.9695E0,1.27E0,-1.245E1));
#5077=CARTESIAN_POINT('',(9.5885E0,1.27E0,-1.245E1));
#5078=VERTEX_POINT('',#5076);
#5079=VERTEX_POINT('',#5077);
#5080=CARTESIAN_POINT('',(9.9695E0,-1.27E0,-9.91E0));
#5081=CARTESIAN_POINT('',(9.5885E0,-1.27E0,-9.91E0));
#5082=VERTEX_POINT('',#5080);
#5083=VERTEX_POINT('',#5081);
#5084=CARTESIAN_POINT('',(9.9695E0,1.27E0,-9.91E0));
#5085=CARTESIAN_POINT('',(9.5885E0,1.27E0,-9.91E0));
#5086=VERTEX_POINT('',#5084);
#5087=VERTEX_POINT('',#5085);
#5088=CARTESIAN_POINT('',(8.6995E0,-1.27E0,-1.245E1));
#5089=CARTESIAN_POINT('',(8.3185E0,-1.27E0,-1.245E1));
#5090=VERTEX_POINT('',#5088);
#5091=VERTEX_POINT('',#5089);
#5092=CARTESIAN_POINT('',(8.6995E0,1.27E0,-1.245E1));
#5093=CARTESIAN_POINT('',(8.3185E0,1.27E0,-1.245E1));
#5094=VERTEX_POINT('',#5092);
#5095=VERTEX_POINT('',#5093);
#5096=CARTESIAN_POINT('',(8.6995E0,-1.27E0,-9.91E0));
#5097=CARTESIAN_POINT('',(8.3185E0,-1.27E0,-9.91E0));
#5098=VERTEX_POINT('',#5096);
#5099=VERTEX_POINT('',#5097);
#5100=CARTESIAN_POINT('',(8.6995E0,1.27E0,-9.91E0));
#5101=CARTESIAN_POINT('',(8.3185E0,1.27E0,-9.91E0));
#5102=VERTEX_POINT('',#5100);
#5103=VERTEX_POINT('',#5101);
#5104=CARTESIAN_POINT('',(7.4295E0,-1.27E0,-1.245E1));
#5105=CARTESIAN_POINT('',(7.0485E0,-1.27E0,-1.245E1));
#5106=VERTEX_POINT('',#5104);
#5107=VERTEX_POINT('',#5105);
#5108=CARTESIAN_POINT('',(7.4295E0,1.27E0,-1.245E1));
#5109=CARTESIAN_POINT('',(7.0485E0,1.27E0,-1.245E1));
#5110=VERTEX_POINT('',#5108);
#5111=VERTEX_POINT('',#5109);
#5112=CARTESIAN_POINT('',(7.4295E0,-1.27E0,-9.91E0));
#5113=CARTESIAN_POINT('',(7.0485E0,-1.27E0,-9.91E0));
#5114=VERTEX_POINT('',#5112);
#5115=VERTEX_POINT('',#5113);
#5116=CARTESIAN_POINT('',(7.4295E0,1.27E0,-9.91E0));
#5117=CARTESIAN_POINT('',(7.0485E0,1.27E0,-9.91E0));
#5118=VERTEX_POINT('',#5116);
#5119=VERTEX_POINT('',#5117);
#5120=CARTESIAN_POINT('',(6.1595E0,-1.27E0,-1.245E1));
#5121=CARTESIAN_POINT('',(5.7785E0,-1.27E0,-1.245E1));
#5122=VERTEX_POINT('',#5120);
#5123=VERTEX_POINT('',#5121);
#5124=CARTESIAN_POINT('',(6.1595E0,1.27E0,-1.245E1));
#5125=CARTESIAN_POINT('',(5.7785E0,1.27E0,-1.245E1));
#5126=VERTEX_POINT('',#5124);
#5127=VERTEX_POINT('',#5125);
#5128=CARTESIAN_POINT('',(6.1595E0,-1.27E0,-9.91E0));
#5129=CARTESIAN_POINT('',(5.7785E0,-1.27E0,-9.91E0));
#5130=VERTEX_POINT('',#5128);
#5131=VERTEX_POINT('',#5129);
#5132=CARTESIAN_POINT('',(6.1595E0,1.27E0,-9.91E0));
#5133=CARTESIAN_POINT('',(5.7785E0,1.27E0,-9.91E0));
#5134=VERTEX_POINT('',#5132);
#5135=VERTEX_POINT('',#5133);
#5136=CARTESIAN_POINT('',(4.8895E0,-1.27E0,-1.245E1));
#5137=CARTESIAN_POINT('',(4.5085E0,-1.27E0,-1.245E1));
#5138=VERTEX_POINT('',#5136);
#5139=VERTEX_POINT('',#5137);
#5140=CARTESIAN_POINT('',(4.8895E0,1.27E0,-1.245E1));
#5141=CARTESIAN_POINT('',(4.5085E0,1.27E0,-1.245E1));
#5142=VERTEX_POINT('',#5140);
#5143=VERTEX_POINT('',#5141);
#5144=CARTESIAN_POINT('',(4.8895E0,-1.27E0,-9.91E0));
#5145=CARTESIAN_POINT('',(4.5085E0,-1.27E0,-9.91E0));
#5146=VERTEX_POINT('',#5144);
#5147=VERTEX_POINT('',#5145);
#5148=CARTESIAN_POINT('',(4.8895E0,1.27E0,-9.91E0));
#5149=CARTESIAN_POINT('',(4.5085E0,1.27E0,-9.91E0));
#5150=VERTEX_POINT('',#5148);
#5151=VERTEX_POINT('',#5149);
#5152=CARTESIAN_POINT('',(3.6195E0,-1.27E0,-1.245E1));
#5153=CARTESIAN_POINT('',(3.2385E0,-1.27E0,-1.245E1));
#5154=VERTEX_POINT('',#5152);
#5155=VERTEX_POINT('',#5153);
#5156=CARTESIAN_POINT('',(3.6195E0,1.27E0,-1.245E1));
#5157=CARTESIAN_POINT('',(3.2385E0,1.27E0,-1.245E1));
#5158=VERTEX_POINT('',#5156);
#5159=VERTEX_POINT('',#5157);
#5160=CARTESIAN_POINT('',(3.6195E0,-1.27E0,-9.91E0));
#5161=CARTESIAN_POINT('',(3.2385E0,-1.27E0,-9.91E0));
#5162=VERTEX_POINT('',#5160);
#5163=VERTEX_POINT('',#5161);
#5164=CARTESIAN_POINT('',(3.6195E0,1.27E0,-9.91E0));
#5165=CARTESIAN_POINT('',(3.2385E0,1.27E0,-9.91E0));
#5166=VERTEX_POINT('',#5164);
#5167=VERTEX_POINT('',#5165);
#5168=CARTESIAN_POINT('',(2.3495E0,-1.27E0,-1.245E1));
#5169=CARTESIAN_POINT('',(1.9685E0,-1.27E0,-1.245E1));
#5170=VERTEX_POINT('',#5168);
#5171=VERTEX_POINT('',#5169);
#5172=CARTESIAN_POINT('',(2.3495E0,1.27E0,-1.245E1));
#5173=CARTESIAN_POINT('',(1.9685E0,1.27E0,-1.245E1));
#5174=VERTEX_POINT('',#5172);
#5175=VERTEX_POINT('',#5173);
#5176=CARTESIAN_POINT('',(2.3495E0,-1.27E0,-9.91E0));
#5177=CARTESIAN_POINT('',(1.9685E0,-1.27E0,-9.91E0));
#5178=VERTEX_POINT('',#5176);
#5179=VERTEX_POINT('',#5177);
#5180=CARTESIAN_POINT('',(2.3495E0,1.27E0,-9.91E0));
#5181=CARTESIAN_POINT('',(1.9685E0,1.27E0,-9.91E0));
#5182=VERTEX_POINT('',#5180);
#5183=VERTEX_POINT('',#5181);
#5184=CARTESIAN_POINT('',(1.0795E0,-1.27E0,-1.245E1));
#5185=CARTESIAN_POINT('',(6.985E-1,-1.27E0,-1.245E1));
#5186=VERTEX_POINT('',#5184);
#5187=VERTEX_POINT('',#5185);
#5188=CARTESIAN_POINT('',(1.0795E0,1.27E0,-1.245E1));
#5189=CARTESIAN_POINT('',(6.985E-1,1.27E0,-1.245E1));
#5190=VERTEX_POINT('',#5188);
#5191=VERTEX_POINT('',#5189);
#5192=CARTESIAN_POINT('',(1.0795E0,-1.27E0,-9.91E0));
#5193=CARTESIAN_POINT('',(6.985E-1,-1.27E0,-9.91E0));
#5194=VERTEX_POINT('',#5192);
#5195=VERTEX_POINT('',#5193);
#5196=CARTESIAN_POINT('',(1.0795E0,1.27E0,-9.91E0));
#5197=CARTESIAN_POINT('',(6.985E-1,1.27E0,-9.91E0));
#5198=VERTEX_POINT('',#5196);
#5199=VERTEX_POINT('',#5197);
#5200=CARTESIAN_POINT('',(-1.905E-1,-1.27E0,-1.245E1));
#5201=CARTESIAN_POINT('',(-5.715E-1,-1.27E0,-1.245E1));
#5202=VERTEX_POINT('',#5200);
#5203=VERTEX_POINT('',#5201);
#5204=CARTESIAN_POINT('',(-1.905E-1,1.27E0,-1.245E1));
#5205=CARTESIAN_POINT('',(-5.715E-1,1.27E0,-1.245E1));
#5206=VERTEX_POINT('',#5204);
#5207=VERTEX_POINT('',#5205);
#5208=CARTESIAN_POINT('',(-1.905E-1,-1.27E0,-9.91E0));
#5209=CARTESIAN_POINT('',(-5.715E-1,-1.27E0,-9.91E0));
#5210=VERTEX_POINT('',#5208);
#5211=VERTEX_POINT('',#5209);
#5212=CARTESIAN_POINT('',(-1.905E-1,1.27E0,-9.91E0));
#5213=CARTESIAN_POINT('',(-5.715E-1,1.27E0,-9.91E0));
#5214=VERTEX_POINT('',#5212);
#5215=VERTEX_POINT('',#5213);
#5216=CARTESIAN_POINT('',(-1.4605E0,-1.27E0,-1.245E1));
#5217=CARTESIAN_POINT('',(-1.8415E0,-1.27E0,-1.245E1));
#5218=VERTEX_POINT('',#5216);
#5219=VERTEX_POINT('',#5217);
#5220=CARTESIAN_POINT('',(-1.4605E0,1.27E0,-1.245E1));
#5221=CARTESIAN_POINT('',(-1.8415E0,1.27E0,-1.245E1));
#5222=VERTEX_POINT('',#5220);
#5223=VERTEX_POINT('',#5221);
#5224=CARTESIAN_POINT('',(-1.4605E0,-1.27E0,-9.91E0));
#5225=CARTESIAN_POINT('',(-1.8415E0,-1.27E0,-9.91E0));
#5226=VERTEX_POINT('',#5224);
#5227=VERTEX_POINT('',#5225);
#5228=CARTESIAN_POINT('',(-1.4605E0,1.27E0,-9.91E0));
#5229=CARTESIAN_POINT('',(-1.8415E0,1.27E0,-9.91E0));
#5230=VERTEX_POINT('',#5228);
#5231=VERTEX_POINT('',#5229);
#5232=CARTESIAN_POINT('',(-2.7305E0,-1.27E0,-1.245E1));
#5233=CARTESIAN_POINT('',(-3.1115E0,-1.27E0,-1.245E1));
#5234=VERTEX_POINT('',#5232);
#5235=VERTEX_POINT('',#5233);
#5236=CARTESIAN_POINT('',(-2.7305E0,1.27E0,-1.245E1));
#5237=CARTESIAN_POINT('',(-3.1115E0,1.27E0,-1.245E1));
#5238=VERTEX_POINT('',#5236);
#5239=VERTEX_POINT('',#5237);
#5240=CARTESIAN_POINT('',(-2.7305E0,-1.27E0,-9.91E0));
#5241=CARTESIAN_POINT('',(-3.1115E0,-1.27E0,-9.91E0));
#5242=VERTEX_POINT('',#5240);
#5243=VERTEX_POINT('',#5241);
#5244=CARTESIAN_POINT('',(-2.7305E0,1.27E0,-9.91E0));
#5245=CARTESIAN_POINT('',(-3.1115E0,1.27E0,-9.91E0));
#5246=VERTEX_POINT('',#5244);
#5247=VERTEX_POINT('',#5245);
#5248=CARTESIAN_POINT('',(-4.0005E0,-1.27E0,-1.245E1));
#5249=CARTESIAN_POINT('',(-4.3815E0,-1.27E0,-1.245E1));
#5250=VERTEX_POINT('',#5248);
#5251=VERTEX_POINT('',#5249);
#5252=CARTESIAN_POINT('',(-4.0005E0,1.27E0,-1.245E1));
#5253=CARTESIAN_POINT('',(-4.3815E0,1.27E0,-1.245E1));
#5254=VERTEX_POINT('',#5252);
#5255=VERTEX_POINT('',#5253);
#5256=CARTESIAN_POINT('',(-4.0005E0,-1.27E0,-9.91E0));
#5257=CARTESIAN_POINT('',(-4.3815E0,-1.27E0,-9.91E0));
#5258=VERTEX_POINT('',#5256);
#5259=VERTEX_POINT('',#5257);
#5260=CARTESIAN_POINT('',(-4.0005E0,1.27E0,-9.91E0));
#5261=CARTESIAN_POINT('',(-4.3815E0,1.27E0,-9.91E0));
#5262=VERTEX_POINT('',#5260);
#5263=VERTEX_POINT('',#5261);
#5264=CARTESIAN_POINT('',(-5.2705E0,-1.27E0,-1.245E1));
#5265=CARTESIAN_POINT('',(-5.6515E0,-1.27E0,-1.245E1));
#5266=VERTEX_POINT('',#5264);
#5267=VERTEX_POINT('',#5265);
#5268=CARTESIAN_POINT('',(-5.2705E0,1.27E0,-1.245E1));
#5269=CARTESIAN_POINT('',(-5.6515E0,1.27E0,-1.245E1));
#5270=VERTEX_POINT('',#5268);
#5271=VERTEX_POINT('',#5269);
#5272=CARTESIAN_POINT('',(-5.2705E0,-1.27E0,-9.91E0));
#5273=CARTESIAN_POINT('',(-5.6515E0,-1.27E0,-9.91E0));
#5274=VERTEX_POINT('',#5272);
#5275=VERTEX_POINT('',#5273);
#5276=CARTESIAN_POINT('',(-5.2705E0,1.27E0,-9.91E0));
#5277=CARTESIAN_POINT('',(-5.6515E0,1.27E0,-9.91E0));
#5278=VERTEX_POINT('',#5276);
#5279=VERTEX_POINT('',#5277);
#5280=CARTESIAN_POINT('',(-6.5405E0,-1.27E0,-1.245E1));
#5281=CARTESIAN_POINT('',(-6.9215E0,-1.27E0,-1.245E1));
#5282=VERTEX_POINT('',#5280);
#5283=VERTEX_POINT('',#5281);
#5284=CARTESIAN_POINT('',(-6.5405E0,1.27E0,-1.245E1));
#5285=CARTESIAN_POINT('',(-6.9215E0,1.27E0,-1.245E1));
#5286=VERTEX_POINT('',#5284);
#5287=VERTEX_POINT('',#5285);
#5288=CARTESIAN_POINT('',(-6.5405E0,-1.27E0,-9.91E0));
#5289=CARTESIAN_POINT('',(-6.9215E0,-1.27E0,-9.91E0));
#5290=VERTEX_POINT('',#5288);
#5291=VERTEX_POINT('',#5289);
#5292=CARTESIAN_POINT('',(-6.5405E0,1.27E0,-9.91E0));
#5293=CARTESIAN_POINT('',(-6.9215E0,1.27E0,-9.91E0));
#5294=VERTEX_POINT('',#5292);
#5295=VERTEX_POINT('',#5293);
#5296=CARTESIAN_POINT('',(-7.8105E0,-1.27E0,-1.245E1));
#5297=CARTESIAN_POINT('',(-8.1915E0,-1.27E0,-1.245E1));
#5298=VERTEX_POINT('',#5296);
#5299=VERTEX_POINT('',#5297);
#5300=CARTESIAN_POINT('',(-7.8105E0,1.27E0,-1.245E1));
#5301=CARTESIAN_POINT('',(-8.1915E0,1.27E0,-1.245E1));
#5302=VERTEX_POINT('',#5300);
#5303=VERTEX_POINT('',#5301);
#5304=CARTESIAN_POINT('',(-7.8105E0,-1.27E0,-9.91E0));
#5305=CARTESIAN_POINT('',(-8.1915E0,-1.27E0,-9.91E0));
#5306=VERTEX_POINT('',#5304);
#5307=VERTEX_POINT('',#5305);
#5308=CARTESIAN_POINT('',(-7.8105E0,1.27E0,-9.91E0));
#5309=CARTESIAN_POINT('',(-8.1915E0,1.27E0,-9.91E0));
#5310=VERTEX_POINT('',#5308);
#5311=VERTEX_POINT('',#5309);
#5312=CARTESIAN_POINT('',(-9.0805E0,-1.27E0,-1.245E1));
#5313=CARTESIAN_POINT('',(-9.4615E0,-1.27E0,-1.245E1));
#5314=VERTEX_POINT('',#5312);
#5315=VERTEX_POINT('',#5313);
#5316=CARTESIAN_POINT('',(-9.0805E0,1.27E0,-1.245E1));
#5317=CARTESIAN_POINT('',(-9.4615E0,1.27E0,-1.245E1));
#5318=VERTEX_POINT('',#5316);
#5319=VERTEX_POINT('',#5317);
#5320=CARTESIAN_POINT('',(-9.0805E0,-1.27E0,-9.91E0));
#5321=CARTESIAN_POINT('',(-9.4615E0,-1.27E0,-9.91E0));
#5322=VERTEX_POINT('',#5320);
#5323=VERTEX_POINT('',#5321);
#5324=CARTESIAN_POINT('',(-9.0805E0,1.27E0,-9.91E0));
#5325=CARTESIAN_POINT('',(-9.4615E0,1.27E0,-9.91E0));
#5326=VERTEX_POINT('',#5324);
#5327=VERTEX_POINT('',#5325);
#5328=CARTESIAN_POINT('',(-1.03505E1,-1.27E0,-1.245E1));
#5329=CARTESIAN_POINT('',(-1.07315E1,-1.27E0,-1.245E1));
#5330=VERTEX_POINT('',#5328);
#5331=VERTEX_POINT('',#5329);
#5332=CARTESIAN_POINT('',(-1.03505E1,1.27E0,-1.245E1));
#5333=CARTESIAN_POINT('',(-1.07315E1,1.27E0,-1.245E1));
#5334=VERTEX_POINT('',#5332);
#5335=VERTEX_POINT('',#5333);
#5336=CARTESIAN_POINT('',(-1.03505E1,-1.27E0,-9.91E0));
#5337=CARTESIAN_POINT('',(-1.07315E1,-1.27E0,-9.91E0));
#5338=VERTEX_POINT('',#5336);
#5339=VERTEX_POINT('',#5337);
#5340=CARTESIAN_POINT('',(-1.03505E1,1.27E0,-9.91E0));
#5341=CARTESIAN_POINT('',(-1.07315E1,1.27E0,-9.91E0));
#5342=VERTEX_POINT('',#5340);
#5343=VERTEX_POINT('',#5341);
#5344=CARTESIAN_POINT('',(-1.16205E1,-1.27E0,-1.245E1));
#5345=CARTESIAN_POINT('',(-1.20015E1,-1.27E0,-1.245E1));
#5346=VERTEX_POINT('',#5344);
#5347=VERTEX_POINT('',#5345);
#5348=CARTESIAN_POINT('',(-1.16205E1,1.27E0,-1.245E1));
#5349=CARTESIAN_POINT('',(-1.20015E1,1.27E0,-1.245E1));
#5350=VERTEX_POINT('',#5348);
#5351=VERTEX_POINT('',#5349);
#5352=CARTESIAN_POINT('',(-1.16205E1,-1.27E0,-9.91E0));
#5353=CARTESIAN_POINT('',(-1.20015E1,-1.27E0,-9.91E0));
#5354=VERTEX_POINT('',#5352);
#5355=VERTEX_POINT('',#5353);
#5356=CARTESIAN_POINT('',(-1.16205E1,1.27E0,-9.91E0));
#5357=CARTESIAN_POINT('',(-1.20015E1,1.27E0,-9.91E0));
#5358=VERTEX_POINT('',#5356);
#5359=VERTEX_POINT('',#5357);
#5360=CARTESIAN_POINT('',(-1.422986585909E1,1.59E0,-7.116E0));
#5361=CARTESIAN_POINT('',(-1.3335E1,1.59E0,-7.116E0));
#5362=VERTEX_POINT('',#5360);
#5363=VERTEX_POINT('',#5361);
#5364=CARTESIAN_POINT('',(-1.420358980027E1,1.34E0,-7.366E0));
#5365=CARTESIAN_POINT('',(-1.3085E1,1.34E0,-7.366E0));
#5366=VERTEX_POINT('',#5364);
#5367=VERTEX_POINT('',#5365);
#5368=CARTESIAN_POINT('',(-1.3335E1,2.59E0,-7.116E0));
#5369=VERTEX_POINT('',#5368);
#5370=CARTESIAN_POINT('',(-1.3085E1,2.34E0,-7.366E0));
#5371=VERTEX_POINT('',#5370);
#5372=CARTESIAN_POINT('',(-1.525E0,2.34E0,-7.366E0));
#5373=VERTEX_POINT('',#5372);
#5374=CARTESIAN_POINT('',(-1.525E0,2.59E0,-7.116E0));
#5375=VERTEX_POINT('',#5374);
#5376=CARTESIAN_POINT('',(1.525E0,2.59E0,-7.116E0));
#5377=CARTESIAN_POINT('',(1.3335E1,2.59E0,-7.116E0));
#5378=VERTEX_POINT('',#5376);
#5379=VERTEX_POINT('',#5377);
#5380=CARTESIAN_POINT('',(1.525E0,2.34E0,-7.366E0));
#5381=CARTESIAN_POINT('',(1.3085E1,2.34E0,-7.366E0));
#5382=VERTEX_POINT('',#5380);
#5383=VERTEX_POINT('',#5381);
#5384=CARTESIAN_POINT('',(1.3085E1,1.34E0,-7.366E0));
#5385=VERTEX_POINT('',#5384);
#5386=CARTESIAN_POINT('',(1.3335E1,1.59E0,-7.116E0));
#5387=VERTEX_POINT('',#5386);
#5388=CARTESIAN_POINT('',(1.420358980027E1,1.34E0,-7.366E0));
#5389=VERTEX_POINT('',#5388);
#5390=CARTESIAN_POINT('',(1.422986585909E1,1.59E0,-7.116E0));
#5391=VERTEX_POINT('',#5390);
#5392=CARTESIAN_POINT('',(1.422986585909E1,-1.59E0,-7.116E0));
#5393=CARTESIAN_POINT('',(1.3335E1,-1.59E0,-7.116E0));
#5394=VERTEX_POINT('',#5392);
#5395=VERTEX_POINT('',#5393);
#5396=CARTESIAN_POINT('',(1.420358980027E1,-1.34E0,-7.366E0));
#5397=CARTESIAN_POINT('',(1.3085E1,-1.34E0,-7.366E0));
#5398=VERTEX_POINT('',#5396);
#5399=VERTEX_POINT('',#5397);
#5400=CARTESIAN_POINT('',(1.3335E1,-2.59E0,-7.116E0));
#5401=VERTEX_POINT('',#5400);
#5402=CARTESIAN_POINT('',(1.3085E1,-2.34E0,-7.366E0));
#5403=VERTEX_POINT('',#5402);
#5404=CARTESIAN_POINT('',(-1.3085E1,-2.34E0,-7.366E0));
#5405=VERTEX_POINT('',#5404);
#5406=CARTESIAN_POINT('',(-1.3335E1,-2.59E0,-7.116E0));
#5407=VERTEX_POINT('',#5406);
#5408=CARTESIAN_POINT('',(-1.3085E1,-1.34E0,-7.366E0));
#5409=VERTEX_POINT('',#5408);
#5410=CARTESIAN_POINT('',(-1.3335E1,-1.59E0,-7.116E0));
#5411=VERTEX_POINT('',#5410);
#5412=CARTESIAN_POINT('',(-1.420358980027E1,-1.34E0,-7.366E0));
#5413=VERTEX_POINT('',#5412);
#5414=CARTESIAN_POINT('',(-1.422986585909E1,-1.59E0,-7.116E0));
#5415=VERTEX_POINT('',#5414);
#5416=CARTESIAN_POINT('',(1.348164696837E1,1.59E0,0.E0));
#5417=CARTESIAN_POINT('',(1.3335E1,1.59E0,-2.54E-1));
#5418=VERTEX_POINT('',#5416);
#5419=VERTEX_POINT('',#5417);
#5420=CARTESIAN_POINT('',(1.3335E1,2.59E0,-2.54E-1));
#5421=VERTEX_POINT('',#5420);
#5422=CARTESIAN_POINT('',(1.348164696837E1,2.736646968374E0,0.E0));
#5423=VERTEX_POINT('',#5422);
#5424=CARTESIAN_POINT('',(2.794E0,2.59E0,-2.54E-1));
#5425=VERTEX_POINT('',#5424);
#5426=CARTESIAN_POINT('',(2.794E0,2.651980301707E0,-1.466469683742E-1));
#5427=VERTEX_POINT('',#5426);
#5428=CARTESIAN_POINT('',(3.048E0,2.736646968374E0,0.E0));
#5429=VERTEX_POINT('',#5428);
#5430=CARTESIAN_POINT('',(3.048E0,4.4188E0,0.E0));
#5431=VERTEX_POINT('',#5430);
#5432=CARTESIAN_POINT('',(2.794E0,4.1648E0,-1.466469683742E-1));
#5433=VERTEX_POINT('',#5432);
#5434=CARTESIAN_POINT('',(-3.048E0,4.4188E0,0.E0));
#5435=VERTEX_POINT('',#5434);
#5436=CARTESIAN_POINT('',(-2.794E0,4.1648E0,-1.466469683742E-1));
#5437=VERTEX_POINT('',#5436);
#5438=CARTESIAN_POINT('',(-2.794E0,2.651980301707E0,-1.466469683742E-1));
#5439=VERTEX_POINT('',#5438);
#5440=CARTESIAN_POINT('',(-3.048E0,2.736646968374E0,0.E0));
#5441=VERTEX_POINT('',#5440);
#5442=CARTESIAN_POINT('',(-1.3335E1,1.59E0,-2.54E-1));
#5443=CARTESIAN_POINT('',(-1.348164696837E1,1.59E0,0.E0));
#5444=VERTEX_POINT('',#5442);
#5445=VERTEX_POINT('',#5443);
#5446=CARTESIAN_POINT('',(-1.348164696837E1,2.736646968374E0,0.E0));
#5447=VERTEX_POINT('',#5446);
#5448=CARTESIAN_POINT('',(-1.3335E1,2.59E0,-2.54E-1));
#5449=VERTEX_POINT('',#5448);
#5450=CARTESIAN_POINT('',(-2.794E0,2.59E0,-2.54E-1));
#5451=VERTEX_POINT('',#5450);
#5452=CARTESIAN_POINT('',(-1.525E0,2.736646968374E0,-3.81E0));
#5453=CARTESIAN_POINT('',(-2.794E0,2.736646968374E0,-3.81E0));
#5454=VERTEX_POINT('',#5452);
#5455=VERTEX_POINT('',#5453);
#5456=CARTESIAN_POINT('',(-1.525E0,2.59E0,-4.064E0));
#5457=VERTEX_POINT('',#5456);
#5458=CARTESIAN_POINT('',(-2.794E0,2.59E0,-4.064E0));
#5459=VERTEX_POINT('',#5458);
#5460=CARTESIAN_POINT('',(1.525E0,2.59E0,-4.064E0));
#5461=CARTESIAN_POINT('',(1.525E0,2.736646968374E0,-3.81E0));
#5462=VERTEX_POINT('',#5460);
#5463=VERTEX_POINT('',#5461);
#5464=CARTESIAN_POINT('',(2.794E0,2.736646968374E0,-3.81E0));
#5465=VERTEX_POINT('',#5464);
#5466=CARTESIAN_POINT('',(2.794E0,2.59E0,-4.064E0));
#5467=VERTEX_POINT('',#5466);
#5468=CARTESIAN_POINT('',(1.435E1,-2.59E0,-1.466469683742E-1));
#5469=CARTESIAN_POINT('',(1.435E1,-2.844E0,0.E0));
#5470=VERTEX_POINT('',#5468);
#5471=VERTEX_POINT('',#5469);
#5472=CARTESIAN_POINT('',(-1.435E1,-2.844E0,0.E0));
#5473=VERTEX_POINT('',#5472);
#5474=CARTESIAN_POINT('',(-1.435E1,-2.59E0,-1.466469683742E-1));
#5475=VERTEX_POINT('',#5474);
#5476=CARTESIAN_POINT('',(-1.435E1,-3.605E0,0.E0));
#5477=DIRECTION('',(0.E0,-1.E0,0.E0));
#5478=DIRECTION('',(0.E0,0.E0,-1.E0));
#5479=AXIS2_PLACEMENT_3D('',#5476,#5477,#5478);
#5480=PLANE('',#5479);
#5482=ORIENTED_EDGE('',*,*,#5481,.F.);
#5484=ORIENTED_EDGE('',*,*,#5483,.T.);
#5486=ORIENTED_EDGE('',*,*,#5485,.F.);
#5488=ORIENTED_EDGE('',*,*,#5487,.T.);
#5490=ORIENTED_EDGE('',*,*,#5489,.T.);
#5492=ORIENTED_EDGE('',*,*,#5491,.T.);
#5494=ORIENTED_EDGE('',*,*,#5493,.F.);
#5496=ORIENTED_EDGE('',*,*,#5495,.T.);
#5498=ORIENTED_EDGE('',*,*,#5497,.T.);
#5500=ORIENTED_EDGE('',*,*,#5499,.T.);
#5502=ORIENTED_EDGE('',*,*,#5501,.T.);
#5504=ORIENTED_EDGE('',*,*,#5503,.T.);
#5506=ORIENTED_EDGE('',*,*,#5505,.F.);
#5508=ORIENTED_EDGE('',*,*,#5507,.F.);
#5509=EDGE_LOOP('',(#5482,#5484,#5486,#5488,#5490,#5492,#5494,#5496,#5498,#5500,
#5502,#5504,#5506,#5508));
#5510=FACE_OUTER_BOUND('',#5509,.F.);
#5512=CARTESIAN_POINT('',(1.41976E1,-3.5034E0,-8.894E0));
#5513=DIRECTION('',(0.E0,0.E0,1.E0));
#5514=DIRECTION('',(0.E0,-1.E0,0.E0));
#5515=AXIS2_PLACEMENT_3D('',#5512,#5513,#5514);
#5516=PLANE('',#5515);
#5517=ORIENTED_EDGE('',*,*,#5481,.T.);
#5519=ORIENTED_EDGE('',*,*,#5518,.T.);
#5521=ORIENTED_EDGE('',*,*,#5520,.T.);
#5523=ORIENTED_EDGE('',*,*,#5522,.F.);
#5524=EDGE_LOOP('',(#5517,#5519,#5521,#5523));
#5525=FACE_OUTER_BOUND('',#5524,.F.);
#5527=CARTESIAN_POINT('',(1.41976E1,6.00636E0,-9.91E0));
#5528=DIRECTION('',(-1.E0,0.E0,0.E0));
#5529=DIRECTION('',(0.E0,0.E0,1.E0));
#5530=AXIS2_PLACEMENT_3D('',#5527,#5528,#5529);
#5531=PLANE('',#5530);
#5533=ORIENTED_EDGE('',*,*,#5532,.T.);
#5534=ORIENTED_EDGE('',*,*,#5518,.F.);
#5535=ORIENTED_EDGE('',*,*,#5507,.T.);
#5537=ORIENTED_EDGE('',*,*,#5536,.F.);
#5539=ORIENTED_EDGE('',*,*,#5538,.F.);
#5541=ORIENTED_EDGE('',*,*,#5540,.T.);
#5543=ORIENTED_EDGE('',*,*,#5542,.F.);
#5545=ORIENTED_EDGE('',*,*,#5544,.F.);
#5546=EDGE_LOOP('',(#5533,#5534,#5535,#5537,#5539,#5541,#5543,#5545));
#5547=FACE_OUTER_BOUND('',#5546,.F.);
#5549=CARTESIAN_POINT('',(1.41976E1,-3.5034E0,-9.91E0));
#5550=DIRECTION('',(0.E0,1.E0,0.E0));
#5551=DIRECTION('',(0.E0,0.E0,1.E0));
#5552=AXIS2_PLACEMENT_3D('',#5549,#5550,#5551);
#5553=PLANE('',#5552);
#5555=ORIENTED_EDGE('',*,*,#5554,.F.);
#5557=ORIENTED_EDGE('',*,*,#5556,.T.);
#5558=ORIENTED_EDGE('',*,*,#5520,.F.);
#5559=ORIENTED_EDGE('',*,*,#5532,.F.);
#5560=EDGE_LOOP('',(#5555,#5557,#5558,#5559));
#5561=FACE_OUTER_BOUND('',#5560,.F.);
#5563=CARTESIAN_POINT('',(-1.435E1,-3.605E0,-9.91E0));
#5564=DIRECTION('',(0.E0,0.E0,-1.E0));
#5565=DIRECTION('',(0.E0,1.E0,0.E0));
#5566=AXIS2_PLACEMENT_3D('',#5563,#5564,#5565);
#5567=PLANE('',#5566);
#5568=ORIENTED_EDGE('',*,*,#5554,.T.);
#5569=ORIENTED_EDGE('',*,*,#5544,.T.);
#5571=ORIENTED_EDGE('',*,*,#5570,.F.);
#5573=ORIENTED_EDGE('',*,*,#5572,.F.);
#5574=EDGE_LOOP('',(#5568,#5569,#5571,#5573));
#5575=FACE_OUTER_BOUND('',#5574,.F.);
#5577=ORIENTED_EDGE('',*,*,#5576,.T.);
#5579=ORIENTED_EDGE('',*,*,#5578,.T.);
#5580=EDGE_LOOP('',(#5577,#5579));
#5581=FACE_BOUND('',#5580,.F.);
#5583=ORIENTED_EDGE('',*,*,#5582,.T.);
#5585=ORIENTED_EDGE('',*,*,#5584,.T.);
#5586=EDGE_LOOP('',(#5583,#5585));
#5587=FACE_BOUND('',#5586,.F.);
#5589=ORIENTED_EDGE('',*,*,#5588,.T.);
#5591=ORIENTED_EDGE('',*,*,#5590,.T.);
#5592=EDGE_LOOP('',(#5589,#5591));
#5593=FACE_BOUND('',#5592,.F.);
#5595=ORIENTED_EDGE('',*,*,#5594,.T.);
#5597=ORIENTED_EDGE('',*,*,#5596,.T.);
#5598=EDGE_LOOP('',(#5595,#5597));
#5599=FACE_BOUND('',#5598,.F.);
#5601=ORIENTED_EDGE('',*,*,#5600,.T.);
#5603=ORIENTED_EDGE('',*,*,#5602,.T.);
#5604=EDGE_LOOP('',(#5601,#5603));
#5605=FACE_BOUND('',#5604,.F.);
#5607=ORIENTED_EDGE('',*,*,#5606,.T.);
#5609=ORIENTED_EDGE('',*,*,#5608,.T.);
#5610=EDGE_LOOP('',(#5607,#5609));
#5611=FACE_BOUND('',#5610,.F.);
#5613=ORIENTED_EDGE('',*,*,#5612,.T.);
#5615=ORIENTED_EDGE('',*,*,#5614,.T.);
#5616=EDGE_LOOP('',(#5613,#5615));
#5617=FACE_BOUND('',#5616,.F.);
#5619=ORIENTED_EDGE('',*,*,#5618,.T.);
#5621=ORIENTED_EDGE('',*,*,#5620,.T.);
#5622=EDGE_LOOP('',(#5619,#5621));
#5623=FACE_BOUND('',#5622,.F.);
#5625=ORIENTED_EDGE('',*,*,#5624,.T.);
#5627=ORIENTED_EDGE('',*,*,#5626,.T.);
#5628=EDGE_LOOP('',(#5625,#5627));
#5629=FACE_BOUND('',#5628,.F.);
#5631=ORIENTED_EDGE('',*,*,#5630,.T.);
#5633=ORIENTED_EDGE('',*,*,#5632,.T.);
#5634=EDGE_LOOP('',(#5631,#5633));
#5635=FACE_BOUND('',#5634,.F.);
#5637=ORIENTED_EDGE('',*,*,#5636,.T.);
#5639=ORIENTED_EDGE('',*,*,#5638,.T.);
#5640=EDGE_LOOP('',(#5637,#5639));
#5641=FACE_BOUND('',#5640,.F.);
#5643=ORIENTED_EDGE('',*,*,#5642,.T.);
#5645=ORIENTED_EDGE('',*,*,#5644,.T.);
#5646=EDGE_LOOP('',(#5643,#5645));
#5647=FACE_BOUND('',#5646,.F.);
#5649=ORIENTED_EDGE('',*,*,#5648,.T.);
#5651=ORIENTED_EDGE('',*,*,#5650,.T.);
#5652=EDGE_LOOP('',(#5649,#5651));
#5653=FACE_BOUND('',#5652,.F.);
#5655=ORIENTED_EDGE('',*,*,#5654,.T.);
#5657=ORIENTED_EDGE('',*,*,#5656,.T.);
#5658=EDGE_LOOP('',(#5655,#5657));
#5659=FACE_BOUND('',#5658,.F.);
#5661=ORIENTED_EDGE('',*,*,#5660,.T.);
#5663=ORIENTED_EDGE('',*,*,#5662,.T.);
#5664=EDGE_LOOP('',(#5661,#5663));
#5665=FACE_BOUND('',#5664,.F.);
#5667=ORIENTED_EDGE('',*,*,#5666,.T.);
#5669=ORIENTED_EDGE('',*,*,#5668,.T.);
#5670=EDGE_LOOP('',(#5667,#5669));
#5671=FACE_BOUND('',#5670,.F.);
#5673=ORIENTED_EDGE('',*,*,#5672,.T.);
#5675=ORIENTED_EDGE('',*,*,#5674,.T.);
#5676=EDGE_LOOP('',(#5673,#5675));
#5677=FACE_BOUND('',#5676,.F.);
#5679=ORIENTED_EDGE('',*,*,#5678,.T.);
#5681=ORIENTED_EDGE('',*,*,#5680,.T.);
#5682=EDGE_LOOP('',(#5679,#5681));
#5683=FACE_BOUND('',#5682,.F.);
#5685=ORIENTED_EDGE('',*,*,#5684,.T.);
#5687=ORIENTED_EDGE('',*,*,#5686,.T.);
#5688=EDGE_LOOP('',(#5685,#5687));
#5689=FACE_BOUND('',#5688,.F.);
#5691=ORIENTED_EDGE('',*,*,#5690,.T.);
#5693=ORIENTED_EDGE('',*,*,#5692,.T.);
#5694=EDGE_LOOP('',(#5691,#5693));
#5695=FACE_BOUND('',#5694,.F.);
#5697=ORIENTED_EDGE('',*,*,#5696,.T.);
#5699=ORIENTED_EDGE('',*,*,#5698,.T.);
#5700=EDGE_LOOP('',(#5697,#5699));
#5701=FACE_BOUND('',#5700,.F.);
#5703=ORIENTED_EDGE('',*,*,#5702,.T.);
#5705=ORIENTED_EDGE('',*,*,#5704,.T.);
#5706=EDGE_LOOP('',(#5703,#5705));
#5707=FACE_BOUND('',#5706,.F.);
#5709=ORIENTED_EDGE('',*,*,#5708,.T.);
#5711=ORIENTED_EDGE('',*,*,#5710,.T.);
#5712=EDGE_LOOP('',(#5709,#5711));
#5713=FACE_BOUND('',#5712,.F.);
#5715=ORIENTED_EDGE('',*,*,#5714,.T.);
#5717=ORIENTED_EDGE('',*,*,#5716,.T.);
#5718=EDGE_LOOP('',(#5715,#5717));
#5719=FACE_BOUND('',#5718,.F.);
#5721=ORIENTED_EDGE('',*,*,#5720,.T.);
#5723=ORIENTED_EDGE('',*,*,#5722,.T.);
#5724=EDGE_LOOP('',(#5721,#5723));
#5725=FACE_BOUND('',#5724,.F.);
#5727=ORIENTED_EDGE('',*,*,#5726,.T.);
#5729=ORIENTED_EDGE('',*,*,#5728,.T.);
#5730=EDGE_LOOP('',(#5727,#5729));
#5731=FACE_BOUND('',#5730,.F.);
#5733=ORIENTED_EDGE('',*,*,#5732,.T.);
#5735=ORIENTED_EDGE('',*,*,#5734,.T.);
#5736=EDGE_LOOP('',(#5733,#5735));
#5737=FACE_BOUND('',#5736,.F.);
#5739=ORIENTED_EDGE('',*,*,#5738,.T.);
#5741=ORIENTED_EDGE('',*,*,#5740,.T.);
#5742=EDGE_LOOP('',(#5739,#5741));
#5743=FACE_BOUND('',#5742,.F.);
#5745=ORIENTED_EDGE('',*,*,#5744,.T.);
#5747=ORIENTED_EDGE('',*,*,#5746,.T.);
#5748=EDGE_LOOP('',(#5745,#5747));
#5749=FACE_BOUND('',#5748,.F.);
#5751=ORIENTED_EDGE('',*,*,#5750,.T.);
#5753=ORIENTED_EDGE('',*,*,#5752,.T.);
#5754=EDGE_LOOP('',(#5751,#5753));
#5755=FACE_BOUND('',#5754,.F.);
#5757=ORIENTED_EDGE('',*,*,#5756,.T.);
#5759=ORIENTED_EDGE('',*,*,#5758,.T.);
#5760=EDGE_LOOP('',(#5757,#5759));
#5761=FACE_BOUND('',#5760,.F.);
#5763=ORIENTED_EDGE('',*,*,#5762,.T.);
#5765=ORIENTED_EDGE('',*,*,#5764,.T.);
#5766=EDGE_LOOP('',(#5763,#5765));
#5767=FACE_BOUND('',#5766,.F.);
#5769=ORIENTED_EDGE('',*,*,#5768,.T.);
#5771=ORIENTED_EDGE('',*,*,#5770,.T.);
#5772=EDGE_LOOP('',(#5769,#5771));
#5773=FACE_BOUND('',#5772,.F.);
#5775=ORIENTED_EDGE('',*,*,#5774,.T.);
#5777=ORIENTED_EDGE('',*,*,#5776,.T.);
#5778=EDGE_LOOP('',(#5775,#5777));
#5779=FACE_BOUND('',#5778,.F.);
#5781=ORIENTED_EDGE('',*,*,#5780,.T.);
#5783=ORIENTED_EDGE('',*,*,#5782,.T.);
#5784=EDGE_LOOP('',(#5781,#5783));
#5785=FACE_BOUND('',#5784,.F.);
#5787=ORIENTED_EDGE('',*,*,#5786,.T.);
#5789=ORIENTED_EDGE('',*,*,#5788,.T.);
#5790=EDGE_LOOP('',(#5787,#5789));
#5791=FACE_BOUND('',#5790,.F.);
#5793=ORIENTED_EDGE('',*,*,#5792,.T.);
#5795=ORIENTED_EDGE('',*,*,#5794,.T.);
#5796=EDGE_LOOP('',(#5793,#5795));
#5797=FACE_BOUND('',#5796,.F.);
#5799=ORIENTED_EDGE('',*,*,#5798,.T.);
#5801=ORIENTED_EDGE('',*,*,#5800,.T.);
#5802=EDGE_LOOP('',(#5799,#5801));
#5803=FACE_BOUND('',#5802,.F.);
#5805=ORIENTED_EDGE('',*,*,#5804,.T.);
#5807=ORIENTED_EDGE('',*,*,#5806,.T.);
#5808=EDGE_LOOP('',(#5805,#5807));
#5809=FACE_BOUND('',#5808,.F.);
#5811=ORIENTED_EDGE('',*,*,#5810,.T.);
#5813=ORIENTED_EDGE('',*,*,#5812,.T.);
#5814=EDGE_LOOP('',(#5811,#5813));
#5815=FACE_BOUND('',#5814,.F.);
#5817=CARTESIAN_POINT('',(1.41976E1,3.5034E0,-8.894E0));
#5818=DIRECTION('',(0.E0,-1.E0,0.E0));
#5819=DIRECTION('',(0.E0,0.E0,-1.E0));
#5820=AXIS2_PLACEMENT_3D('',#5817,#5818,#5819);
#5821=PLANE('',#5820);
#5822=ORIENTED_EDGE('',*,*,#5570,.T.);
#5823=ORIENTED_EDGE('',*,*,#5542,.T.);
#5825=ORIENTED_EDGE('',*,*,#5824,.T.);
#5827=ORIENTED_EDGE('',*,*,#5826,.F.);
#5828=EDGE_LOOP('',(#5822,#5823,#5825,#5827));
#5829=FACE_OUTER_BOUND('',#5828,.F.);
#5831=CARTESIAN_POINT('',(1.41976E1,3.605E0,-8.894E0));
#5832=DIRECTION('',(0.E0,0.E0,1.E0));
#5833=DIRECTION('',(0.E0,-1.E0,0.E0));
#5834=AXIS2_PLACEMENT_3D('',#5831,#5832,#5833);
#5835=PLANE('',#5834);
#5837=ORIENTED_EDGE('',*,*,#5836,.F.);
#5839=ORIENTED_EDGE('',*,*,#5838,.T.);
#5840=ORIENTED_EDGE('',*,*,#5824,.F.);
#5841=ORIENTED_EDGE('',*,*,#5540,.F.);
#5842=EDGE_LOOP('',(#5837,#5839,#5840,#5841));
#5843=FACE_OUTER_BOUND('',#5842,.F.);
#5845=CARTESIAN_POINT('',(-1.435E1,3.605E0,-9.91E0));
#5846=DIRECTION('',(0.E0,1.E0,0.E0));
#5847=DIRECTION('',(0.E0,0.E0,1.E0));
#5848=AXIS2_PLACEMENT_3D('',#5845,#5846,#5847);
#5849=PLANE('',#5848);
#5851=ORIENTED_EDGE('',*,*,#5850,.T.);
#5853=ORIENTED_EDGE('',*,*,#5852,.T.);
#5855=ORIENTED_EDGE('',*,*,#5854,.F.);
#5857=ORIENTED_EDGE('',*,*,#5856,.F.);
#5859=ORIENTED_EDGE('',*,*,#5858,.F.);
#5861=ORIENTED_EDGE('',*,*,#5860,.F.);
#5863=ORIENTED_EDGE('',*,*,#5862,.F.);
#5865=ORIENTED_EDGE('',*,*,#5864,.F.);
#5867=ORIENTED_EDGE('',*,*,#5866,.T.);
#5869=ORIENTED_EDGE('',*,*,#5868,.F.);
#5871=ORIENTED_EDGE('',*,*,#5870,.F.);
#5873=ORIENTED_EDGE('',*,*,#5872,.T.);
#5875=ORIENTED_EDGE('',*,*,#5874,.F.);
#5877=ORIENTED_EDGE('',*,*,#5876,.F.);
#5879=ORIENTED_EDGE('',*,*,#5878,.F.);
#5881=ORIENTED_EDGE('',*,*,#5880,.F.);
#5883=ORIENTED_EDGE('',*,*,#5882,.F.);
#5885=ORIENTED_EDGE('',*,*,#5884,.T.);
#5887=ORIENTED_EDGE('',*,*,#5886,.F.);
#5888=ORIENTED_EDGE('',*,*,#5836,.T.);
#5889=ORIENTED_EDGE('',*,*,#5538,.T.);
#5891=ORIENTED_EDGE('',*,*,#5890,.T.);
#5893=ORIENTED_EDGE('',*,*,#5892,.F.);
#5895=ORIENTED_EDGE('',*,*,#5894,.F.);
#5897=ORIENTED_EDGE('',*,*,#5896,.F.);
#5899=ORIENTED_EDGE('',*,*,#5898,.T.);
#5901=ORIENTED_EDGE('',*,*,#5900,.F.);
#5902=EDGE_LOOP('',(#5851,#5853,#5855,#5857,#5859,#5861,#5863,#5865,#5867,#5869,
#5871,#5873,#5875,#5877,#5879,#5881,#5883,#5885,#5887,#5888,#5889,#5891,#5893,
#5895,#5897,#5899,#5901));
#5903=FACE_OUTER_BOUND('',#5902,.F.);
#5905=CARTESIAN_POINT('',(1.2445E1,3.605E0,0.E0));
#5906=DIRECTION('',(9.659258262891E-1,0.E0,-2.588190451025E-1));
#5907=DIRECTION('',(-2.588190451025E-1,0.E0,-9.659258262891E-1));
#5908=AXIS2_PLACEMENT_3D('',#5905,#5906,#5907);
#5909=PLANE('',#5908);
#5911=ORIENTED_EDGE('',*,*,#5910,.F.);
#5913=ORIENTED_EDGE('',*,*,#5912,.T.);
#5915=ORIENTED_EDGE('',*,*,#5914,.F.);
#5916=ORIENTED_EDGE('',*,*,#5850,.F.);
#5917=EDGE_LOOP('',(#5911,#5913,#5915,#5916));
#5918=FACE_OUTER_BOUND('',#5917,.F.);
#5920=CARTESIAN_POINT('',(-1.435E1,3.605E0,0.E0));
#5921=DIRECTION('',(0.E0,0.E0,1.E0));
#5922=DIRECTION('',(0.E0,-1.E0,0.E0));
#5923=AXIS2_PLACEMENT_3D('',#5920,#5921,#5922);
#5924=PLANE('',#5923);
#5926=ORIENTED_EDGE('',*,*,#5925,.T.);
#5928=ORIENTED_EDGE('',*,*,#5927,.T.);
#5929=ORIENTED_EDGE('',*,*,#5495,.F.);
#5931=ORIENTED_EDGE('',*,*,#5930,.F.);
#5932=EDGE_LOOP('',(#5926,#5928,#5929,#5931));
#5933=FACE_OUTER_BOUND('',#5932,.F.);
#5935=CARTESIAN_POINT('',(-1.435E1,3.605E0,0.E0));
#5936=DIRECTION('',(0.E0,0.E0,1.E0));
#5937=DIRECTION('',(0.E0,-1.E0,0.E0));
#5938=AXIS2_PLACEMENT_3D('',#5935,#5936,#5937);
#5939=PLANE('',#5938);
#5941=ORIENTED_EDGE('',*,*,#5940,.T.);
#5942=ORIENTED_EDGE('',*,*,#5910,.T.);
#5943=ORIENTED_EDGE('',*,*,#5900,.T.);
#5945=ORIENTED_EDGE('',*,*,#5944,.T.);
#5947=ORIENTED_EDGE('',*,*,#5946,.T.);
#5949=ORIENTED_EDGE('',*,*,#5948,.F.);
#5951=ORIENTED_EDGE('',*,*,#5950,.F.);
#5953=ORIENTED_EDGE('',*,*,#5952,.F.);
#5955=ORIENTED_EDGE('',*,*,#5954,.F.);
#5957=ORIENTED_EDGE('',*,*,#5956,.F.);
#5959=ORIENTED_EDGE('',*,*,#5958,.F.);
#5961=ORIENTED_EDGE('',*,*,#5960,.F.);
#5963=ORIENTED_EDGE('',*,*,#5962,.F.);
#5965=ORIENTED_EDGE('',*,*,#5964,.F.);
#5966=ORIENTED_EDGE('',*,*,#5874,.T.);
#5968=ORIENTED_EDGE('',*,*,#5967,.F.);
#5970=ORIENTED_EDGE('',*,*,#5969,.F.);
#5972=ORIENTED_EDGE('',*,*,#5971,.F.);
#5973=ORIENTED_EDGE('',*,*,#5854,.T.);
#5975=ORIENTED_EDGE('',*,*,#5974,.F.);
#5976=EDGE_LOOP('',(#5941,#5942,#5943,#5945,#5947,#5949,#5951,#5953,#5955,#5957,
#5959,#5961,#5963,#5965,#5966,#5968,#5970,#5972,#5973,#5975));
#5977=FACE_OUTER_BOUND('',#5976,.F.);
#5979=CARTESIAN_POINT('',(-1.065814103640E-14,-2.717E0,-7.332348418708E-2));
#5980=DIRECTION('',(0.E0,5.E-1,8.660254037844E-1));
#5981=DIRECTION('',(0.E0,-8.660254037844E-1,5.E-1));
#5982=AXIS2_PLACEMENT_3D('',#5979,#5980,#5981);
#5983=PLANE('',#5982);
#5985=ORIENTED_EDGE('',*,*,#5984,.T.);
#5986=ORIENTED_EDGE('',*,*,#5925,.F.);
#5988=ORIENTED_EDGE('',*,*,#5987,.T.);
#5990=ORIENTED_EDGE('',*,*,#5989,.T.);
#5991=EDGE_LOOP('',(#5985,#5986,#5988,#5990));
#5992=FACE_OUTER_BOUND('',#5991,.F.);
#5994=CARTESIAN_POINT('',(1.435E1,0.E0,0.E0));
#5995=DIRECTION('',(1.E0,0.E0,0.E0));
#5996=DIRECTION('',(0.E0,0.E0,1.E0));
#5997=AXIS2_PLACEMENT_3D('',#5994,#5995,#5996);
#5998=PLANE('',#5997);
#6000=ORIENTED_EDGE('',*,*,#5999,.F.);
#6001=ORIENTED_EDGE('',*,*,#5944,.F.);
#6002=ORIENTED_EDGE('',*,*,#5898,.F.);
#6004=ORIENTED_EDGE('',*,*,#6003,.T.);
#6005=EDGE_LOOP('',(#6000,#6001,#6002,#6004));
#6006=FACE_OUTER_BOUND('',#6005,.F.);
#6008=CARTESIAN_POINT('',(1.435E1,0.E0,0.E0));
#6009=DIRECTION('',(1.E0,0.E0,0.E0));
#6010=DIRECTION('',(0.E0,0.E0,1.E0));
#6011=AXIS2_PLACEMENT_3D('',#6008,#6009,#6010);
#6012=PLANE('',#6011);
#6013=ORIENTED_EDGE('',*,*,#5984,.F.);
#6015=ORIENTED_EDGE('',*,*,#6014,.T.);
#6017=ORIENTED_EDGE('',*,*,#6016,.T.);
#6019=ORIENTED_EDGE('',*,*,#6018,.F.);
#6021=ORIENTED_EDGE('',*,*,#6020,.T.);
#6023=ORIENTED_EDGE('',*,*,#6022,.T.);
#6024=ORIENTED_EDGE('',*,*,#5497,.F.);
#6025=ORIENTED_EDGE('',*,*,#5927,.F.);
#6026=EDGE_LOOP('',(#6013,#6015,#6017,#6019,#6021,#6023,#6024,#6025));
#6027=FACE_OUTER_BOUND('',#6026,.F.);
#6029=CARTESIAN_POINT('',(-1.435E1,1.59E0,0.E0));
#6030=DIRECTION('',(0.E0,1.E0,0.E0));
#6031=DIRECTION('',(1.E0,0.E0,0.E0));
#6032=AXIS2_PLACEMENT_3D('',#6029,#6030,#6031);
#6033=PLANE('',#6032);
#6035=ORIENTED_EDGE('',*,*,#6034,.F.);
#6036=ORIENTED_EDGE('',*,*,#5946,.F.);
#6037=ORIENTED_EDGE('',*,*,#5999,.T.);
#6039=ORIENTED_EDGE('',*,*,#6038,.T.);
#6041=ORIENTED_EDGE('',*,*,#6040,.T.);
#6043=ORIENTED_EDGE('',*,*,#6042,.T.);
#6045=ORIENTED_EDGE('',*,*,#6044,.T.);
#6047=ORIENTED_EDGE('',*,*,#6046,.F.);
#6049=ORIENTED_EDGE('',*,*,#6048,.F.);
#6051=ORIENTED_EDGE('',*,*,#6050,.F.);
#6053=ORIENTED_EDGE('',*,*,#6052,.F.);
#6054=EDGE_LOOP('',(#6035,#6036,#6037,#6039,#6041,#6043,#6045,#6047,#6049,#6051,
#6053));
#6055=FACE_OUTER_BOUND('',#6054,.F.);
#6057=CARTESIAN_POINT('',(-1.435E1,1.59E0,0.E0));
#6058=DIRECTION('',(0.E0,1.E0,0.E0));
#6059=DIRECTION('',(1.E0,0.E0,0.E0));
#6060=AXIS2_PLACEMENT_3D('',#6057,#6058,#6059);
#6061=PLANE('',#6060);
#6063=ORIENTED_EDGE('',*,*,#6062,.F.);
#6065=ORIENTED_EDGE('',*,*,#6064,.T.);
#6067=ORIENTED_EDGE('',*,*,#6066,.F.);
#6069=ORIENTED_EDGE('',*,*,#6068,.F.);
#6071=ORIENTED_EDGE('',*,*,#6070,.T.);
#6073=ORIENTED_EDGE('',*,*,#6072,.T.);
#6075=ORIENTED_EDGE('',*,*,#6074,.T.);
#6077=ORIENTED_EDGE('',*,*,#6076,.T.);
#6079=ORIENTED_EDGE('',*,*,#6078,.F.);
#6081=ORIENTED_EDGE('',*,*,#6080,.F.);
#6082=ORIENTED_EDGE('',*,*,#5962,.T.);
#6083=EDGE_LOOP('',(#6063,#6065,#6067,#6069,#6071,#6073,#6075,#6077,#6079,#6081,
#6082));
#6084=FACE_OUTER_BOUND('',#6083,.F.);
#6086=CARTESIAN_POINT('',(1.340832348419E1,2.09E0,-1.27E-1));
#6087=DIRECTION('',(-8.660254037844E-1,0.E0,5.E-1));
#6088=DIRECTION('',(-5.E-1,0.E0,-8.660254037844E-1));
#6089=AXIS2_PLACEMENT_3D('',#6086,#6087,#6088);
#6090=PLANE('',#6089);
#6091=ORIENTED_EDGE('',*,*,#6034,.T.);
#6093=ORIENTED_EDGE('',*,*,#6092,.F.);
#6095=ORIENTED_EDGE('',*,*,#6094,.T.);
#6096=ORIENTED_EDGE('',*,*,#5948,.T.);
#6097=EDGE_LOOP('',(#6091,#6093,#6095,#6096));
#6098=FACE_OUTER_BOUND('',#6097,.F.);
#6100=CARTESIAN_POINT('',(1.3335E1,2.59E0,0.E0));
#6101=DIRECTION('',(1.E0,0.E0,0.E0));
#6102=DIRECTION('',(0.E0,-1.E0,0.E0));
#6103=AXIS2_PLACEMENT_3D('',#6100,#6101,#6102);
#6104=PLANE('',#6103);
#6105=ORIENTED_EDGE('',*,*,#6092,.T.);
#6106=ORIENTED_EDGE('',*,*,#6052,.T.);
#6108=ORIENTED_EDGE('',*,*,#6107,.F.);
#6110=ORIENTED_EDGE('',*,*,#6109,.F.);
#6111=EDGE_LOOP('',(#6105,#6106,#6108,#6110));
#6112=FACE_OUTER_BOUND('',#6111,.F.);
#6114=CARTESIAN_POINT('',(1.3085E1,1.652293536E1,-7.116E0));
#6115=DIRECTION('',(0.E0,-1.E0,0.E0));
#6116=DIRECTION('',(0.E0,0.E0,-1.E0));
#6117=AXIS2_PLACEMENT_3D('',#6114,#6115,#6116);
#6118=CYLINDRICAL_SURFACE('',#6117,2.5E-1);
#6120=ORIENTED_EDGE('',*,*,#6119,.F.);
#6122=ORIENTED_EDGE('',*,*,#6121,.F.);
#6123=ORIENTED_EDGE('',*,*,#6107,.T.);
#6125=ORIENTED_EDGE('',*,*,#6124,.T.);
#6126=EDGE_LOOP('',(#6120,#6122,#6123,#6125));
#6127=FACE_OUTER_BOUND('',#6126,.F.);
#6129=CARTESIAN_POINT('',(-1.435E1,3.605E0,-7.366E0));
#6130=DIRECTION('',(0.E0,0.E0,-1.E0));
#6131=DIRECTION('',(-1.E0,0.E0,0.E0));
#6132=AXIS2_PLACEMENT_3D('',#6129,#6130,#6131);
#6133=PLANE('',#6132);
#6135=ORIENTED_EDGE('',*,*,#6134,.T.);
#6137=ORIENTED_EDGE('',*,*,#6136,.T.);
#6139=ORIENTED_EDGE('',*,*,#6138,.T.);
#6141=ORIENTED_EDGE('',*,*,#6140,.F.);
#6142=ORIENTED_EDGE('',*,*,#5864,.T.);
#6144=ORIENTED_EDGE('',*,*,#6143,.F.);
#6146=ORIENTED_EDGE('',*,*,#6145,.T.);
#6147=ORIENTED_EDGE('',*,*,#6119,.T.);
#6149=ORIENTED_EDGE('',*,*,#6148,.T.);
#6151=ORIENTED_EDGE('',*,*,#6150,.F.);
#6153=ORIENTED_EDGE('',*,*,#6152,.T.);
#6155=ORIENTED_EDGE('',*,*,#6154,.T.);
#6157=ORIENTED_EDGE('',*,*,#6156,.T.);
#6159=ORIENTED_EDGE('',*,*,#6158,.T.);
#6161=ORIENTED_EDGE('',*,*,#6160,.T.);
#6163=ORIENTED_EDGE('',*,*,#6162,.T.);
#6164=EDGE_LOOP('',(#6135,#6137,#6139,#6141,#6142,#6144,#6146,#6147,#6149,#6151,
#6153,#6155,#6157,#6159,#6161,#6163));
#6165=FACE_OUTER_BOUND('',#6164,.F.);
#6167=ORIENTED_EDGE('',*,*,#6166,.T.);
#6169=ORIENTED_EDGE('',*,*,#6168,.T.);
#6171=ORIENTED_EDGE('',*,*,#6170,.T.);
#6173=ORIENTED_EDGE('',*,*,#6172,.T.);
#6174=EDGE_LOOP('',(#6167,#6169,#6171,#6173));
#6175=FACE_BOUND('',#6174,.F.);
#6177=ORIENTED_EDGE('',*,*,#6176,.T.);
#6179=ORIENTED_EDGE('',*,*,#6178,.T.);
#6181=ORIENTED_EDGE('',*,*,#6180,.T.);
#6183=ORIENTED_EDGE('',*,*,#6182,.T.);
#6184=EDGE_LOOP('',(#6177,#6179,#6181,#6183));
#6185=FACE_BOUND('',#6184,.F.);
#6187=ORIENTED_EDGE('',*,*,#6186,.T.);
#6189=ORIENTED_EDGE('',*,*,#6188,.T.);
#6191=ORIENTED_EDGE('',*,*,#6190,.T.);
#6193=ORIENTED_EDGE('',*,*,#6192,.T.);
#6194=EDGE_LOOP('',(#6187,#6189,#6191,#6193));
#6195=FACE_BOUND('',#6194,.F.);
#6197=ORIENTED_EDGE('',*,*,#6196,.T.);
#6199=ORIENTED_EDGE('',*,*,#6198,.T.);
#6201=ORIENTED_EDGE('',*,*,#6200,.T.);
#6203=ORIENTED_EDGE('',*,*,#6202,.T.);
#6204=EDGE_LOOP('',(#6197,#6199,#6201,#6203));
#6205=FACE_BOUND('',#6204,.F.);
#6207=ORIENTED_EDGE('',*,*,#6206,.T.);
#6209=ORIENTED_EDGE('',*,*,#6208,.T.);
#6211=ORIENTED_EDGE('',*,*,#6210,.T.);
#6213=ORIENTED_EDGE('',*,*,#6212,.T.);
#6214=EDGE_LOOP('',(#6207,#6209,#6211,#6213));
#6215=FACE_BOUND('',#6214,.F.);
#6217=ORIENTED_EDGE('',*,*,#6216,.T.);
#6219=ORIENTED_EDGE('',*,*,#6218,.T.);
#6221=ORIENTED_EDGE('',*,*,#6220,.T.);
#6223=ORIENTED_EDGE('',*,*,#6222,.T.);
#6224=EDGE_LOOP('',(#6217,#6219,#6221,#6223));
#6225=FACE_BOUND('',#6224,.F.);
#6227=ORIENTED_EDGE('',*,*,#6226,.T.);
#6229=ORIENTED_EDGE('',*,*,#6228,.T.);
#6231=ORIENTED_EDGE('',*,*,#6230,.T.);
#6233=ORIENTED_EDGE('',*,*,#6232,.T.);
#6234=EDGE_LOOP('',(#6227,#6229,#6231,#6233));
#6235=FACE_BOUND('',#6234,.F.);
#6237=ORIENTED_EDGE('',*,*,#6236,.T.);
#6239=ORIENTED_EDGE('',*,*,#6238,.T.);
#6241=ORIENTED_EDGE('',*,*,#6240,.T.);
#6243=ORIENTED_EDGE('',*,*,#6242,.T.);
#6244=EDGE_LOOP('',(#6237,#6239,#6241,#6243));
#6245=FACE_BOUND('',#6244,.F.);
#6247=ORIENTED_EDGE('',*,*,#6246,.T.);
#6249=ORIENTED_EDGE('',*,*,#6248,.T.);
#6251=ORIENTED_EDGE('',*,*,#6250,.T.);
#6253=ORIENTED_EDGE('',*,*,#6252,.T.);
#6254=EDGE_LOOP('',(#6247,#6249,#6251,#6253));
#6255=FACE_BOUND('',#6254,.F.);
#6257=ORIENTED_EDGE('',*,*,#6256,.T.);
#6259=ORIENTED_EDGE('',*,*,#6258,.T.);
#6261=ORIENTED_EDGE('',*,*,#6260,.T.);
#6263=ORIENTED_EDGE('',*,*,#6262,.T.);
#6264=EDGE_LOOP('',(#6257,#6259,#6261,#6263));
#6265=FACE_BOUND('',#6264,.F.);
#6267=ORIENTED_EDGE('',*,*,#6266,.T.);
#6269=ORIENTED_EDGE('',*,*,#6268,.T.);
#6271=ORIENTED_EDGE('',*,*,#6270,.T.);
#6273=ORIENTED_EDGE('',*,*,#6272,.T.);
#6274=EDGE_LOOP('',(#6267,#6269,#6271,#6273));
#6275=FACE_BOUND('',#6274,.F.);
#6277=ORIENTED_EDGE('',*,*,#6276,.T.);
#6279=ORIENTED_EDGE('',*,*,#6278,.T.);
#6281=ORIENTED_EDGE('',*,*,#6280,.T.);
#6283=ORIENTED_EDGE('',*,*,#6282,.T.);
#6284=EDGE_LOOP('',(#6277,#6279,#6281,#6283));
#6285=FACE_BOUND('',#6284,.F.);
#6287=ORIENTED_EDGE('',*,*,#6286,.T.);
#6289=ORIENTED_EDGE('',*,*,#6288,.T.);
#6291=ORIENTED_EDGE('',*,*,#6290,.T.);
#6293=ORIENTED_EDGE('',*,*,#6292,.T.);
#6294=EDGE_LOOP('',(#6287,#6289,#6291,#6293));
#6295=FACE_BOUND('',#6294,.F.);
#6297=ORIENTED_EDGE('',*,*,#6296,.T.);
#6299=ORIENTED_EDGE('',*,*,#6298,.T.);
#6301=ORIENTED_EDGE('',*,*,#6300,.T.);
#6303=ORIENTED_EDGE('',*,*,#6302,.T.);
#6304=EDGE_LOOP('',(#6297,#6299,#6301,#6303));
#6305=FACE_BOUND('',#6304,.F.);
#6307=ORIENTED_EDGE('',*,*,#6306,.T.);
#6309=ORIENTED_EDGE('',*,*,#6308,.T.);
#6311=ORIENTED_EDGE('',*,*,#6310,.T.);
#6313=ORIENTED_EDGE('',*,*,#6312,.T.);
#6314=EDGE_LOOP('',(#6307,#6309,#6311,#6313));
#6315=FACE_BOUND('',#6314,.F.);
#6317=ORIENTED_EDGE('',*,*,#6316,.T.);
#6319=ORIENTED_EDGE('',*,*,#6318,.T.);
#6321=ORIENTED_EDGE('',*,*,#6320,.T.);
#6323=ORIENTED_EDGE('',*,*,#6322,.T.);
#6324=EDGE_LOOP('',(#6317,#6319,#6321,#6323));
#6325=FACE_BOUND('',#6324,.F.);
#6327=ORIENTED_EDGE('',*,*,#6326,.T.);
#6329=ORIENTED_EDGE('',*,*,#6328,.T.);
#6331=ORIENTED_EDGE('',*,*,#6330,.T.);
#6333=ORIENTED_EDGE('',*,*,#6332,.T.);
#6334=EDGE_LOOP('',(#6327,#6329,#6331,#6333));
#6335=FACE_BOUND('',#6334,.F.);
#6337=ORIENTED_EDGE('',*,*,#6336,.T.);
#6339=ORIENTED_EDGE('',*,*,#6338,.T.);
#6341=ORIENTED_EDGE('',*,*,#6340,.T.);
#6343=ORIENTED_EDGE('',*,*,#6342,.T.);
#6344=EDGE_LOOP('',(#6337,#6339,#6341,#6343));
#6345=FACE_BOUND('',#6344,.F.);
#6347=ORIENTED_EDGE('',*,*,#6346,.T.);
#6349=ORIENTED_EDGE('',*,*,#6348,.T.);
#6351=ORIENTED_EDGE('',*,*,#6350,.T.);
#6353=ORIENTED_EDGE('',*,*,#6352,.T.);
#6354=EDGE_LOOP('',(#6347,#6349,#6351,#6353));
#6355=FACE_BOUND('',#6354,.F.);
#6357=ORIENTED_EDGE('',*,*,#6356,.T.);
#6359=ORIENTED_EDGE('',*,*,#6358,.T.);
#6361=ORIENTED_EDGE('',*,*,#6360,.T.);
#6363=ORIENTED_EDGE('',*,*,#6362,.T.);
#6364=EDGE_LOOP('',(#6357,#6359,#6361,#6363));
#6365=FACE_BOUND('',#6364,.F.);
#6367=ORIENTED_EDGE('',*,*,#6366,.T.);
#6369=ORIENTED_EDGE('',*,*,#6368,.T.);
#6371=ORIENTED_EDGE('',*,*,#6370,.T.);
#6373=ORIENTED_EDGE('',*,*,#6372,.T.);
#6374=EDGE_LOOP('',(#6367,#6369,#6371,#6373));
#6375=FACE_BOUND('',#6374,.F.);
#6377=ORIENTED_EDGE('',*,*,#6376,.T.);
#6379=ORIENTED_EDGE('',*,*,#6378,.T.);
#6381=ORIENTED_EDGE('',*,*,#6380,.T.);
#6383=ORIENTED_EDGE('',*,*,#6382,.T.);
#6384=EDGE_LOOP('',(#6377,#6379,#6381,#6383));
#6385=FACE_BOUND('',#6384,.F.);
#6387=ORIENTED_EDGE('',*,*,#6386,.T.);
#6389=ORIENTED_EDGE('',*,*,#6388,.T.);
#6391=ORIENTED_EDGE('',*,*,#6390,.T.);
#6393=ORIENTED_EDGE('',*,*,#6392,.T.);
#6394=EDGE_LOOP('',(#6387,#6389,#6391,#6393));
#6395=FACE_BOUND('',#6394,.F.);
#6397=ORIENTED_EDGE('',*,*,#6396,.T.);
#6399=ORIENTED_EDGE('',*,*,#6398,.T.);
#6401=ORIENTED_EDGE('',*,*,#6400,.T.);
#6403=ORIENTED_EDGE('',*,*,#6402,.T.);
#6404=EDGE_LOOP('',(#6397,#6399,#6401,#6403));
#6405=FACE_BOUND('',#6404,.F.);
#6407=ORIENTED_EDGE('',*,*,#6406,.T.);
#6409=ORIENTED_EDGE('',*,*,#6408,.T.);
#6411=ORIENTED_EDGE('',*,*,#6410,.T.);
#6413=ORIENTED_EDGE('',*,*,#6412,.T.);
#6414=EDGE_LOOP('',(#6407,#6409,#6411,#6413));
#6415=FACE_BOUND('',#6414,.F.);
#6417=ORIENTED_EDGE('',*,*,#6416,.T.);
#6419=ORIENTED_EDGE('',*,*,#6418,.T.);
#6421=ORIENTED_EDGE('',*,*,#6420,.T.);
#6423=ORIENTED_EDGE('',*,*,#6422,.T.);
#6424=EDGE_LOOP('',(#6417,#6419,#6421,#6423));
#6425=FACE_BOUND('',#6424,.F.);
#6427=ORIENTED_EDGE('',*,*,#6426,.T.);
#6429=ORIENTED_EDGE('',*,*,#6428,.T.);
#6431=ORIENTED_EDGE('',*,*,#6430,.T.);
#6433=ORIENTED_EDGE('',*,*,#6432,.T.);
#6434=EDGE_LOOP('',(#6427,#6429,#6431,#6433));
#6435=FACE_BOUND('',#6434,.F.);
#6437=ORIENTED_EDGE('',*,*,#6436,.T.);
#6439=ORIENTED_EDGE('',*,*,#6438,.T.);
#6441=ORIENTED_EDGE('',*,*,#6440,.T.);
#6443=ORIENTED_EDGE('',*,*,#6442,.T.);
#6444=EDGE_LOOP('',(#6437,#6439,#6441,#6443));
#6445=FACE_BOUND('',#6444,.F.);
#6447=ORIENTED_EDGE('',*,*,#6446,.T.);
#6449=ORIENTED_EDGE('',*,*,#6448,.T.);
#6451=ORIENTED_EDGE('',*,*,#6450,.T.);
#6453=ORIENTED_EDGE('',*,*,#6452,.T.);
#6454=EDGE_LOOP('',(#6447,#6449,#6451,#6453));
#6455=FACE_BOUND('',#6454,.F.);
#6457=ORIENTED_EDGE('',*,*,#6456,.T.);
#6459=ORIENTED_EDGE('',*,*,#6458,.T.);
#6461=ORIENTED_EDGE('',*,*,#6460,.T.);
#6463=ORIENTED_EDGE('',*,*,#6462,.T.);
#6464=EDGE_LOOP('',(#6457,#6459,#6461,#6463));
#6465=FACE_BOUND('',#6464,.F.);
#6467=ORIENTED_EDGE('',*,*,#6466,.T.);
#6469=ORIENTED_EDGE('',*,*,#6468,.T.);
#6471=ORIENTED_EDGE('',*,*,#6470,.T.);
#6473=ORIENTED_EDGE('',*,*,#6472,.T.);
#6474=EDGE_LOOP('',(#6467,#6469,#6471,#6473));
#6475=FACE_BOUND('',#6474,.F.);
#6477=ORIENTED_EDGE('',*,*,#6476,.T.);
#6479=ORIENTED_EDGE('',*,*,#6478,.T.);
#6481=ORIENTED_EDGE('',*,*,#6480,.T.);
#6483=ORIENTED_EDGE('',*,*,#6482,.T.);
#6484=EDGE_LOOP('',(#6477,#6479,#6481,#6483));
#6485=FACE_BOUND('',#6484,.F.);
#6487=ORIENTED_EDGE('',*,*,#6486,.T.);
#6489=ORIENTED_EDGE('',*,*,#6488,.T.);
#6491=ORIENTED_EDGE('',*,*,#6490,.T.);
#6493=ORIENTED_EDGE('',*,*,#6492,.T.);
#6494=EDGE_LOOP('',(#6487,#6489,#6491,#6493));
#6495=FACE_BOUND('',#6494,.F.);
#6497=ORIENTED_EDGE('',*,*,#6496,.T.);
#6499=ORIENTED_EDGE('',*,*,#6498,.T.);
#6501=ORIENTED_EDGE('',*,*,#6500,.T.);
#6503=ORIENTED_EDGE('',*,*,#6502,.T.);
#6504=EDGE_LOOP('',(#6497,#6499,#6501,#6503));
#6505=FACE_BOUND('',#6504,.F.);
#6507=ORIENTED_EDGE('',*,*,#6506,.T.);
#6509=ORIENTED_EDGE('',*,*,#6508,.T.);
#6511=ORIENTED_EDGE('',*,*,#6510,.T.);
#6513=ORIENTED_EDGE('',*,*,#6512,.T.);
#6514=EDGE_LOOP('',(#6507,#6509,#6511,#6513));
#6515=FACE_BOUND('',#6514,.F.);
#6517=ORIENTED_EDGE('',*,*,#6516,.T.);
#6519=ORIENTED_EDGE('',*,*,#6518,.T.);
#6521=ORIENTED_EDGE('',*,*,#6520,.T.);
#6523=ORIENTED_EDGE('',*,*,#6522,.T.);
#6524=EDGE_LOOP('',(#6517,#6519,#6521,#6523));
#6525=FACE_BOUND('',#6524,.F.);
#6527=ORIENTED_EDGE('',*,*,#6526,.T.);
#6529=ORIENTED_EDGE('',*,*,#6528,.T.);
#6531=ORIENTED_EDGE('',*,*,#6530,.T.);
#6533=ORIENTED_EDGE('',*,*,#6532,.T.);
#6534=EDGE_LOOP('',(#6527,#6529,#6531,#6533));
#6535=FACE_BOUND('',#6534,.F.);
#6537=ORIENTED_EDGE('',*,*,#6536,.T.);
#6539=ORIENTED_EDGE('',*,*,#6538,.T.);
#6541=ORIENTED_EDGE('',*,*,#6540,.T.);
#6543=ORIENTED_EDGE('',*,*,#6542,.T.);
#6544=EDGE_LOOP('',(#6537,#6539,#6541,#6543));
#6545=FACE_BOUND('',#6544,.F.);
#6547=ORIENTED_EDGE('',*,*,#6546,.T.);
#6549=ORIENTED_EDGE('',*,*,#6548,.T.);
#6551=ORIENTED_EDGE('',*,*,#6550,.T.);
#6553=ORIENTED_EDGE('',*,*,#6552,.T.);
#6554=EDGE_LOOP('',(#6547,#6549,#6551,#6553));
#6555=FACE_BOUND('',#6554,.F.);
#6557=ORIENTED_EDGE('',*,*,#6556,.T.);
#6559=ORIENTED_EDGE('',*,*,#6558,.T.);
#6561=ORIENTED_EDGE('',*,*,#6560,.T.);
#6563=ORIENTED_EDGE('',*,*,#6562,.T.);
#6564=EDGE_LOOP('',(#6557,#6559,#6561,#6563));
#6565=FACE_BOUND('',#6564,.F.);
#6567=CARTESIAN_POINT('',(-5.698582416E1,1.34E0,-7.116E0));
#6568=DIRECTION('',(1.E0,0.E0,0.E0));
#6569=DIRECTION('',(0.E0,0.E0,-1.E0));
#6570=AXIS2_PLACEMENT_3D('',#6567,#6568,#6569);
#6571=CYLINDRICAL_SURFACE('',#6570,2.5E-1);
#6572=ORIENTED_EDGE('',*,*,#6066,.T.);
#6574=ORIENTED_EDGE('',*,*,#6573,.T.);
#6575=ORIENTED_EDGE('',*,*,#6134,.F.);
#6577=ORIENTED_EDGE('',*,*,#6576,.T.);
#6578=EDGE_LOOP('',(#6572,#6574,#6575,#6577));
#6579=FACE_OUTER_BOUND('',#6578,.F.);
#6581=CARTESIAN_POINT('',(-1.3085E1,-1.499533536E1,-7.116E0));
#6582=DIRECTION('',(0.E0,1.E0,0.E0));
#6583=DIRECTION('',(0.E0,0.E0,-1.E0));
#6584=AXIS2_PLACEMENT_3D('',#6581,#6582,#6583);
#6585=CYLINDRICAL_SURFACE('',#6584,2.5E-1);
#6587=ORIENTED_EDGE('',*,*,#6586,.T.);
#6589=ORIENTED_EDGE('',*,*,#6588,.T.);
#6590=ORIENTED_EDGE('',*,*,#6136,.F.);
#6591=ORIENTED_EDGE('',*,*,#6573,.F.);
#6592=EDGE_LOOP('',(#6587,#6589,#6590,#6591));
#6593=FACE_OUTER_BOUND('',#6592,.F.);
#6595=CARTESIAN_POINT('',(-1.3335E1,1.59E0,0.E0));
#6596=DIRECTION('',(-1.E0,0.E0,0.E0));
#6597=DIRECTION('',(0.E0,1.E0,0.E0));
#6598=AXIS2_PLACEMENT_3D('',#6595,#6596,#6597);
#6599=PLANE('',#6598);
#6601=ORIENTED_EDGE('',*,*,#6600,.T.);
#6603=ORIENTED_EDGE('',*,*,#6602,.T.);
#6604=ORIENTED_EDGE('',*,*,#6586,.F.);
#6605=ORIENTED_EDGE('',*,*,#6064,.F.);
#6606=EDGE_LOOP('',(#6601,#6603,#6604,#6605));
#6607=FACE_OUTER_BOUND('',#6606,.F.);
#6609=CARTESIAN_POINT('',(-1.340832348419E1,2.09E0,-1.27E-1));
#6610=DIRECTION('',(8.660254037844E-1,0.E0,5.E-1));
#6611=DIRECTION('',(5.E-1,0.E0,-8.660254037844E-1));
#6612=AXIS2_PLACEMENT_3D('',#6609,#6610,#6611);
#6613=PLANE('',#6612);
#6614=ORIENTED_EDGE('',*,*,#6062,.T.);
#6615=ORIENTED_EDGE('',*,*,#5960,.T.);
#6617=ORIENTED_EDGE('',*,*,#6616,.F.);
#6618=ORIENTED_EDGE('',*,*,#6600,.F.);
#6619=EDGE_LOOP('',(#6614,#6615,#6617,#6618));
#6620=FACE_OUTER_BOUND('',#6619,.F.);
#6622=CARTESIAN_POINT('',(-8.0645E0,2.663323484187E0,-1.27E-1));
#6623=DIRECTION('',(0.E0,-8.660254037844E-1,5.E-1));
#6624=DIRECTION('',(0.E0,-5.E-1,-8.660254037844E-1));
#6625=AXIS2_PLACEMENT_3D('',#6622,#6623,#6624);
#6626=PLANE('',#6625);
#6628=ORIENTED_EDGE('',*,*,#6627,.T.);
#6630=ORIENTED_EDGE('',*,*,#6629,.F.);
#6631=ORIENTED_EDGE('',*,*,#6616,.T.);
#6632=ORIENTED_EDGE('',*,*,#5958,.T.);
#6634=ORIENTED_EDGE('',*,*,#6633,.F.);
#6635=EDGE_LOOP('',(#6628,#6630,#6631,#6632,#6634));
#6636=FACE_OUTER_BOUND('',#6635,.F.);
#6638=CARTESIAN_POINT('',(-2.794E0,4.1648E0,0.E0));
#6639=DIRECTION('',(-1.E0,0.E0,0.E0));
#6640=DIRECTION('',(0.E0,-1.E0,0.E0));
#6641=AXIS2_PLACEMENT_3D('',#6638,#6639,#6640);
#6642=PLANE('',#6641);
#6644=ORIENTED_EDGE('',*,*,#6643,.T.);
#6646=ORIENTED_EDGE('',*,*,#6645,.F.);
#6648=ORIENTED_EDGE('',*,*,#6647,.T.);
#6649=ORIENTED_EDGE('',*,*,#6627,.F.);
#6651=ORIENTED_EDGE('',*,*,#6650,.T.);
#6653=ORIENTED_EDGE('',*,*,#6652,.T.);
#6655=ORIENTED_EDGE('',*,*,#6654,.T.);
#6657=ORIENTED_EDGE('',*,*,#6656,.T.);
#6658=EDGE_LOOP('',(#6644,#6646,#6648,#6649,#6651,#6653,#6655,#6657));
#6659=FACE_OUTER_BOUND('',#6658,.F.);
#6661=CARTESIAN_POINT('',(-1.435E1,0.E0,-3.81E0));
#6662=DIRECTION('',(0.E0,0.E0,1.E0));
#6663=DIRECTION('',(1.E0,0.E0,0.E0));
#6664=AXIS2_PLACEMENT_3D('',#6661,#6662,#6663);
#6665=PLANE('',#6664);
#6667=ORIENTED_EDGE('',*,*,#6666,.T.);
#6668=ORIENTED_EDGE('',*,*,#6643,.F.);
#6669=ORIENTED_EDGE('',*,*,#5868,.T.);
#6671=ORIENTED_EDGE('',*,*,#6670,.T.);
#6672=EDGE_LOOP('',(#6667,#6668,#6669,#6671));
#6673=FACE_OUTER_BOUND('',#6672,.F.);
#6675=CARTESIAN_POINT('',(-1.435E1,0.E0,-3.81E0));
#6676=DIRECTION('',(0.E0,0.E0,1.E0));
#6677=DIRECTION('',(1.E0,0.E0,0.E0));
#6678=AXIS2_PLACEMENT_3D('',#6675,#6676,#6677);
#6679=PLANE('',#6678);
#6681=ORIENTED_EDGE('',*,*,#6680,.T.);
#6683=ORIENTED_EDGE('',*,*,#6682,.T.);
#6684=ORIENTED_EDGE('',*,*,#5860,.T.);
#6686=ORIENTED_EDGE('',*,*,#6685,.F.);
#6687=EDGE_LOOP('',(#6681,#6683,#6684,#6686));
#6688=FACE_OUTER_BOUND('',#6687,.F.);
#6690=CARTESIAN_POINT('',(-2.1595E0,2.663323484187E0,-3.937E0));
#6691=DIRECTION('',(0.E0,-8.660254037844E-1,5.E-1));
#6692=DIRECTION('',(0.E0,5.E-1,8.660254037844E-1));
#6693=AXIS2_PLACEMENT_3D('',#6690,#6691,#6692);
#6694=PLANE('',#6693);
#6695=ORIENTED_EDGE('',*,*,#6666,.F.);
#6697=ORIENTED_EDGE('',*,*,#6696,.T.);
#6699=ORIENTED_EDGE('',*,*,#6698,.T.);
#6700=ORIENTED_EDGE('',*,*,#6645,.T.);
#6701=EDGE_LOOP('',(#6695,#6697,#6699,#6700));
#6702=FACE_OUTER_BOUND('',#6701,.F.);
#6704=CARTESIAN_POINT('',(-1.525E0,3.605E0,0.E0));
#6705=DIRECTION('',(-1.E0,0.E0,0.E0));
#6706=DIRECTION('',(0.E0,-1.E0,0.E0));
#6707=AXIS2_PLACEMENT_3D('',#6704,#6705,#6706);
#6708=PLANE('',#6707);
#6709=ORIENTED_EDGE('',*,*,#6696,.F.);
#6710=ORIENTED_EDGE('',*,*,#6670,.F.);
#6711=ORIENTED_EDGE('',*,*,#5866,.F.);
#6712=ORIENTED_EDGE('',*,*,#6140,.T.);
#6714=ORIENTED_EDGE('',*,*,#6713,.F.);
#6716=ORIENTED_EDGE('',*,*,#6715,.F.);
#6717=EDGE_LOOP('',(#6709,#6710,#6711,#6712,#6714,#6716));
#6718=FACE_OUTER_BOUND('',#6717,.F.);
#6720=CARTESIAN_POINT('',(-5.698582416E1,2.34E0,-7.116E0));
#6721=DIRECTION('',(1.E0,0.E0,0.E0));
#6722=DIRECTION('',(0.E0,0.E0,-1.E0));
#6723=AXIS2_PLACEMENT_3D('',#6720,#6721,#6722);
#6724=CYLINDRICAL_SURFACE('',#6723,2.5E-1);
#6725=ORIENTED_EDGE('',*,*,#6138,.F.);
#6726=ORIENTED_EDGE('',*,*,#6588,.F.);
#6728=ORIENTED_EDGE('',*,*,#6727,.T.);
#6729=ORIENTED_EDGE('',*,*,#6713,.T.);
#6730=EDGE_LOOP('',(#6725,#6726,#6728,#6729));
#6731=FACE_OUTER_BOUND('',#6730,.F.);
#6733=CARTESIAN_POINT('',(-1.3335E1,2.59E0,0.E0));
#6734=DIRECTION('',(0.E0,1.E0,0.E0));
#6735=DIRECTION('',(1.E0,0.E0,0.E0));
#6736=AXIS2_PLACEMENT_3D('',#6733,#6734,#6735);
#6737=PLANE('',#6736);
#6739=ORIENTED_EDGE('',*,*,#6738,.T.);
#6740=ORIENTED_EDGE('',*,*,#6109,.T.);
#6742=ORIENTED_EDGE('',*,*,#6741,.F.);
#6744=ORIENTED_EDGE('',*,*,#6743,.F.);
#6746=ORIENTED_EDGE('',*,*,#6745,.F.);
#6748=ORIENTED_EDGE('',*,*,#6747,.F.);
#6749=EDGE_LOOP('',(#6739,#6740,#6742,#6744,#6746,#6748));
#6750=FACE_OUTER_BOUND('',#6749,.F.);
#6752=CARTESIAN_POINT('',(-1.3335E1,2.59E0,0.E0));
#6753=DIRECTION('',(0.E0,1.E0,0.E0));
#6754=DIRECTION('',(1.E0,0.E0,0.E0));
#6755=AXIS2_PLACEMENT_3D('',#6752,#6753,#6754);
#6756=PLANE('',#6755);
#6757=ORIENTED_EDGE('',*,*,#6629,.T.);
#6758=ORIENTED_EDGE('',*,*,#6647,.F.);
#6759=ORIENTED_EDGE('',*,*,#6698,.F.);
#6760=ORIENTED_EDGE('',*,*,#6715,.T.);
#6761=ORIENTED_EDGE('',*,*,#6727,.F.);
#6762=ORIENTED_EDGE('',*,*,#6602,.F.);
#6763=EDGE_LOOP('',(#6757,#6758,#6759,#6760,#6761,#6762));
#6764=FACE_OUTER_BOUND('',#6763,.F.);
#6766=CARTESIAN_POINT('',(8.0645E0,2.663323484187E0,-1.27E-1));
#6767=DIRECTION('',(0.E0,-8.660254037844E-1,5.E-1));
#6768=DIRECTION('',(0.E0,-5.E-1,-8.660254037844E-1));
#6769=AXIS2_PLACEMENT_3D('',#6766,#6767,#6768);
#6770=PLANE('',#6769);
#6771=ORIENTED_EDGE('',*,*,#6738,.F.);
#6773=ORIENTED_EDGE('',*,*,#6772,.T.);
#6775=ORIENTED_EDGE('',*,*,#6774,.T.);
#6776=ORIENTED_EDGE('',*,*,#5950,.T.);
#6777=ORIENTED_EDGE('',*,*,#6094,.F.);
#6778=EDGE_LOOP('',(#6771,#6773,#6775,#6776,#6777));
#6779=FACE_OUTER_BOUND('',#6778,.F.);
#6781=CARTESIAN_POINT('',(2.794E0,2.59E0,0.E0));
#6782=DIRECTION('',(1.E0,0.E0,0.E0));
#6783=DIRECTION('',(0.E0,1.E0,0.E0));
#6784=AXIS2_PLACEMENT_3D('',#6781,#6782,#6783);
#6785=PLANE('',#6784);
#6786=ORIENTED_EDGE('',*,*,#6747,.T.);
#6788=ORIENTED_EDGE('',*,*,#6787,.F.);
#6789=ORIENTED_EDGE('',*,*,#6685,.T.);
#6791=ORIENTED_EDGE('',*,*,#6790,.T.);
#6793=ORIENTED_EDGE('',*,*,#6792,.T.);
#6795=ORIENTED_EDGE('',*,*,#6794,.F.);
#6797=ORIENTED_EDGE('',*,*,#6796,.T.);
#6798=ORIENTED_EDGE('',*,*,#6772,.F.);
#6799=EDGE_LOOP('',(#6786,#6788,#6789,#6791,#6793,#6795,#6797,#6798));
#6800=FACE_OUTER_BOUND('',#6799,.F.);
#6802=CARTESIAN_POINT('',(2.1595E0,2.663323484187E0,-3.937E0));
#6803=DIRECTION('',(0.E0,-8.660254037844E-1,5.E-1));
#6804=DIRECTION('',(0.E0,5.E-1,8.660254037844E-1));
#6805=AXIS2_PLACEMENT_3D('',#6802,#6803,#6804);
#6806=PLANE('',#6805);
#6808=ORIENTED_EDGE('',*,*,#6807,.T.);
#6809=ORIENTED_EDGE('',*,*,#6680,.F.);
#6810=ORIENTED_EDGE('',*,*,#6787,.T.);
#6811=ORIENTED_EDGE('',*,*,#6745,.T.);
#6812=EDGE_LOOP('',(#6808,#6809,#6810,#6811));
#6813=FACE_OUTER_BOUND('',#6812,.F.);
#6815=CARTESIAN_POINT('',(1.525E0,2.59E0,0.E0));
#6816=DIRECTION('',(1.E0,0.E0,0.E0));
#6817=DIRECTION('',(0.E0,1.E0,0.E0));
#6818=AXIS2_PLACEMENT_3D('',#6815,#6816,#6817);
#6819=PLANE('',#6818);
#6820=ORIENTED_EDGE('',*,*,#6807,.F.);
#6821=ORIENTED_EDGE('',*,*,#6743,.T.);
#6823=ORIENTED_EDGE('',*,*,#6822,.F.);
#6824=ORIENTED_EDGE('',*,*,#6143,.T.);
#6825=ORIENTED_EDGE('',*,*,#5862,.T.);
#6826=ORIENTED_EDGE('',*,*,#6682,.F.);
#6827=EDGE_LOOP('',(#6820,#6821,#6823,#6824,#6825,#6826));
#6828=FACE_OUTER_BOUND('',#6827,.F.);
#6830=CARTESIAN_POINT('',(-5.698582416E1,2.34E0,-7.116E0));
#6831=DIRECTION('',(1.E0,0.E0,0.E0));
#6832=DIRECTION('',(0.E0,0.E0,-1.E0));
#6833=AXIS2_PLACEMENT_3D('',#6830,#6831,#6832);
#6834=CYLINDRICAL_SURFACE('',#6833,2.5E-1);
#6835=ORIENTED_EDGE('',*,*,#6741,.T.);
#6836=ORIENTED_EDGE('',*,*,#6121,.T.);
#6837=ORIENTED_EDGE('',*,*,#6145,.F.);
#6838=ORIENTED_EDGE('',*,*,#6822,.T.);
#6839=EDGE_LOOP('',(#6835,#6836,#6837,#6838));
#6840=FACE_OUTER_BOUND('',#6839,.F.);
#6842=CARTESIAN_POINT('',(3.81E0,3.605E0,-3.81E0));
#6843=DIRECTION('',(0.E0,8.290375725550E-1,-5.591929034707E-1));
#6844=DIRECTION('',(0.E0,5.591929034707E-1,8.290375725550E-1));
#6845=AXIS2_PLACEMENT_3D('',#6842,#6843,#6844);
#6846=PLANE('',#6845);
#6847=ORIENTED_EDGE('',*,*,#6656,.F.);
#6849=ORIENTED_EDGE('',*,*,#6848,.F.);
#6851=ORIENTED_EDGE('',*,*,#6850,.T.);
#6852=ORIENTED_EDGE('',*,*,#5870,.T.);
#6853=EDGE_LOOP('',(#6847,#6849,#6851,#6852));
#6854=FACE_OUTER_BOUND('',#6853,.F.);
#6856=CARTESIAN_POINT('',(3.81E0,3.605E0,-3.81E0));
#6857=DIRECTION('',(0.E0,8.290375725550E-1,-5.591929034707E-1));
#6858=DIRECTION('',(0.E0,5.591929034707E-1,8.290375725550E-1));
#6859=AXIS2_PLACEMENT_3D('',#6856,#6857,#6858);
#6860=PLANE('',#6859);
#6861=ORIENTED_EDGE('',*,*,#6790,.F.);
#6862=ORIENTED_EDGE('',*,*,#5858,.T.);
#6864=ORIENTED_EDGE('',*,*,#6863,.F.);
#6866=ORIENTED_EDGE('',*,*,#6865,.F.);
#6867=EDGE_LOOP('',(#6861,#6862,#6864,#6866));
#6868=FACE_OUTER_BOUND('',#6867,.F.);
#6870=CARTESIAN_POINT('',(3.81E0,5.1326E0,-1.545239864500E0));
#6871=DIRECTION('',(0.E0,1.E0,0.E0));
#6872=DIRECTION('',(0.E0,0.E0,1.E0));
#6873=AXIS2_PLACEMENT_3D('',#6870,#6871,#6872);
#6874=PLANE('',#6873);
#6876=ORIENTED_EDGE('',*,*,#6875,.F.);
#6877=ORIENTED_EDGE('',*,*,#6865,.T.);
#6879=ORIENTED_EDGE('',*,*,#6878,.F.);
#6880=ORIENTED_EDGE('',*,*,#5969,.T.);
#6882=ORIENTED_EDGE('',*,*,#6881,.T.);
#6883=ORIENTED_EDGE('',*,*,#6848,.T.);
#6884=EDGE_LOOP('',(#6876,#6877,#6879,#6880,#6882,#6883));
#6885=FACE_OUTER_BOUND('',#6884,.F.);
#6887=CARTESIAN_POINT('',(-1.435E1,0.E0,-1.545239864500E0));
#6888=DIRECTION('',(0.E0,0.E0,-1.E0));
#6889=DIRECTION('',(-1.E0,0.E0,0.E0));
#6890=AXIS2_PLACEMENT_3D('',#6887,#6888,#6889);
#6891=PLANE('',#6890);
#6892=ORIENTED_EDGE('',*,*,#6875,.T.);
#6893=ORIENTED_EDGE('',*,*,#6654,.F.);
#6895=ORIENTED_EDGE('',*,*,#6894,.F.);
#6896=ORIENTED_EDGE('',*,*,#6792,.F.);
#6897=EDGE_LOOP('',(#6892,#6893,#6895,#6896));
#6898=FACE_OUTER_BOUND('',#6897,.F.);
#6900=CARTESIAN_POINT('',(2.794E0,4.1648E0,0.E0));
#6901=DIRECTION('',(0.E0,1.E0,0.E0));
#6902=DIRECTION('',(-1.E0,0.E0,0.E0));
#6903=AXIS2_PLACEMENT_3D('',#6900,#6901,#6902);
#6904=PLANE('',#6903);
#6906=ORIENTED_EDGE('',*,*,#6905,.T.);
#6907=ORIENTED_EDGE('',*,*,#6794,.T.);
#6908=ORIENTED_EDGE('',*,*,#6894,.T.);
#6909=ORIENTED_EDGE('',*,*,#6652,.F.);
#6910=EDGE_LOOP('',(#6906,#6907,#6908,#6909));
#6911=FACE_OUTER_BOUND('',#6910,.F.);
#6913=CARTESIAN_POINT('',(-1.065814103640E-14,4.2918E0,-7.332348418708E-2));
#6914=DIRECTION('',(0.E0,-5.E-1,8.660254037844E-1));
#6915=DIRECTION('',(0.E0,-8.660254037844E-1,-5.E-1));
#6916=AXIS2_PLACEMENT_3D('',#6913,#6914,#6915);
#6917=PLANE('',#6916);
#6918=ORIENTED_EDGE('',*,*,#5954,.T.);
#6920=ORIENTED_EDGE('',*,*,#6919,.F.);
#6921=ORIENTED_EDGE('',*,*,#6905,.F.);
#6923=ORIENTED_EDGE('',*,*,#6922,.T.);
#6924=EDGE_LOOP('',(#6918,#6920,#6921,#6923));
#6925=FACE_OUTER_BOUND('',#6924,.F.);
#6927=CARTESIAN_POINT('',(2.921E0,3.3774E0,-7.332348418708E-2));
#6928=DIRECTION('',(-5.E-1,0.E0,8.660254037844E-1));
#6929=DIRECTION('',(-8.660254037844E-1,0.E0,-5.E-1));
#6930=AXIS2_PLACEMENT_3D('',#6927,#6928,#6929);
#6931=PLANE('',#6930);
#6932=ORIENTED_EDGE('',*,*,#5952,.T.);
#6933=ORIENTED_EDGE('',*,*,#6774,.F.);
#6934=ORIENTED_EDGE('',*,*,#6796,.F.);
#6935=ORIENTED_EDGE('',*,*,#6919,.T.);
#6936=EDGE_LOOP('',(#6932,#6933,#6934,#6935));
#6937=FACE_OUTER_BOUND('',#6936,.F.);
#6939=CARTESIAN_POINT('',(-2.921E0,3.3774E0,-7.332348418708E-2));
#6940=DIRECTION('',(5.E-1,0.E0,8.660254037844E-1));
#6941=DIRECTION('',(8.660254037844E-1,0.E0,-5.E-1));
#6942=AXIS2_PLACEMENT_3D('',#6939,#6940,#6941);
#6943=PLANE('',#6942);
#6944=ORIENTED_EDGE('',*,*,#6650,.F.);
#6945=ORIENTED_EDGE('',*,*,#6633,.T.);
#6946=ORIENTED_EDGE('',*,*,#5956,.T.);
#6947=ORIENTED_EDGE('',*,*,#6922,.F.);
#6948=EDGE_LOOP('',(#6944,#6945,#6946,#6947));
#6949=FACE_OUTER_BOUND('',#6948,.F.);
#6951=CARTESIAN_POINT('',(3.81E0,0.E0,0.E0));
#6952=DIRECTION('',(1.E0,0.E0,0.E0));
#6953=DIRECTION('',(0.E0,0.E0,-1.E0));
#6954=AXIS2_PLACEMENT_3D('',#6951,#6952,#6953);
#6955=PLANE('',#6954);
#6956=ORIENTED_EDGE('',*,*,#5856,.T.);
#6957=ORIENTED_EDGE('',*,*,#5971,.T.);
#6958=ORIENTED_EDGE('',*,*,#6878,.T.);
#6959=ORIENTED_EDGE('',*,*,#6863,.T.);
#6960=EDGE_LOOP('',(#6956,#6957,#6958,#6959));
#6961=FACE_OUTER_BOUND('',#6960,.F.);
#6963=CARTESIAN_POINT('',(-3.81E0,0.E0,0.E0));
#6964=DIRECTION('',(1.E0,0.E0,0.E0));
#6965=DIRECTION('',(0.E0,0.E0,-1.E0));
#6966=AXIS2_PLACEMENT_3D('',#6963,#6964,#6965);
#6967=PLANE('',#6966);
#6968=ORIENTED_EDGE('',*,*,#5872,.F.);
#6969=ORIENTED_EDGE('',*,*,#6850,.F.);
#6970=ORIENTED_EDGE('',*,*,#6881,.F.);
#6971=ORIENTED_EDGE('',*,*,#5967,.T.);
#6972=EDGE_LOOP('',(#6968,#6969,#6970,#6971));
#6973=FACE_OUTER_BOUND('',#6972,.F.);
#6975=CARTESIAN_POINT('',(-1.435E1,6.00636E0,-5.973E0));
#6976=DIRECTION('',(9.945218953683E-1,0.E0,1.045284632677E-1));
#6977=DIRECTION('',(1.045284632677E-1,0.E0,-9.945218953683E-1));
#6978=AXIS2_PLACEMENT_3D('',#6975,#6976,#6977);
#6979=PLANE('',#6978);
#6980=ORIENTED_EDGE('',*,*,#6162,.F.);
#6982=ORIENTED_EDGE('',*,*,#6981,.F.);
#6984=ORIENTED_EDGE('',*,*,#6983,.F.);
#6986=ORIENTED_EDGE('',*,*,#6985,.T.);
#6987=ORIENTED_EDGE('',*,*,#5485,.T.);
#6989=ORIENTED_EDGE('',*,*,#6988,.F.);
#6990=ORIENTED_EDGE('',*,*,#5884,.F.);
#6992=ORIENTED_EDGE('',*,*,#6991,.T.);
#6993=ORIENTED_EDGE('',*,*,#6068,.T.);
#6994=ORIENTED_EDGE('',*,*,#6576,.F.);
#6995=EDGE_LOOP('',(#6980,#6982,#6984,#6986,#6987,#6989,#6990,#6992,#6993,
#6994));
#6996=FACE_OUTER_BOUND('',#6995,.F.);
#6998=CARTESIAN_POINT('',(5.698582416E1,-1.34E0,-7.116E0));
#6999=DIRECTION('',(-1.E0,0.E0,0.E0));
#7000=DIRECTION('',(0.E0,0.E0,-1.E0));
#7001=AXIS2_PLACEMENT_3D('',#6998,#6999,#7000);
#7002=CYLINDRICAL_SURFACE('',#7001,2.5E-1);
#7003=ORIENTED_EDGE('',*,*,#6160,.F.);
#7005=ORIENTED_EDGE('',*,*,#7004,.F.);
#7007=ORIENTED_EDGE('',*,*,#7006,.T.);
#7008=ORIENTED_EDGE('',*,*,#6981,.T.);
#7009=EDGE_LOOP('',(#7003,#7005,#7007,#7008));
#7010=FACE_OUTER_BOUND('',#7009,.F.);
#7012=CARTESIAN_POINT('',(-1.3085E1,-1.499533536E1,-7.116E0));
#7013=DIRECTION('',(0.E0,1.E0,0.E0));
#7014=DIRECTION('',(0.E0,0.E0,-1.E0));
#7015=AXIS2_PLACEMENT_3D('',#7012,#7013,#7014);
#7016=CYLINDRICAL_SURFACE('',#7015,2.5E-1);
#7017=ORIENTED_EDGE('',*,*,#6158,.F.);
#7019=ORIENTED_EDGE('',*,*,#7018,.F.);
#7021=ORIENTED_EDGE('',*,*,#7020,.T.);
#7022=ORIENTED_EDGE('',*,*,#7004,.T.);
#7023=EDGE_LOOP('',(#7017,#7019,#7021,#7022));
#7024=FACE_OUTER_BOUND('',#7023,.F.);
#7026=CARTESIAN_POINT('',(5.698582416E1,-2.34E0,-7.116E0));
#7027=DIRECTION('',(-1.E0,0.E0,0.E0));
#7028=DIRECTION('',(0.E0,0.E0,-1.E0));
#7029=AXIS2_PLACEMENT_3D('',#7026,#7027,#7028);
#7030=CYLINDRICAL_SURFACE('',#7029,2.5E-1);
#7031=ORIENTED_EDGE('',*,*,#6156,.F.);
#7033=ORIENTED_EDGE('',*,*,#7032,.F.);
#7035=ORIENTED_EDGE('',*,*,#7034,.T.);
#7036=ORIENTED_EDGE('',*,*,#7018,.T.);
#7037=EDGE_LOOP('',(#7031,#7033,#7035,#7036));
#7038=FACE_OUTER_BOUND('',#7037,.F.);
#7040=CARTESIAN_POINT('',(1.3085E1,1.652293536E1,-7.116E0));
#7041=DIRECTION('',(0.E0,-1.E0,0.E0));
#7042=DIRECTION('',(0.E0,0.E0,-1.E0));
#7043=AXIS2_PLACEMENT_3D('',#7040,#7041,#7042);
#7044=CYLINDRICAL_SURFACE('',#7043,2.5E-1);
#7046=ORIENTED_EDGE('',*,*,#7045,.T.);
#7047=ORIENTED_EDGE('',*,*,#7032,.T.);
#7048=ORIENTED_EDGE('',*,*,#6154,.F.);
#7050=ORIENTED_EDGE('',*,*,#7049,.F.);
#7051=EDGE_LOOP('',(#7046,#7047,#7048,#7050));
#7052=FACE_OUTER_BOUND('',#7051,.F.);
#7054=CARTESIAN_POINT('',(1.3335E1,-1.59E0,0.E0));
#7055=DIRECTION('',(1.E0,0.E0,0.E0));
#7056=DIRECTION('',(0.E0,-1.E0,0.E0));
#7057=AXIS2_PLACEMENT_3D('',#7054,#7055,#7056);
#7058=PLANE('',#7057);
#7059=ORIENTED_EDGE('',*,*,#7045,.F.);
#7061=ORIENTED_EDGE('',*,*,#7060,.F.);
#7063=ORIENTED_EDGE('',*,*,#7062,.F.);
#7065=ORIENTED_EDGE('',*,*,#7064,.T.);
#7067=ORIENTED_EDGE('',*,*,#7066,.T.);
#7068=EDGE_LOOP('',(#7059,#7061,#7063,#7065,#7067));
#7069=FACE_OUTER_BOUND('',#7068,.F.);
#7071=CARTESIAN_POINT('',(-1.3335E1,-1.59E0,0.E0));
#7072=DIRECTION('',(0.E0,-1.E0,0.E0));
#7073=DIRECTION('',(-1.E0,0.E0,0.E0));
#7074=AXIS2_PLACEMENT_3D('',#7071,#7072,#7073);
#7075=PLANE('',#7074);
#7077=ORIENTED_EDGE('',*,*,#7076,.F.);
#7079=ORIENTED_EDGE('',*,*,#7078,.T.);
#7081=ORIENTED_EDGE('',*,*,#7080,.T.);
#7083=ORIENTED_EDGE('',*,*,#7082,.F.);
#7085=ORIENTED_EDGE('',*,*,#7084,.F.);
#7087=ORIENTED_EDGE('',*,*,#7086,.F.);
#7089=ORIENTED_EDGE('',*,*,#7088,.F.);
#7090=ORIENTED_EDGE('',*,*,#6020,.F.);
#7092=ORIENTED_EDGE('',*,*,#7091,.F.);
#7093=ORIENTED_EDGE('',*,*,#7060,.T.);
#7094=EDGE_LOOP('',(#7077,#7079,#7081,#7083,#7085,#7087,#7089,#7090,#7092,
#7093));
#7095=FACE_OUTER_BOUND('',#7094,.F.);
#7097=CARTESIAN_POINT('',(-1.3335E1,-1.59E0,0.E0));
#7098=DIRECTION('',(0.E0,-1.E0,0.E0));
#7099=DIRECTION('',(-1.E0,0.E0,0.E0));
#7100=AXIS2_PLACEMENT_3D('',#7097,#7098,#7099);
#7101=PLANE('',#7100);
#7102=ORIENTED_EDGE('',*,*,#7006,.F.);
#7104=ORIENTED_EDGE('',*,*,#7103,.F.);
#7106=ORIENTED_EDGE('',*,*,#7105,.F.);
#7108=ORIENTED_EDGE('',*,*,#7107,.T.);
#7110=ORIENTED_EDGE('',*,*,#7109,.T.);
#7112=ORIENTED_EDGE('',*,*,#7111,.F.);
#7114=ORIENTED_EDGE('',*,*,#7113,.F.);
#7116=ORIENTED_EDGE('',*,*,#7115,.F.);
#7118=ORIENTED_EDGE('',*,*,#7117,.F.);
#7119=ORIENTED_EDGE('',*,*,#6983,.T.);
#7120=EDGE_LOOP('',(#7102,#7104,#7106,#7108,#7110,#7112,#7114,#7116,#7118,
#7119));
#7121=FACE_OUTER_BOUND('',#7120,.F.);
#7123=CARTESIAN_POINT('',(5.698582416E1,-1.34E0,-7.116E0));
#7124=DIRECTION('',(-1.E0,0.E0,0.E0));
#7125=DIRECTION('',(0.E0,0.E0,-1.E0));
#7126=AXIS2_PLACEMENT_3D('',#7123,#7124,#7125);
#7127=CYLINDRICAL_SURFACE('',#7126,2.5E-1);
#7128=ORIENTED_EDGE('',*,*,#7076,.T.);
#7129=ORIENTED_EDGE('',*,*,#7049,.T.);
#7130=ORIENTED_EDGE('',*,*,#6152,.F.);
#7132=ORIENTED_EDGE('',*,*,#7131,.T.);
#7133=EDGE_LOOP('',(#7128,#7129,#7130,#7132));
#7134=FACE_OUTER_BOUND('',#7133,.F.);
#7136=CARTESIAN_POINT('',(1.41976E1,6.00636E0,-7.422989142824E0));
#7137=DIRECTION('',(-9.945218953683E-1,0.E0,1.045284632677E-1));
#7138=DIRECTION('',(1.045284632677E-1,0.E0,9.945218953683E-1));
#7139=AXIS2_PLACEMENT_3D('',#7136,#7137,#7138);
#7140=PLANE('',#7139);
#7141=ORIENTED_EDGE('',*,*,#7078,.F.);
#7142=ORIENTED_EDGE('',*,*,#7131,.F.);
#7143=ORIENTED_EDGE('',*,*,#6150,.T.);
#7145=ORIENTED_EDGE('',*,*,#7144,.F.);
#7146=ORIENTED_EDGE('',*,*,#6048,.T.);
#7148=ORIENTED_EDGE('',*,*,#7147,.F.);
#7149=ORIENTED_EDGE('',*,*,#5890,.F.);
#7150=ORIENTED_EDGE('',*,*,#5536,.T.);
#7151=ORIENTED_EDGE('',*,*,#5505,.T.);
#7153=ORIENTED_EDGE('',*,*,#7152,.F.);
#7154=EDGE_LOOP('',(#7141,#7142,#7143,#7145,#7146,#7148,#7149,#7150,#7151,
#7153));
#7155=FACE_OUTER_BOUND('',#7154,.F.);
#7157=CARTESIAN_POINT('',(-5.698582416E1,1.34E0,-7.116E0));
#7158=DIRECTION('',(1.E0,0.E0,0.E0));
#7159=DIRECTION('',(0.E0,0.E0,-1.E0));
#7160=AXIS2_PLACEMENT_3D('',#7157,#7158,#7159);
#7161=CYLINDRICAL_SURFACE('',#7160,2.5E-1);
#7162=ORIENTED_EDGE('',*,*,#6148,.F.);
#7163=ORIENTED_EDGE('',*,*,#6124,.F.);
#7164=ORIENTED_EDGE('',*,*,#6050,.T.);
#7165=ORIENTED_EDGE('',*,*,#7144,.T.);
#7166=EDGE_LOOP('',(#7162,#7163,#7164,#7165));
#7167=FACE_OUTER_BOUND('',#7166,.F.);
#7169=CARTESIAN_POINT('',(1.57978E1,-3.605E0,-5.973E0));
#7170=DIRECTION('',(0.E0,0.E0,-1.E0));
#7171=DIRECTION('',(-1.E0,0.E0,0.E0));
#7172=AXIS2_PLACEMENT_3D('',#7169,#7170,#7171);
#7173=PLANE('',#7172);
#7174=ORIENTED_EDGE('',*,*,#7080,.F.);
#7175=ORIENTED_EDGE('',*,*,#7152,.T.);
#7176=ORIENTED_EDGE('',*,*,#5503,.F.);
#7178=ORIENTED_EDGE('',*,*,#7177,.T.);
#7179=ORIENTED_EDGE('',*,*,#5892,.T.);
#7180=ORIENTED_EDGE('',*,*,#7147,.T.);
#7181=ORIENTED_EDGE('',*,*,#6046,.T.);
#7183=ORIENTED_EDGE('',*,*,#7182,.F.);
#7184=EDGE_LOOP('',(#7174,#7175,#7176,#7178,#7179,#7180,#7181,#7183));
#7185=FACE_OUTER_BOUND('',#7184,.F.);
#7187=CARTESIAN_POINT('',(1.57978E1,-3.605E0,-4.449E0));
#7188=DIRECTION('',(1.E0,0.E0,0.E0));
#7189=DIRECTION('',(0.E0,0.E0,-1.E0));
#7190=AXIS2_PLACEMENT_3D('',#7187,#7188,#7189);
#7191=PLANE('',#7190);
#7192=ORIENTED_EDGE('',*,*,#5501,.F.);
#7194=ORIENTED_EDGE('',*,*,#7193,.T.);
#7195=ORIENTED_EDGE('',*,*,#5894,.T.);
#7196=ORIENTED_EDGE('',*,*,#7177,.F.);
#7197=EDGE_LOOP('',(#7192,#7194,#7195,#7196));
#7198=FACE_OUTER_BOUND('',#7197,.F.);
#7200=CARTESIAN_POINT('',(1.435E1,-3.605E0,-4.449E0));
#7201=DIRECTION('',(0.E0,0.E0,1.E0));
#7202=DIRECTION('',(1.E0,0.E0,0.E0));
#7203=AXIS2_PLACEMENT_3D('',#7200,#7201,#7202);
#7204=PLANE('',#7203);
#7205=ORIENTED_EDGE('',*,*,#7088,.T.);
#7207=ORIENTED_EDGE('',*,*,#7206,.T.);
#7208=ORIENTED_EDGE('',*,*,#6038,.F.);
#7209=ORIENTED_EDGE('',*,*,#6003,.F.);
#7210=ORIENTED_EDGE('',*,*,#5896,.T.);
#7211=ORIENTED_EDGE('',*,*,#7193,.F.);
#7212=ORIENTED_EDGE('',*,*,#5499,.F.);
#7213=ORIENTED_EDGE('',*,*,#6022,.F.);
#7214=EDGE_LOOP('',(#7205,#7207,#7208,#7209,#7210,#7211,#7212,#7213));
#7215=FACE_OUTER_BOUND('',#7214,.F.);
#7217=CARTESIAN_POINT('',(1.55438E1,-1.59E0,-4.449E0));
#7218=DIRECTION('',(7.660444431190E-1,0.E0,-6.427876096865E-1));
#7219=DIRECTION('',(-6.427876096865E-1,0.E0,-7.660444431190E-1));
#7220=AXIS2_PLACEMENT_3D('',#7217,#7218,#7219);
#7221=PLANE('',#7220);
#7222=ORIENTED_EDGE('',*,*,#7206,.F.);
#7223=ORIENTED_EDGE('',*,*,#7086,.T.);
#7225=ORIENTED_EDGE('',*,*,#7224,.T.);
#7226=ORIENTED_EDGE('',*,*,#6040,.F.);
#7227=EDGE_LOOP('',(#7222,#7223,#7225,#7226));
#7228=FACE_OUTER_BOUND('',#7227,.F.);
#7230=CARTESIAN_POINT('',(1.497312834724E1,-1.59E0,-5.6428E0));
#7231=DIRECTION('',(0.E0,1.E0,0.E0));
#7232=DIRECTION('',(-1.E0,0.E0,0.E0));
#7233=AXIS2_PLACEMENT_3D('',#7230,#7231,#7232);
#7234=CYLINDRICAL_SURFACE('',#7233,3.302E-1);
#7235=ORIENTED_EDGE('',*,*,#7084,.T.);
#7237=ORIENTED_EDGE('',*,*,#7236,.T.);
#7238=ORIENTED_EDGE('',*,*,#6042,.F.);
#7239=ORIENTED_EDGE('',*,*,#7224,.F.);
#7240=EDGE_LOOP('',(#7235,#7237,#7238,#7239));
#7241=FACE_OUTER_BOUND('',#7240,.F.);
#7243=CARTESIAN_POINT('',(1.464292834724E1,-1.59E0,-5.6428E0));
#7244=DIRECTION('',(1.E0,0.E0,0.E0));
#7245=DIRECTION('',(0.E0,0.E0,-1.E0));
#7246=AXIS2_PLACEMENT_3D('',#7243,#7244,#7245);
#7247=PLANE('',#7246);
#7248=ORIENTED_EDGE('',*,*,#7182,.T.);
#7249=ORIENTED_EDGE('',*,*,#6044,.F.);
#7250=ORIENTED_EDGE('',*,*,#7236,.F.);
#7251=ORIENTED_EDGE('',*,*,#7082,.T.);
#7252=EDGE_LOOP('',(#7248,#7249,#7250,#7251));
#7253=FACE_OUTER_BOUND('',#7252,.F.);
#7255=CARTESIAN_POINT('',(1.38425E1,-1.736646968374E0,-1.778E0));
#7256=DIRECTION('',(0.E0,8.660254037844E-1,5.E-1));
#7257=DIRECTION('',(-1.E0,0.E0,0.E0));
#7258=AXIS2_PLACEMENT_3D('',#7255,#7256,#7257);
#7259=PLANE('',#7258);
#7260=ORIENTED_EDGE('',*,*,#6018,.T.);
#7262=ORIENTED_EDGE('',*,*,#7261,.F.);
#7263=ORIENTED_EDGE('',*,*,#7062,.T.);
#7264=ORIENTED_EDGE('',*,*,#7091,.T.);
#7265=EDGE_LOOP('',(#7260,#7262,#7263,#7264));
#7266=FACE_OUTER_BOUND('',#7265,.F.);
#7268=CARTESIAN_POINT('',(-1.435E1,-3.605E0,-1.524E0));
#7269=DIRECTION('',(0.E0,0.E0,1.E0));
#7270=DIRECTION('',(1.E0,0.E0,0.E0));
#7271=AXIS2_PLACEMENT_3D('',#7268,#7269,#7270);
#7272=PLANE('',#7271);
#7273=ORIENTED_EDGE('',*,*,#7261,.T.);
#7274=ORIENTED_EDGE('',*,*,#6016,.F.);
#7276=ORIENTED_EDGE('',*,*,#7275,.F.);
#7277=ORIENTED_EDGE('',*,*,#7064,.F.);
#7278=EDGE_LOOP('',(#7273,#7274,#7276,#7277));
#7279=FACE_OUTER_BOUND('',#7278,.F.);
#7281=CARTESIAN_POINT('',(-1.435E1,-3.605E0,-1.524E0));
#7282=DIRECTION('',(0.E0,0.E0,1.E0));
#7283=DIRECTION('',(1.E0,0.E0,0.E0));
#7284=AXIS2_PLACEMENT_3D('',#7281,#7282,#7283);
#7285=PLANE('',#7284);
#7287=ORIENTED_EDGE('',*,*,#7286,.T.);
#7289=ORIENTED_EDGE('',*,*,#7288,.F.);
#7291=ORIENTED_EDGE('',*,*,#7290,.F.);
#7293=ORIENTED_EDGE('',*,*,#7292,.T.);
#7294=EDGE_LOOP('',(#7287,#7289,#7291,#7293));
#7295=FACE_OUTER_BOUND('',#7294,.F.);
#7297=CARTESIAN_POINT('',(1.3335E1,-2.59E0,0.E0));
#7298=DIRECTION('',(0.E0,-1.E0,0.E0));
#7299=DIRECTION('',(-1.E0,0.E0,0.E0));
#7300=AXIS2_PLACEMENT_3D('',#7297,#7298,#7299);
#7301=PLANE('',#7300);
#7302=ORIENTED_EDGE('',*,*,#5989,.F.);
#7304=ORIENTED_EDGE('',*,*,#7303,.T.);
#7305=ORIENTED_EDGE('',*,*,#7290,.T.);
#7307=ORIENTED_EDGE('',*,*,#7306,.T.);
#7308=ORIENTED_EDGE('',*,*,#7034,.F.);
#7309=ORIENTED_EDGE('',*,*,#7066,.F.);
#7310=ORIENTED_EDGE('',*,*,#7275,.T.);
#7311=ORIENTED_EDGE('',*,*,#6014,.F.);
#7312=EDGE_LOOP('',(#7302,#7304,#7305,#7307,#7308,#7309,#7310,#7311));
#7313=FACE_OUTER_BOUND('',#7312,.F.);
#7315=CARTESIAN_POINT('',(-1.435E1,0.E0,0.E0));
#7316=DIRECTION('',(1.E0,0.E0,0.E0));
#7317=DIRECTION('',(0.E0,0.E0,1.E0));
#7318=AXIS2_PLACEMENT_3D('',#7315,#7316,#7317);
#7319=PLANE('',#7318);
#7320=ORIENTED_EDGE('',*,*,#6080,.T.);
#7322=ORIENTED_EDGE('',*,*,#7321,.F.);
#7323=ORIENTED_EDGE('',*,*,#5876,.T.);
#7324=ORIENTED_EDGE('',*,*,#5964,.T.);
#7325=EDGE_LOOP('',(#7320,#7322,#7323,#7324));
#7326=FACE_OUTER_BOUND('',#7325,.F.);
#7328=CARTESIAN_POINT('',(-1.435E1,0.E0,0.E0));
#7329=DIRECTION('',(1.E0,0.E0,0.E0));
#7330=DIRECTION('',(0.E0,0.E0,1.E0));
#7331=AXIS2_PLACEMENT_3D('',#7328,#7329,#7330);
#7332=PLANE('',#7331);
#7333=ORIENTED_EDGE('',*,*,#5987,.F.);
#7334=ORIENTED_EDGE('',*,*,#5930,.T.);
#7335=ORIENTED_EDGE('',*,*,#5493,.T.);
#7337=ORIENTED_EDGE('',*,*,#7336,.F.);
#7338=ORIENTED_EDGE('',*,*,#7107,.F.);
#7340=ORIENTED_EDGE('',*,*,#7339,.F.);
#7341=ORIENTED_EDGE('',*,*,#7292,.F.);
#7342=ORIENTED_EDGE('',*,*,#7303,.F.);
#7343=EDGE_LOOP('',(#7333,#7334,#7335,#7337,#7338,#7340,#7341,#7342));
#7344=FACE_OUTER_BOUND('',#7343,.F.);
#7346=CARTESIAN_POINT('',(-1.57978E1,-3.605E0,-4.449E0));
#7347=DIRECTION('',(0.E0,0.E0,1.E0));
#7348=DIRECTION('',(1.E0,0.E0,0.E0));
#7349=AXIS2_PLACEMENT_3D('',#7346,#7347,#7348);
#7350=PLANE('',#7349);
#7351=ORIENTED_EDGE('',*,*,#7109,.F.);
#7352=ORIENTED_EDGE('',*,*,#7336,.T.);
#7353=ORIENTED_EDGE('',*,*,#5491,.F.);
#7355=ORIENTED_EDGE('',*,*,#7354,.T.);
#7356=ORIENTED_EDGE('',*,*,#5878,.T.);
#7357=ORIENTED_EDGE('',*,*,#7321,.T.);
#7358=ORIENTED_EDGE('',*,*,#6078,.T.);
#7360=ORIENTED_EDGE('',*,*,#7359,.F.);
#7361=EDGE_LOOP('',(#7351,#7352,#7353,#7355,#7356,#7357,#7358,#7360));
#7362=FACE_OUTER_BOUND('',#7361,.F.);
#7364=CARTESIAN_POINT('',(-1.57978E1,-3.605E0,-5.973E0));
#7365=DIRECTION('',(-1.E0,0.E0,0.E0));
#7366=DIRECTION('',(0.E0,0.E0,1.E0));
#7367=AXIS2_PLACEMENT_3D('',#7364,#7365,#7366);
#7368=PLANE('',#7367);
#7369=ORIENTED_EDGE('',*,*,#5489,.F.);
#7371=ORIENTED_EDGE('',*,*,#7370,.T.);
#7372=ORIENTED_EDGE('',*,*,#5880,.T.);
#7373=ORIENTED_EDGE('',*,*,#7354,.F.);
#7374=EDGE_LOOP('',(#7369,#7371,#7372,#7373));
#7375=FACE_OUTER_BOUND('',#7374,.F.);
#7377=CARTESIAN_POINT('',(-1.435E1,-3.605E0,-5.973E0));
#7378=DIRECTION('',(0.E0,0.E0,-1.E0));
#7379=DIRECTION('',(-1.E0,0.E0,0.E0));
#7380=AXIS2_PLACEMENT_3D('',#7377,#7378,#7379);
#7381=PLANE('',#7380);
#7382=ORIENTED_EDGE('',*,*,#7117,.T.);
#7384=ORIENTED_EDGE('',*,*,#7383,.T.);
#7385=ORIENTED_EDGE('',*,*,#6070,.F.);
#7386=ORIENTED_EDGE('',*,*,#6991,.F.);
#7387=ORIENTED_EDGE('',*,*,#5882,.T.);
#7388=ORIENTED_EDGE('',*,*,#7370,.F.);
#7389=ORIENTED_EDGE('',*,*,#5487,.F.);
#7390=ORIENTED_EDGE('',*,*,#6985,.F.);
#7391=EDGE_LOOP('',(#7382,#7384,#7385,#7386,#7387,#7388,#7389,#7390));
#7392=FACE_OUTER_BOUND('',#7391,.F.);
#7394=CARTESIAN_POINT('',(-1.464292834724E1,-1.59E0,-5.973E0));
#7395=DIRECTION('',(-1.E0,0.E0,0.E0));
#7396=DIRECTION('',(0.E0,0.E0,1.E0));
#7397=AXIS2_PLACEMENT_3D('',#7394,#7395,#7396);
#7398=PLANE('',#7397);
#7399=ORIENTED_EDGE('',*,*,#7383,.F.);
#7400=ORIENTED_EDGE('',*,*,#7115,.T.);
#7402=ORIENTED_EDGE('',*,*,#7401,.T.);
#7403=ORIENTED_EDGE('',*,*,#6072,.F.);
#7404=EDGE_LOOP('',(#7399,#7400,#7402,#7403));
#7405=FACE_OUTER_BOUND('',#7404,.F.);
#7407=CARTESIAN_POINT('',(-1.497312834724E1,-1.59E0,-5.6428E0));
#7408=DIRECTION('',(0.E0,1.E0,0.E0));
#7409=DIRECTION('',(-1.E0,0.E0,0.E0));
#7410=AXIS2_PLACEMENT_3D('',#7407,#7408,#7409);
#7411=CYLINDRICAL_SURFACE('',#7410,3.302E-1);
#7412=ORIENTED_EDGE('',*,*,#7113,.T.);
#7414=ORIENTED_EDGE('',*,*,#7413,.T.);
#7415=ORIENTED_EDGE('',*,*,#6074,.F.);
#7416=ORIENTED_EDGE('',*,*,#7401,.F.);
#7417=EDGE_LOOP('',(#7412,#7414,#7415,#7416));
#7418=FACE_OUTER_BOUND('',#7417,.F.);
#7420=CARTESIAN_POINT('',(-1.472018047212E1,-1.59E0,-5.430551531282E0));
#7421=DIRECTION('',(-7.660444431190E-1,0.E0,-6.427876096865E-1));
#7422=DIRECTION('',(-6.427876096865E-1,0.E0,7.660444431190E-1));
#7423=AXIS2_PLACEMENT_3D('',#7420,#7421,#7422);
#7424=PLANE('',#7423);
#7425=ORIENTED_EDGE('',*,*,#7359,.T.);
#7426=ORIENTED_EDGE('',*,*,#6076,.F.);
#7427=ORIENTED_EDGE('',*,*,#7413,.F.);
#7428=ORIENTED_EDGE('',*,*,#7111,.T.);
#7429=EDGE_LOOP('',(#7425,#7426,#7427,#7428));
#7430=FACE_OUTER_BOUND('',#7429,.F.);
#7432=CARTESIAN_POINT('',(-1.38425E1,-1.736646968374E0,-1.778E0));
#7433=DIRECTION('',(0.E0,8.660254037844E-1,5.E-1));
#7434=DIRECTION('',(-1.E0,0.E0,0.E0));
#7435=AXIS2_PLACEMENT_3D('',#7432,#7433,#7434);
#7436=PLANE('',#7435);
#7438=ORIENTED_EDGE('',*,*,#7437,.T.);
#7439=ORIENTED_EDGE('',*,*,#7286,.F.);
#7440=ORIENTED_EDGE('',*,*,#7339,.T.);
#7441=ORIENTED_EDGE('',*,*,#7105,.T.);
#7442=EDGE_LOOP('',(#7438,#7439,#7440,#7441));
#7443=FACE_OUTER_BOUND('',#7442,.F.);
#7445=CARTESIAN_POINT('',(-1.3335E1,-2.59E0,0.E0));
#7446=DIRECTION('',(-1.E0,0.E0,0.E0));
#7447=DIRECTION('',(0.E0,1.E0,0.E0));
#7448=AXIS2_PLACEMENT_3D('',#7445,#7446,#7447);
#7449=PLANE('',#7448);
#7450=ORIENTED_EDGE('',*,*,#7020,.F.);
#7451=ORIENTED_EDGE('',*,*,#7306,.F.);
#7452=ORIENTED_EDGE('',*,*,#7288,.T.);
#7453=ORIENTED_EDGE('',*,*,#7437,.F.);
#7454=ORIENTED_EDGE('',*,*,#7103,.T.);
#7455=EDGE_LOOP('',(#7450,#7451,#7452,#7453,#7454));
#7456=FACE_OUTER_BOUND('',#7455,.F.);
#7458=CARTESIAN_POINT('',(-1.41976E1,6.00636E0,-7.422989142824E0));
#7459=DIRECTION('',(1.E0,0.E0,0.E0));
#7460=DIRECTION('',(0.E0,0.E0,-1.E0));
#7461=AXIS2_PLACEMENT_3D('',#7458,#7459,#7460);
#7462=PLANE('',#7461);
#7463=ORIENTED_EDGE('',*,*,#5556,.F.);
#7464=ORIENTED_EDGE('',*,*,#5572,.T.);
#7465=ORIENTED_EDGE('',*,*,#5826,.T.);
#7466=ORIENTED_EDGE('',*,*,#5838,.F.);
#7467=ORIENTED_EDGE('',*,*,#5886,.T.);
#7468=ORIENTED_EDGE('',*,*,#6988,.T.);
#7469=ORIENTED_EDGE('',*,*,#5483,.F.);
#7470=ORIENTED_EDGE('',*,*,#5522,.T.);
#7471=EDGE_LOOP('',(#7463,#7464,#7465,#7466,#7467,#7468,#7469,#7470));
#7472=FACE_OUTER_BOUND('',#7471,.F.);
#7474=CARTESIAN_POINT('',(1.21285E1,1.4605E0,-7.366E0));
#7475=DIRECTION('',(-1.E0,0.E0,0.E0));
#7476=DIRECTION('',(0.E0,-1.E0,0.E0));
#7477=AXIS2_PLACEMENT_3D('',#7474,#7475,#7476);
#7478=PLANE('',#7477);
#7479=ORIENTED_EDGE('',*,*,#6166,.F.);
#7481=ORIENTED_EDGE('',*,*,#7480,.T.);
#7483=ORIENTED_EDGE('',*,*,#7482,.T.);
#7485=ORIENTED_EDGE('',*,*,#7484,.F.);
#7486=EDGE_LOOP('',(#7479,#7481,#7483,#7485));
#7487=FACE_OUTER_BOUND('',#7486,.F.);
#7489=CARTESIAN_POINT('',(1.25095E1,1.4605E0,-7.366E0));
#7490=DIRECTION('',(0.E0,1.E0,0.E0));
#7491=DIRECTION('',(-1.E0,0.E0,0.E0));
#7492=AXIS2_PLACEMENT_3D('',#7489,#7490,#7491);
#7493=PLANE('',#7492);
#7494=ORIENTED_EDGE('',*,*,#6172,.F.);
#7496=ORIENTED_EDGE('',*,*,#7495,.T.);
#7498=ORIENTED_EDGE('',*,*,#7497,.T.);
#7499=ORIENTED_EDGE('',*,*,#7480,.F.);
#7500=EDGE_LOOP('',(#7494,#7496,#7498,#7499));
#7501=FACE_OUTER_BOUND('',#7500,.F.);
#7503=CARTESIAN_POINT('',(1.25095E1,1.0795E0,-7.366E0));
#7504=DIRECTION('',(1.E0,0.E0,0.E0));
#7505=DIRECTION('',(0.E0,1.E0,0.E0));
#7506=AXIS2_PLACEMENT_3D('',#7503,#7504,#7505);
#7507=PLANE('',#7506);
#7508=ORIENTED_EDGE('',*,*,#6170,.F.);
#7510=ORIENTED_EDGE('',*,*,#7509,.T.);
#7512=ORIENTED_EDGE('',*,*,#7511,.T.);
#7513=ORIENTED_EDGE('',*,*,#7495,.F.);
#7514=EDGE_LOOP('',(#7508,#7510,#7512,#7513));
#7515=FACE_OUTER_BOUND('',#7514,.F.);
#7517=CARTESIAN_POINT('',(1.21285E1,1.0795E0,-7.366E0));
#7518=DIRECTION('',(0.E0,-1.E0,0.E0));
#7519=DIRECTION('',(1.E0,0.E0,0.E0));
#7520=AXIS2_PLACEMENT_3D('',#7517,#7518,#7519);
#7521=PLANE('',#7520);
#7522=ORIENTED_EDGE('',*,*,#6168,.F.);
#7523=ORIENTED_EDGE('',*,*,#7484,.T.);
#7525=ORIENTED_EDGE('',*,*,#7524,.T.);
#7526=ORIENTED_EDGE('',*,*,#7509,.F.);
#7527=EDGE_LOOP('',(#7522,#7523,#7525,#7526));
#7528=FACE_OUTER_BOUND('',#7527,.F.);
#7530=CARTESIAN_POINT('',(-1.435E1,-3.605E0,-4.191E0));
#7531=DIRECTION('',(0.E0,0.E0,1.E0));
#7532=DIRECTION('',(1.E0,0.E0,0.E0));
#7533=AXIS2_PLACEMENT_3D('',#7530,#7531,#7532);
#7534=PLANE('',#7533);
#7535=ORIENTED_EDGE('',*,*,#7482,.F.);
#7536=ORIENTED_EDGE('',*,*,#7497,.F.);
#7537=ORIENTED_EDGE('',*,*,#7511,.F.);
#7538=ORIENTED_EDGE('',*,*,#7524,.F.);
#7539=EDGE_LOOP('',(#7535,#7536,#7537,#7538));
#7540=FACE_OUTER_BOUND('',#7539,.F.);
#7542=CARTESIAN_POINT('',(-1.435E1,-3.605E0,-4.191E0));
#7543=DIRECTION('',(0.E0,0.E0,1.E0));
#7544=DIRECTION('',(1.E0,0.E0,0.E0));
#7545=AXIS2_PLACEMENT_3D('',#7542,#7543,#7544);
#7546=PLANE('',#7545);
#7548=ORIENTED_EDGE('',*,*,#7547,.F.);
#7550=ORIENTED_EDGE('',*,*,#7549,.F.);
#7552=ORIENTED_EDGE('',*,*,#7551,.F.);
#7554=ORIENTED_EDGE('',*,*,#7553,.F.);
#7555=EDGE_LOOP('',(#7548,#7550,#7552,#7554));
#7556=FACE_OUTER_BOUND('',#7555,.F.);
#7558=CARTESIAN_POINT('',(1.21285E1,-1.0795E0,-7.366E0));
#7559=DIRECTION('',(-1.E0,0.E0,0.E0));
#7560=DIRECTION('',(0.E0,-1.E0,0.E0));
#7561=AXIS2_PLACEMENT_3D('',#7558,#7559,#7560);
#7562=PLANE('',#7561);
#7563=ORIENTED_EDGE('',*,*,#6176,.F.);
#7565=ORIENTED_EDGE('',*,*,#7564,.T.);
#7566=ORIENTED_EDGE('',*,*,#7547,.T.);
#7568=ORIENTED_EDGE('',*,*,#7567,.F.);
#7569=EDGE_LOOP('',(#7563,#7565,#7566,#7568));
#7570=FACE_OUTER_BOUND('',#7569,.F.);
#7572=CARTESIAN_POINT('',(1.25095E1,-1.0795E0,-7.366E0));
#7573=DIRECTION('',(0.E0,1.E0,0.E0));
#7574=DIRECTION('',(-1.E0,0.E0,0.E0));
#7575=AXIS2_PLACEMENT_3D('',#7572,#7573,#7574);
#7576=PLANE('',#7575);
#7577=ORIENTED_EDGE('',*,*,#6182,.F.);
#7579=ORIENTED_EDGE('',*,*,#7578,.T.);
#7580=ORIENTED_EDGE('',*,*,#7549,.T.);
#7581=ORIENTED_EDGE('',*,*,#7564,.F.);
#7582=EDGE_LOOP('',(#7577,#7579,#7580,#7581));
#7583=FACE_OUTER_BOUND('',#7582,.F.);
#7585=CARTESIAN_POINT('',(1.25095E1,-1.4605E0,-7.366E0));
#7586=DIRECTION('',(1.E0,0.E0,0.E0));
#7587=DIRECTION('',(0.E0,1.E0,0.E0));
#7588=AXIS2_PLACEMENT_3D('',#7585,#7586,#7587);
#7589=PLANE('',#7588);
#7590=ORIENTED_EDGE('',*,*,#6180,.F.);
#7592=ORIENTED_EDGE('',*,*,#7591,.T.);
#7593=ORIENTED_EDGE('',*,*,#7551,.T.);
#7594=ORIENTED_EDGE('',*,*,#7578,.F.);
#7595=EDGE_LOOP('',(#7590,#7592,#7593,#7594));
#7596=FACE_OUTER_BOUND('',#7595,.F.);
#7598=CARTESIAN_POINT('',(1.21285E1,-1.4605E0,-7.366E0));
#7599=DIRECTION('',(0.E0,-1.E0,0.E0));
#7600=DIRECTION('',(1.E0,0.E0,0.E0));
#7601=AXIS2_PLACEMENT_3D('',#7598,#7599,#7600);
#7602=PLANE('',#7601);
#7603=ORIENTED_EDGE('',*,*,#6178,.F.);
#7604=ORIENTED_EDGE('',*,*,#7567,.T.);
#7605=ORIENTED_EDGE('',*,*,#7553,.T.);
#7606=ORIENTED_EDGE('',*,*,#7591,.F.);
#7607=EDGE_LOOP('',(#7603,#7604,#7605,#7606));
#7608=FACE_OUTER_BOUND('',#7607,.F.);
#7610=CARTESIAN_POINT('',(1.08585E1,1.4605E0,-7.366E0));
#7611=DIRECTION('',(-1.E0,0.E0,0.E0));
#7612=DIRECTION('',(0.E0,-1.E0,0.E0));
#7613=AXIS2_PLACEMENT_3D('',#7610,#7611,#7612);
#7614=PLANE('',#7613);
#7615=ORIENTED_EDGE('',*,*,#6186,.F.);
#7617=ORIENTED_EDGE('',*,*,#7616,.T.);
#7619=ORIENTED_EDGE('',*,*,#7618,.T.);
#7621=ORIENTED_EDGE('',*,*,#7620,.F.);
#7622=EDGE_LOOP('',(#7615,#7617,#7619,#7621));
#7623=FACE_OUTER_BOUND('',#7622,.F.);
#7625=CARTESIAN_POINT('',(1.12395E1,1.4605E0,-7.366E0));
#7626=DIRECTION('',(0.E0,1.E0,0.E0));
#7627=DIRECTION('',(-1.E0,0.E0,0.E0));
#7628=AXIS2_PLACEMENT_3D('',#7625,#7626,#7627);
#7629=PLANE('',#7628);
#7630=ORIENTED_EDGE('',*,*,#6192,.F.);
#7632=ORIENTED_EDGE('',*,*,#7631,.T.);
#7634=ORIENTED_EDGE('',*,*,#7633,.T.);
#7635=ORIENTED_EDGE('',*,*,#7616,.F.);
#7636=EDGE_LOOP('',(#7630,#7632,#7634,#7635));
#7637=FACE_OUTER_BOUND('',#7636,.F.);
#7639=CARTESIAN_POINT('',(1.12395E1,1.0795E0,-7.366E0));
#7640=DIRECTION('',(1.E0,0.E0,0.E0));
#7641=DIRECTION('',(0.E0,1.E0,0.E0));
#7642=AXIS2_PLACEMENT_3D('',#7639,#7640,#7641);
#7643=PLANE('',#7642);
#7644=ORIENTED_EDGE('',*,*,#6190,.F.);
#7646=ORIENTED_EDGE('',*,*,#7645,.T.);
#7648=ORIENTED_EDGE('',*,*,#7647,.T.);
#7649=ORIENTED_EDGE('',*,*,#7631,.F.);
#7650=EDGE_LOOP('',(#7644,#7646,#7648,#7649));
#7651=FACE_OUTER_BOUND('',#7650,.F.);
#7653=CARTESIAN_POINT('',(1.08585E1,1.0795E0,-7.366E0));
#7654=DIRECTION('',(0.E0,-1.E0,0.E0));
#7655=DIRECTION('',(1.E0,0.E0,0.E0));
#7656=AXIS2_PLACEMENT_3D('',#7653,#7654,#7655);
#7657=PLANE('',#7656);
#7658=ORIENTED_EDGE('',*,*,#6188,.F.);
#7659=ORIENTED_EDGE('',*,*,#7620,.T.);
#7661=ORIENTED_EDGE('',*,*,#7660,.T.);
#7662=ORIENTED_EDGE('',*,*,#7645,.F.);
#7663=EDGE_LOOP('',(#7658,#7659,#7661,#7662));
#7664=FACE_OUTER_BOUND('',#7663,.F.);
#7666=CARTESIAN_POINT('',(-1.562E1,-3.605E0,-4.191E0));
#7667=DIRECTION('',(0.E0,0.E0,1.E0));
#7668=DIRECTION('',(1.E0,0.E0,0.E0));
#7669=AXIS2_PLACEMENT_3D('',#7666,#7667,#7668);
#7670=PLANE('',#7669);
#7671=ORIENTED_EDGE('',*,*,#7618,.F.);
#7672=ORIENTED_EDGE('',*,*,#7633,.F.);
#7673=ORIENTED_EDGE('',*,*,#7647,.F.);
#7674=ORIENTED_EDGE('',*,*,#7660,.F.);
#7675=EDGE_LOOP('',(#7671,#7672,#7673,#7674));
#7676=FACE_OUTER_BOUND('',#7675,.F.);
#7678=CARTESIAN_POINT('',(-1.562E1,-3.605E0,-4.191E0));
#7679=DIRECTION('',(0.E0,0.E0,1.E0));
#7680=DIRECTION('',(1.E0,0.E0,0.E0));
#7681=AXIS2_PLACEMENT_3D('',#7678,#7679,#7680);
#7682=PLANE('',#7681);
#7684=ORIENTED_EDGE('',*,*,#7683,.F.);
#7686=ORIENTED_EDGE('',*,*,#7685,.F.);
#7688=ORIENTED_EDGE('',*,*,#7687,.F.);
#7690=ORIENTED_EDGE('',*,*,#7689,.F.);
#7691=EDGE_LOOP('',(#7684,#7686,#7688,#7690));
#7692=FACE_OUTER_BOUND('',#7691,.F.);
#7694=CARTESIAN_POINT('',(1.08585E1,-1.0795E0,-7.366E0));
#7695=DIRECTION('',(-1.E0,0.E0,0.E0));
#7696=DIRECTION('',(0.E0,-1.E0,0.E0));
#7697=AXIS2_PLACEMENT_3D('',#7694,#7695,#7696);
#7698=PLANE('',#7697);
#7699=ORIENTED_EDGE('',*,*,#6196,.F.);
#7701=ORIENTED_EDGE('',*,*,#7700,.T.);
#7702=ORIENTED_EDGE('',*,*,#7683,.T.);
#7704=ORIENTED_EDGE('',*,*,#7703,.F.);
#7705=EDGE_LOOP('',(#7699,#7701,#7702,#7704));
#7706=FACE_OUTER_BOUND('',#7705,.F.);
#7708=CARTESIAN_POINT('',(1.12395E1,-1.0795E0,-7.366E0));
#7709=DIRECTION('',(0.E0,1.E0,0.E0));
#7710=DIRECTION('',(-1.E0,0.E0,0.E0));
#7711=AXIS2_PLACEMENT_3D('',#7708,#7709,#7710);
#7712=PLANE('',#7711);
#7713=ORIENTED_EDGE('',*,*,#6202,.F.);
#7715=ORIENTED_EDGE('',*,*,#7714,.T.);
#7716=ORIENTED_EDGE('',*,*,#7685,.T.);
#7717=ORIENTED_EDGE('',*,*,#7700,.F.);
#7718=EDGE_LOOP('',(#7713,#7715,#7716,#7717));
#7719=FACE_OUTER_BOUND('',#7718,.F.);
#7721=CARTESIAN_POINT('',(1.12395E1,-1.4605E0,-7.366E0));
#7722=DIRECTION('',(1.E0,0.E0,0.E0));
#7723=DIRECTION('',(0.E0,1.E0,0.E0));
#7724=AXIS2_PLACEMENT_3D('',#7721,#7722,#7723);
#7725=PLANE('',#7724);
#7726=ORIENTED_EDGE('',*,*,#6200,.F.);
#7728=ORIENTED_EDGE('',*,*,#7727,.T.);
#7729=ORIENTED_EDGE('',*,*,#7687,.T.);
#7730=ORIENTED_EDGE('',*,*,#7714,.F.);
#7731=EDGE_LOOP('',(#7726,#7728,#7729,#7730));
#7732=FACE_OUTER_BOUND('',#7731,.F.);
#7734=CARTESIAN_POINT('',(1.08585E1,-1.4605E0,-7.366E0));
#7735=DIRECTION('',(0.E0,-1.E0,0.E0));
#7736=DIRECTION('',(1.E0,0.E0,0.E0));
#7737=AXIS2_PLACEMENT_3D('',#7734,#7735,#7736);
#7738=PLANE('',#7737);
#7739=ORIENTED_EDGE('',*,*,#6198,.F.);
#7740=ORIENTED_EDGE('',*,*,#7703,.T.);
#7741=ORIENTED_EDGE('',*,*,#7689,.T.);
#7742=ORIENTED_EDGE('',*,*,#7727,.F.);
#7743=EDGE_LOOP('',(#7739,#7740,#7741,#7742));
#7744=FACE_OUTER_BOUND('',#7743,.F.);
#7746=CARTESIAN_POINT('',(9.5885E0,1.4605E0,-7.366E0));
#7747=DIRECTION('',(-1.E0,0.E0,0.E0));
#7748=DIRECTION('',(0.E0,-1.E0,0.E0));
#7749=AXIS2_PLACEMENT_3D('',#7746,#7747,#7748);
#7750=PLANE('',#7749);
#7751=ORIENTED_EDGE('',*,*,#6206,.F.);
#7753=ORIENTED_EDGE('',*,*,#7752,.T.);
#7755=ORIENTED_EDGE('',*,*,#7754,.T.);
#7757=ORIENTED_EDGE('',*,*,#7756,.F.);
#7758=EDGE_LOOP('',(#7751,#7753,#7755,#7757));
#7759=FACE_OUTER_BOUND('',#7758,.F.);
#7761=CARTESIAN_POINT('',(9.9695E0,1.4605E0,-7.366E0));
#7762=DIRECTION('',(0.E0,1.E0,0.E0));
#7763=DIRECTION('',(-1.E0,0.E0,0.E0));
#7764=AXIS2_PLACEMENT_3D('',#7761,#7762,#7763);
#7765=PLANE('',#7764);
#7766=ORIENTED_EDGE('',*,*,#6212,.F.);
#7768=ORIENTED_EDGE('',*,*,#7767,.T.);
#7770=ORIENTED_EDGE('',*,*,#7769,.T.);
#7771=ORIENTED_EDGE('',*,*,#7752,.F.);
#7772=EDGE_LOOP('',(#7766,#7768,#7770,#7771));
#7773=FACE_OUTER_BOUND('',#7772,.F.);
#7775=CARTESIAN_POINT('',(9.9695E0,1.0795E0,-7.366E0));
#7776=DIRECTION('',(1.E0,0.E0,0.E0));
#7777=DIRECTION('',(0.E0,1.E0,0.E0));
#7778=AXIS2_PLACEMENT_3D('',#7775,#7776,#7777);
#7779=PLANE('',#7778);
#7780=ORIENTED_EDGE('',*,*,#6210,.F.);
#7782=ORIENTED_EDGE('',*,*,#7781,.T.);
#7784=ORIENTED_EDGE('',*,*,#7783,.T.);
#7785=ORIENTED_EDGE('',*,*,#7767,.F.);
#7786=EDGE_LOOP('',(#7780,#7782,#7784,#7785));
#7787=FACE_OUTER_BOUND('',#7786,.F.);
#7789=CARTESIAN_POINT('',(9.5885E0,1.0795E0,-7.366E0));
#7790=DIRECTION('',(0.E0,-1.E0,0.E0));
#7791=DIRECTION('',(1.E0,0.E0,0.E0));
#7792=AXIS2_PLACEMENT_3D('',#7789,#7790,#7791);
#7793=PLANE('',#7792);
#7794=ORIENTED_EDGE('',*,*,#6208,.F.);
#7795=ORIENTED_EDGE('',*,*,#7756,.T.);
#7797=ORIENTED_EDGE('',*,*,#7796,.T.);
#7798=ORIENTED_EDGE('',*,*,#7781,.F.);
#7799=EDGE_LOOP('',(#7794,#7795,#7797,#7798));
#7800=FACE_OUTER_BOUND('',#7799,.F.);
#7802=CARTESIAN_POINT('',(-1.689E1,-3.605E0,-4.191E0));
#7803=DIRECTION('',(0.E0,0.E0,1.E0));
#7804=DIRECTION('',(1.E0,0.E0,0.E0));
#7805=AXIS2_PLACEMENT_3D('',#7802,#7803,#7804);
#7806=PLANE('',#7805);
#7807=ORIENTED_EDGE('',*,*,#7754,.F.);
#7808=ORIENTED_EDGE('',*,*,#7769,.F.);
#7809=ORIENTED_EDGE('',*,*,#7783,.F.);
#7810=ORIENTED_EDGE('',*,*,#7796,.F.);
#7811=EDGE_LOOP('',(#7807,#7808,#7809,#7810));
#7812=FACE_OUTER_BOUND('',#7811,.F.);
#7814=CARTESIAN_POINT('',(-1.689E1,-3.605E0,-4.191E0));
#7815=DIRECTION('',(0.E0,0.E0,1.E0));
#7816=DIRECTION('',(1.E0,0.E0,0.E0));
#7817=AXIS2_PLACEMENT_3D('',#7814,#7815,#7816);
#7818=PLANE('',#7817);
#7820=ORIENTED_EDGE('',*,*,#7819,.F.);
#7822=ORIENTED_EDGE('',*,*,#7821,.F.);
#7824=ORIENTED_EDGE('',*,*,#7823,.F.);
#7826=ORIENTED_EDGE('',*,*,#7825,.F.);
#7827=EDGE_LOOP('',(#7820,#7822,#7824,#7826));
#7828=FACE_OUTER_BOUND('',#7827,.F.);
#7830=CARTESIAN_POINT('',(9.5885E0,-1.0795E0,-7.366E0));
#7831=DIRECTION('',(-1.E0,0.E0,0.E0));
#7832=DIRECTION('',(0.E0,-1.E0,0.E0));
#7833=AXIS2_PLACEMENT_3D('',#7830,#7831,#7832);
#7834=PLANE('',#7833);
#7835=ORIENTED_EDGE('',*,*,#6216,.F.);
#7837=ORIENTED_EDGE('',*,*,#7836,.T.);
#7838=ORIENTED_EDGE('',*,*,#7819,.T.);
#7840=ORIENTED_EDGE('',*,*,#7839,.F.);
#7841=EDGE_LOOP('',(#7835,#7837,#7838,#7840));
#7842=FACE_OUTER_BOUND('',#7841,.F.);
#7844=CARTESIAN_POINT('',(9.9695E0,-1.0795E0,-7.366E0));
#7845=DIRECTION('',(0.E0,1.E0,0.E0));
#7846=DIRECTION('',(-1.E0,0.E0,0.E0));
#7847=AXIS2_PLACEMENT_3D('',#7844,#7845,#7846);
#7848=PLANE('',#7847);
#7849=ORIENTED_EDGE('',*,*,#6222,.F.);
#7851=ORIENTED_EDGE('',*,*,#7850,.T.);
#7852=ORIENTED_EDGE('',*,*,#7821,.T.);
#7853=ORIENTED_EDGE('',*,*,#7836,.F.);
#7854=EDGE_LOOP('',(#7849,#7851,#7852,#7853));
#7855=FACE_OUTER_BOUND('',#7854,.F.);
#7857=CARTESIAN_POINT('',(9.9695E0,-1.4605E0,-7.366E0));
#7858=DIRECTION('',(1.E0,0.E0,0.E0));
#7859=DIRECTION('',(0.E0,1.E0,0.E0));
#7860=AXIS2_PLACEMENT_3D('',#7857,#7858,#7859);
#7861=PLANE('',#7860);
#7862=ORIENTED_EDGE('',*,*,#6220,.F.);
#7864=ORIENTED_EDGE('',*,*,#7863,.T.);
#7865=ORIENTED_EDGE('',*,*,#7823,.T.);
#7866=ORIENTED_EDGE('',*,*,#7850,.F.);
#7867=EDGE_LOOP('',(#7862,#7864,#7865,#7866));
#7868=FACE_OUTER_BOUND('',#7867,.F.);
#7870=CARTESIAN_POINT('',(9.5885E0,-1.4605E0,-7.366E0));
#7871=DIRECTION('',(0.E0,-1.E0,0.E0));
#7872=DIRECTION('',(1.E0,0.E0,0.E0));
#7873=AXIS2_PLACEMENT_3D('',#7870,#7871,#7872);
#7874=PLANE('',#7873);
#7875=ORIENTED_EDGE('',*,*,#6218,.F.);
#7876=ORIENTED_EDGE('',*,*,#7839,.T.);
#7877=ORIENTED_EDGE('',*,*,#7825,.T.);
#7878=ORIENTED_EDGE('',*,*,#7863,.F.);
#7879=EDGE_LOOP('',(#7875,#7876,#7877,#7878));
#7880=FACE_OUTER_BOUND('',#7879,.F.);
#7882=CARTESIAN_POINT('',(8.3185E0,1.4605E0,-7.366E0));
#7883=DIRECTION('',(-1.E0,0.E0,0.E0));
#7884=DIRECTION('',(0.E0,-1.E0,0.E0));
#7885=AXIS2_PLACEMENT_3D('',#7882,#7883,#7884);
#7886=PLANE('',#7885);
#7887=ORIENTED_EDGE('',*,*,#6226,.F.);
#7889=ORIENTED_EDGE('',*,*,#7888,.T.);
#7891=ORIENTED_EDGE('',*,*,#7890,.T.);
#7893=ORIENTED_EDGE('',*,*,#7892,.F.);
#7894=EDGE_LOOP('',(#7887,#7889,#7891,#7893));
#7895=FACE_OUTER_BOUND('',#7894,.F.);
#7897=CARTESIAN_POINT('',(8.6995E0,1.4605E0,-7.366E0));
#7898=DIRECTION('',(0.E0,1.E0,0.E0));
#7899=DIRECTION('',(-1.E0,0.E0,0.E0));
#7900=AXIS2_PLACEMENT_3D('',#7897,#7898,#7899);
#7901=PLANE('',#7900);
#7902=ORIENTED_EDGE('',*,*,#6232,.F.);
#7904=ORIENTED_EDGE('',*,*,#7903,.T.);
#7906=ORIENTED_EDGE('',*,*,#7905,.T.);
#7907=ORIENTED_EDGE('',*,*,#7888,.F.);
#7908=EDGE_LOOP('',(#7902,#7904,#7906,#7907));
#7909=FACE_OUTER_BOUND('',#7908,.F.);
#7911=CARTESIAN_POINT('',(8.6995E0,1.0795E0,-7.366E0));
#7912=DIRECTION('',(1.E0,0.E0,0.E0));
#7913=DIRECTION('',(0.E0,1.E0,0.E0));
#7914=AXIS2_PLACEMENT_3D('',#7911,#7912,#7913);
#7915=PLANE('',#7914);
#7916=ORIENTED_EDGE('',*,*,#6230,.F.);
#7918=ORIENTED_EDGE('',*,*,#7917,.T.);
#7920=ORIENTED_EDGE('',*,*,#7919,.T.);
#7921=ORIENTED_EDGE('',*,*,#7903,.F.);
#7922=EDGE_LOOP('',(#7916,#7918,#7920,#7921));
#7923=FACE_OUTER_BOUND('',#7922,.F.);
#7925=CARTESIAN_POINT('',(8.3185E0,1.0795E0,-7.366E0));
#7926=DIRECTION('',(0.E0,-1.E0,0.E0));
#7927=DIRECTION('',(1.E0,0.E0,0.E0));
#7928=AXIS2_PLACEMENT_3D('',#7925,#7926,#7927);
#7929=PLANE('',#7928);
#7930=ORIENTED_EDGE('',*,*,#6228,.F.);
#7931=ORIENTED_EDGE('',*,*,#7892,.T.);
#7933=ORIENTED_EDGE('',*,*,#7932,.T.);
#7934=ORIENTED_EDGE('',*,*,#7917,.F.);
#7935=EDGE_LOOP('',(#7930,#7931,#7933,#7934));
#7936=FACE_OUTER_BOUND('',#7935,.F.);
#7938=CARTESIAN_POINT('',(-1.816E1,-3.605E0,-4.191E0));
#7939=DIRECTION('',(0.E0,0.E0,1.E0));
#7940=DIRECTION('',(1.E0,0.E0,0.E0));
#7941=AXIS2_PLACEMENT_3D('',#7938,#7939,#7940);
#7942=PLANE('',#7941);
#7943=ORIENTED_EDGE('',*,*,#7890,.F.);
#7944=ORIENTED_EDGE('',*,*,#7905,.F.);
#7945=ORIENTED_EDGE('',*,*,#7919,.F.);
#7946=ORIENTED_EDGE('',*,*,#7932,.F.);
#7947=EDGE_LOOP('',(#7943,#7944,#7945,#7946));
#7948=FACE_OUTER_BOUND('',#7947,.F.);
#7950=CARTESIAN_POINT('',(-1.816E1,-3.605E0,-4.191E0));
#7951=DIRECTION('',(0.E0,0.E0,1.E0));
#7952=DIRECTION('',(1.E0,0.E0,0.E0));
#7953=AXIS2_PLACEMENT_3D('',#7950,#7951,#7952);
#7954=PLANE('',#7953);
#7956=ORIENTED_EDGE('',*,*,#7955,.F.);
#7958=ORIENTED_EDGE('',*,*,#7957,.F.);
#7960=ORIENTED_EDGE('',*,*,#7959,.F.);
#7962=ORIENTED_EDGE('',*,*,#7961,.F.);
#7963=EDGE_LOOP('',(#7956,#7958,#7960,#7962));
#7964=FACE_OUTER_BOUND('',#7963,.F.);
#7966=CARTESIAN_POINT('',(8.3185E0,-1.0795E0,-7.366E0));
#7967=DIRECTION('',(-1.E0,0.E0,0.E0));
#7968=DIRECTION('',(0.E0,-1.E0,0.E0));
#7969=AXIS2_PLACEMENT_3D('',#7966,#7967,#7968);
#7970=PLANE('',#7969);
#7971=ORIENTED_EDGE('',*,*,#6236,.F.);
#7973=ORIENTED_EDGE('',*,*,#7972,.T.);
#7974=ORIENTED_EDGE('',*,*,#7955,.T.);
#7976=ORIENTED_EDGE('',*,*,#7975,.F.);
#7977=EDGE_LOOP('',(#7971,#7973,#7974,#7976));
#7978=FACE_OUTER_BOUND('',#7977,.F.);
#7980=CARTESIAN_POINT('',(8.6995E0,-1.0795E0,-7.366E0));
#7981=DIRECTION('',(0.E0,1.E0,0.E0));
#7982=DIRECTION('',(-1.E0,0.E0,0.E0));
#7983=AXIS2_PLACEMENT_3D('',#7980,#7981,#7982);
#7984=PLANE('',#7983);
#7985=ORIENTED_EDGE('',*,*,#6242,.F.);
#7987=ORIENTED_EDGE('',*,*,#7986,.T.);
#7988=ORIENTED_EDGE('',*,*,#7957,.T.);
#7989=ORIENTED_EDGE('',*,*,#7972,.F.);
#7990=EDGE_LOOP('',(#7985,#7987,#7988,#7989));
#7991=FACE_OUTER_BOUND('',#7990,.F.);
#7993=CARTESIAN_POINT('',(8.6995E0,-1.4605E0,-7.366E0));
#7994=DIRECTION('',(1.E0,0.E0,0.E0));
#7995=DIRECTION('',(0.E0,1.E0,0.E0));
#7996=AXIS2_PLACEMENT_3D('',#7993,#7994,#7995);
#7997=PLANE('',#7996);
#7998=ORIENTED_EDGE('',*,*,#6240,.F.);
#8000=ORIENTED_EDGE('',*,*,#7999,.T.);
#8001=ORIENTED_EDGE('',*,*,#7959,.T.);
#8002=ORIENTED_EDGE('',*,*,#7986,.F.);
#8003=EDGE_LOOP('',(#7998,#8000,#8001,#8002));
#8004=FACE_OUTER_BOUND('',#8003,.F.);
#8006=CARTESIAN_POINT('',(8.3185E0,-1.4605E0,-7.366E0));
#8007=DIRECTION('',(0.E0,-1.E0,0.E0));
#8008=DIRECTION('',(1.E0,0.E0,0.E0));
#8009=AXIS2_PLACEMENT_3D('',#8006,#8007,#8008);
#8010=PLANE('',#8009);
#8011=ORIENTED_EDGE('',*,*,#6238,.F.);
#8012=ORIENTED_EDGE('',*,*,#7975,.T.);
#8013=ORIENTED_EDGE('',*,*,#7961,.T.);
#8014=ORIENTED_EDGE('',*,*,#7999,.F.);
#8015=EDGE_LOOP('',(#8011,#8012,#8013,#8014));
#8016=FACE_OUTER_BOUND('',#8015,.F.);
#8018=CARTESIAN_POINT('',(7.0485E0,1.4605E0,-7.366E0));
#8019=DIRECTION('',(-1.E0,0.E0,0.E0));
#8020=DIRECTION('',(0.E0,-1.E0,0.E0));
#8021=AXIS2_PLACEMENT_3D('',#8018,#8019,#8020);
#8022=PLANE('',#8021);
#8023=ORIENTED_EDGE('',*,*,#6246,.F.);
#8025=ORIENTED_EDGE('',*,*,#8024,.T.);
#8027=ORIENTED_EDGE('',*,*,#8026,.T.);
#8029=ORIENTED_EDGE('',*,*,#8028,.F.);
#8030=EDGE_LOOP('',(#8023,#8025,#8027,#8029));
#8031=FACE_OUTER_BOUND('',#8030,.F.);
#8033=CARTESIAN_POINT('',(7.4295E0,1.4605E0,-7.366E0));
#8034=DIRECTION('',(0.E0,1.E0,0.E0));
#8035=DIRECTION('',(-1.E0,0.E0,0.E0));
#8036=AXIS2_PLACEMENT_3D('',#8033,#8034,#8035);
#8037=PLANE('',#8036);
#8038=ORIENTED_EDGE('',*,*,#6252,.F.);
#8040=ORIENTED_EDGE('',*,*,#8039,.T.);
#8042=ORIENTED_EDGE('',*,*,#8041,.T.);
#8043=ORIENTED_EDGE('',*,*,#8024,.F.);
#8044=EDGE_LOOP('',(#8038,#8040,#8042,#8043));
#8045=FACE_OUTER_BOUND('',#8044,.F.);
#8047=CARTESIAN_POINT('',(7.4295E0,1.0795E0,-7.366E0));
#8048=DIRECTION('',(1.E0,0.E0,0.E0));
#8049=DIRECTION('',(0.E0,1.E0,0.E0));
#8050=AXIS2_PLACEMENT_3D('',#8047,#8048,#8049);
#8051=PLANE('',#8050);
#8052=ORIENTED_EDGE('',*,*,#6250,.F.);
#8054=ORIENTED_EDGE('',*,*,#8053,.T.);
#8056=ORIENTED_EDGE('',*,*,#8055,.T.);
#8057=ORIENTED_EDGE('',*,*,#8039,.F.);
#8058=EDGE_LOOP('',(#8052,#8054,#8056,#8057));
#8059=FACE_OUTER_BOUND('',#8058,.F.);
#8061=CARTESIAN_POINT('',(7.0485E0,1.0795E0,-7.366E0));
#8062=DIRECTION('',(0.E0,-1.E0,0.E0));
#8063=DIRECTION('',(1.E0,0.E0,0.E0));
#8064=AXIS2_PLACEMENT_3D('',#8061,#8062,#8063);
#8065=PLANE('',#8064);
#8066=ORIENTED_EDGE('',*,*,#6248,.F.);
#8067=ORIENTED_EDGE('',*,*,#8028,.T.);
#8069=ORIENTED_EDGE('',*,*,#8068,.T.);
#8070=ORIENTED_EDGE('',*,*,#8053,.F.);
#8071=EDGE_LOOP('',(#8066,#8067,#8069,#8070));
#8072=FACE_OUTER_BOUND('',#8071,.F.);
#8074=CARTESIAN_POINT('',(-1.943E1,-3.605E0,-4.191E0));
#8075=DIRECTION('',(0.E0,0.E0,1.E0));
#8076=DIRECTION('',(1.E0,0.E0,0.E0));
#8077=AXIS2_PLACEMENT_3D('',#8074,#8075,#8076);
#8078=PLANE('',#8077);
#8079=ORIENTED_EDGE('',*,*,#8026,.F.);
#8080=ORIENTED_EDGE('',*,*,#8041,.F.);
#8081=ORIENTED_EDGE('',*,*,#8055,.F.);
#8082=ORIENTED_EDGE('',*,*,#8068,.F.);
#8083=EDGE_LOOP('',(#8079,#8080,#8081,#8082));
#8084=FACE_OUTER_BOUND('',#8083,.F.);
#8086=CARTESIAN_POINT('',(-1.943E1,-3.605E0,-4.191E0));
#8087=DIRECTION('',(0.E0,0.E0,1.E0));
#8088=DIRECTION('',(1.E0,0.E0,0.E0));
#8089=AXIS2_PLACEMENT_3D('',#8086,#8087,#8088);
#8090=PLANE('',#8089);
#8092=ORIENTED_EDGE('',*,*,#8091,.F.);
#8094=ORIENTED_EDGE('',*,*,#8093,.F.);
#8096=ORIENTED_EDGE('',*,*,#8095,.F.);
#8098=ORIENTED_EDGE('',*,*,#8097,.F.);
#8099=EDGE_LOOP('',(#8092,#8094,#8096,#8098));
#8100=FACE_OUTER_BOUND('',#8099,.F.);
#8102=CARTESIAN_POINT('',(7.0485E0,-1.0795E0,-7.366E0));
#8103=DIRECTION('',(-1.E0,0.E0,0.E0));
#8104=DIRECTION('',(0.E0,-1.E0,0.E0));
#8105=AXIS2_PLACEMENT_3D('',#8102,#8103,#8104);
#8106=PLANE('',#8105);
#8107=ORIENTED_EDGE('',*,*,#6256,.F.);
#8109=ORIENTED_EDGE('',*,*,#8108,.T.);
#8110=ORIENTED_EDGE('',*,*,#8091,.T.);
#8112=ORIENTED_EDGE('',*,*,#8111,.F.);
#8113=EDGE_LOOP('',(#8107,#8109,#8110,#8112));
#8114=FACE_OUTER_BOUND('',#8113,.F.);
#8116=CARTESIAN_POINT('',(7.4295E0,-1.0795E0,-7.366E0));
#8117=DIRECTION('',(0.E0,1.E0,0.E0));
#8118=DIRECTION('',(-1.E0,0.E0,0.E0));
#8119=AXIS2_PLACEMENT_3D('',#8116,#8117,#8118);
#8120=PLANE('',#8119);
#8121=ORIENTED_EDGE('',*,*,#6262,.F.);
#8123=ORIENTED_EDGE('',*,*,#8122,.T.);
#8124=ORIENTED_EDGE('',*,*,#8093,.T.);
#8125=ORIENTED_EDGE('',*,*,#8108,.F.);
#8126=EDGE_LOOP('',(#8121,#8123,#8124,#8125));
#8127=FACE_OUTER_BOUND('',#8126,.F.);
#8129=CARTESIAN_POINT('',(7.4295E0,-1.4605E0,-7.366E0));
#8130=DIRECTION('',(1.E0,0.E0,0.E0));
#8131=DIRECTION('',(0.E0,1.E0,0.E0));
#8132=AXIS2_PLACEMENT_3D('',#8129,#8130,#8131);
#8133=PLANE('',#8132);
#8134=ORIENTED_EDGE('',*,*,#6260,.F.);
#8136=ORIENTED_EDGE('',*,*,#8135,.T.);
#8137=ORIENTED_EDGE('',*,*,#8095,.T.);
#8138=ORIENTED_EDGE('',*,*,#8122,.F.);
#8139=EDGE_LOOP('',(#8134,#8136,#8137,#8138));
#8140=FACE_OUTER_BOUND('',#8139,.F.);
#8142=CARTESIAN_POINT('',(7.0485E0,-1.4605E0,-7.366E0));
#8143=DIRECTION('',(0.E0,-1.E0,0.E0));
#8144=DIRECTION('',(1.E0,0.E0,0.E0));
#8145=AXIS2_PLACEMENT_3D('',#8142,#8143,#8144);
#8146=PLANE('',#8145);
#8147=ORIENTED_EDGE('',*,*,#6258,.F.);
#8148=ORIENTED_EDGE('',*,*,#8111,.T.);
#8149=ORIENTED_EDGE('',*,*,#8097,.T.);
#8150=ORIENTED_EDGE('',*,*,#8135,.F.);
#8151=EDGE_LOOP('',(#8147,#8148,#8149,#8150));
#8152=FACE_OUTER_BOUND('',#8151,.F.);
#8154=CARTESIAN_POINT('',(5.7785E0,1.4605E0,-7.366E0));
#8155=DIRECTION('',(-1.E0,0.E0,0.E0));
#8156=DIRECTION('',(0.E0,-1.E0,0.E0));
#8157=AXIS2_PLACEMENT_3D('',#8154,#8155,#8156);
#8158=PLANE('',#8157);
#8159=ORIENTED_EDGE('',*,*,#6266,.F.);
#8161=ORIENTED_EDGE('',*,*,#8160,.T.);
#8163=ORIENTED_EDGE('',*,*,#8162,.T.);
#8165=ORIENTED_EDGE('',*,*,#8164,.F.);
#8166=EDGE_LOOP('',(#8159,#8161,#8163,#8165));
#8167=FACE_OUTER_BOUND('',#8166,.F.);
#8169=CARTESIAN_POINT('',(6.1595E0,1.4605E0,-7.366E0));
#8170=DIRECTION('',(0.E0,1.E0,0.E0));
#8171=DIRECTION('',(-1.E0,0.E0,0.E0));
#8172=AXIS2_PLACEMENT_3D('',#8169,#8170,#8171);
#8173=PLANE('',#8172);
#8174=ORIENTED_EDGE('',*,*,#6272,.F.);
#8176=ORIENTED_EDGE('',*,*,#8175,.T.);
#8178=ORIENTED_EDGE('',*,*,#8177,.T.);
#8179=ORIENTED_EDGE('',*,*,#8160,.F.);
#8180=EDGE_LOOP('',(#8174,#8176,#8178,#8179));
#8181=FACE_OUTER_BOUND('',#8180,.F.);
#8183=CARTESIAN_POINT('',(6.1595E0,1.0795E0,-7.366E0));
#8184=DIRECTION('',(1.E0,0.E0,0.E0));
#8185=DIRECTION('',(0.E0,1.E0,0.E0));
#8186=AXIS2_PLACEMENT_3D('',#8183,#8184,#8185);
#8187=PLANE('',#8186);
#8188=ORIENTED_EDGE('',*,*,#6270,.F.);
#8190=ORIENTED_EDGE('',*,*,#8189,.T.);
#8192=ORIENTED_EDGE('',*,*,#8191,.T.);
#8193=ORIENTED_EDGE('',*,*,#8175,.F.);
#8194=EDGE_LOOP('',(#8188,#8190,#8192,#8193));
#8195=FACE_OUTER_BOUND('',#8194,.F.);
#8197=CARTESIAN_POINT('',(5.7785E0,1.0795E0,-7.366E0));
#8198=DIRECTION('',(0.E0,-1.E0,0.E0));
#8199=DIRECTION('',(1.E0,0.E0,0.E0));
#8200=AXIS2_PLACEMENT_3D('',#8197,#8198,#8199);
#8201=PLANE('',#8200);
#8202=ORIENTED_EDGE('',*,*,#6268,.F.);
#8203=ORIENTED_EDGE('',*,*,#8164,.T.);
#8205=ORIENTED_EDGE('',*,*,#8204,.T.);
#8206=ORIENTED_EDGE('',*,*,#8189,.F.);
#8207=EDGE_LOOP('',(#8202,#8203,#8205,#8206));
#8208=FACE_OUTER_BOUND('',#8207,.F.);
#8210=CARTESIAN_POINT('',(-2.07E1,-3.605E0,-4.191E0));
#8211=DIRECTION('',(0.E0,0.E0,1.E0));
#8212=DIRECTION('',(1.E0,0.E0,0.E0));
#8213=AXIS2_PLACEMENT_3D('',#8210,#8211,#8212);
#8214=PLANE('',#8213);
#8215=ORIENTED_EDGE('',*,*,#8162,.F.);
#8216=ORIENTED_EDGE('',*,*,#8177,.F.);
#8217=ORIENTED_EDGE('',*,*,#8191,.F.);
#8218=ORIENTED_EDGE('',*,*,#8204,.F.);
#8219=EDGE_LOOP('',(#8215,#8216,#8217,#8218));
#8220=FACE_OUTER_BOUND('',#8219,.F.);
#8222=CARTESIAN_POINT('',(-2.07E1,-3.605E0,-4.191E0));
#8223=DIRECTION('',(0.E0,0.E0,1.E0));
#8224=DIRECTION('',(1.E0,0.E0,0.E0));
#8225=AXIS2_PLACEMENT_3D('',#8222,#8223,#8224);
#8226=PLANE('',#8225);
#8228=ORIENTED_EDGE('',*,*,#8227,.F.);
#8230=ORIENTED_EDGE('',*,*,#8229,.F.);
#8232=ORIENTED_EDGE('',*,*,#8231,.F.);
#8234=ORIENTED_EDGE('',*,*,#8233,.F.);
#8235=EDGE_LOOP('',(#8228,#8230,#8232,#8234));
#8236=FACE_OUTER_BOUND('',#8235,.F.);
#8238=CARTESIAN_POINT('',(5.7785E0,-1.0795E0,-7.366E0));
#8239=DIRECTION('',(-1.E0,0.E0,0.E0));
#8240=DIRECTION('',(0.E0,-1.E0,0.E0));
#8241=AXIS2_PLACEMENT_3D('',#8238,#8239,#8240);
#8242=PLANE('',#8241);
#8243=ORIENTED_EDGE('',*,*,#6276,.F.);
#8245=ORIENTED_EDGE('',*,*,#8244,.T.);
#8246=ORIENTED_EDGE('',*,*,#8227,.T.);
#8248=ORIENTED_EDGE('',*,*,#8247,.F.);
#8249=EDGE_LOOP('',(#8243,#8245,#8246,#8248));
#8250=FACE_OUTER_BOUND('',#8249,.F.);
#8252=CARTESIAN_POINT('',(6.1595E0,-1.0795E0,-7.366E0));
#8253=DIRECTION('',(0.E0,1.E0,0.E0));
#8254=DIRECTION('',(-1.E0,0.E0,0.E0));
#8255=AXIS2_PLACEMENT_3D('',#8252,#8253,#8254);
#8256=PLANE('',#8255);
#8257=ORIENTED_EDGE('',*,*,#6282,.F.);
#8259=ORIENTED_EDGE('',*,*,#8258,.T.);
#8260=ORIENTED_EDGE('',*,*,#8229,.T.);
#8261=ORIENTED_EDGE('',*,*,#8244,.F.);
#8262=EDGE_LOOP('',(#8257,#8259,#8260,#8261));
#8263=FACE_OUTER_BOUND('',#8262,.F.);
#8265=CARTESIAN_POINT('',(6.1595E0,-1.4605E0,-7.366E0));
#8266=DIRECTION('',(1.E0,0.E0,0.E0));
#8267=DIRECTION('',(0.E0,1.E0,0.E0));
#8268=AXIS2_PLACEMENT_3D('',#8265,#8266,#8267);
#8269=PLANE('',#8268);
#8270=ORIENTED_EDGE('',*,*,#6280,.F.);
#8272=ORIENTED_EDGE('',*,*,#8271,.T.);
#8273=ORIENTED_EDGE('',*,*,#8231,.T.);
#8274=ORIENTED_EDGE('',*,*,#8258,.F.);
#8275=EDGE_LOOP('',(#8270,#8272,#8273,#8274));
#8276=FACE_OUTER_BOUND('',#8275,.F.);
#8278=CARTESIAN_POINT('',(5.7785E0,-1.4605E0,-7.366E0));
#8279=DIRECTION('',(0.E0,-1.E0,0.E0));
#8280=DIRECTION('',(1.E0,0.E0,0.E0));
#8281=AXIS2_PLACEMENT_3D('',#8278,#8279,#8280);
#8282=PLANE('',#8281);
#8283=ORIENTED_EDGE('',*,*,#6278,.F.);
#8284=ORIENTED_EDGE('',*,*,#8247,.T.);
#8285=ORIENTED_EDGE('',*,*,#8233,.T.);
#8286=ORIENTED_EDGE('',*,*,#8271,.F.);
#8287=EDGE_LOOP('',(#8283,#8284,#8285,#8286));
#8288=FACE_OUTER_BOUND('',#8287,.F.);
#8290=CARTESIAN_POINT('',(4.5085E0,1.4605E0,-7.366E0));
#8291=DIRECTION('',(-1.E0,0.E0,0.E0));
#8292=DIRECTION('',(0.E0,-1.E0,0.E0));
#8293=AXIS2_PLACEMENT_3D('',#8290,#8291,#8292);
#8294=PLANE('',#8293);
#8295=ORIENTED_EDGE('',*,*,#6286,.F.);
#8297=ORIENTED_EDGE('',*,*,#8296,.T.);
#8299=ORIENTED_EDGE('',*,*,#8298,.T.);
#8301=ORIENTED_EDGE('',*,*,#8300,.F.);
#8302=EDGE_LOOP('',(#8295,#8297,#8299,#8301));
#8303=FACE_OUTER_BOUND('',#8302,.F.);
#8305=CARTESIAN_POINT('',(4.8895E0,1.4605E0,-7.366E0));
#8306=DIRECTION('',(0.E0,1.E0,0.E0));
#8307=DIRECTION('',(-1.E0,0.E0,0.E0));
#8308=AXIS2_PLACEMENT_3D('',#8305,#8306,#8307);
#8309=PLANE('',#8308);
#8310=ORIENTED_EDGE('',*,*,#6292,.F.);
#8312=ORIENTED_EDGE('',*,*,#8311,.T.);
#8314=ORIENTED_EDGE('',*,*,#8313,.T.);
#8315=ORIENTED_EDGE('',*,*,#8296,.F.);
#8316=EDGE_LOOP('',(#8310,#8312,#8314,#8315));
#8317=FACE_OUTER_BOUND('',#8316,.F.);
#8319=CARTESIAN_POINT('',(4.8895E0,1.0795E0,-7.366E0));
#8320=DIRECTION('',(1.E0,0.E0,0.E0));
#8321=DIRECTION('',(0.E0,1.E0,0.E0));
#8322=AXIS2_PLACEMENT_3D('',#8319,#8320,#8321);
#8323=PLANE('',#8322);
#8324=ORIENTED_EDGE('',*,*,#6290,.F.);
#8326=ORIENTED_EDGE('',*,*,#8325,.T.);
#8328=ORIENTED_EDGE('',*,*,#8327,.T.);
#8329=ORIENTED_EDGE('',*,*,#8311,.F.);
#8330=EDGE_LOOP('',(#8324,#8326,#8328,#8329));
#8331=FACE_OUTER_BOUND('',#8330,.F.);
#8333=CARTESIAN_POINT('',(4.5085E0,1.0795E0,-7.366E0));
#8334=DIRECTION('',(0.E0,-1.E0,0.E0));
#8335=DIRECTION('',(1.E0,0.E0,0.E0));
#8336=AXIS2_PLACEMENT_3D('',#8333,#8334,#8335);
#8337=PLANE('',#8336);
#8338=ORIENTED_EDGE('',*,*,#6288,.F.);
#8339=ORIENTED_EDGE('',*,*,#8300,.T.);
#8341=ORIENTED_EDGE('',*,*,#8340,.T.);
#8342=ORIENTED_EDGE('',*,*,#8325,.F.);
#8343=EDGE_LOOP('',(#8338,#8339,#8341,#8342));
#8344=FACE_OUTER_BOUND('',#8343,.F.);
#8346=CARTESIAN_POINT('',(-2.197E1,-3.605E0,-4.191E0));
#8347=DIRECTION('',(0.E0,0.E0,1.E0));
#8348=DIRECTION('',(1.E0,0.E0,0.E0));
#8349=AXIS2_PLACEMENT_3D('',#8346,#8347,#8348);
#8350=PLANE('',#8349);
#8351=ORIENTED_EDGE('',*,*,#8298,.F.);
#8352=ORIENTED_EDGE('',*,*,#8313,.F.);
#8353=ORIENTED_EDGE('',*,*,#8327,.F.);
#8354=ORIENTED_EDGE('',*,*,#8340,.F.);
#8355=EDGE_LOOP('',(#8351,#8352,#8353,#8354));
#8356=FACE_OUTER_BOUND('',#8355,.F.);
#8358=CARTESIAN_POINT('',(-2.197E1,-3.605E0,-4.191E0));
#8359=DIRECTION('',(0.E0,0.E0,1.E0));
#8360=DIRECTION('',(1.E0,0.E0,0.E0));
#8361=AXIS2_PLACEMENT_3D('',#8358,#8359,#8360);
#8362=PLANE('',#8361);
#8364=ORIENTED_EDGE('',*,*,#8363,.F.);
#8366=ORIENTED_EDGE('',*,*,#8365,.F.);
#8368=ORIENTED_EDGE('',*,*,#8367,.F.);
#8370=ORIENTED_EDGE('',*,*,#8369,.F.);
#8371=EDGE_LOOP('',(#8364,#8366,#8368,#8370));
#8372=FACE_OUTER_BOUND('',#8371,.F.);
#8374=CARTESIAN_POINT('',(4.5085E0,-1.0795E0,-7.366E0));
#8375=DIRECTION('',(-1.E0,0.E0,0.E0));
#8376=DIRECTION('',(0.E0,-1.E0,0.E0));
#8377=AXIS2_PLACEMENT_3D('',#8374,#8375,#8376);
#8378=PLANE('',#8377);
#8379=ORIENTED_EDGE('',*,*,#6296,.F.);
#8381=ORIENTED_EDGE('',*,*,#8380,.T.);
#8382=ORIENTED_EDGE('',*,*,#8363,.T.);
#8384=ORIENTED_EDGE('',*,*,#8383,.F.);
#8385=EDGE_LOOP('',(#8379,#8381,#8382,#8384));
#8386=FACE_OUTER_BOUND('',#8385,.F.);
#8388=CARTESIAN_POINT('',(4.8895E0,-1.0795E0,-7.366E0));
#8389=DIRECTION('',(0.E0,1.E0,0.E0));
#8390=DIRECTION('',(-1.E0,0.E0,0.E0));
#8391=AXIS2_PLACEMENT_3D('',#8388,#8389,#8390);
#8392=PLANE('',#8391);
#8393=ORIENTED_EDGE('',*,*,#6302,.F.);
#8395=ORIENTED_EDGE('',*,*,#8394,.T.);
#8396=ORIENTED_EDGE('',*,*,#8365,.T.);
#8397=ORIENTED_EDGE('',*,*,#8380,.F.);
#8398=EDGE_LOOP('',(#8393,#8395,#8396,#8397));
#8399=FACE_OUTER_BOUND('',#8398,.F.);
#8401=CARTESIAN_POINT('',(4.8895E0,-1.4605E0,-7.366E0));
#8402=DIRECTION('',(1.E0,0.E0,0.E0));
#8403=DIRECTION('',(0.E0,1.E0,0.E0));
#8404=AXIS2_PLACEMENT_3D('',#8401,#8402,#8403);
#8405=PLANE('',#8404);
#8406=ORIENTED_EDGE('',*,*,#6300,.F.);
#8408=ORIENTED_EDGE('',*,*,#8407,.T.);
#8409=ORIENTED_EDGE('',*,*,#8367,.T.);
#8410=ORIENTED_EDGE('',*,*,#8394,.F.);
#8411=EDGE_LOOP('',(#8406,#8408,#8409,#8410));
#8412=FACE_OUTER_BOUND('',#8411,.F.);
#8414=CARTESIAN_POINT('',(4.5085E0,-1.4605E0,-7.366E0));
#8415=DIRECTION('',(0.E0,-1.E0,0.E0));
#8416=DIRECTION('',(1.E0,0.E0,0.E0));
#8417=AXIS2_PLACEMENT_3D('',#8414,#8415,#8416);
#8418=PLANE('',#8417);
#8419=ORIENTED_EDGE('',*,*,#6298,.F.);
#8420=ORIENTED_EDGE('',*,*,#8383,.T.);
#8421=ORIENTED_EDGE('',*,*,#8369,.T.);
#8422=ORIENTED_EDGE('',*,*,#8407,.F.);
#8423=EDGE_LOOP('',(#8419,#8420,#8421,#8422));
#8424=FACE_OUTER_BOUND('',#8423,.F.);
#8426=CARTESIAN_POINT('',(3.2385E0,1.4605E0,-7.366E0));
#8427=DIRECTION('',(-1.E0,0.E0,0.E0));
#8428=DIRECTION('',(0.E0,-1.E0,0.E0));
#8429=AXIS2_PLACEMENT_3D('',#8426,#8427,#8428);
#8430=PLANE('',#8429);
#8431=ORIENTED_EDGE('',*,*,#6306,.F.);
#8433=ORIENTED_EDGE('',*,*,#8432,.T.);
#8435=ORIENTED_EDGE('',*,*,#8434,.T.);
#8437=ORIENTED_EDGE('',*,*,#8436,.F.);
#8438=EDGE_LOOP('',(#8431,#8433,#8435,#8437));
#8439=FACE_OUTER_BOUND('',#8438,.F.);
#8441=CARTESIAN_POINT('',(3.6195E0,1.4605E0,-7.366E0));
#8442=DIRECTION('',(0.E0,1.E0,0.E0));
#8443=DIRECTION('',(-1.E0,0.E0,0.E0));
#8444=AXIS2_PLACEMENT_3D('',#8441,#8442,#8443);
#8445=PLANE('',#8444);
#8446=ORIENTED_EDGE('',*,*,#6312,.F.);
#8448=ORIENTED_EDGE('',*,*,#8447,.T.);
#8450=ORIENTED_EDGE('',*,*,#8449,.T.);
#8451=ORIENTED_EDGE('',*,*,#8432,.F.);
#8452=EDGE_LOOP('',(#8446,#8448,#8450,#8451));
#8453=FACE_OUTER_BOUND('',#8452,.F.);
#8455=CARTESIAN_POINT('',(3.6195E0,1.0795E0,-7.366E0));
#8456=DIRECTION('',(1.E0,0.E0,0.E0));
#8457=DIRECTION('',(0.E0,1.E0,0.E0));
#8458=AXIS2_PLACEMENT_3D('',#8455,#8456,#8457);
#8459=PLANE('',#8458);
#8460=ORIENTED_EDGE('',*,*,#6310,.F.);
#8462=ORIENTED_EDGE('',*,*,#8461,.T.);
#8464=ORIENTED_EDGE('',*,*,#8463,.T.);
#8465=ORIENTED_EDGE('',*,*,#8447,.F.);
#8466=EDGE_LOOP('',(#8460,#8462,#8464,#8465));
#8467=FACE_OUTER_BOUND('',#8466,.F.);
#8469=CARTESIAN_POINT('',(3.2385E0,1.0795E0,-7.366E0));
#8470=DIRECTION('',(0.E0,-1.E0,0.E0));
#8471=DIRECTION('',(1.E0,0.E0,0.E0));
#8472=AXIS2_PLACEMENT_3D('',#8469,#8470,#8471);
#8473=PLANE('',#8472);
#8474=ORIENTED_EDGE('',*,*,#6308,.F.);
#8475=ORIENTED_EDGE('',*,*,#8436,.T.);
#8477=ORIENTED_EDGE('',*,*,#8476,.T.);
#8478=ORIENTED_EDGE('',*,*,#8461,.F.);
#8479=EDGE_LOOP('',(#8474,#8475,#8477,#8478));
#8480=FACE_OUTER_BOUND('',#8479,.F.);
#8482=CARTESIAN_POINT('',(-2.324E1,-3.605E0,-4.191E0));
#8483=DIRECTION('',(0.E0,0.E0,1.E0));
#8484=DIRECTION('',(1.E0,0.E0,0.E0));
#8485=AXIS2_PLACEMENT_3D('',#8482,#8483,#8484);
#8486=PLANE('',#8485);
#8487=ORIENTED_EDGE('',*,*,#8434,.F.);
#8488=ORIENTED_EDGE('',*,*,#8449,.F.);
#8489=ORIENTED_EDGE('',*,*,#8463,.F.);
#8490=ORIENTED_EDGE('',*,*,#8476,.F.);
#8491=EDGE_LOOP('',(#8487,#8488,#8489,#8490));
#8492=FACE_OUTER_BOUND('',#8491,.F.);
#8494=CARTESIAN_POINT('',(-2.324E1,-3.605E0,-4.191E0));
#8495=DIRECTION('',(0.E0,0.E0,1.E0));
#8496=DIRECTION('',(1.E0,0.E0,0.E0));
#8497=AXIS2_PLACEMENT_3D('',#8494,#8495,#8496);
#8498=PLANE('',#8497);
#8500=ORIENTED_EDGE('',*,*,#8499,.F.);
#8502=ORIENTED_EDGE('',*,*,#8501,.F.);
#8504=ORIENTED_EDGE('',*,*,#8503,.F.);
#8506=ORIENTED_EDGE('',*,*,#8505,.F.);
#8507=EDGE_LOOP('',(#8500,#8502,#8504,#8506));
#8508=FACE_OUTER_BOUND('',#8507,.F.);
#8510=CARTESIAN_POINT('',(3.2385E0,-1.0795E0,-7.366E0));
#8511=DIRECTION('',(-1.E0,0.E0,0.E0));
#8512=DIRECTION('',(0.E0,-1.E0,0.E0));
#8513=AXIS2_PLACEMENT_3D('',#8510,#8511,#8512);
#8514=PLANE('',#8513);
#8515=ORIENTED_EDGE('',*,*,#6316,.F.);
#8517=ORIENTED_EDGE('',*,*,#8516,.T.);
#8518=ORIENTED_EDGE('',*,*,#8499,.T.);
#8520=ORIENTED_EDGE('',*,*,#8519,.F.);
#8521=EDGE_LOOP('',(#8515,#8517,#8518,#8520));
#8522=FACE_OUTER_BOUND('',#8521,.F.);
#8524=CARTESIAN_POINT('',(3.6195E0,-1.0795E0,-7.366E0));
#8525=DIRECTION('',(0.E0,1.E0,0.E0));
#8526=DIRECTION('',(-1.E0,0.E0,0.E0));
#8527=AXIS2_PLACEMENT_3D('',#8524,#8525,#8526);
#8528=PLANE('',#8527);
#8529=ORIENTED_EDGE('',*,*,#6322,.F.);
#8531=ORIENTED_EDGE('',*,*,#8530,.T.);
#8532=ORIENTED_EDGE('',*,*,#8501,.T.);
#8533=ORIENTED_EDGE('',*,*,#8516,.F.);
#8534=EDGE_LOOP('',(#8529,#8531,#8532,#8533));
#8535=FACE_OUTER_BOUND('',#8534,.F.);
#8537=CARTESIAN_POINT('',(3.6195E0,-1.4605E0,-7.366E0));
#8538=DIRECTION('',(1.E0,0.E0,0.E0));
#8539=DIRECTION('',(0.E0,1.E0,0.E0));
#8540=AXIS2_PLACEMENT_3D('',#8537,#8538,#8539);
#8541=PLANE('',#8540);
#8542=ORIENTED_EDGE('',*,*,#6320,.F.);
#8544=ORIENTED_EDGE('',*,*,#8543,.T.);
#8545=ORIENTED_EDGE('',*,*,#8503,.T.);
#8546=ORIENTED_EDGE('',*,*,#8530,.F.);
#8547=EDGE_LOOP('',(#8542,#8544,#8545,#8546));
#8548=FACE_OUTER_BOUND('',#8547,.F.);
#8550=CARTESIAN_POINT('',(3.2385E0,-1.4605E0,-7.366E0));
#8551=DIRECTION('',(0.E0,-1.E0,0.E0));
#8552=DIRECTION('',(1.E0,0.E0,0.E0));
#8553=AXIS2_PLACEMENT_3D('',#8550,#8551,#8552);
#8554=PLANE('',#8553);
#8555=ORIENTED_EDGE('',*,*,#6318,.F.);
#8556=ORIENTED_EDGE('',*,*,#8519,.T.);
#8557=ORIENTED_EDGE('',*,*,#8505,.T.);
#8558=ORIENTED_EDGE('',*,*,#8543,.F.);
#8559=EDGE_LOOP('',(#8555,#8556,#8557,#8558));
#8560=FACE_OUTER_BOUND('',#8559,.F.);
#8562=CARTESIAN_POINT('',(1.9685E0,1.4605E0,-7.366E0));
#8563=DIRECTION('',(-1.E0,0.E0,0.E0));
#8564=DIRECTION('',(0.E0,-1.E0,0.E0));
#8565=AXIS2_PLACEMENT_3D('',#8562,#8563,#8564);
#8566=PLANE('',#8565);
#8567=ORIENTED_EDGE('',*,*,#6326,.F.);
#8569=ORIENTED_EDGE('',*,*,#8568,.T.);
#8571=ORIENTED_EDGE('',*,*,#8570,.T.);
#8573=ORIENTED_EDGE('',*,*,#8572,.F.);
#8574=EDGE_LOOP('',(#8567,#8569,#8571,#8573));
#8575=FACE_OUTER_BOUND('',#8574,.F.);
#8577=CARTESIAN_POINT('',(2.3495E0,1.4605E0,-7.366E0));
#8578=DIRECTION('',(0.E0,1.E0,0.E0));
#8579=DIRECTION('',(-1.E0,0.E0,0.E0));
#8580=AXIS2_PLACEMENT_3D('',#8577,#8578,#8579);
#8581=PLANE('',#8580);
#8582=ORIENTED_EDGE('',*,*,#6332,.F.);
#8584=ORIENTED_EDGE('',*,*,#8583,.T.);
#8586=ORIENTED_EDGE('',*,*,#8585,.T.);
#8587=ORIENTED_EDGE('',*,*,#8568,.F.);
#8588=EDGE_LOOP('',(#8582,#8584,#8586,#8587));
#8589=FACE_OUTER_BOUND('',#8588,.F.);
#8591=CARTESIAN_POINT('',(2.3495E0,1.0795E0,-7.366E0));
#8592=DIRECTION('',(1.E0,0.E0,0.E0));
#8593=DIRECTION('',(0.E0,1.E0,0.E0));
#8594=AXIS2_PLACEMENT_3D('',#8591,#8592,#8593);
#8595=PLANE('',#8594);
#8596=ORIENTED_EDGE('',*,*,#6330,.F.);
#8598=ORIENTED_EDGE('',*,*,#8597,.T.);
#8600=ORIENTED_EDGE('',*,*,#8599,.T.);
#8601=ORIENTED_EDGE('',*,*,#8583,.F.);
#8602=EDGE_LOOP('',(#8596,#8598,#8600,#8601));
#8603=FACE_OUTER_BOUND('',#8602,.F.);
#8605=CARTESIAN_POINT('',(1.9685E0,1.0795E0,-7.366E0));
#8606=DIRECTION('',(0.E0,-1.E0,0.E0));
#8607=DIRECTION('',(1.E0,0.E0,0.E0));
#8608=AXIS2_PLACEMENT_3D('',#8605,#8606,#8607);
#8609=PLANE('',#8608);
#8610=ORIENTED_EDGE('',*,*,#6328,.F.);
#8611=ORIENTED_EDGE('',*,*,#8572,.T.);
#8613=ORIENTED_EDGE('',*,*,#8612,.T.);
#8614=ORIENTED_EDGE('',*,*,#8597,.F.);
#8615=EDGE_LOOP('',(#8610,#8611,#8613,#8614));
#8616=FACE_OUTER_BOUND('',#8615,.F.);
#8618=CARTESIAN_POINT('',(-2.451E1,-3.605E0,-4.191E0));
#8619=DIRECTION('',(0.E0,0.E0,1.E0));
#8620=DIRECTION('',(1.E0,0.E0,0.E0));
#8621=AXIS2_PLACEMENT_3D('',#8618,#8619,#8620);
#8622=PLANE('',#8621);
#8623=ORIENTED_EDGE('',*,*,#8570,.F.);
#8624=ORIENTED_EDGE('',*,*,#8585,.F.);
#8625=ORIENTED_EDGE('',*,*,#8599,.F.);
#8626=ORIENTED_EDGE('',*,*,#8612,.F.);
#8627=EDGE_LOOP('',(#8623,#8624,#8625,#8626));
#8628=FACE_OUTER_BOUND('',#8627,.F.);
#8630=CARTESIAN_POINT('',(-2.451E1,-3.605E0,-4.191E0));
#8631=DIRECTION('',(0.E0,0.E0,1.E0));
#8632=DIRECTION('',(1.E0,0.E0,0.E0));
#8633=AXIS2_PLACEMENT_3D('',#8630,#8631,#8632);
#8634=PLANE('',#8633);
#8636=ORIENTED_EDGE('',*,*,#8635,.F.);
#8638=ORIENTED_EDGE('',*,*,#8637,.F.);
#8640=ORIENTED_EDGE('',*,*,#8639,.F.);
#8642=ORIENTED_EDGE('',*,*,#8641,.F.);
#8643=EDGE_LOOP('',(#8636,#8638,#8640,#8642));
#8644=FACE_OUTER_BOUND('',#8643,.F.);
#8646=CARTESIAN_POINT('',(1.9685E0,-1.0795E0,-7.366E0));
#8647=DIRECTION('',(-1.E0,0.E0,0.E0));
#8648=DIRECTION('',(0.E0,-1.E0,0.E0));
#8649=AXIS2_PLACEMENT_3D('',#8646,#8647,#8648);
#8650=PLANE('',#8649);
#8651=ORIENTED_EDGE('',*,*,#6336,.F.);
#8653=ORIENTED_EDGE('',*,*,#8652,.T.);
#8654=ORIENTED_EDGE('',*,*,#8635,.T.);
#8656=ORIENTED_EDGE('',*,*,#8655,.F.);
#8657=EDGE_LOOP('',(#8651,#8653,#8654,#8656));
#8658=FACE_OUTER_BOUND('',#8657,.F.);
#8660=CARTESIAN_POINT('',(2.3495E0,-1.0795E0,-7.366E0));
#8661=DIRECTION('',(0.E0,1.E0,0.E0));
#8662=DIRECTION('',(-1.E0,0.E0,0.E0));
#8663=AXIS2_PLACEMENT_3D('',#8660,#8661,#8662);
#8664=PLANE('',#8663);
#8665=ORIENTED_EDGE('',*,*,#6342,.F.);
#8667=ORIENTED_EDGE('',*,*,#8666,.T.);
#8668=ORIENTED_EDGE('',*,*,#8637,.T.);
#8669=ORIENTED_EDGE('',*,*,#8652,.F.);
#8670=EDGE_LOOP('',(#8665,#8667,#8668,#8669));
#8671=FACE_OUTER_BOUND('',#8670,.F.);
#8673=CARTESIAN_POINT('',(2.3495E0,-1.4605E0,-7.366E0));
#8674=DIRECTION('',(1.E0,0.E0,0.E0));
#8675=DIRECTION('',(0.E0,1.E0,0.E0));
#8676=AXIS2_PLACEMENT_3D('',#8673,#8674,#8675);
#8677=PLANE('',#8676);
#8678=ORIENTED_EDGE('',*,*,#6340,.F.);
#8680=ORIENTED_EDGE('',*,*,#8679,.T.);
#8681=ORIENTED_EDGE('',*,*,#8639,.T.);
#8682=ORIENTED_EDGE('',*,*,#8666,.F.);
#8683=EDGE_LOOP('',(#8678,#8680,#8681,#8682));
#8684=FACE_OUTER_BOUND('',#8683,.F.);
#8686=CARTESIAN_POINT('',(1.9685E0,-1.4605E0,-7.366E0));
#8687=DIRECTION('',(0.E0,-1.E0,0.E0));
#8688=DIRECTION('',(1.E0,0.E0,0.E0));
#8689=AXIS2_PLACEMENT_3D('',#8686,#8687,#8688);
#8690=PLANE('',#8689);
#8691=ORIENTED_EDGE('',*,*,#6338,.F.);
#8692=ORIENTED_EDGE('',*,*,#8655,.T.);
#8693=ORIENTED_EDGE('',*,*,#8641,.T.);
#8694=ORIENTED_EDGE('',*,*,#8679,.F.);
#8695=EDGE_LOOP('',(#8691,#8692,#8693,#8694));
#8696=FACE_OUTER_BOUND('',#8695,.F.);
#8698=CARTESIAN_POINT('',(6.985E-1,1.4605E0,-7.366E0));
#8699=DIRECTION('',(-1.E0,0.E0,0.E0));
#8700=DIRECTION('',(0.E0,-1.E0,0.E0));
#8701=AXIS2_PLACEMENT_3D('',#8698,#8699,#8700);
#8702=PLANE('',#8701);
#8703=ORIENTED_EDGE('',*,*,#6346,.F.);
#8705=ORIENTED_EDGE('',*,*,#8704,.T.);
#8707=ORIENTED_EDGE('',*,*,#8706,.T.);
#8709=ORIENTED_EDGE('',*,*,#8708,.F.);
#8710=EDGE_LOOP('',(#8703,#8705,#8707,#8709));
#8711=FACE_OUTER_BOUND('',#8710,.F.);
#8713=CARTESIAN_POINT('',(1.0795E0,1.4605E0,-7.366E0));
#8714=DIRECTION('',(0.E0,1.E0,0.E0));
#8715=DIRECTION('',(-1.E0,0.E0,0.E0));
#8716=AXIS2_PLACEMENT_3D('',#8713,#8714,#8715);
#8717=PLANE('',#8716);
#8718=ORIENTED_EDGE('',*,*,#6352,.F.);
#8720=ORIENTED_EDGE('',*,*,#8719,.T.);
#8722=ORIENTED_EDGE('',*,*,#8721,.T.);
#8723=ORIENTED_EDGE('',*,*,#8704,.F.);
#8724=EDGE_LOOP('',(#8718,#8720,#8722,#8723));
#8725=FACE_OUTER_BOUND('',#8724,.F.);
#8727=CARTESIAN_POINT('',(1.0795E0,1.0795E0,-7.366E0));
#8728=DIRECTION('',(1.E0,0.E0,0.E0));
#8729=DIRECTION('',(0.E0,1.E0,0.E0));
#8730=AXIS2_PLACEMENT_3D('',#8727,#8728,#8729);
#8731=PLANE('',#8730);
#8732=ORIENTED_EDGE('',*,*,#6350,.F.);
#8734=ORIENTED_EDGE('',*,*,#8733,.T.);
#8736=ORIENTED_EDGE('',*,*,#8735,.T.);
#8737=ORIENTED_EDGE('',*,*,#8719,.F.);
#8738=EDGE_LOOP('',(#8732,#8734,#8736,#8737));
#8739=FACE_OUTER_BOUND('',#8738,.F.);
#8741=CARTESIAN_POINT('',(6.985E-1,1.0795E0,-7.366E0));
#8742=DIRECTION('',(0.E0,-1.E0,0.E0));
#8743=DIRECTION('',(1.E0,0.E0,0.E0));
#8744=AXIS2_PLACEMENT_3D('',#8741,#8742,#8743);
#8745=PLANE('',#8744);
#8746=ORIENTED_EDGE('',*,*,#6348,.F.);
#8747=ORIENTED_EDGE('',*,*,#8708,.T.);
#8749=ORIENTED_EDGE('',*,*,#8748,.T.);
#8750=ORIENTED_EDGE('',*,*,#8733,.F.);
#8751=EDGE_LOOP('',(#8746,#8747,#8749,#8750));
#8752=FACE_OUTER_BOUND('',#8751,.F.);
#8754=CARTESIAN_POINT('',(-2.578E1,-3.605E0,-4.191E0));
#8755=DIRECTION('',(0.E0,0.E0,1.E0));
#8756=DIRECTION('',(1.E0,0.E0,0.E0));
#8757=AXIS2_PLACEMENT_3D('',#8754,#8755,#8756);
#8758=PLANE('',#8757);
#8759=ORIENTED_EDGE('',*,*,#8706,.F.);
#8760=ORIENTED_EDGE('',*,*,#8721,.F.);
#8761=ORIENTED_EDGE('',*,*,#8735,.F.);
#8762=ORIENTED_EDGE('',*,*,#8748,.F.);
#8763=EDGE_LOOP('',(#8759,#8760,#8761,#8762));
#8764=FACE_OUTER_BOUND('',#8763,.F.);
#8766=CARTESIAN_POINT('',(-2.578E1,-3.605E0,-4.191E0));
#8767=DIRECTION('',(0.E0,0.E0,1.E0));
#8768=DIRECTION('',(1.E0,0.E0,0.E0));
#8769=AXIS2_PLACEMENT_3D('',#8766,#8767,#8768);
#8770=PLANE('',#8769);
#8772=ORIENTED_EDGE('',*,*,#8771,.F.);
#8774=ORIENTED_EDGE('',*,*,#8773,.F.);
#8776=ORIENTED_EDGE('',*,*,#8775,.F.);
#8778=ORIENTED_EDGE('',*,*,#8777,.F.);
#8779=EDGE_LOOP('',(#8772,#8774,#8776,#8778));
#8780=FACE_OUTER_BOUND('',#8779,.F.);
#8782=CARTESIAN_POINT('',(6.985E-1,-1.0795E0,-7.366E0));
#8783=DIRECTION('',(-1.E0,0.E0,0.E0));
#8784=DIRECTION('',(0.E0,-1.E0,0.E0));
#8785=AXIS2_PLACEMENT_3D('',#8782,#8783,#8784);
#8786=PLANE('',#8785);
#8787=ORIENTED_EDGE('',*,*,#6356,.F.);
#8789=ORIENTED_EDGE('',*,*,#8788,.T.);
#8790=ORIENTED_EDGE('',*,*,#8771,.T.);
#8792=ORIENTED_EDGE('',*,*,#8791,.F.);
#8793=EDGE_LOOP('',(#8787,#8789,#8790,#8792));
#8794=FACE_OUTER_BOUND('',#8793,.F.);
#8796=CARTESIAN_POINT('',(1.0795E0,-1.0795E0,-7.366E0));
#8797=DIRECTION('',(0.E0,1.E0,0.E0));
#8798=DIRECTION('',(-1.E0,0.E0,0.E0));
#8799=AXIS2_PLACEMENT_3D('',#8796,#8797,#8798);
#8800=PLANE('',#8799);
#8801=ORIENTED_EDGE('',*,*,#6362,.F.);
#8803=ORIENTED_EDGE('',*,*,#8802,.T.);
#8804=ORIENTED_EDGE('',*,*,#8773,.T.);
#8805=ORIENTED_EDGE('',*,*,#8788,.F.);
#8806=EDGE_LOOP('',(#8801,#8803,#8804,#8805));
#8807=FACE_OUTER_BOUND('',#8806,.F.);
#8809=CARTESIAN_POINT('',(1.0795E0,-1.4605E0,-7.366E0));
#8810=DIRECTION('',(1.E0,0.E0,0.E0));
#8811=DIRECTION('',(0.E0,1.E0,0.E0));
#8812=AXIS2_PLACEMENT_3D('',#8809,#8810,#8811);
#8813=PLANE('',#8812);
#8814=ORIENTED_EDGE('',*,*,#6360,.F.);
#8816=ORIENTED_EDGE('',*,*,#8815,.T.);
#8817=ORIENTED_EDGE('',*,*,#8775,.T.);
#8818=ORIENTED_EDGE('',*,*,#8802,.F.);
#8819=EDGE_LOOP('',(#8814,#8816,#8817,#8818));
#8820=FACE_OUTER_BOUND('',#8819,.F.);
#8822=CARTESIAN_POINT('',(6.985E-1,-1.4605E0,-7.366E0));
#8823=DIRECTION('',(0.E0,-1.E0,0.E0));
#8824=DIRECTION('',(1.E0,0.E0,0.E0));
#8825=AXIS2_PLACEMENT_3D('',#8822,#8823,#8824);
#8826=PLANE('',#8825);
#8827=ORIENTED_EDGE('',*,*,#6358,.F.);
#8828=ORIENTED_EDGE('',*,*,#8791,.T.);
#8829=ORIENTED_EDGE('',*,*,#8777,.T.);
#8830=ORIENTED_EDGE('',*,*,#8815,.F.);
#8831=EDGE_LOOP('',(#8827,#8828,#8829,#8830));
#8832=FACE_OUTER_BOUND('',#8831,.F.);
#8834=CARTESIAN_POINT('',(-5.715E-1,1.4605E0,-7.366E0));
#8835=DIRECTION('',(-1.E0,0.E0,0.E0));
#8836=DIRECTION('',(0.E0,-1.E0,0.E0));
#8837=AXIS2_PLACEMENT_3D('',#8834,#8835,#8836);
#8838=PLANE('',#8837);
#8839=ORIENTED_EDGE('',*,*,#6366,.F.);
#8841=ORIENTED_EDGE('',*,*,#8840,.T.);
#8843=ORIENTED_EDGE('',*,*,#8842,.T.);
#8845=ORIENTED_EDGE('',*,*,#8844,.F.);
#8846=EDGE_LOOP('',(#8839,#8841,#8843,#8845));
#8847=FACE_OUTER_BOUND('',#8846,.F.);
#8849=CARTESIAN_POINT('',(-1.905E-1,1.4605E0,-7.366E0));
#8850=DIRECTION('',(0.E0,1.E0,0.E0));
#8851=DIRECTION('',(-1.E0,0.E0,0.E0));
#8852=AXIS2_PLACEMENT_3D('',#8849,#8850,#8851);
#8853=PLANE('',#8852);
#8854=ORIENTED_EDGE('',*,*,#6372,.F.);
#8856=ORIENTED_EDGE('',*,*,#8855,.T.);
#8858=ORIENTED_EDGE('',*,*,#8857,.T.);
#8859=ORIENTED_EDGE('',*,*,#8840,.F.);
#8860=EDGE_LOOP('',(#8854,#8856,#8858,#8859));
#8861=FACE_OUTER_BOUND('',#8860,.F.);
#8863=CARTESIAN_POINT('',(-1.905E-1,1.0795E0,-7.366E0));
#8864=DIRECTION('',(1.E0,0.E0,0.E0));
#8865=DIRECTION('',(0.E0,1.E0,0.E0));
#8866=AXIS2_PLACEMENT_3D('',#8863,#8864,#8865);
#8867=PLANE('',#8866);
#8868=ORIENTED_EDGE('',*,*,#6370,.F.);
#8870=ORIENTED_EDGE('',*,*,#8869,.T.);
#8872=ORIENTED_EDGE('',*,*,#8871,.T.);
#8873=ORIENTED_EDGE('',*,*,#8855,.F.);
#8874=EDGE_LOOP('',(#8868,#8870,#8872,#8873));
#8875=FACE_OUTER_BOUND('',#8874,.F.);
#8877=CARTESIAN_POINT('',(-5.715E-1,1.0795E0,-7.366E0));
#8878=DIRECTION('',(0.E0,-1.E0,0.E0));
#8879=DIRECTION('',(1.E0,0.E0,0.E0));
#8880=AXIS2_PLACEMENT_3D('',#8877,#8878,#8879);
#8881=PLANE('',#8880);
#8882=ORIENTED_EDGE('',*,*,#6368,.F.);
#8883=ORIENTED_EDGE('',*,*,#8844,.T.);
#8885=ORIENTED_EDGE('',*,*,#8884,.T.);
#8886=ORIENTED_EDGE('',*,*,#8869,.F.);
#8887=EDGE_LOOP('',(#8882,#8883,#8885,#8886));
#8888=FACE_OUTER_BOUND('',#8887,.F.);
#8890=CARTESIAN_POINT('',(-2.705E1,-3.605E0,-4.191E0));
#8891=DIRECTION('',(0.E0,0.E0,1.E0));
#8892=DIRECTION('',(1.E0,0.E0,0.E0));
#8893=AXIS2_PLACEMENT_3D('',#8890,#8891,#8892);
#8894=PLANE('',#8893);
#8895=ORIENTED_EDGE('',*,*,#8842,.F.);
#8896=ORIENTED_EDGE('',*,*,#8857,.F.);
#8897=ORIENTED_EDGE('',*,*,#8871,.F.);
#8898=ORIENTED_EDGE('',*,*,#8884,.F.);
#8899=EDGE_LOOP('',(#8895,#8896,#8897,#8898));
#8900=FACE_OUTER_BOUND('',#8899,.F.);
#8902=CARTESIAN_POINT('',(-2.705E1,-3.605E0,-4.191E0));
#8903=DIRECTION('',(0.E0,0.E0,1.E0));
#8904=DIRECTION('',(1.E0,0.E0,0.E0));
#8905=AXIS2_PLACEMENT_3D('',#8902,#8903,#8904);
#8906=PLANE('',#8905);
#8908=ORIENTED_EDGE('',*,*,#8907,.F.);
#8910=ORIENTED_EDGE('',*,*,#8909,.F.);
#8912=ORIENTED_EDGE('',*,*,#8911,.F.);
#8914=ORIENTED_EDGE('',*,*,#8913,.F.);
#8915=EDGE_LOOP('',(#8908,#8910,#8912,#8914));
#8916=FACE_OUTER_BOUND('',#8915,.F.);
#8918=CARTESIAN_POINT('',(-5.715E-1,-1.0795E0,-7.366E0));
#8919=DIRECTION('',(-1.E0,0.E0,0.E0));
#8920=DIRECTION('',(0.E0,-1.E0,0.E0));
#8921=AXIS2_PLACEMENT_3D('',#8918,#8919,#8920);
#8922=PLANE('',#8921);
#8923=ORIENTED_EDGE('',*,*,#6376,.F.);
#8925=ORIENTED_EDGE('',*,*,#8924,.T.);
#8926=ORIENTED_EDGE('',*,*,#8907,.T.);
#8928=ORIENTED_EDGE('',*,*,#8927,.F.);
#8929=EDGE_LOOP('',(#8923,#8925,#8926,#8928));
#8930=FACE_OUTER_BOUND('',#8929,.F.);
#8932=CARTESIAN_POINT('',(-1.905E-1,-1.0795E0,-7.366E0));
#8933=DIRECTION('',(0.E0,1.E0,0.E0));
#8934=DIRECTION('',(-1.E0,0.E0,0.E0));
#8935=AXIS2_PLACEMENT_3D('',#8932,#8933,#8934);
#8936=PLANE('',#8935);
#8937=ORIENTED_EDGE('',*,*,#6382,.F.);
#8939=ORIENTED_EDGE('',*,*,#8938,.T.);
#8940=ORIENTED_EDGE('',*,*,#8909,.T.);
#8941=ORIENTED_EDGE('',*,*,#8924,.F.);
#8942=EDGE_LOOP('',(#8937,#8939,#8940,#8941));
#8943=FACE_OUTER_BOUND('',#8942,.F.);
#8945=CARTESIAN_POINT('',(-1.905E-1,-1.4605E0,-7.366E0));
#8946=DIRECTION('',(1.E0,0.E0,0.E0));
#8947=DIRECTION('',(0.E0,1.E0,0.E0));
#8948=AXIS2_PLACEMENT_3D('',#8945,#8946,#8947);
#8949=PLANE('',#8948);
#8950=ORIENTED_EDGE('',*,*,#6380,.F.);
#8952=ORIENTED_EDGE('',*,*,#8951,.T.);
#8953=ORIENTED_EDGE('',*,*,#8911,.T.);
#8954=ORIENTED_EDGE('',*,*,#8938,.F.);
#8955=EDGE_LOOP('',(#8950,#8952,#8953,#8954));
#8956=FACE_OUTER_BOUND('',#8955,.F.);
#8958=CARTESIAN_POINT('',(-5.715E-1,-1.4605E0,-7.366E0));
#8959=DIRECTION('',(0.E0,-1.E0,0.E0));
#8960=DIRECTION('',(1.E0,0.E0,0.E0));
#8961=AXIS2_PLACEMENT_3D('',#8958,#8959,#8960);
#8962=PLANE('',#8961);
#8963=ORIENTED_EDGE('',*,*,#6378,.F.);
#8964=ORIENTED_EDGE('',*,*,#8927,.T.);
#8965=ORIENTED_EDGE('',*,*,#8913,.T.);
#8966=ORIENTED_EDGE('',*,*,#8951,.F.);
#8967=EDGE_LOOP('',(#8963,#8964,#8965,#8966));
#8968=FACE_OUTER_BOUND('',#8967,.F.);
#8970=CARTESIAN_POINT('',(-1.8415E0,1.4605E0,-7.366E0));
#8971=DIRECTION('',(-1.E0,0.E0,0.E0));
#8972=DIRECTION('',(0.E0,-1.E0,0.E0));
#8973=AXIS2_PLACEMENT_3D('',#8970,#8971,#8972);
#8974=PLANE('',#8973);
#8975=ORIENTED_EDGE('',*,*,#6386,.F.);
#8977=ORIENTED_EDGE('',*,*,#8976,.T.);
#8979=ORIENTED_EDGE('',*,*,#8978,.T.);
#8981=ORIENTED_EDGE('',*,*,#8980,.F.);
#8982=EDGE_LOOP('',(#8975,#8977,#8979,#8981));
#8983=FACE_OUTER_BOUND('',#8982,.F.);
#8985=CARTESIAN_POINT('',(-1.4605E0,1.4605E0,-7.366E0));
#8986=DIRECTION('',(0.E0,1.E0,0.E0));
#8987=DIRECTION('',(-1.E0,0.E0,0.E0));
#8988=AXIS2_PLACEMENT_3D('',#8985,#8986,#8987);
#8989=PLANE('',#8988);
#8990=ORIENTED_EDGE('',*,*,#6392,.F.);
#8992=ORIENTED_EDGE('',*,*,#8991,.T.);
#8994=ORIENTED_EDGE('',*,*,#8993,.T.);
#8995=ORIENTED_EDGE('',*,*,#8976,.F.);
#8996=EDGE_LOOP('',(#8990,#8992,#8994,#8995));
#8997=FACE_OUTER_BOUND('',#8996,.F.);
#8999=CARTESIAN_POINT('',(-1.4605E0,1.0795E0,-7.366E0));
#9000=DIRECTION('',(1.E0,0.E0,0.E0));
#9001=DIRECTION('',(0.E0,1.E0,0.E0));
#9002=AXIS2_PLACEMENT_3D('',#8999,#9000,#9001);
#9003=PLANE('',#9002);
#9004=ORIENTED_EDGE('',*,*,#6390,.F.);
#9006=ORIENTED_EDGE('',*,*,#9005,.T.);
#9008=ORIENTED_EDGE('',*,*,#9007,.T.);
#9009=ORIENTED_EDGE('',*,*,#8991,.F.);
#9010=EDGE_LOOP('',(#9004,#9006,#9008,#9009));
#9011=FACE_OUTER_BOUND('',#9010,.F.);
#9013=CARTESIAN_POINT('',(-1.8415E0,1.0795E0,-7.366E0));
#9014=DIRECTION('',(0.E0,-1.E0,0.E0));
#9015=DIRECTION('',(1.E0,0.E0,0.E0));
#9016=AXIS2_PLACEMENT_3D('',#9013,#9014,#9015);
#9017=PLANE('',#9016);
#9018=ORIENTED_EDGE('',*,*,#6388,.F.);
#9019=ORIENTED_EDGE('',*,*,#8980,.T.);
#9021=ORIENTED_EDGE('',*,*,#9020,.T.);
#9022=ORIENTED_EDGE('',*,*,#9005,.F.);
#9023=EDGE_LOOP('',(#9018,#9019,#9021,#9022));
#9024=FACE_OUTER_BOUND('',#9023,.F.);
#9026=CARTESIAN_POINT('',(-2.832E1,-3.605E0,-4.191E0));
#9027=DIRECTION('',(0.E0,0.E0,1.E0));
#9028=DIRECTION('',(1.E0,0.E0,0.E0));
#9029=AXIS2_PLACEMENT_3D('',#9026,#9027,#9028);
#9030=PLANE('',#9029);
#9031=ORIENTED_EDGE('',*,*,#8978,.F.);
#9032=ORIENTED_EDGE('',*,*,#8993,.F.);
#9033=ORIENTED_EDGE('',*,*,#9007,.F.);
#9034=ORIENTED_EDGE('',*,*,#9020,.F.);
#9035=EDGE_LOOP('',(#9031,#9032,#9033,#9034));
#9036=FACE_OUTER_BOUND('',#9035,.F.);
#9038=CARTESIAN_POINT('',(-2.832E1,-3.605E0,-4.191E0));
#9039=DIRECTION('',(0.E0,0.E0,1.E0));
#9040=DIRECTION('',(1.E0,0.E0,0.E0));
#9041=AXIS2_PLACEMENT_3D('',#9038,#9039,#9040);
#9042=PLANE('',#9041);
#9044=ORIENTED_EDGE('',*,*,#9043,.F.);
#9046=ORIENTED_EDGE('',*,*,#9045,.F.);
#9048=ORIENTED_EDGE('',*,*,#9047,.F.);
#9050=ORIENTED_EDGE('',*,*,#9049,.F.);
#9051=EDGE_LOOP('',(#9044,#9046,#9048,#9050));
#9052=FACE_OUTER_BOUND('',#9051,.F.);
#9054=CARTESIAN_POINT('',(-1.8415E0,-1.0795E0,-7.366E0));
#9055=DIRECTION('',(-1.E0,0.E0,0.E0));
#9056=DIRECTION('',(0.E0,-1.E0,0.E0));
#9057=AXIS2_PLACEMENT_3D('',#9054,#9055,#9056);
#9058=PLANE('',#9057);
#9059=ORIENTED_EDGE('',*,*,#6396,.F.);
#9061=ORIENTED_EDGE('',*,*,#9060,.T.);
#9062=ORIENTED_EDGE('',*,*,#9043,.T.);
#9064=ORIENTED_EDGE('',*,*,#9063,.F.);
#9065=EDGE_LOOP('',(#9059,#9061,#9062,#9064));
#9066=FACE_OUTER_BOUND('',#9065,.F.);
#9068=CARTESIAN_POINT('',(-1.4605E0,-1.0795E0,-7.366E0));
#9069=DIRECTION('',(0.E0,1.E0,0.E0));
#9070=DIRECTION('',(-1.E0,0.E0,0.E0));
#9071=AXIS2_PLACEMENT_3D('',#9068,#9069,#9070);
#9072=PLANE('',#9071);
#9073=ORIENTED_EDGE('',*,*,#6402,.F.);
#9075=ORIENTED_EDGE('',*,*,#9074,.T.);
#9076=ORIENTED_EDGE('',*,*,#9045,.T.);
#9077=ORIENTED_EDGE('',*,*,#9060,.F.);
#9078=EDGE_LOOP('',(#9073,#9075,#9076,#9077));
#9079=FACE_OUTER_BOUND('',#9078,.F.);
#9081=CARTESIAN_POINT('',(-1.4605E0,-1.4605E0,-7.366E0));
#9082=DIRECTION('',(1.E0,0.E0,0.E0));
#9083=DIRECTION('',(0.E0,1.E0,0.E0));
#9084=AXIS2_PLACEMENT_3D('',#9081,#9082,#9083);
#9085=PLANE('',#9084);
#9086=ORIENTED_EDGE('',*,*,#6400,.F.);
#9088=ORIENTED_EDGE('',*,*,#9087,.T.);
#9089=ORIENTED_EDGE('',*,*,#9047,.T.);
#9090=ORIENTED_EDGE('',*,*,#9074,.F.);
#9091=EDGE_LOOP('',(#9086,#9088,#9089,#9090));
#9092=FACE_OUTER_BOUND('',#9091,.F.);
#9094=CARTESIAN_POINT('',(-1.8415E0,-1.4605E0,-7.366E0));
#9095=DIRECTION('',(0.E0,-1.E0,0.E0));
#9096=DIRECTION('',(1.E0,0.E0,0.E0));
#9097=AXIS2_PLACEMENT_3D('',#9094,#9095,#9096);
#9098=PLANE('',#9097);
#9099=ORIENTED_EDGE('',*,*,#6398,.F.);
#9100=ORIENTED_EDGE('',*,*,#9063,.T.);
#9101=ORIENTED_EDGE('',*,*,#9049,.T.);
#9102=ORIENTED_EDGE('',*,*,#9087,.F.);
#9103=EDGE_LOOP('',(#9099,#9100,#9101,#9102));
#9104=FACE_OUTER_BOUND('',#9103,.F.);
#9106=CARTESIAN_POINT('',(-3.1115E0,1.4605E0,-7.366E0));
#9107=DIRECTION('',(-1.E0,0.E0,0.E0));
#9108=DIRECTION('',(0.E0,-1.E0,0.E0));
#9109=AXIS2_PLACEMENT_3D('',#9106,#9107,#9108);
#9110=PLANE('',#9109);
#9111=ORIENTED_EDGE('',*,*,#6406,.F.);
#9113=ORIENTED_EDGE('',*,*,#9112,.T.);
#9115=ORIENTED_EDGE('',*,*,#9114,.T.);
#9117=ORIENTED_EDGE('',*,*,#9116,.F.);
#9118=EDGE_LOOP('',(#9111,#9113,#9115,#9117));
#9119=FACE_OUTER_BOUND('',#9118,.F.);
#9121=CARTESIAN_POINT('',(-2.7305E0,1.4605E0,-7.366E0));
#9122=DIRECTION('',(0.E0,1.E0,0.E0));
#9123=DIRECTION('',(-1.E0,0.E0,0.E0));
#9124=AXIS2_PLACEMENT_3D('',#9121,#9122,#9123);
#9125=PLANE('',#9124);
#9126=ORIENTED_EDGE('',*,*,#6412,.F.);
#9128=ORIENTED_EDGE('',*,*,#9127,.T.);
#9130=ORIENTED_EDGE('',*,*,#9129,.T.);
#9131=ORIENTED_EDGE('',*,*,#9112,.F.);
#9132=EDGE_LOOP('',(#9126,#9128,#9130,#9131));
#9133=FACE_OUTER_BOUND('',#9132,.F.);
#9135=CARTESIAN_POINT('',(-2.7305E0,1.0795E0,-7.366E0));
#9136=DIRECTION('',(1.E0,0.E0,0.E0));
#9137=DIRECTION('',(0.E0,1.E0,0.E0));
#9138=AXIS2_PLACEMENT_3D('',#9135,#9136,#9137);
#9139=PLANE('',#9138);
#9140=ORIENTED_EDGE('',*,*,#6410,.F.);
#9142=ORIENTED_EDGE('',*,*,#9141,.T.);
#9144=ORIENTED_EDGE('',*,*,#9143,.T.);
#9145=ORIENTED_EDGE('',*,*,#9127,.F.);
#9146=EDGE_LOOP('',(#9140,#9142,#9144,#9145));
#9147=FACE_OUTER_BOUND('',#9146,.F.);
#9149=CARTESIAN_POINT('',(-3.1115E0,1.0795E0,-7.366E0));
#9150=DIRECTION('',(0.E0,-1.E0,0.E0));
#9151=DIRECTION('',(1.E0,0.E0,0.E0));
#9152=AXIS2_PLACEMENT_3D('',#9149,#9150,#9151);
#9153=PLANE('',#9152);
#9154=ORIENTED_EDGE('',*,*,#6408,.F.);
#9155=ORIENTED_EDGE('',*,*,#9116,.T.);
#9157=ORIENTED_EDGE('',*,*,#9156,.T.);
#9158=ORIENTED_EDGE('',*,*,#9141,.F.);
#9159=EDGE_LOOP('',(#9154,#9155,#9157,#9158));
#9160=FACE_OUTER_BOUND('',#9159,.F.);
#9162=CARTESIAN_POINT('',(-2.959E1,-3.605E0,-4.191E0));
#9163=DIRECTION('',(0.E0,0.E0,1.E0));
#9164=DIRECTION('',(1.E0,0.E0,0.E0));
#9165=AXIS2_PLACEMENT_3D('',#9162,#9163,#9164);
#9166=PLANE('',#9165);
#9167=ORIENTED_EDGE('',*,*,#9114,.F.);
#9168=ORIENTED_EDGE('',*,*,#9129,.F.);
#9169=ORIENTED_EDGE('',*,*,#9143,.F.);
#9170=ORIENTED_EDGE('',*,*,#9156,.F.);
#9171=EDGE_LOOP('',(#9167,#9168,#9169,#9170));
#9172=FACE_OUTER_BOUND('',#9171,.F.);
#9174=CARTESIAN_POINT('',(-2.959E1,-3.605E0,-4.191E0));
#9175=DIRECTION('',(0.E0,0.E0,1.E0));
#9176=DIRECTION('',(1.E0,0.E0,0.E0));
#9177=AXIS2_PLACEMENT_3D('',#9174,#9175,#9176);
#9178=PLANE('',#9177);
#9180=ORIENTED_EDGE('',*,*,#9179,.F.);
#9182=ORIENTED_EDGE('',*,*,#9181,.F.);
#9184=ORIENTED_EDGE('',*,*,#9183,.F.);
#9186=ORIENTED_EDGE('',*,*,#9185,.F.);
#9187=EDGE_LOOP('',(#9180,#9182,#9184,#9186));
#9188=FACE_OUTER_BOUND('',#9187,.F.);
#9190=CARTESIAN_POINT('',(-3.1115E0,-1.0795E0,-7.366E0));
#9191=DIRECTION('',(-1.E0,0.E0,0.E0));
#9192=DIRECTION('',(0.E0,-1.E0,0.E0));
#9193=AXIS2_PLACEMENT_3D('',#9190,#9191,#9192);
#9194=PLANE('',#9193);
#9195=ORIENTED_EDGE('',*,*,#6416,.F.);
#9197=ORIENTED_EDGE('',*,*,#9196,.T.);
#9198=ORIENTED_EDGE('',*,*,#9179,.T.);
#9200=ORIENTED_EDGE('',*,*,#9199,.F.);
#9201=EDGE_LOOP('',(#9195,#9197,#9198,#9200));
#9202=FACE_OUTER_BOUND('',#9201,.F.);
#9204=CARTESIAN_POINT('',(-2.7305E0,-1.0795E0,-7.366E0));
#9205=DIRECTION('',(0.E0,1.E0,0.E0));
#9206=DIRECTION('',(-1.E0,0.E0,0.E0));
#9207=AXIS2_PLACEMENT_3D('',#9204,#9205,#9206);
#9208=PLANE('',#9207);
#9209=ORIENTED_EDGE('',*,*,#6422,.F.);
#9211=ORIENTED_EDGE('',*,*,#9210,.T.);
#9212=ORIENTED_EDGE('',*,*,#9181,.T.);
#9213=ORIENTED_EDGE('',*,*,#9196,.F.);
#9214=EDGE_LOOP('',(#9209,#9211,#9212,#9213));
#9215=FACE_OUTER_BOUND('',#9214,.F.);
#9217=CARTESIAN_POINT('',(-2.7305E0,-1.4605E0,-7.366E0));
#9218=DIRECTION('',(1.E0,0.E0,0.E0));
#9219=DIRECTION('',(0.E0,1.E0,0.E0));
#9220=AXIS2_PLACEMENT_3D('',#9217,#9218,#9219);
#9221=PLANE('',#9220);
#9222=ORIENTED_EDGE('',*,*,#6420,.F.);
#9224=ORIENTED_EDGE('',*,*,#9223,.T.);
#9225=ORIENTED_EDGE('',*,*,#9183,.T.);
#9226=ORIENTED_EDGE('',*,*,#9210,.F.);
#9227=EDGE_LOOP('',(#9222,#9224,#9225,#9226));
#9228=FACE_OUTER_BOUND('',#9227,.F.);
#9230=CARTESIAN_POINT('',(-3.1115E0,-1.4605E0,-7.366E0));
#9231=DIRECTION('',(0.E0,-1.E0,0.E0));
#9232=DIRECTION('',(1.E0,0.E0,0.E0));
#9233=AXIS2_PLACEMENT_3D('',#9230,#9231,#9232);
#9234=PLANE('',#9233);
#9235=ORIENTED_EDGE('',*,*,#6418,.F.);
#9236=ORIENTED_EDGE('',*,*,#9199,.T.);
#9237=ORIENTED_EDGE('',*,*,#9185,.T.);
#9238=ORIENTED_EDGE('',*,*,#9223,.F.);
#9239=EDGE_LOOP('',(#9235,#9236,#9237,#9238));
#9240=FACE_OUTER_BOUND('',#9239,.F.);
#9242=CARTESIAN_POINT('',(-4.3815E0,1.4605E0,-7.366E0));
#9243=DIRECTION('',(-1.E0,0.E0,0.E0));
#9244=DIRECTION('',(0.E0,-1.E0,0.E0));
#9245=AXIS2_PLACEMENT_3D('',#9242,#9243,#9244);
#9246=PLANE('',#9245);
#9247=ORIENTED_EDGE('',*,*,#6426,.F.);
#9249=ORIENTED_EDGE('',*,*,#9248,.T.);
#9251=ORIENTED_EDGE('',*,*,#9250,.T.);
#9253=ORIENTED_EDGE('',*,*,#9252,.F.);
#9254=EDGE_LOOP('',(#9247,#9249,#9251,#9253));
#9255=FACE_OUTER_BOUND('',#9254,.F.);
#9257=CARTESIAN_POINT('',(-4.0005E0,1.4605E0,-7.366E0));
#9258=DIRECTION('',(0.E0,1.E0,0.E0));
#9259=DIRECTION('',(-1.E0,0.E0,0.E0));
#9260=AXIS2_PLACEMENT_3D('',#9257,#9258,#9259);
#9261=PLANE('',#9260);
#9262=ORIENTED_EDGE('',*,*,#6432,.F.);
#9264=ORIENTED_EDGE('',*,*,#9263,.T.);
#9266=ORIENTED_EDGE('',*,*,#9265,.T.);
#9267=ORIENTED_EDGE('',*,*,#9248,.F.);
#9268=EDGE_LOOP('',(#9262,#9264,#9266,#9267));
#9269=FACE_OUTER_BOUND('',#9268,.F.);
#9271=CARTESIAN_POINT('',(-4.0005E0,1.0795E0,-7.366E0));
#9272=DIRECTION('',(1.E0,0.E0,0.E0));
#9273=DIRECTION('',(0.E0,1.E0,0.E0));
#9274=AXIS2_PLACEMENT_3D('',#9271,#9272,#9273);
#9275=PLANE('',#9274);
#9276=ORIENTED_EDGE('',*,*,#6430,.F.);
#9278=ORIENTED_EDGE('',*,*,#9277,.T.);
#9280=ORIENTED_EDGE('',*,*,#9279,.T.);
#9281=ORIENTED_EDGE('',*,*,#9263,.F.);
#9282=EDGE_LOOP('',(#9276,#9278,#9280,#9281));
#9283=FACE_OUTER_BOUND('',#9282,.F.);
#9285=CARTESIAN_POINT('',(-4.3815E0,1.0795E0,-7.366E0));
#9286=DIRECTION('',(0.E0,-1.E0,0.E0));
#9287=DIRECTION('',(1.E0,0.E0,0.E0));
#9288=AXIS2_PLACEMENT_3D('',#9285,#9286,#9287);
#9289=PLANE('',#9288);
#9290=ORIENTED_EDGE('',*,*,#6428,.F.);
#9291=ORIENTED_EDGE('',*,*,#9252,.T.);
#9293=ORIENTED_EDGE('',*,*,#9292,.T.);
#9294=ORIENTED_EDGE('',*,*,#9277,.F.);
#9295=EDGE_LOOP('',(#9290,#9291,#9293,#9294));
#9296=FACE_OUTER_BOUND('',#9295,.F.);
#9298=CARTESIAN_POINT('',(-3.086E1,-3.605E0,-4.191E0));
#9299=DIRECTION('',(0.E0,0.E0,1.E0));
#9300=DIRECTION('',(1.E0,0.E0,0.E0));
#9301=AXIS2_PLACEMENT_3D('',#9298,#9299,#9300);
#9302=PLANE('',#9301);
#9303=ORIENTED_EDGE('',*,*,#9250,.F.);
#9304=ORIENTED_EDGE('',*,*,#9265,.F.);
#9305=ORIENTED_EDGE('',*,*,#9279,.F.);
#9306=ORIENTED_EDGE('',*,*,#9292,.F.);
#9307=EDGE_LOOP('',(#9303,#9304,#9305,#9306));
#9308=FACE_OUTER_BOUND('',#9307,.F.);
#9310=CARTESIAN_POINT('',(-3.086E1,-3.605E0,-4.191E0));
#9311=DIRECTION('',(0.E0,0.E0,1.E0));
#9312=DIRECTION('',(1.E0,0.E0,0.E0));
#9313=AXIS2_PLACEMENT_3D('',#9310,#9311,#9312);
#9314=PLANE('',#9313);
#9316=ORIENTED_EDGE('',*,*,#9315,.F.);
#9318=ORIENTED_EDGE('',*,*,#9317,.F.);
#9320=ORIENTED_EDGE('',*,*,#9319,.F.);
#9322=ORIENTED_EDGE('',*,*,#9321,.F.);
#9323=EDGE_LOOP('',(#9316,#9318,#9320,#9322));
#9324=FACE_OUTER_BOUND('',#9323,.F.);
#9326=CARTESIAN_POINT('',(-4.3815E0,-1.0795E0,-7.366E0));
#9327=DIRECTION('',(-1.E0,0.E0,0.E0));
#9328=DIRECTION('',(0.E0,-1.E0,0.E0));
#9329=AXIS2_PLACEMENT_3D('',#9326,#9327,#9328);
#9330=PLANE('',#9329);
#9331=ORIENTED_EDGE('',*,*,#6436,.F.);
#9333=ORIENTED_EDGE('',*,*,#9332,.T.);
#9334=ORIENTED_EDGE('',*,*,#9315,.T.);
#9336=ORIENTED_EDGE('',*,*,#9335,.F.);
#9337=EDGE_LOOP('',(#9331,#9333,#9334,#9336));
#9338=FACE_OUTER_BOUND('',#9337,.F.);
#9340=CARTESIAN_POINT('',(-4.0005E0,-1.0795E0,-7.366E0));
#9341=DIRECTION('',(0.E0,1.E0,0.E0));
#9342=DIRECTION('',(-1.E0,0.E0,0.E0));
#9343=AXIS2_PLACEMENT_3D('',#9340,#9341,#9342);
#9344=PLANE('',#9343);
#9345=ORIENTED_EDGE('',*,*,#6442,.F.);
#9347=ORIENTED_EDGE('',*,*,#9346,.T.);
#9348=ORIENTED_EDGE('',*,*,#9317,.T.);
#9349=ORIENTED_EDGE('',*,*,#9332,.F.);
#9350=EDGE_LOOP('',(#9345,#9347,#9348,#9349));
#9351=FACE_OUTER_BOUND('',#9350,.F.);
#9353=CARTESIAN_POINT('',(-4.0005E0,-1.4605E0,-7.366E0));
#9354=DIRECTION('',(1.E0,0.E0,0.E0));
#9355=DIRECTION('',(0.E0,1.E0,0.E0));
#9356=AXIS2_PLACEMENT_3D('',#9353,#9354,#9355);
#9357=PLANE('',#9356);
#9358=ORIENTED_EDGE('',*,*,#6440,.F.);
#9360=ORIENTED_EDGE('',*,*,#9359,.T.);
#9361=ORIENTED_EDGE('',*,*,#9319,.T.);
#9362=ORIENTED_EDGE('',*,*,#9346,.F.);
#9363=EDGE_LOOP('',(#9358,#9360,#9361,#9362));
#9364=FACE_OUTER_BOUND('',#9363,.F.);
#9366=CARTESIAN_POINT('',(-4.3815E0,-1.4605E0,-7.366E0));
#9367=DIRECTION('',(0.E0,-1.E0,0.E0));
#9368=DIRECTION('',(1.E0,0.E0,0.E0));
#9369=AXIS2_PLACEMENT_3D('',#9366,#9367,#9368);
#9370=PLANE('',#9369);
#9371=ORIENTED_EDGE('',*,*,#6438,.F.);
#9372=ORIENTED_EDGE('',*,*,#9335,.T.);
#9373=ORIENTED_EDGE('',*,*,#9321,.T.);
#9374=ORIENTED_EDGE('',*,*,#9359,.F.);
#9375=EDGE_LOOP('',(#9371,#9372,#9373,#9374));
#9376=FACE_OUTER_BOUND('',#9375,.F.);
#9378=CARTESIAN_POINT('',(-5.6515E0,1.4605E0,-7.366E0));
#9379=DIRECTION('',(-1.E0,0.E0,0.E0));
#9380=DIRECTION('',(0.E0,-1.E0,0.E0));
#9381=AXIS2_PLACEMENT_3D('',#9378,#9379,#9380);
#9382=PLANE('',#9381);
#9383=ORIENTED_EDGE('',*,*,#6446,.F.);
#9385=ORIENTED_EDGE('',*,*,#9384,.T.);
#9387=ORIENTED_EDGE('',*,*,#9386,.T.);
#9389=ORIENTED_EDGE('',*,*,#9388,.F.);
#9390=EDGE_LOOP('',(#9383,#9385,#9387,#9389));
#9391=FACE_OUTER_BOUND('',#9390,.F.);
#9393=CARTESIAN_POINT('',(-5.2705E0,1.4605E0,-7.366E0));
#9394=DIRECTION('',(0.E0,1.E0,0.E0));
#9395=DIRECTION('',(-1.E0,0.E0,0.E0));
#9396=AXIS2_PLACEMENT_3D('',#9393,#9394,#9395);
#9397=PLANE('',#9396);
#9398=ORIENTED_EDGE('',*,*,#6452,.F.);
#9400=ORIENTED_EDGE('',*,*,#9399,.T.);
#9402=ORIENTED_EDGE('',*,*,#9401,.T.);
#9403=ORIENTED_EDGE('',*,*,#9384,.F.);
#9404=EDGE_LOOP('',(#9398,#9400,#9402,#9403));
#9405=FACE_OUTER_BOUND('',#9404,.F.);
#9407=CARTESIAN_POINT('',(-5.2705E0,1.0795E0,-7.366E0));
#9408=DIRECTION('',(1.E0,0.E0,0.E0));
#9409=DIRECTION('',(0.E0,1.E0,0.E0));
#9410=AXIS2_PLACEMENT_3D('',#9407,#9408,#9409);
#9411=PLANE('',#9410);
#9412=ORIENTED_EDGE('',*,*,#6450,.F.);
#9414=ORIENTED_EDGE('',*,*,#9413,.T.);
#9416=ORIENTED_EDGE('',*,*,#9415,.T.);
#9417=ORIENTED_EDGE('',*,*,#9399,.F.);
#9418=EDGE_LOOP('',(#9412,#9414,#9416,#9417));
#9419=FACE_OUTER_BOUND('',#9418,.F.);
#9421=CARTESIAN_POINT('',(-5.6515E0,1.0795E0,-7.366E0));
#9422=DIRECTION('',(0.E0,-1.E0,0.E0));
#9423=DIRECTION('',(1.E0,0.E0,0.E0));
#9424=AXIS2_PLACEMENT_3D('',#9421,#9422,#9423);
#9425=PLANE('',#9424);
#9426=ORIENTED_EDGE('',*,*,#6448,.F.);
#9427=ORIENTED_EDGE('',*,*,#9388,.T.);
#9429=ORIENTED_EDGE('',*,*,#9428,.T.);
#9430=ORIENTED_EDGE('',*,*,#9413,.F.);
#9431=EDGE_LOOP('',(#9426,#9427,#9429,#9430));
#9432=FACE_OUTER_BOUND('',#9431,.F.);
#9434=CARTESIAN_POINT('',(-3.213E1,-3.605E0,-4.191E0));
#9435=DIRECTION('',(0.E0,0.E0,1.E0));
#9436=DIRECTION('',(1.E0,0.E0,0.E0));
#9437=AXIS2_PLACEMENT_3D('',#9434,#9435,#9436);
#9438=PLANE('',#9437);
#9439=ORIENTED_EDGE('',*,*,#9386,.F.);
#9440=ORIENTED_EDGE('',*,*,#9401,.F.);
#9441=ORIENTED_EDGE('',*,*,#9415,.F.);
#9442=ORIENTED_EDGE('',*,*,#9428,.F.);
#9443=EDGE_LOOP('',(#9439,#9440,#9441,#9442));
#9444=FACE_OUTER_BOUND('',#9443,.F.);
#9446=CARTESIAN_POINT('',(-3.213E1,-3.605E0,-4.191E0));
#9447=DIRECTION('',(0.E0,0.E0,1.E0));
#9448=DIRECTION('',(1.E0,0.E0,0.E0));
#9449=AXIS2_PLACEMENT_3D('',#9446,#9447,#9448);
#9450=PLANE('',#9449);
#9452=ORIENTED_EDGE('',*,*,#9451,.F.);
#9454=ORIENTED_EDGE('',*,*,#9453,.F.);
#9456=ORIENTED_EDGE('',*,*,#9455,.F.);
#9458=ORIENTED_EDGE('',*,*,#9457,.F.);
#9459=EDGE_LOOP('',(#9452,#9454,#9456,#9458));
#9460=FACE_OUTER_BOUND('',#9459,.F.);
#9462=CARTESIAN_POINT('',(-5.6515E0,-1.0795E0,-7.366E0));
#9463=DIRECTION('',(-1.E0,0.E0,0.E0));
#9464=DIRECTION('',(0.E0,-1.E0,0.E0));
#9465=AXIS2_PLACEMENT_3D('',#9462,#9463,#9464);
#9466=PLANE('',#9465);
#9467=ORIENTED_EDGE('',*,*,#6456,.F.);
#9469=ORIENTED_EDGE('',*,*,#9468,.T.);
#9470=ORIENTED_EDGE('',*,*,#9451,.T.);
#9472=ORIENTED_EDGE('',*,*,#9471,.F.);
#9473=EDGE_LOOP('',(#9467,#9469,#9470,#9472));
#9474=FACE_OUTER_BOUND('',#9473,.F.);
#9476=CARTESIAN_POINT('',(-5.2705E0,-1.0795E0,-7.366E0));
#9477=DIRECTION('',(0.E0,1.E0,0.E0));
#9478=DIRECTION('',(-1.E0,0.E0,0.E0));
#9479=AXIS2_PLACEMENT_3D('',#9476,#9477,#9478);
#9480=PLANE('',#9479);
#9481=ORIENTED_EDGE('',*,*,#6462,.F.);
#9483=ORIENTED_EDGE('',*,*,#9482,.T.);
#9484=ORIENTED_EDGE('',*,*,#9453,.T.);
#9485=ORIENTED_EDGE('',*,*,#9468,.F.);
#9486=EDGE_LOOP('',(#9481,#9483,#9484,#9485));
#9487=FACE_OUTER_BOUND('',#9486,.F.);
#9489=CARTESIAN_POINT('',(-5.2705E0,-1.4605E0,-7.366E0));
#9490=DIRECTION('',(1.E0,0.E0,0.E0));
#9491=DIRECTION('',(0.E0,1.E0,0.E0));
#9492=AXIS2_PLACEMENT_3D('',#9489,#9490,#9491);
#9493=PLANE('',#9492);
#9494=ORIENTED_EDGE('',*,*,#6460,.F.);
#9496=ORIENTED_EDGE('',*,*,#9495,.T.);
#9497=ORIENTED_EDGE('',*,*,#9455,.T.);
#9498=ORIENTED_EDGE('',*,*,#9482,.F.);
#9499=EDGE_LOOP('',(#9494,#9496,#9497,#9498));
#9500=FACE_OUTER_BOUND('',#9499,.F.);
#9502=CARTESIAN_POINT('',(-5.6515E0,-1.4605E0,-7.366E0));
#9503=DIRECTION('',(0.E0,-1.E0,0.E0));
#9504=DIRECTION('',(1.E0,0.E0,0.E0));
#9505=AXIS2_PLACEMENT_3D('',#9502,#9503,#9504);
#9506=PLANE('',#9505);
#9507=ORIENTED_EDGE('',*,*,#6458,.F.);
#9508=ORIENTED_EDGE('',*,*,#9471,.T.);
#9509=ORIENTED_EDGE('',*,*,#9457,.T.);
#9510=ORIENTED_EDGE('',*,*,#9495,.F.);
#9511=EDGE_LOOP('',(#9507,#9508,#9509,#9510));
#9512=FACE_OUTER_BOUND('',#9511,.F.);
#9514=CARTESIAN_POINT('',(-6.9215E0,1.4605E0,-7.366E0));
#9515=DIRECTION('',(-1.E0,0.E0,0.E0));
#9516=DIRECTION('',(0.E0,-1.E0,0.E0));
#9517=AXIS2_PLACEMENT_3D('',#9514,#9515,#9516);
#9518=PLANE('',#9517);
#9519=ORIENTED_EDGE('',*,*,#6466,.F.);
#9521=ORIENTED_EDGE('',*,*,#9520,.T.);
#9523=ORIENTED_EDGE('',*,*,#9522,.T.);
#9525=ORIENTED_EDGE('',*,*,#9524,.F.);
#9526=EDGE_LOOP('',(#9519,#9521,#9523,#9525));
#9527=FACE_OUTER_BOUND('',#9526,.F.);
#9529=CARTESIAN_POINT('',(-6.5405E0,1.4605E0,-7.366E0));
#9530=DIRECTION('',(0.E0,1.E0,0.E0));
#9531=DIRECTION('',(-1.E0,0.E0,0.E0));
#9532=AXIS2_PLACEMENT_3D('',#9529,#9530,#9531);
#9533=PLANE('',#9532);
#9534=ORIENTED_EDGE('',*,*,#6472,.F.);
#9536=ORIENTED_EDGE('',*,*,#9535,.T.);
#9538=ORIENTED_EDGE('',*,*,#9537,.T.);
#9539=ORIENTED_EDGE('',*,*,#9520,.F.);
#9540=EDGE_LOOP('',(#9534,#9536,#9538,#9539));
#9541=FACE_OUTER_BOUND('',#9540,.F.);
#9543=CARTESIAN_POINT('',(-6.5405E0,1.0795E0,-7.366E0));
#9544=DIRECTION('',(1.E0,0.E0,0.E0));
#9545=DIRECTION('',(0.E0,1.E0,0.E0));
#9546=AXIS2_PLACEMENT_3D('',#9543,#9544,#9545);
#9547=PLANE('',#9546);
#9548=ORIENTED_EDGE('',*,*,#6470,.F.);
#9550=ORIENTED_EDGE('',*,*,#9549,.T.);
#9552=ORIENTED_EDGE('',*,*,#9551,.T.);
#9553=ORIENTED_EDGE('',*,*,#9535,.F.);
#9554=EDGE_LOOP('',(#9548,#9550,#9552,#9553));
#9555=FACE_OUTER_BOUND('',#9554,.F.);
#9557=CARTESIAN_POINT('',(-6.9215E0,1.0795E0,-7.366E0));
#9558=DIRECTION('',(0.E0,-1.E0,0.E0));
#9559=DIRECTION('',(1.E0,0.E0,0.E0));
#9560=AXIS2_PLACEMENT_3D('',#9557,#9558,#9559);
#9561=PLANE('',#9560);
#9562=ORIENTED_EDGE('',*,*,#6468,.F.);
#9563=ORIENTED_EDGE('',*,*,#9524,.T.);
#9565=ORIENTED_EDGE('',*,*,#9564,.T.);
#9566=ORIENTED_EDGE('',*,*,#9549,.F.);
#9567=EDGE_LOOP('',(#9562,#9563,#9565,#9566));
#9568=FACE_OUTER_BOUND('',#9567,.F.);
#9570=CARTESIAN_POINT('',(-3.34E1,-3.605E0,-4.191E0));
#9571=DIRECTION('',(0.E0,0.E0,1.E0));
#9572=DIRECTION('',(1.E0,0.E0,0.E0));
#9573=AXIS2_PLACEMENT_3D('',#9570,#9571,#9572);
#9574=PLANE('',#9573);
#9575=ORIENTED_EDGE('',*,*,#9522,.F.);
#9576=ORIENTED_EDGE('',*,*,#9537,.F.);
#9577=ORIENTED_EDGE('',*,*,#9551,.F.);
#9578=ORIENTED_EDGE('',*,*,#9564,.F.);
#9579=EDGE_LOOP('',(#9575,#9576,#9577,#9578));
#9580=FACE_OUTER_BOUND('',#9579,.F.);
#9582=CARTESIAN_POINT('',(-3.34E1,-3.605E0,-4.191E0));
#9583=DIRECTION('',(0.E0,0.E0,1.E0));
#9584=DIRECTION('',(1.E0,0.E0,0.E0));
#9585=AXIS2_PLACEMENT_3D('',#9582,#9583,#9584);
#9586=PLANE('',#9585);
#9588=ORIENTED_EDGE('',*,*,#9587,.F.);
#9590=ORIENTED_EDGE('',*,*,#9589,.F.);
#9592=ORIENTED_EDGE('',*,*,#9591,.F.);
#9594=ORIENTED_EDGE('',*,*,#9593,.F.);
#9595=EDGE_LOOP('',(#9588,#9590,#9592,#9594));
#9596=FACE_OUTER_BOUND('',#9595,.F.);
#9598=CARTESIAN_POINT('',(-6.9215E0,-1.0795E0,-7.366E0));
#9599=DIRECTION('',(-1.E0,0.E0,0.E0));
#9600=DIRECTION('',(0.E0,-1.E0,0.E0));
#9601=AXIS2_PLACEMENT_3D('',#9598,#9599,#9600);
#9602=PLANE('',#9601);
#9603=ORIENTED_EDGE('',*,*,#6476,.F.);
#9605=ORIENTED_EDGE('',*,*,#9604,.T.);
#9606=ORIENTED_EDGE('',*,*,#9587,.T.);
#9608=ORIENTED_EDGE('',*,*,#9607,.F.);
#9609=EDGE_LOOP('',(#9603,#9605,#9606,#9608));
#9610=FACE_OUTER_BOUND('',#9609,.F.);
#9612=CARTESIAN_POINT('',(-6.5405E0,-1.0795E0,-7.366E0));
#9613=DIRECTION('',(0.E0,1.E0,0.E0));
#9614=DIRECTION('',(-1.E0,0.E0,0.E0));
#9615=AXIS2_PLACEMENT_3D('',#9612,#9613,#9614);
#9616=PLANE('',#9615);
#9617=ORIENTED_EDGE('',*,*,#6482,.F.);
#9619=ORIENTED_EDGE('',*,*,#9618,.T.);
#9620=ORIENTED_EDGE('',*,*,#9589,.T.);
#9621=ORIENTED_EDGE('',*,*,#9604,.F.);
#9622=EDGE_LOOP('',(#9617,#9619,#9620,#9621));
#9623=FACE_OUTER_BOUND('',#9622,.F.);
#9625=CARTESIAN_POINT('',(-6.5405E0,-1.4605E0,-7.366E0));
#9626=DIRECTION('',(1.E0,0.E0,0.E0));
#9627=DIRECTION('',(0.E0,1.E0,0.E0));
#9628=AXIS2_PLACEMENT_3D('',#9625,#9626,#9627);
#9629=PLANE('',#9628);
#9630=ORIENTED_EDGE('',*,*,#6480,.F.);
#9632=ORIENTED_EDGE('',*,*,#9631,.T.);
#9633=ORIENTED_EDGE('',*,*,#9591,.T.);
#9634=ORIENTED_EDGE('',*,*,#9618,.F.);
#9635=EDGE_LOOP('',(#9630,#9632,#9633,#9634));
#9636=FACE_OUTER_BOUND('',#9635,.F.);
#9638=CARTESIAN_POINT('',(-6.9215E0,-1.4605E0,-7.366E0));
#9639=DIRECTION('',(0.E0,-1.E0,0.E0));
#9640=DIRECTION('',(1.E0,0.E0,0.E0));
#9641=AXIS2_PLACEMENT_3D('',#9638,#9639,#9640);
#9642=PLANE('',#9641);
#9643=ORIENTED_EDGE('',*,*,#6478,.F.);
#9644=ORIENTED_EDGE('',*,*,#9607,.T.);
#9645=ORIENTED_EDGE('',*,*,#9593,.T.);
#9646=ORIENTED_EDGE('',*,*,#9631,.F.);
#9647=EDGE_LOOP('',(#9643,#9644,#9645,#9646));
#9648=FACE_OUTER_BOUND('',#9647,.F.);
#9650=CARTESIAN_POINT('',(-8.1915E0,1.4605E0,-7.366E0));
#9651=DIRECTION('',(-1.E0,0.E0,0.E0));
#9652=DIRECTION('',(0.E0,-1.E0,0.E0));
#9653=AXIS2_PLACEMENT_3D('',#9650,#9651,#9652);
#9654=PLANE('',#9653);
#9655=ORIENTED_EDGE('',*,*,#6486,.F.);
#9657=ORIENTED_EDGE('',*,*,#9656,.T.);
#9659=ORIENTED_EDGE('',*,*,#9658,.T.);
#9661=ORIENTED_EDGE('',*,*,#9660,.F.);
#9662=EDGE_LOOP('',(#9655,#9657,#9659,#9661));
#9663=FACE_OUTER_BOUND('',#9662,.F.);
#9665=CARTESIAN_POINT('',(-7.8105E0,1.4605E0,-7.366E0));
#9666=DIRECTION('',(0.E0,1.E0,0.E0));
#9667=DIRECTION('',(-1.E0,0.E0,0.E0));
#9668=AXIS2_PLACEMENT_3D('',#9665,#9666,#9667);
#9669=PLANE('',#9668);
#9670=ORIENTED_EDGE('',*,*,#6492,.F.);
#9672=ORIENTED_EDGE('',*,*,#9671,.T.);
#9674=ORIENTED_EDGE('',*,*,#9673,.T.);
#9675=ORIENTED_EDGE('',*,*,#9656,.F.);
#9676=EDGE_LOOP('',(#9670,#9672,#9674,#9675));
#9677=FACE_OUTER_BOUND('',#9676,.F.);
#9679=CARTESIAN_POINT('',(-7.8105E0,1.0795E0,-7.366E0));
#9680=DIRECTION('',(1.E0,0.E0,0.E0));
#9681=DIRECTION('',(0.E0,1.E0,0.E0));
#9682=AXIS2_PLACEMENT_3D('',#9679,#9680,#9681);
#9683=PLANE('',#9682);
#9684=ORIENTED_EDGE('',*,*,#6490,.F.);
#9686=ORIENTED_EDGE('',*,*,#9685,.T.);
#9688=ORIENTED_EDGE('',*,*,#9687,.T.);
#9689=ORIENTED_EDGE('',*,*,#9671,.F.);
#9690=EDGE_LOOP('',(#9684,#9686,#9688,#9689));
#9691=FACE_OUTER_BOUND('',#9690,.F.);
#9693=CARTESIAN_POINT('',(-8.1915E0,1.0795E0,-7.366E0));
#9694=DIRECTION('',(0.E0,-1.E0,0.E0));
#9695=DIRECTION('',(1.E0,0.E0,0.E0));
#9696=AXIS2_PLACEMENT_3D('',#9693,#9694,#9695);
#9697=PLANE('',#9696);
#9698=ORIENTED_EDGE('',*,*,#6488,.F.);
#9699=ORIENTED_EDGE('',*,*,#9660,.T.);
#9701=ORIENTED_EDGE('',*,*,#9700,.T.);
#9702=ORIENTED_EDGE('',*,*,#9685,.F.);
#9703=EDGE_LOOP('',(#9698,#9699,#9701,#9702));
#9704=FACE_OUTER_BOUND('',#9703,.F.);
#9706=CARTESIAN_POINT('',(-3.467E1,-3.605E0,-4.191E0));
#9707=DIRECTION('',(0.E0,0.E0,1.E0));
#9708=DIRECTION('',(1.E0,0.E0,0.E0));
#9709=AXIS2_PLACEMENT_3D('',#9706,#9707,#9708);
#9710=PLANE('',#9709);
#9711=ORIENTED_EDGE('',*,*,#9658,.F.);
#9712=ORIENTED_EDGE('',*,*,#9673,.F.);
#9713=ORIENTED_EDGE('',*,*,#9687,.F.);
#9714=ORIENTED_EDGE('',*,*,#9700,.F.);
#9715=EDGE_LOOP('',(#9711,#9712,#9713,#9714));
#9716=FACE_OUTER_BOUND('',#9715,.F.);
#9718=CARTESIAN_POINT('',(-3.467E1,-3.605E0,-4.191E0));
#9719=DIRECTION('',(0.E0,0.E0,1.E0));
#9720=DIRECTION('',(1.E0,0.E0,0.E0));
#9721=AXIS2_PLACEMENT_3D('',#9718,#9719,#9720);
#9722=PLANE('',#9721);
#9724=ORIENTED_EDGE('',*,*,#9723,.F.);
#9726=ORIENTED_EDGE('',*,*,#9725,.F.);
#9728=ORIENTED_EDGE('',*,*,#9727,.F.);
#9730=ORIENTED_EDGE('',*,*,#9729,.F.);
#9731=EDGE_LOOP('',(#9724,#9726,#9728,#9730));
#9732=FACE_OUTER_BOUND('',#9731,.F.);
#9734=CARTESIAN_POINT('',(-8.1915E0,-1.0795E0,-7.366E0));
#9735=DIRECTION('',(-1.E0,0.E0,0.E0));
#9736=DIRECTION('',(0.E0,-1.E0,0.E0));
#9737=AXIS2_PLACEMENT_3D('',#9734,#9735,#9736);
#9738=PLANE('',#9737);
#9739=ORIENTED_EDGE('',*,*,#6496,.F.);
#9741=ORIENTED_EDGE('',*,*,#9740,.T.);
#9742=ORIENTED_EDGE('',*,*,#9723,.T.);
#9744=ORIENTED_EDGE('',*,*,#9743,.F.);
#9745=EDGE_LOOP('',(#9739,#9741,#9742,#9744));
#9746=FACE_OUTER_BOUND('',#9745,.F.);
#9748=CARTESIAN_POINT('',(-7.8105E0,-1.0795E0,-7.366E0));
#9749=DIRECTION('',(0.E0,1.E0,0.E0));
#9750=DIRECTION('',(-1.E0,0.E0,0.E0));
#9751=AXIS2_PLACEMENT_3D('',#9748,#9749,#9750);
#9752=PLANE('',#9751);
#9753=ORIENTED_EDGE('',*,*,#6502,.F.);
#9755=ORIENTED_EDGE('',*,*,#9754,.T.);
#9756=ORIENTED_EDGE('',*,*,#9725,.T.);
#9757=ORIENTED_EDGE('',*,*,#9740,.F.);
#9758=EDGE_LOOP('',(#9753,#9755,#9756,#9757));
#9759=FACE_OUTER_BOUND('',#9758,.F.);
#9761=CARTESIAN_POINT('',(-7.8105E0,-1.4605E0,-7.366E0));
#9762=DIRECTION('',(1.E0,0.E0,0.E0));
#9763=DIRECTION('',(0.E0,1.E0,0.E0));
#9764=AXIS2_PLACEMENT_3D('',#9761,#9762,#9763);
#9765=PLANE('',#9764);
#9766=ORIENTED_EDGE('',*,*,#6500,.F.);
#9768=ORIENTED_EDGE('',*,*,#9767,.T.);
#9769=ORIENTED_EDGE('',*,*,#9727,.T.);
#9770=ORIENTED_EDGE('',*,*,#9754,.F.);
#9771=EDGE_LOOP('',(#9766,#9768,#9769,#9770));
#9772=FACE_OUTER_BOUND('',#9771,.F.);
#9774=CARTESIAN_POINT('',(-8.1915E0,-1.4605E0,-7.366E0));
#9775=DIRECTION('',(0.E0,-1.E0,0.E0));
#9776=DIRECTION('',(1.E0,0.E0,0.E0));
#9777=AXIS2_PLACEMENT_3D('',#9774,#9775,#9776);
#9778=PLANE('',#9777);
#9779=ORIENTED_EDGE('',*,*,#6498,.F.);
#9780=ORIENTED_EDGE('',*,*,#9743,.T.);
#9781=ORIENTED_EDGE('',*,*,#9729,.T.);
#9782=ORIENTED_EDGE('',*,*,#9767,.F.);
#9783=EDGE_LOOP('',(#9779,#9780,#9781,#9782));
#9784=FACE_OUTER_BOUND('',#9783,.F.);
#9786=CARTESIAN_POINT('',(-9.4615E0,1.4605E0,-7.366E0));
#9787=DIRECTION('',(-1.E0,0.E0,0.E0));
#9788=DIRECTION('',(0.E0,-1.E0,0.E0));
#9789=AXIS2_PLACEMENT_3D('',#9786,#9787,#9788);
#9790=PLANE('',#9789);
#9791=ORIENTED_EDGE('',*,*,#6506,.F.);
#9793=ORIENTED_EDGE('',*,*,#9792,.T.);
#9795=ORIENTED_EDGE('',*,*,#9794,.T.);
#9797=ORIENTED_EDGE('',*,*,#9796,.F.);
#9798=EDGE_LOOP('',(#9791,#9793,#9795,#9797));
#9799=FACE_OUTER_BOUND('',#9798,.F.);
#9801=CARTESIAN_POINT('',(-9.0805E0,1.4605E0,-7.366E0));
#9802=DIRECTION('',(0.E0,1.E0,0.E0));
#9803=DIRECTION('',(-1.E0,0.E0,0.E0));
#9804=AXIS2_PLACEMENT_3D('',#9801,#9802,#9803);
#9805=PLANE('',#9804);
#9806=ORIENTED_EDGE('',*,*,#6512,.F.);
#9808=ORIENTED_EDGE('',*,*,#9807,.T.);
#9810=ORIENTED_EDGE('',*,*,#9809,.T.);
#9811=ORIENTED_EDGE('',*,*,#9792,.F.);
#9812=EDGE_LOOP('',(#9806,#9808,#9810,#9811));
#9813=FACE_OUTER_BOUND('',#9812,.F.);
#9815=CARTESIAN_POINT('',(-9.0805E0,1.0795E0,-7.366E0));
#9816=DIRECTION('',(1.E0,0.E0,0.E0));
#9817=DIRECTION('',(0.E0,1.E0,0.E0));
#9818=AXIS2_PLACEMENT_3D('',#9815,#9816,#9817);
#9819=PLANE('',#9818);
#9820=ORIENTED_EDGE('',*,*,#6510,.F.);
#9822=ORIENTED_EDGE('',*,*,#9821,.T.);
#9824=ORIENTED_EDGE('',*,*,#9823,.T.);
#9825=ORIENTED_EDGE('',*,*,#9807,.F.);
#9826=EDGE_LOOP('',(#9820,#9822,#9824,#9825));
#9827=FACE_OUTER_BOUND('',#9826,.F.);
#9829=CARTESIAN_POINT('',(-9.4615E0,1.0795E0,-7.366E0));
#9830=DIRECTION('',(0.E0,-1.E0,0.E0));
#9831=DIRECTION('',(1.E0,0.E0,0.E0));
#9832=AXIS2_PLACEMENT_3D('',#9829,#9830,#9831);
#9833=PLANE('',#9832);
#9834=ORIENTED_EDGE('',*,*,#6508,.F.);
#9835=ORIENTED_EDGE('',*,*,#9796,.T.);
#9837=ORIENTED_EDGE('',*,*,#9836,.T.);
#9838=ORIENTED_EDGE('',*,*,#9821,.F.);
#9839=EDGE_LOOP('',(#9834,#9835,#9837,#9838));
#9840=FACE_OUTER_BOUND('',#9839,.F.);
#9842=CARTESIAN_POINT('',(-3.594E1,-3.605E0,-4.191E0));
#9843=DIRECTION('',(0.E0,0.E0,1.E0));
#9844=DIRECTION('',(1.E0,0.E0,0.E0));
#9845=AXIS2_PLACEMENT_3D('',#9842,#9843,#9844);
#9846=PLANE('',#9845);
#9847=ORIENTED_EDGE('',*,*,#9794,.F.);
#9848=ORIENTED_EDGE('',*,*,#9809,.F.);
#9849=ORIENTED_EDGE('',*,*,#9823,.F.);
#9850=ORIENTED_EDGE('',*,*,#9836,.F.);
#9851=EDGE_LOOP('',(#9847,#9848,#9849,#9850));
#9852=FACE_OUTER_BOUND('',#9851,.F.);
#9854=CARTESIAN_POINT('',(-3.594E1,-3.605E0,-4.191E0));
#9855=DIRECTION('',(0.E0,0.E0,1.E0));
#9856=DIRECTION('',(1.E0,0.E0,0.E0));
#9857=AXIS2_PLACEMENT_3D('',#9854,#9855,#9856);
#9858=PLANE('',#9857);
#9860=ORIENTED_EDGE('',*,*,#9859,.F.);
#9862=ORIENTED_EDGE('',*,*,#9861,.F.);
#9864=ORIENTED_EDGE('',*,*,#9863,.F.);
#9866=ORIENTED_EDGE('',*,*,#9865,.F.);
#9867=EDGE_LOOP('',(#9860,#9862,#9864,#9866));
#9868=FACE_OUTER_BOUND('',#9867,.F.);
#9870=CARTESIAN_POINT('',(-9.4615E0,-1.0795E0,-7.366E0));
#9871=DIRECTION('',(-1.E0,0.E0,0.E0));
#9872=DIRECTION('',(0.E0,-1.E0,0.E0));
#9873=AXIS2_PLACEMENT_3D('',#9870,#9871,#9872);
#9874=PLANE('',#9873);
#9875=ORIENTED_EDGE('',*,*,#6516,.F.);
#9877=ORIENTED_EDGE('',*,*,#9876,.T.);
#9878=ORIENTED_EDGE('',*,*,#9859,.T.);
#9880=ORIENTED_EDGE('',*,*,#9879,.F.);
#9881=EDGE_LOOP('',(#9875,#9877,#9878,#9880));
#9882=FACE_OUTER_BOUND('',#9881,.F.);
#9884=CARTESIAN_POINT('',(-9.0805E0,-1.0795E0,-7.366E0));
#9885=DIRECTION('',(0.E0,1.E0,0.E0));
#9886=DIRECTION('',(-1.E0,0.E0,0.E0));
#9887=AXIS2_PLACEMENT_3D('',#9884,#9885,#9886);
#9888=PLANE('',#9887);
#9889=ORIENTED_EDGE('',*,*,#6522,.F.);
#9891=ORIENTED_EDGE('',*,*,#9890,.T.);
#9892=ORIENTED_EDGE('',*,*,#9861,.T.);
#9893=ORIENTED_EDGE('',*,*,#9876,.F.);
#9894=EDGE_LOOP('',(#9889,#9891,#9892,#9893));
#9895=FACE_OUTER_BOUND('',#9894,.F.);
#9897=CARTESIAN_POINT('',(-9.0805E0,-1.4605E0,-7.366E0));
#9898=DIRECTION('',(1.E0,0.E0,0.E0));
#9899=DIRECTION('',(0.E0,1.E0,0.E0));
#9900=AXIS2_PLACEMENT_3D('',#9897,#9898,#9899);
#9901=PLANE('',#9900);
#9902=ORIENTED_EDGE('',*,*,#6520,.F.);
#9904=ORIENTED_EDGE('',*,*,#9903,.T.);
#9905=ORIENTED_EDGE('',*,*,#9863,.T.);
#9906=ORIENTED_EDGE('',*,*,#9890,.F.);
#9907=EDGE_LOOP('',(#9902,#9904,#9905,#9906));
#9908=FACE_OUTER_BOUND('',#9907,.F.);
#9910=CARTESIAN_POINT('',(-9.4615E0,-1.4605E0,-7.366E0));
#9911=DIRECTION('',(0.E0,-1.E0,0.E0));
#9912=DIRECTION('',(1.E0,0.E0,0.E0));
#9913=AXIS2_PLACEMENT_3D('',#9910,#9911,#9912);
#9914=PLANE('',#9913);
#9915=ORIENTED_EDGE('',*,*,#6518,.F.);
#9916=ORIENTED_EDGE('',*,*,#9879,.T.);
#9917=ORIENTED_EDGE('',*,*,#9865,.T.);
#9918=ORIENTED_EDGE('',*,*,#9903,.F.);
#9919=EDGE_LOOP('',(#9915,#9916,#9917,#9918));
#9920=FACE_OUTER_BOUND('',#9919,.F.);
#9922=CARTESIAN_POINT('',(-1.07315E1,1.4605E0,-7.366E0));
#9923=DIRECTION('',(-1.E0,0.E0,0.E0));
#9924=DIRECTION('',(0.E0,-1.E0,0.E0));
#9925=AXIS2_PLACEMENT_3D('',#9922,#9923,#9924);
#9926=PLANE('',#9925);
#9927=ORIENTED_EDGE('',*,*,#6526,.F.);
#9929=ORIENTED_EDGE('',*,*,#9928,.T.);
#9931=ORIENTED_EDGE('',*,*,#9930,.T.);
#9933=ORIENTED_EDGE('',*,*,#9932,.F.);
#9934=EDGE_LOOP('',(#9927,#9929,#9931,#9933));
#9935=FACE_OUTER_BOUND('',#9934,.F.);
#9937=CARTESIAN_POINT('',(-1.03505E1,1.4605E0,-7.366E0));
#9938=DIRECTION('',(0.E0,1.E0,0.E0));
#9939=DIRECTION('',(-1.E0,0.E0,0.E0));
#9940=AXIS2_PLACEMENT_3D('',#9937,#9938,#9939);
#9941=PLANE('',#9940);
#9942=ORIENTED_EDGE('',*,*,#6532,.F.);
#9944=ORIENTED_EDGE('',*,*,#9943,.T.);
#9946=ORIENTED_EDGE('',*,*,#9945,.T.);
#9947=ORIENTED_EDGE('',*,*,#9928,.F.);
#9948=EDGE_LOOP('',(#9942,#9944,#9946,#9947));
#9949=FACE_OUTER_BOUND('',#9948,.F.);
#9951=CARTESIAN_POINT('',(-1.03505E1,1.0795E0,-7.366E0));
#9952=DIRECTION('',(1.E0,0.E0,0.E0));
#9953=DIRECTION('',(0.E0,1.E0,0.E0));
#9954=AXIS2_PLACEMENT_3D('',#9951,#9952,#9953);
#9955=PLANE('',#9954);
#9956=ORIENTED_EDGE('',*,*,#6530,.F.);
#9958=ORIENTED_EDGE('',*,*,#9957,.T.);
#9960=ORIENTED_EDGE('',*,*,#9959,.T.);
#9961=ORIENTED_EDGE('',*,*,#9943,.F.);
#9962=EDGE_LOOP('',(#9956,#9958,#9960,#9961));
#9963=FACE_OUTER_BOUND('',#9962,.F.);
#9965=CARTESIAN_POINT('',(-1.07315E1,1.0795E0,-7.366E0));
#9966=DIRECTION('',(0.E0,-1.E0,0.E0));
#9967=DIRECTION('',(1.E0,0.E0,0.E0));
#9968=AXIS2_PLACEMENT_3D('',#9965,#9966,#9967);
#9969=PLANE('',#9968);
#9970=ORIENTED_EDGE('',*,*,#6528,.F.);
#9971=ORIENTED_EDGE('',*,*,#9932,.T.);
#9973=ORIENTED_EDGE('',*,*,#9972,.T.);
#9974=ORIENTED_EDGE('',*,*,#9957,.F.);
#9975=EDGE_LOOP('',(#9970,#9971,#9973,#9974));
#9976=FACE_OUTER_BOUND('',#9975,.F.);
#9978=CARTESIAN_POINT('',(-3.721E1,-3.605E0,-4.191E0));
#9979=DIRECTION('',(0.E0,0.E0,1.E0));
#9980=DIRECTION('',(1.E0,0.E0,0.E0));
#9981=AXIS2_PLACEMENT_3D('',#9978,#9979,#9980);
#9982=PLANE('',#9981);
#9983=ORIENTED_EDGE('',*,*,#9930,.F.);
#9984=ORIENTED_EDGE('',*,*,#9945,.F.);
#9985=ORIENTED_EDGE('',*,*,#9959,.F.);
#9986=ORIENTED_EDGE('',*,*,#9972,.F.);
#9987=EDGE_LOOP('',(#9983,#9984,#9985,#9986));
#9988=FACE_OUTER_BOUND('',#9987,.F.);
#9990=CARTESIAN_POINT('',(-3.721E1,-3.605E0,-4.191E0));
#9991=DIRECTION('',(0.E0,0.E0,1.E0));
#9992=DIRECTION('',(1.E0,0.E0,0.E0));
#9993=AXIS2_PLACEMENT_3D('',#9990,#9991,#9992);
#9994=PLANE('',#9993);
#9996=ORIENTED_EDGE('',*,*,#9995,.F.);
#9998=ORIENTED_EDGE('',*,*,#9997,.F.);
#10000=ORIENTED_EDGE('',*,*,#9999,.F.);
#10002=ORIENTED_EDGE('',*,*,#10001,.F.);
#10003=EDGE_LOOP('',(#9996,#9998,#10000,#10002));
#10004=FACE_OUTER_BOUND('',#10003,.F.);
#10006=CARTESIAN_POINT('',(-1.07315E1,-1.0795E0,-7.366E0));
#10007=DIRECTION('',(-1.E0,0.E0,0.E0));
#10008=DIRECTION('',(0.E0,-1.E0,0.E0));
#10009=AXIS2_PLACEMENT_3D('',#10006,#10007,#10008);
#10010=PLANE('',#10009);
#10011=ORIENTED_EDGE('',*,*,#6536,.F.);
#10013=ORIENTED_EDGE('',*,*,#10012,.T.);
#10014=ORIENTED_EDGE('',*,*,#9995,.T.);
#10016=ORIENTED_EDGE('',*,*,#10015,.F.);
#10017=EDGE_LOOP('',(#10011,#10013,#10014,#10016));
#10018=FACE_OUTER_BOUND('',#10017,.F.);
#10020=CARTESIAN_POINT('',(-1.03505E1,-1.0795E0,-7.366E0));
#10021=DIRECTION('',(0.E0,1.E0,0.E0));
#10022=DIRECTION('',(-1.E0,0.E0,0.E0));
#10023=AXIS2_PLACEMENT_3D('',#10020,#10021,#10022);
#10024=PLANE('',#10023);
#10025=ORIENTED_EDGE('',*,*,#6542,.F.);
#10027=ORIENTED_EDGE('',*,*,#10026,.T.);
#10028=ORIENTED_EDGE('',*,*,#9997,.T.);
#10029=ORIENTED_EDGE('',*,*,#10012,.F.);
#10030=EDGE_LOOP('',(#10025,#10027,#10028,#10029));
#10031=FACE_OUTER_BOUND('',#10030,.F.);
#10033=CARTESIAN_POINT('',(-1.03505E1,-1.4605E0,-7.366E0));
#10034=DIRECTION('',(1.E0,0.E0,0.E0));
#10035=DIRECTION('',(0.E0,1.E0,0.E0));
#10036=AXIS2_PLACEMENT_3D('',#10033,#10034,#10035);
#10037=PLANE('',#10036);
#10038=ORIENTED_EDGE('',*,*,#6540,.F.);
#10040=ORIENTED_EDGE('',*,*,#10039,.T.);
#10041=ORIENTED_EDGE('',*,*,#9999,.T.);
#10042=ORIENTED_EDGE('',*,*,#10026,.F.);
#10043=EDGE_LOOP('',(#10038,#10040,#10041,#10042));
#10044=FACE_OUTER_BOUND('',#10043,.F.);
#10046=CARTESIAN_POINT('',(-1.07315E1,-1.4605E0,-7.366E0));
#10047=DIRECTION('',(0.E0,-1.E0,0.E0));
#10048=DIRECTION('',(1.E0,0.E0,0.E0));
#10049=AXIS2_PLACEMENT_3D('',#10046,#10047,#10048);
#10050=PLANE('',#10049);
#10051=ORIENTED_EDGE('',*,*,#6538,.F.);
#10052=ORIENTED_EDGE('',*,*,#10015,.T.);
#10053=ORIENTED_EDGE('',*,*,#10001,.T.);
#10054=ORIENTED_EDGE('',*,*,#10039,.F.);
#10055=EDGE_LOOP('',(#10051,#10052,#10053,#10054));
#10056=FACE_OUTER_BOUND('',#10055,.F.);
#10058=CARTESIAN_POINT('',(-1.20015E1,1.4605E0,-7.366E0));
#10059=DIRECTION('',(-1.E0,0.E0,0.E0));
#10060=DIRECTION('',(0.E0,-1.E0,0.E0));
#10061=AXIS2_PLACEMENT_3D('',#10058,#10059,#10060);
#10062=PLANE('',#10061);
#10063=ORIENTED_EDGE('',*,*,#6546,.F.);
#10065=ORIENTED_EDGE('',*,*,#10064,.T.);
#10067=ORIENTED_EDGE('',*,*,#10066,.T.);
#10069=ORIENTED_EDGE('',*,*,#10068,.F.);
#10070=EDGE_LOOP('',(#10063,#10065,#10067,#10069));
#10071=FACE_OUTER_BOUND('',#10070,.F.);
#10073=CARTESIAN_POINT('',(-1.16205E1,1.4605E0,-7.366E0));
#10074=DIRECTION('',(0.E0,1.E0,0.E0));
#10075=DIRECTION('',(-1.E0,0.E0,0.E0));
#10076=AXIS2_PLACEMENT_3D('',#10073,#10074,#10075);
#10077=PLANE('',#10076);
#10078=ORIENTED_EDGE('',*,*,#6552,.F.);
#10080=ORIENTED_EDGE('',*,*,#10079,.T.);
#10082=ORIENTED_EDGE('',*,*,#10081,.T.);
#10083=ORIENTED_EDGE('',*,*,#10064,.F.);
#10084=EDGE_LOOP('',(#10078,#10080,#10082,#10083));
#10085=FACE_OUTER_BOUND('',#10084,.F.);
#10087=CARTESIAN_POINT('',(-1.16205E1,1.0795E0,-7.366E0));
#10088=DIRECTION('',(1.E0,0.E0,0.E0));
#10089=DIRECTION('',(0.E0,1.E0,0.E0));
#10090=AXIS2_PLACEMENT_3D('',#10087,#10088,#10089);
#10091=PLANE('',#10090);
#10092=ORIENTED_EDGE('',*,*,#6550,.F.);
#10094=ORIENTED_EDGE('',*,*,#10093,.T.);
#10096=ORIENTED_EDGE('',*,*,#10095,.T.);
#10097=ORIENTED_EDGE('',*,*,#10079,.F.);
#10098=EDGE_LOOP('',(#10092,#10094,#10096,#10097));
#10099=FACE_OUTER_BOUND('',#10098,.F.);
#10101=CARTESIAN_POINT('',(-1.20015E1,1.0795E0,-7.366E0));
#10102=DIRECTION('',(0.E0,-1.E0,0.E0));
#10103=DIRECTION('',(1.E0,0.E0,0.E0));
#10104=AXIS2_PLACEMENT_3D('',#10101,#10102,#10103);
#10105=PLANE('',#10104);
#10106=ORIENTED_EDGE('',*,*,#6548,.F.);
#10107=ORIENTED_EDGE('',*,*,#10068,.T.);
#10109=ORIENTED_EDGE('',*,*,#10108,.T.);
#10110=ORIENTED_EDGE('',*,*,#10093,.F.);
#10111=EDGE_LOOP('',(#10106,#10107,#10109,#10110));
#10112=FACE_OUTER_BOUND('',#10111,.F.);
#10114=CARTESIAN_POINT('',(-3.848E1,-3.605E0,-4.191E0));
#10115=DIRECTION('',(0.E0,0.E0,1.E0));
#10116=DIRECTION('',(1.E0,0.E0,0.E0));
#10117=AXIS2_PLACEMENT_3D('',#10114,#10115,#10116);
#10118=PLANE('',#10117);
#10119=ORIENTED_EDGE('',*,*,#10066,.F.);
#10120=ORIENTED_EDGE('',*,*,#10081,.F.);
#10121=ORIENTED_EDGE('',*,*,#10095,.F.);
#10122=ORIENTED_EDGE('',*,*,#10108,.F.);
#10123=EDGE_LOOP('',(#10119,#10120,#10121,#10122));
#10124=FACE_OUTER_BOUND('',#10123,.F.);
#10126=CARTESIAN_POINT('',(-3.848E1,-3.605E0,-4.191E0));
#10127=DIRECTION('',(0.E0,0.E0,1.E0));
#10128=DIRECTION('',(1.E0,0.E0,0.E0));
#10129=AXIS2_PLACEMENT_3D('',#10126,#10127,#10128);
#10130=PLANE('',#10129);
#10132=ORIENTED_EDGE('',*,*,#10131,.F.);
#10134=ORIENTED_EDGE('',*,*,#10133,.F.);
#10136=ORIENTED_EDGE('',*,*,#10135,.F.);
#10138=ORIENTED_EDGE('',*,*,#10137,.F.);
#10139=EDGE_LOOP('',(#10132,#10134,#10136,#10138));
#10140=FACE_OUTER_BOUND('',#10139,.F.);
#10142=CARTESIAN_POINT('',(-1.20015E1,-1.0795E0,-7.366E0));
#10143=DIRECTION('',(-1.E0,0.E0,0.E0));
#10144=DIRECTION('',(0.E0,-1.E0,0.E0));
#10145=AXIS2_PLACEMENT_3D('',#10142,#10143,#10144);
#10146=PLANE('',#10145);
#10147=ORIENTED_EDGE('',*,*,#6556,.F.);
#10149=ORIENTED_EDGE('',*,*,#10148,.T.);
#10150=ORIENTED_EDGE('',*,*,#10131,.T.);
#10152=ORIENTED_EDGE('',*,*,#10151,.F.);
#10153=EDGE_LOOP('',(#10147,#10149,#10150,#10152));
#10154=FACE_OUTER_BOUND('',#10153,.F.);
#10156=CARTESIAN_POINT('',(-1.16205E1,-1.0795E0,-7.366E0));
#10157=DIRECTION('',(0.E0,1.E0,0.E0));
#10158=DIRECTION('',(-1.E0,0.E0,0.E0));
#10159=AXIS2_PLACEMENT_3D('',#10156,#10157,#10158);
#10160=PLANE('',#10159);
#10161=ORIENTED_EDGE('',*,*,#6562,.F.);
#10163=ORIENTED_EDGE('',*,*,#10162,.T.);
#10164=ORIENTED_EDGE('',*,*,#10133,.T.);
#10165=ORIENTED_EDGE('',*,*,#10148,.F.);
#10166=EDGE_LOOP('',(#10161,#10163,#10164,#10165));
#10167=FACE_OUTER_BOUND('',#10166,.F.);
#10169=CARTESIAN_POINT('',(-1.16205E1,-1.4605E0,-7.366E0));
#10170=DIRECTION('',(1.E0,0.E0,0.E0));
#10171=DIRECTION('',(0.E0,1.E0,0.E0));
#10172=AXIS2_PLACEMENT_3D('',#10169,#10170,#10171);
#10173=PLANE('',#10172);
#10174=ORIENTED_EDGE('',*,*,#6560,.F.);
#10176=ORIENTED_EDGE('',*,*,#10175,.T.);
#10177=ORIENTED_EDGE('',*,*,#10135,.T.);
#10178=ORIENTED_EDGE('',*,*,#10162,.F.);
#10179=EDGE_LOOP('',(#10174,#10176,#10177,#10178));
#10180=FACE_OUTER_BOUND('',#10179,.F.);
#10182=CARTESIAN_POINT('',(-1.20015E1,-1.4605E0,-7.366E0));
#10183=DIRECTION('',(0.E0,-1.E0,0.E0));
#10184=DIRECTION('',(1.E0,0.E0,0.E0));
#10185=AXIS2_PLACEMENT_3D('',#10182,#10183,#10184);
#10186=PLANE('',#10185);
#10187=ORIENTED_EDGE('',*,*,#6558,.F.);
#10188=ORIENTED_EDGE('',*,*,#10151,.T.);
#10189=ORIENTED_EDGE('',*,*,#10137,.T.);
#10190=ORIENTED_EDGE('',*,*,#10175,.F.);
#10191=EDGE_LOOP('',(#10187,#10188,#10189,#10190));
#10192=FACE_OUTER_BOUND('',#10191,.F.);
#10194=CARTESIAN_POINT('',(-1.435E1,3.351E0,0.E0));
#10195=DIRECTION('',(0.E0,1.E0,0.E0));
#10196=DIRECTION('',(1.E0,0.E0,0.E0));
#10197=AXIS2_PLACEMENT_3D('',#10194,#10195,#10196);
#10198=PLANE('',#10197);
#10199=ORIENTED_EDGE('',*,*,#5940,.F.);
#10201=ORIENTED_EDGE('',*,*,#10200,.F.);
#10202=ORIENTED_EDGE('',*,*,#5912,.F.);
#10203=EDGE_LOOP('',(#10199,#10201,#10202));
#10204=FACE_OUTER_BOUND('',#10203,.F.);
#10206=CARTESIAN_POINT('',(1.2064E1,3.605E0,-1.421911357684E0));
#10207=DIRECTION('',(-9.659258262891E-1,0.E0,-2.588190451025E-1));
#10208=DIRECTION('',(-2.588190451025E-1,0.E0,9.659258262891E-1));
#10209=AXIS2_PLACEMENT_3D('',#10206,#10207,#10208);
#10210=PLANE('',#10209);
#10211=ORIENTED_EDGE('',*,*,#5974,.T.);
#10212=ORIENTED_EDGE('',*,*,#5852,.F.);
#10213=ORIENTED_EDGE('',*,*,#5914,.T.);
#10214=ORIENTED_EDGE('',*,*,#10200,.T.);
#10215=EDGE_LOOP('',(#10211,#10212,#10213,#10214));
#10216=FACE_OUTER_BOUND('',#10215,.F.);
#10218=CARTESIAN_POINT('',(1.2319E1,-1.27E0,-9.91E0));
#10219=DIRECTION('',(0.E0,0.E0,-1.E0));
#10220=DIRECTION('',(1.E0,0.E0,0.E0));
#10221=AXIS2_PLACEMENT_3D('',#10218,#10219,#10220);
#10222=CYLINDRICAL_SURFACE('',#10221,1.905E-1);
#10223=ORIENTED_EDGE('',*,*,#5576,.F.);
#10225=ORIENTED_EDGE('',*,*,#10224,.T.);
#10227=ORIENTED_EDGE('',*,*,#10226,.T.);
#10229=ORIENTED_EDGE('',*,*,#10228,.F.);
#10230=EDGE_LOOP('',(#10223,#10225,#10227,#10229));
#10231=FACE_OUTER_BOUND('',#10230,.F.);
#10233=CARTESIAN_POINT('',(1.2319E1,-1.27E0,-9.91E0));
#10234=DIRECTION('',(0.E0,0.E0,-1.E0));
#10235=DIRECTION('',(1.E0,0.E0,0.E0));
#10236=AXIS2_PLACEMENT_3D('',#10233,#10234,#10235);
#10237=CYLINDRICAL_SURFACE('',#10236,1.905E-1);
#10238=ORIENTED_EDGE('',*,*,#5578,.F.);
#10239=ORIENTED_EDGE('',*,*,#10228,.T.);
#10241=ORIENTED_EDGE('',*,*,#10240,.T.);
#10242=ORIENTED_EDGE('',*,*,#10224,.F.);
#10243=EDGE_LOOP('',(#10238,#10239,#10241,#10242));
#10244=FACE_OUTER_BOUND('',#10243,.F.);
#10246=CARTESIAN_POINT('',(-1.435E1,0.E0,-1.245E1));
#10247=DIRECTION('',(0.E0,0.E0,-1.E0));
#10248=DIRECTION('',(1.E0,0.E0,0.E0));
#10249=AXIS2_PLACEMENT_3D('',#10246,#10247,#10248);
#10250=PLANE('',#10249);
#10251=ORIENTED_EDGE('',*,*,#10226,.F.);
#10252=ORIENTED_EDGE('',*,*,#10240,.F.);
#10253=EDGE_LOOP('',(#10251,#10252));
#10254=FACE_OUTER_BOUND('',#10253,.F.);
#10256=CARTESIAN_POINT('',(-1.435E1,0.E0,-1.245E1));
#10257=DIRECTION('',(0.E0,0.E0,-1.E0));
#10258=DIRECTION('',(1.E0,0.E0,0.E0));
#10259=AXIS2_PLACEMENT_3D('',#10256,#10257,#10258);
#10260=PLANE('',#10259);
#10262=ORIENTED_EDGE('',*,*,#10261,.F.);
#10264=ORIENTED_EDGE('',*,*,#10263,.F.);
#10265=EDGE_LOOP('',(#10262,#10264));
#10266=FACE_OUTER_BOUND('',#10265,.F.);
#10268=CARTESIAN_POINT('',(1.2319E1,1.27E0,-9.91E0));
#10269=DIRECTION('',(0.E0,0.E0,-1.E0));
#10270=DIRECTION('',(1.E0,0.E0,0.E0));
#10271=AXIS2_PLACEMENT_3D('',#10268,#10269,#10270);
#10272=CYLINDRICAL_SURFACE('',#10271,1.905E-1);
#10273=ORIENTED_EDGE('',*,*,#5582,.F.);
#10275=ORIENTED_EDGE('',*,*,#10274,.T.);
#10276=ORIENTED_EDGE('',*,*,#10261,.T.);
#10278=ORIENTED_EDGE('',*,*,#10277,.F.);
#10279=EDGE_LOOP('',(#10273,#10275,#10276,#10278));
#10280=FACE_OUTER_BOUND('',#10279,.F.);
#10282=CARTESIAN_POINT('',(1.2319E1,1.27E0,-9.91E0));
#10283=DIRECTION('',(0.E0,0.E0,-1.E0));
#10284=DIRECTION('',(1.E0,0.E0,0.E0));
#10285=AXIS2_PLACEMENT_3D('',#10282,#10283,#10284);
#10286=CYLINDRICAL_SURFACE('',#10285,1.905E-1);
#10287=ORIENTED_EDGE('',*,*,#5584,.F.);
#10288=ORIENTED_EDGE('',*,*,#10277,.T.);
#10289=ORIENTED_EDGE('',*,*,#10263,.T.);
#10290=ORIENTED_EDGE('',*,*,#10274,.F.);
#10291=EDGE_LOOP('',(#10287,#10288,#10289,#10290));
#10292=FACE_OUTER_BOUND('',#10291,.F.);
#10294=CARTESIAN_POINT('',(1.1049E1,-1.27E0,-9.91E0));
#10295=DIRECTION('',(0.E0,0.E0,-1.E0));
#10296=DIRECTION('',(1.E0,0.E0,0.E0));
#10297=AXIS2_PLACEMENT_3D('',#10294,#10295,#10296);
#10298=CYLINDRICAL_SURFACE('',#10297,1.905E-1);
#10299=ORIENTED_EDGE('',*,*,#5588,.F.);
#10301=ORIENTED_EDGE('',*,*,#10300,.T.);
#10303=ORIENTED_EDGE('',*,*,#10302,.T.);
#10305=ORIENTED_EDGE('',*,*,#10304,.F.);
#10306=EDGE_LOOP('',(#10299,#10301,#10303,#10305));
#10307=FACE_OUTER_BOUND('',#10306,.F.);
#10309=CARTESIAN_POINT('',(1.1049E1,-1.27E0,-9.91E0));
#10310=DIRECTION('',(0.E0,0.E0,-1.E0));
#10311=DIRECTION('',(1.E0,0.E0,0.E0));
#10312=AXIS2_PLACEMENT_3D('',#10309,#10310,#10311);
#10313=CYLINDRICAL_SURFACE('',#10312,1.905E-1);
#10314=ORIENTED_EDGE('',*,*,#5590,.F.);
#10315=ORIENTED_EDGE('',*,*,#10304,.T.);
#10317=ORIENTED_EDGE('',*,*,#10316,.T.);
#10318=ORIENTED_EDGE('',*,*,#10300,.F.);
#10319=EDGE_LOOP('',(#10314,#10315,#10317,#10318));
#10320=FACE_OUTER_BOUND('',#10319,.F.);
#10322=CARTESIAN_POINT('',(-1.435E1,0.E0,-1.245E1));
#10323=DIRECTION('',(0.E0,0.E0,-1.E0));
#10324=DIRECTION('',(1.E0,0.E0,0.E0));
#10325=AXIS2_PLACEMENT_3D('',#10322,#10323,#10324);
#10326=PLANE('',#10325);
#10327=ORIENTED_EDGE('',*,*,#10302,.F.);
#10328=ORIENTED_EDGE('',*,*,#10316,.F.);
#10329=EDGE_LOOP('',(#10327,#10328));
#10330=FACE_OUTER_BOUND('',#10329,.F.);
#10332=CARTESIAN_POINT('',(-1.435E1,0.E0,-1.245E1));
#10333=DIRECTION('',(0.E0,0.E0,-1.E0));
#10334=DIRECTION('',(1.E0,0.E0,0.E0));
#10335=AXIS2_PLACEMENT_3D('',#10332,#10333,#10334);
#10336=PLANE('',#10335);
#10338=ORIENTED_EDGE('',*,*,#10337,.F.);
#10340=ORIENTED_EDGE('',*,*,#10339,.F.);
#10341=EDGE_LOOP('',(#10338,#10340));
#10342=FACE_OUTER_BOUND('',#10341,.F.);
#10344=CARTESIAN_POINT('',(1.1049E1,1.27E0,-9.91E0));
#10345=DIRECTION('',(0.E0,0.E0,-1.E0));
#10346=DIRECTION('',(1.E0,0.E0,0.E0));
#10347=AXIS2_PLACEMENT_3D('',#10344,#10345,#10346);
#10348=CYLINDRICAL_SURFACE('',#10347,1.905E-1);
#10349=ORIENTED_EDGE('',*,*,#5594,.F.);
#10351=ORIENTED_EDGE('',*,*,#10350,.T.);
#10352=ORIENTED_EDGE('',*,*,#10337,.T.);
#10354=ORIENTED_EDGE('',*,*,#10353,.F.);
#10355=EDGE_LOOP('',(#10349,#10351,#10352,#10354));
#10356=FACE_OUTER_BOUND('',#10355,.F.);
#10358=CARTESIAN_POINT('',(1.1049E1,1.27E0,-9.91E0));
#10359=DIRECTION('',(0.E0,0.E0,-1.E0));
#10360=DIRECTION('',(1.E0,0.E0,0.E0));
#10361=AXIS2_PLACEMENT_3D('',#10358,#10359,#10360);
#10362=CYLINDRICAL_SURFACE('',#10361,1.905E-1);
#10363=ORIENTED_EDGE('',*,*,#5596,.F.);
#10364=ORIENTED_EDGE('',*,*,#10353,.T.);
#10365=ORIENTED_EDGE('',*,*,#10339,.T.);
#10366=ORIENTED_EDGE('',*,*,#10350,.F.);
#10367=EDGE_LOOP('',(#10363,#10364,#10365,#10366));
#10368=FACE_OUTER_BOUND('',#10367,.F.);
#10370=CARTESIAN_POINT('',(9.779E0,-1.27E0,-9.91E0));
#10371=DIRECTION('',(0.E0,0.E0,-1.E0));
#10372=DIRECTION('',(1.E0,0.E0,0.E0));
#10373=AXIS2_PLACEMENT_3D('',#10370,#10371,#10372);
#10374=CYLINDRICAL_SURFACE('',#10373,1.905E-1);
#10375=ORIENTED_EDGE('',*,*,#5600,.F.);
#10377=ORIENTED_EDGE('',*,*,#10376,.T.);
#10379=ORIENTED_EDGE('',*,*,#10378,.T.);
#10381=ORIENTED_EDGE('',*,*,#10380,.F.);
#10382=EDGE_LOOP('',(#10375,#10377,#10379,#10381));
#10383=FACE_OUTER_BOUND('',#10382,.F.);
#10385=CARTESIAN_POINT('',(9.779E0,-1.27E0,-9.91E0));
#10386=DIRECTION('',(0.E0,0.E0,-1.E0));
#10387=DIRECTION('',(1.E0,0.E0,0.E0));
#10388=AXIS2_PLACEMENT_3D('',#10385,#10386,#10387);
#10389=CYLINDRICAL_SURFACE('',#10388,1.905E-1);
#10390=ORIENTED_EDGE('',*,*,#5602,.F.);
#10391=ORIENTED_EDGE('',*,*,#10380,.T.);
#10393=ORIENTED_EDGE('',*,*,#10392,.T.);
#10394=ORIENTED_EDGE('',*,*,#10376,.F.);
#10395=EDGE_LOOP('',(#10390,#10391,#10393,#10394));
#10396=FACE_OUTER_BOUND('',#10395,.F.);
#10398=CARTESIAN_POINT('',(-1.435E1,0.E0,-1.245E1));
#10399=DIRECTION('',(0.E0,0.E0,-1.E0));
#10400=DIRECTION('',(1.E0,0.E0,0.E0));
#10401=AXIS2_PLACEMENT_3D('',#10398,#10399,#10400);
#10402=PLANE('',#10401);
#10403=ORIENTED_EDGE('',*,*,#10378,.F.);
#10404=ORIENTED_EDGE('',*,*,#10392,.F.);
#10405=EDGE_LOOP('',(#10403,#10404));
#10406=FACE_OUTER_BOUND('',#10405,.F.);
#10408=CARTESIAN_POINT('',(-1.435E1,0.E0,-1.245E1));
#10409=DIRECTION('',(0.E0,0.E0,-1.E0));
#10410=DIRECTION('',(1.E0,0.E0,0.E0));
#10411=AXIS2_PLACEMENT_3D('',#10408,#10409,#10410);
#10412=PLANE('',#10411);
#10414=ORIENTED_EDGE('',*,*,#10413,.F.);
#10416=ORIENTED_EDGE('',*,*,#10415,.F.);
#10417=EDGE_LOOP('',(#10414,#10416));
#10418=FACE_OUTER_BOUND('',#10417,.F.);
#10420=CARTESIAN_POINT('',(9.779E0,1.27E0,-9.91E0));
#10421=DIRECTION('',(0.E0,0.E0,-1.E0));
#10422=DIRECTION('',(1.E0,0.E0,0.E0));
#10423=AXIS2_PLACEMENT_3D('',#10420,#10421,#10422);
#10424=CYLINDRICAL_SURFACE('',#10423,1.905E-1);
#10425=ORIENTED_EDGE('',*,*,#5606,.F.);
#10427=ORIENTED_EDGE('',*,*,#10426,.T.);
#10428=ORIENTED_EDGE('',*,*,#10413,.T.);
#10430=ORIENTED_EDGE('',*,*,#10429,.F.);
#10431=EDGE_LOOP('',(#10425,#10427,#10428,#10430));
#10432=FACE_OUTER_BOUND('',#10431,.F.);
#10434=CARTESIAN_POINT('',(9.779E0,1.27E0,-9.91E0));
#10435=DIRECTION('',(0.E0,0.E0,-1.E0));
#10436=DIRECTION('',(1.E0,0.E0,0.E0));
#10437=AXIS2_PLACEMENT_3D('',#10434,#10435,#10436);
#10438=CYLINDRICAL_SURFACE('',#10437,1.905E-1);
#10439=ORIENTED_EDGE('',*,*,#5608,.F.);
#10440=ORIENTED_EDGE('',*,*,#10429,.T.);
#10441=ORIENTED_EDGE('',*,*,#10415,.T.);
#10442=ORIENTED_EDGE('',*,*,#10426,.F.);
#10443=EDGE_LOOP('',(#10439,#10440,#10441,#10442));
#10444=FACE_OUTER_BOUND('',#10443,.F.);
#10446=CARTESIAN_POINT('',(8.509E0,-1.27E0,-9.91E0));
#10447=DIRECTION('',(0.E0,0.E0,-1.E0));
#10448=DIRECTION('',(1.E0,0.E0,0.E0));
#10449=AXIS2_PLACEMENT_3D('',#10446,#10447,#10448);
#10450=CYLINDRICAL_SURFACE('',#10449,1.905E-1);
#10451=ORIENTED_EDGE('',*,*,#5612,.F.);
#10453=ORIENTED_EDGE('',*,*,#10452,.T.);
#10455=ORIENTED_EDGE('',*,*,#10454,.T.);
#10457=ORIENTED_EDGE('',*,*,#10456,.F.);
#10458=EDGE_LOOP('',(#10451,#10453,#10455,#10457));
#10459=FACE_OUTER_BOUND('',#10458,.F.);
#10461=CARTESIAN_POINT('',(8.509E0,-1.27E0,-9.91E0));
#10462=DIRECTION('',(0.E0,0.E0,-1.E0));
#10463=DIRECTION('',(1.E0,0.E0,0.E0));
#10464=AXIS2_PLACEMENT_3D('',#10461,#10462,#10463);
#10465=CYLINDRICAL_SURFACE('',#10464,1.905E-1);
#10466=ORIENTED_EDGE('',*,*,#5614,.F.);
#10467=ORIENTED_EDGE('',*,*,#10456,.T.);
#10469=ORIENTED_EDGE('',*,*,#10468,.T.);
#10470=ORIENTED_EDGE('',*,*,#10452,.F.);
#10471=EDGE_LOOP('',(#10466,#10467,#10469,#10470));
#10472=FACE_OUTER_BOUND('',#10471,.F.);
#10474=CARTESIAN_POINT('',(-1.435E1,0.E0,-1.245E1));
#10475=DIRECTION('',(0.E0,0.E0,-1.E0));
#10476=DIRECTION('',(1.E0,0.E0,0.E0));
#10477=AXIS2_PLACEMENT_3D('',#10474,#10475,#10476);
#10478=PLANE('',#10477);
#10479=ORIENTED_EDGE('',*,*,#10454,.F.);
#10480=ORIENTED_EDGE('',*,*,#10468,.F.);
#10481=EDGE_LOOP('',(#10479,#10480));
#10482=FACE_OUTER_BOUND('',#10481,.F.);
#10484=CARTESIAN_POINT('',(-1.435E1,0.E0,-1.245E1));
#10485=DIRECTION('',(0.E0,0.E0,-1.E0));
#10486=DIRECTION('',(1.E0,0.E0,0.E0));
#10487=AXIS2_PLACEMENT_3D('',#10484,#10485,#10486);
#10488=PLANE('',#10487);
#10490=ORIENTED_EDGE('',*,*,#10489,.F.);
#10492=ORIENTED_EDGE('',*,*,#10491,.F.);
#10493=EDGE_LOOP('',(#10490,#10492));
#10494=FACE_OUTER_BOUND('',#10493,.F.);
#10496=CARTESIAN_POINT('',(8.509E0,1.27E0,-9.91E0));
#10497=DIRECTION('',(0.E0,0.E0,-1.E0));
#10498=DIRECTION('',(1.E0,0.E0,0.E0));
#10499=AXIS2_PLACEMENT_3D('',#10496,#10497,#10498);
#10500=CYLINDRICAL_SURFACE('',#10499,1.905E-1);
#10501=ORIENTED_EDGE('',*,*,#5618,.F.);
#10503=ORIENTED_EDGE('',*,*,#10502,.T.);
#10504=ORIENTED_EDGE('',*,*,#10489,.T.);
#10506=ORIENTED_EDGE('',*,*,#10505,.F.);
#10507=EDGE_LOOP('',(#10501,#10503,#10504,#10506));
#10508=FACE_OUTER_BOUND('',#10507,.F.);
#10510=CARTESIAN_POINT('',(8.509E0,1.27E0,-9.91E0));
#10511=DIRECTION('',(0.E0,0.E0,-1.E0));
#10512=DIRECTION('',(1.E0,0.E0,0.E0));
#10513=AXIS2_PLACEMENT_3D('',#10510,#10511,#10512);
#10514=CYLINDRICAL_SURFACE('',#10513,1.905E-1);
#10515=ORIENTED_EDGE('',*,*,#5620,.F.);
#10516=ORIENTED_EDGE('',*,*,#10505,.T.);
#10517=ORIENTED_EDGE('',*,*,#10491,.T.);
#10518=ORIENTED_EDGE('',*,*,#10502,.F.);
#10519=EDGE_LOOP('',(#10515,#10516,#10517,#10518));
#10520=FACE_OUTER_BOUND('',#10519,.F.);
#10522=CARTESIAN_POINT('',(7.239E0,-1.27E0,-9.91E0));
#10523=DIRECTION('',(0.E0,0.E0,-1.E0));
#10524=DIRECTION('',(1.E0,0.E0,0.E0));
#10525=AXIS2_PLACEMENT_3D('',#10522,#10523,#10524);
#10526=CYLINDRICAL_SURFACE('',#10525,1.905E-1);
#10527=ORIENTED_EDGE('',*,*,#5624,.F.);
#10529=ORIENTED_EDGE('',*,*,#10528,.T.);
#10531=ORIENTED_EDGE('',*,*,#10530,.T.);
#10533=ORIENTED_EDGE('',*,*,#10532,.F.);
#10534=EDGE_LOOP('',(#10527,#10529,#10531,#10533));
#10535=FACE_OUTER_BOUND('',#10534,.F.);
#10537=CARTESIAN_POINT('',(7.239E0,-1.27E0,-9.91E0));
#10538=DIRECTION('',(0.E0,0.E0,-1.E0));
#10539=DIRECTION('',(1.E0,0.E0,0.E0));
#10540=AXIS2_PLACEMENT_3D('',#10537,#10538,#10539);
#10541=CYLINDRICAL_SURFACE('',#10540,1.905E-1);
#10542=ORIENTED_EDGE('',*,*,#5626,.F.);
#10543=ORIENTED_EDGE('',*,*,#10532,.T.);
#10545=ORIENTED_EDGE('',*,*,#10544,.T.);
#10546=ORIENTED_EDGE('',*,*,#10528,.F.);
#10547=EDGE_LOOP('',(#10542,#10543,#10545,#10546));
#10548=FACE_OUTER_BOUND('',#10547,.F.);
#10550=CARTESIAN_POINT('',(-1.435E1,0.E0,-1.245E1));
#10551=DIRECTION('',(0.E0,0.E0,-1.E0));
#10552=DIRECTION('',(1.E0,0.E0,0.E0));
#10553=AXIS2_PLACEMENT_3D('',#10550,#10551,#10552);
#10554=PLANE('',#10553);
#10555=ORIENTED_EDGE('',*,*,#10530,.F.);
#10556=ORIENTED_EDGE('',*,*,#10544,.F.);
#10557=EDGE_LOOP('',(#10555,#10556));
#10558=FACE_OUTER_BOUND('',#10557,.F.);
#10560=CARTESIAN_POINT('',(-1.435E1,0.E0,-1.245E1));
#10561=DIRECTION('',(0.E0,0.E0,-1.E0));
#10562=DIRECTION('',(1.E0,0.E0,0.E0));
#10563=AXIS2_PLACEMENT_3D('',#10560,#10561,#10562);
#10564=PLANE('',#10563);
#10566=ORIENTED_EDGE('',*,*,#10565,.F.);
#10568=ORIENTED_EDGE('',*,*,#10567,.F.);
#10569=EDGE_LOOP('',(#10566,#10568));
#10570=FACE_OUTER_BOUND('',#10569,.F.);
#10572=CARTESIAN_POINT('',(7.239E0,1.27E0,-9.91E0));
#10573=DIRECTION('',(0.E0,0.E0,-1.E0));
#10574=DIRECTION('',(1.E0,0.E0,0.E0));
#10575=AXIS2_PLACEMENT_3D('',#10572,#10573,#10574);
#10576=CYLINDRICAL_SURFACE('',#10575,1.905E-1);
#10577=ORIENTED_EDGE('',*,*,#5630,.F.);
#10579=ORIENTED_EDGE('',*,*,#10578,.T.);
#10580=ORIENTED_EDGE('',*,*,#10565,.T.);
#10582=ORIENTED_EDGE('',*,*,#10581,.F.);
#10583=EDGE_LOOP('',(#10577,#10579,#10580,#10582));
#10584=FACE_OUTER_BOUND('',#10583,.F.);
#10586=CARTESIAN_POINT('',(7.239E0,1.27E0,-9.91E0));
#10587=DIRECTION('',(0.E0,0.E0,-1.E0));
#10588=DIRECTION('',(1.E0,0.E0,0.E0));
#10589=AXIS2_PLACEMENT_3D('',#10586,#10587,#10588);
#10590=CYLINDRICAL_SURFACE('',#10589,1.905E-1);
#10591=ORIENTED_EDGE('',*,*,#5632,.F.);
#10592=ORIENTED_EDGE('',*,*,#10581,.T.);
#10593=ORIENTED_EDGE('',*,*,#10567,.T.);
#10594=ORIENTED_EDGE('',*,*,#10578,.F.);
#10595=EDGE_LOOP('',(#10591,#10592,#10593,#10594));
#10596=FACE_OUTER_BOUND('',#10595,.F.);
#10598=CARTESIAN_POINT('',(5.969E0,-1.27E0,-9.91E0));
#10599=DIRECTION('',(0.E0,0.E0,-1.E0));
#10600=DIRECTION('',(1.E0,0.E0,0.E0));
#10601=AXIS2_PLACEMENT_3D('',#10598,#10599,#10600);
#10602=CYLINDRICAL_SURFACE('',#10601,1.905E-1);
#10603=ORIENTED_EDGE('',*,*,#5636,.F.);
#10605=ORIENTED_EDGE('',*,*,#10604,.T.);
#10607=ORIENTED_EDGE('',*,*,#10606,.T.);
#10609=ORIENTED_EDGE('',*,*,#10608,.F.);
#10610=EDGE_LOOP('',(#10603,#10605,#10607,#10609));
#10611=FACE_OUTER_BOUND('',#10610,.F.);
#10613=CARTESIAN_POINT('',(5.969E0,-1.27E0,-9.91E0));
#10614=DIRECTION('',(0.E0,0.E0,-1.E0));
#10615=DIRECTION('',(1.E0,0.E0,0.E0));
#10616=AXIS2_PLACEMENT_3D('',#10613,#10614,#10615);
#10617=CYLINDRICAL_SURFACE('',#10616,1.905E-1);
#10618=ORIENTED_EDGE('',*,*,#5638,.F.);
#10619=ORIENTED_EDGE('',*,*,#10608,.T.);
#10621=ORIENTED_EDGE('',*,*,#10620,.T.);
#10622=ORIENTED_EDGE('',*,*,#10604,.F.);
#10623=EDGE_LOOP('',(#10618,#10619,#10621,#10622));
#10624=FACE_OUTER_BOUND('',#10623,.F.);
#10626=CARTESIAN_POINT('',(-1.435E1,0.E0,-1.245E1));
#10627=DIRECTION('',(0.E0,0.E0,-1.E0));
#10628=DIRECTION('',(1.E0,0.E0,0.E0));
#10629=AXIS2_PLACEMENT_3D('',#10626,#10627,#10628);
#10630=PLANE('',#10629);
#10631=ORIENTED_EDGE('',*,*,#10606,.F.);
#10632=ORIENTED_EDGE('',*,*,#10620,.F.);
#10633=EDGE_LOOP('',(#10631,#10632));
#10634=FACE_OUTER_BOUND('',#10633,.F.);
#10636=CARTESIAN_POINT('',(-1.435E1,0.E0,-1.245E1));
#10637=DIRECTION('',(0.E0,0.E0,-1.E0));
#10638=DIRECTION('',(1.E0,0.E0,0.E0));
#10639=AXIS2_PLACEMENT_3D('',#10636,#10637,#10638);
#10640=PLANE('',#10639);
#10642=ORIENTED_EDGE('',*,*,#10641,.F.);
#10644=ORIENTED_EDGE('',*,*,#10643,.F.);
#10645=EDGE_LOOP('',(#10642,#10644));
#10646=FACE_OUTER_BOUND('',#10645,.F.);
#10648=CARTESIAN_POINT('',(5.969E0,1.27E0,-9.91E0));
#10649=DIRECTION('',(0.E0,0.E0,-1.E0));
#10650=DIRECTION('',(1.E0,0.E0,0.E0));
#10651=AXIS2_PLACEMENT_3D('',#10648,#10649,#10650);
#10652=CYLINDRICAL_SURFACE('',#10651,1.905E-1);
#10653=ORIENTED_EDGE('',*,*,#5642,.F.);
#10655=ORIENTED_EDGE('',*,*,#10654,.T.);
#10656=ORIENTED_EDGE('',*,*,#10641,.T.);
#10658=ORIENTED_EDGE('',*,*,#10657,.F.);
#10659=EDGE_LOOP('',(#10653,#10655,#10656,#10658));
#10660=FACE_OUTER_BOUND('',#10659,.F.);
#10662=CARTESIAN_POINT('',(5.969E0,1.27E0,-9.91E0));
#10663=DIRECTION('',(0.E0,0.E0,-1.E0));
#10664=DIRECTION('',(1.E0,0.E0,0.E0));
#10665=AXIS2_PLACEMENT_3D('',#10662,#10663,#10664);
#10666=CYLINDRICAL_SURFACE('',#10665,1.905E-1);
#10667=ORIENTED_EDGE('',*,*,#5644,.F.);
#10668=ORIENTED_EDGE('',*,*,#10657,.T.);
#10669=ORIENTED_EDGE('',*,*,#10643,.T.);
#10670=ORIENTED_EDGE('',*,*,#10654,.F.);
#10671=EDGE_LOOP('',(#10667,#10668,#10669,#10670));
#10672=FACE_OUTER_BOUND('',#10671,.F.);
#10674=CARTESIAN_POINT('',(4.699E0,-1.27E0,-9.91E0));
#10675=DIRECTION('',(0.E0,0.E0,-1.E0));
#10676=DIRECTION('',(1.E0,0.E0,0.E0));
#10677=AXIS2_PLACEMENT_3D('',#10674,#10675,#10676);
#10678=CYLINDRICAL_SURFACE('',#10677,1.905E-1);
#10679=ORIENTED_EDGE('',*,*,#5648,.F.);
#10681=ORIENTED_EDGE('',*,*,#10680,.T.);
#10683=ORIENTED_EDGE('',*,*,#10682,.T.);
#10685=ORIENTED_EDGE('',*,*,#10684,.F.);
#10686=EDGE_LOOP('',(#10679,#10681,#10683,#10685));
#10687=FACE_OUTER_BOUND('',#10686,.F.);
#10689=CARTESIAN_POINT('',(4.699E0,-1.27E0,-9.91E0));
#10690=DIRECTION('',(0.E0,0.E0,-1.E0));
#10691=DIRECTION('',(1.E0,0.E0,0.E0));
#10692=AXIS2_PLACEMENT_3D('',#10689,#10690,#10691);
#10693=CYLINDRICAL_SURFACE('',#10692,1.905E-1);
#10694=ORIENTED_EDGE('',*,*,#5650,.F.);
#10695=ORIENTED_EDGE('',*,*,#10684,.T.);
#10697=ORIENTED_EDGE('',*,*,#10696,.T.);
#10698=ORIENTED_EDGE('',*,*,#10680,.F.);
#10699=EDGE_LOOP('',(#10694,#10695,#10697,#10698));
#10700=FACE_OUTER_BOUND('',#10699,.F.);
#10702=CARTESIAN_POINT('',(-1.435E1,0.E0,-1.245E1));
#10703=DIRECTION('',(0.E0,0.E0,-1.E0));
#10704=DIRECTION('',(1.E0,0.E0,0.E0));
#10705=AXIS2_PLACEMENT_3D('',#10702,#10703,#10704);
#10706=PLANE('',#10705);
#10707=ORIENTED_EDGE('',*,*,#10682,.F.);
#10708=ORIENTED_EDGE('',*,*,#10696,.F.);
#10709=EDGE_LOOP('',(#10707,#10708));
#10710=FACE_OUTER_BOUND('',#10709,.F.);
#10712=CARTESIAN_POINT('',(-1.435E1,0.E0,-1.245E1));
#10713=DIRECTION('',(0.E0,0.E0,-1.E0));
#10714=DIRECTION('',(1.E0,0.E0,0.E0));
#10715=AXIS2_PLACEMENT_3D('',#10712,#10713,#10714);
#10716=PLANE('',#10715);
#10718=ORIENTED_EDGE('',*,*,#10717,.F.);
#10720=ORIENTED_EDGE('',*,*,#10719,.F.);
#10721=EDGE_LOOP('',(#10718,#10720));
#10722=FACE_OUTER_BOUND('',#10721,.F.);
#10724=CARTESIAN_POINT('',(4.699E0,1.27E0,-9.91E0));
#10725=DIRECTION('',(0.E0,0.E0,-1.E0));
#10726=DIRECTION('',(1.E0,0.E0,0.E0));
#10727=AXIS2_PLACEMENT_3D('',#10724,#10725,#10726);
#10728=CYLINDRICAL_SURFACE('',#10727,1.905E-1);
#10729=ORIENTED_EDGE('',*,*,#5654,.F.);
#10731=ORIENTED_EDGE('',*,*,#10730,.T.);
#10732=ORIENTED_EDGE('',*,*,#10717,.T.);
#10734=ORIENTED_EDGE('',*,*,#10733,.F.);
#10735=EDGE_LOOP('',(#10729,#10731,#10732,#10734));
#10736=FACE_OUTER_BOUND('',#10735,.F.);
#10738=CARTESIAN_POINT('',(4.699E0,1.27E0,-9.91E0));
#10739=DIRECTION('',(0.E0,0.E0,-1.E0));
#10740=DIRECTION('',(1.E0,0.E0,0.E0));
#10741=AXIS2_PLACEMENT_3D('',#10738,#10739,#10740);
#10742=CYLINDRICAL_SURFACE('',#10741,1.905E-1);
#10743=ORIENTED_EDGE('',*,*,#5656,.F.);
#10744=ORIENTED_EDGE('',*,*,#10733,.T.);
#10745=ORIENTED_EDGE('',*,*,#10719,.T.);
#10746=ORIENTED_EDGE('',*,*,#10730,.F.);
#10747=EDGE_LOOP('',(#10743,#10744,#10745,#10746));
#10748=FACE_OUTER_BOUND('',#10747,.F.);
#10750=CARTESIAN_POINT('',(3.429E0,-1.27E0,-9.91E0));
#10751=DIRECTION('',(0.E0,0.E0,-1.E0));
#10752=DIRECTION('',(1.E0,0.E0,0.E0));
#10753=AXIS2_PLACEMENT_3D('',#10750,#10751,#10752);
#10754=CYLINDRICAL_SURFACE('',#10753,1.905E-1);
#10755=ORIENTED_EDGE('',*,*,#5660,.F.);
#10757=ORIENTED_EDGE('',*,*,#10756,.T.);
#10759=ORIENTED_EDGE('',*,*,#10758,.T.);
#10761=ORIENTED_EDGE('',*,*,#10760,.F.);
#10762=EDGE_LOOP('',(#10755,#10757,#10759,#10761));
#10763=FACE_OUTER_BOUND('',#10762,.F.);
#10765=CARTESIAN_POINT('',(3.429E0,-1.27E0,-9.91E0));
#10766=DIRECTION('',(0.E0,0.E0,-1.E0));
#10767=DIRECTION('',(1.E0,0.E0,0.E0));
#10768=AXIS2_PLACEMENT_3D('',#10765,#10766,#10767);
#10769=CYLINDRICAL_SURFACE('',#10768,1.905E-1);
#10770=ORIENTED_EDGE('',*,*,#5662,.F.);
#10771=ORIENTED_EDGE('',*,*,#10760,.T.);
#10773=ORIENTED_EDGE('',*,*,#10772,.T.);
#10774=ORIENTED_EDGE('',*,*,#10756,.F.);
#10775=EDGE_LOOP('',(#10770,#10771,#10773,#10774));
#10776=FACE_OUTER_BOUND('',#10775,.F.);
#10778=CARTESIAN_POINT('',(-1.435E1,0.E0,-1.245E1));
#10779=DIRECTION('',(0.E0,0.E0,-1.E0));
#10780=DIRECTION('',(1.E0,0.E0,0.E0));
#10781=AXIS2_PLACEMENT_3D('',#10778,#10779,#10780);
#10782=PLANE('',#10781);
#10783=ORIENTED_EDGE('',*,*,#10758,.F.);
#10784=ORIENTED_EDGE('',*,*,#10772,.F.);
#10785=EDGE_LOOP('',(#10783,#10784));
#10786=FACE_OUTER_BOUND('',#10785,.F.);
#10788=CARTESIAN_POINT('',(-1.435E1,0.E0,-1.245E1));
#10789=DIRECTION('',(0.E0,0.E0,-1.E0));
#10790=DIRECTION('',(1.E0,0.E0,0.E0));
#10791=AXIS2_PLACEMENT_3D('',#10788,#10789,#10790);
#10792=PLANE('',#10791);
#10794=ORIENTED_EDGE('',*,*,#10793,.F.);
#10796=ORIENTED_EDGE('',*,*,#10795,.F.);
#10797=EDGE_LOOP('',(#10794,#10796));
#10798=FACE_OUTER_BOUND('',#10797,.F.);
#10800=CARTESIAN_POINT('',(3.429E0,1.27E0,-9.91E0));
#10801=DIRECTION('',(0.E0,0.E0,-1.E0));
#10802=DIRECTION('',(1.E0,0.E0,0.E0));
#10803=AXIS2_PLACEMENT_3D('',#10800,#10801,#10802);
#10804=CYLINDRICAL_SURFACE('',#10803,1.905E-1);
#10805=ORIENTED_EDGE('',*,*,#5666,.F.);
#10807=ORIENTED_EDGE('',*,*,#10806,.T.);
#10808=ORIENTED_EDGE('',*,*,#10793,.T.);
#10810=ORIENTED_EDGE('',*,*,#10809,.F.);
#10811=EDGE_LOOP('',(#10805,#10807,#10808,#10810));
#10812=FACE_OUTER_BOUND('',#10811,.F.);
#10814=CARTESIAN_POINT('',(3.429E0,1.27E0,-9.91E0));
#10815=DIRECTION('',(0.E0,0.E0,-1.E0));
#10816=DIRECTION('',(1.E0,0.E0,0.E0));
#10817=AXIS2_PLACEMENT_3D('',#10814,#10815,#10816);
#10818=CYLINDRICAL_SURFACE('',#10817,1.905E-1);
#10819=ORIENTED_EDGE('',*,*,#5668,.F.);
#10820=ORIENTED_EDGE('',*,*,#10809,.T.);
#10821=ORIENTED_EDGE('',*,*,#10795,.T.);
#10822=ORIENTED_EDGE('',*,*,#10806,.F.);
#10823=EDGE_LOOP('',(#10819,#10820,#10821,#10822));
#10824=FACE_OUTER_BOUND('',#10823,.F.);
#10826=CARTESIAN_POINT('',(2.159E0,-1.27E0,-9.91E0));
#10827=DIRECTION('',(0.E0,0.E0,-1.E0));
#10828=DIRECTION('',(1.E0,0.E0,0.E0));
#10829=AXIS2_PLACEMENT_3D('',#10826,#10827,#10828);
#10830=CYLINDRICAL_SURFACE('',#10829,1.905E-1);
#10831=ORIENTED_EDGE('',*,*,#5672,.F.);
#10833=ORIENTED_EDGE('',*,*,#10832,.T.);
#10835=ORIENTED_EDGE('',*,*,#10834,.T.);
#10837=ORIENTED_EDGE('',*,*,#10836,.F.);
#10838=EDGE_LOOP('',(#10831,#10833,#10835,#10837));
#10839=FACE_OUTER_BOUND('',#10838,.F.);
#10841=CARTESIAN_POINT('',(2.159E0,-1.27E0,-9.91E0));
#10842=DIRECTION('',(0.E0,0.E0,-1.E0));
#10843=DIRECTION('',(1.E0,0.E0,0.E0));
#10844=AXIS2_PLACEMENT_3D('',#10841,#10842,#10843);
#10845=CYLINDRICAL_SURFACE('',#10844,1.905E-1);
#10846=ORIENTED_EDGE('',*,*,#5674,.F.);
#10847=ORIENTED_EDGE('',*,*,#10836,.T.);
#10849=ORIENTED_EDGE('',*,*,#10848,.T.);
#10850=ORIENTED_EDGE('',*,*,#10832,.F.);
#10851=EDGE_LOOP('',(#10846,#10847,#10849,#10850));
#10852=FACE_OUTER_BOUND('',#10851,.F.);
#10854=CARTESIAN_POINT('',(-1.435E1,0.E0,-1.245E1));
#10855=DIRECTION('',(0.E0,0.E0,-1.E0));
#10856=DIRECTION('',(1.E0,0.E0,0.E0));
#10857=AXIS2_PLACEMENT_3D('',#10854,#10855,#10856);
#10858=PLANE('',#10857);
#10859=ORIENTED_EDGE('',*,*,#10834,.F.);
#10860=ORIENTED_EDGE('',*,*,#10848,.F.);
#10861=EDGE_LOOP('',(#10859,#10860));
#10862=FACE_OUTER_BOUND('',#10861,.F.);
#10864=CARTESIAN_POINT('',(-1.435E1,0.E0,-1.245E1));
#10865=DIRECTION('',(0.E0,0.E0,-1.E0));
#10866=DIRECTION('',(1.E0,0.E0,0.E0));
#10867=AXIS2_PLACEMENT_3D('',#10864,#10865,#10866);
#10868=PLANE('',#10867);
#10870=ORIENTED_EDGE('',*,*,#10869,.F.);
#10872=ORIENTED_EDGE('',*,*,#10871,.F.);
#10873=EDGE_LOOP('',(#10870,#10872));
#10874=FACE_OUTER_BOUND('',#10873,.F.);
#10876=CARTESIAN_POINT('',(2.159E0,1.27E0,-9.91E0));
#10877=DIRECTION('',(0.E0,0.E0,-1.E0));
#10878=DIRECTION('',(1.E0,0.E0,0.E0));
#10879=AXIS2_PLACEMENT_3D('',#10876,#10877,#10878);
#10880=CYLINDRICAL_SURFACE('',#10879,1.905E-1);
#10881=ORIENTED_EDGE('',*,*,#5678,.F.);
#10883=ORIENTED_EDGE('',*,*,#10882,.T.);
#10884=ORIENTED_EDGE('',*,*,#10869,.T.);
#10886=ORIENTED_EDGE('',*,*,#10885,.F.);
#10887=EDGE_LOOP('',(#10881,#10883,#10884,#10886));
#10888=FACE_OUTER_BOUND('',#10887,.F.);
#10890=CARTESIAN_POINT('',(2.159E0,1.27E0,-9.91E0));
#10891=DIRECTION('',(0.E0,0.E0,-1.E0));
#10892=DIRECTION('',(1.E0,0.E0,0.E0));
#10893=AXIS2_PLACEMENT_3D('',#10890,#10891,#10892);
#10894=CYLINDRICAL_SURFACE('',#10893,1.905E-1);
#10895=ORIENTED_EDGE('',*,*,#5680,.F.);
#10896=ORIENTED_EDGE('',*,*,#10885,.T.);
#10897=ORIENTED_EDGE('',*,*,#10871,.T.);
#10898=ORIENTED_EDGE('',*,*,#10882,.F.);
#10899=EDGE_LOOP('',(#10895,#10896,#10897,#10898));
#10900=FACE_OUTER_BOUND('',#10899,.F.);
#10902=CARTESIAN_POINT('',(8.89E-1,-1.27E0,-9.91E0));
#10903=DIRECTION('',(0.E0,0.E0,-1.E0));
#10904=DIRECTION('',(1.E0,0.E0,0.E0));
#10905=AXIS2_PLACEMENT_3D('',#10902,#10903,#10904);
#10906=CYLINDRICAL_SURFACE('',#10905,1.905E-1);
#10907=ORIENTED_EDGE('',*,*,#5684,.F.);
#10909=ORIENTED_EDGE('',*,*,#10908,.T.);
#10911=ORIENTED_EDGE('',*,*,#10910,.T.);
#10913=ORIENTED_EDGE('',*,*,#10912,.F.);
#10914=EDGE_LOOP('',(#10907,#10909,#10911,#10913));
#10915=FACE_OUTER_BOUND('',#10914,.F.);
#10917=CARTESIAN_POINT('',(8.89E-1,-1.27E0,-9.91E0));
#10918=DIRECTION('',(0.E0,0.E0,-1.E0));
#10919=DIRECTION('',(1.E0,0.E0,0.E0));
#10920=AXIS2_PLACEMENT_3D('',#10917,#10918,#10919);
#10921=CYLINDRICAL_SURFACE('',#10920,1.905E-1);
#10922=ORIENTED_EDGE('',*,*,#5686,.F.);
#10923=ORIENTED_EDGE('',*,*,#10912,.T.);
#10925=ORIENTED_EDGE('',*,*,#10924,.T.);
#10926=ORIENTED_EDGE('',*,*,#10908,.F.);
#10927=EDGE_LOOP('',(#10922,#10923,#10925,#10926));
#10928=FACE_OUTER_BOUND('',#10927,.F.);
#10930=CARTESIAN_POINT('',(-1.435E1,0.E0,-1.245E1));
#10931=DIRECTION('',(0.E0,0.E0,-1.E0));
#10932=DIRECTION('',(1.E0,0.E0,0.E0));
#10933=AXIS2_PLACEMENT_3D('',#10930,#10931,#10932);
#10934=PLANE('',#10933);
#10935=ORIENTED_EDGE('',*,*,#10910,.F.);
#10936=ORIENTED_EDGE('',*,*,#10924,.F.);
#10937=EDGE_LOOP('',(#10935,#10936));
#10938=FACE_OUTER_BOUND('',#10937,.F.);
#10940=CARTESIAN_POINT('',(-1.435E1,0.E0,-1.245E1));
#10941=DIRECTION('',(0.E0,0.E0,-1.E0));
#10942=DIRECTION('',(1.E0,0.E0,0.E0));
#10943=AXIS2_PLACEMENT_3D('',#10940,#10941,#10942);
#10944=PLANE('',#10943);
#10946=ORIENTED_EDGE('',*,*,#10945,.F.);
#10948=ORIENTED_EDGE('',*,*,#10947,.F.);
#10949=EDGE_LOOP('',(#10946,#10948));
#10950=FACE_OUTER_BOUND('',#10949,.F.);
#10952=CARTESIAN_POINT('',(8.89E-1,1.27E0,-9.91E0));
#10953=DIRECTION('',(0.E0,0.E0,-1.E0));
#10954=DIRECTION('',(1.E0,0.E0,0.E0));
#10955=AXIS2_PLACEMENT_3D('',#10952,#10953,#10954);
#10956=CYLINDRICAL_SURFACE('',#10955,1.905E-1);
#10957=ORIENTED_EDGE('',*,*,#5690,.F.);
#10959=ORIENTED_EDGE('',*,*,#10958,.T.);
#10960=ORIENTED_EDGE('',*,*,#10945,.T.);
#10962=ORIENTED_EDGE('',*,*,#10961,.F.);
#10963=EDGE_LOOP('',(#10957,#10959,#10960,#10962));
#10964=FACE_OUTER_BOUND('',#10963,.F.);
#10966=CARTESIAN_POINT('',(8.89E-1,1.27E0,-9.91E0));
#10967=DIRECTION('',(0.E0,0.E0,-1.E0));
#10968=DIRECTION('',(1.E0,0.E0,0.E0));
#10969=AXIS2_PLACEMENT_3D('',#10966,#10967,#10968);
#10970=CYLINDRICAL_SURFACE('',#10969,1.905E-1);
#10971=ORIENTED_EDGE('',*,*,#5692,.F.);
#10972=ORIENTED_EDGE('',*,*,#10961,.T.);
#10973=ORIENTED_EDGE('',*,*,#10947,.T.);
#10974=ORIENTED_EDGE('',*,*,#10958,.F.);
#10975=EDGE_LOOP('',(#10971,#10972,#10973,#10974));
#10976=FACE_OUTER_BOUND('',#10975,.F.);
#10978=CARTESIAN_POINT('',(-3.81E-1,-1.27E0,-9.91E0));
#10979=DIRECTION('',(0.E0,0.E0,-1.E0));
#10980=DIRECTION('',(1.E0,0.E0,0.E0));
#10981=AXIS2_PLACEMENT_3D('',#10978,#10979,#10980);
#10982=CYLINDRICAL_SURFACE('',#10981,1.905E-1);
#10983=ORIENTED_EDGE('',*,*,#5696,.F.);
#10985=ORIENTED_EDGE('',*,*,#10984,.T.);
#10987=ORIENTED_EDGE('',*,*,#10986,.T.);
#10989=ORIENTED_EDGE('',*,*,#10988,.F.);
#10990=EDGE_LOOP('',(#10983,#10985,#10987,#10989));
#10991=FACE_OUTER_BOUND('',#10990,.F.);
#10993=CARTESIAN_POINT('',(-3.81E-1,-1.27E0,-9.91E0));
#10994=DIRECTION('',(0.E0,0.E0,-1.E0));
#10995=DIRECTION('',(1.E0,0.E0,0.E0));
#10996=AXIS2_PLACEMENT_3D('',#10993,#10994,#10995);
#10997=CYLINDRICAL_SURFACE('',#10996,1.905E-1);
#10998=ORIENTED_EDGE('',*,*,#5698,.F.);
#10999=ORIENTED_EDGE('',*,*,#10988,.T.);
#11001=ORIENTED_EDGE('',*,*,#11000,.T.);
#11002=ORIENTED_EDGE('',*,*,#10984,.F.);
#11003=EDGE_LOOP('',(#10998,#10999,#11001,#11002));
#11004=FACE_OUTER_BOUND('',#11003,.F.);
#11006=CARTESIAN_POINT('',(-1.435E1,0.E0,-1.245E1));
#11007=DIRECTION('',(0.E0,0.E0,-1.E0));
#11008=DIRECTION('',(1.E0,0.E0,0.E0));
#11009=AXIS2_PLACEMENT_3D('',#11006,#11007,#11008);
#11010=PLANE('',#11009);
#11011=ORIENTED_EDGE('',*,*,#10986,.F.);
#11012=ORIENTED_EDGE('',*,*,#11000,.F.);
#11013=EDGE_LOOP('',(#11011,#11012));
#11014=FACE_OUTER_BOUND('',#11013,.F.);
#11016=CARTESIAN_POINT('',(-1.435E1,0.E0,-1.245E1));
#11017=DIRECTION('',(0.E0,0.E0,-1.E0));
#11018=DIRECTION('',(1.E0,0.E0,0.E0));
#11019=AXIS2_PLACEMENT_3D('',#11016,#11017,#11018);
#11020=PLANE('',#11019);
#11022=ORIENTED_EDGE('',*,*,#11021,.F.);
#11024=ORIENTED_EDGE('',*,*,#11023,.F.);
#11025=EDGE_LOOP('',(#11022,#11024));
#11026=FACE_OUTER_BOUND('',#11025,.F.);
#11028=CARTESIAN_POINT('',(-3.81E-1,1.27E0,-9.91E0));
#11029=DIRECTION('',(0.E0,0.E0,-1.E0));
#11030=DIRECTION('',(1.E0,0.E0,0.E0));
#11031=AXIS2_PLACEMENT_3D('',#11028,#11029,#11030);
#11032=CYLINDRICAL_SURFACE('',#11031,1.905E-1);
#11033=ORIENTED_EDGE('',*,*,#5702,.F.);
#11035=ORIENTED_EDGE('',*,*,#11034,.T.);
#11036=ORIENTED_EDGE('',*,*,#11021,.T.);
#11038=ORIENTED_EDGE('',*,*,#11037,.F.);
#11039=EDGE_LOOP('',(#11033,#11035,#11036,#11038));
#11040=FACE_OUTER_BOUND('',#11039,.F.);
#11042=CARTESIAN_POINT('',(-3.81E-1,1.27E0,-9.91E0));
#11043=DIRECTION('',(0.E0,0.E0,-1.E0));
#11044=DIRECTION('',(1.E0,0.E0,0.E0));
#11045=AXIS2_PLACEMENT_3D('',#11042,#11043,#11044);
#11046=CYLINDRICAL_SURFACE('',#11045,1.905E-1);
#11047=ORIENTED_EDGE('',*,*,#5704,.F.);
#11048=ORIENTED_EDGE('',*,*,#11037,.T.);
#11049=ORIENTED_EDGE('',*,*,#11023,.T.);
#11050=ORIENTED_EDGE('',*,*,#11034,.F.);
#11051=EDGE_LOOP('',(#11047,#11048,#11049,#11050));
#11052=FACE_OUTER_BOUND('',#11051,.F.);
#11054=CARTESIAN_POINT('',(-1.651E0,-1.27E0,-9.91E0));
#11055=DIRECTION('',(0.E0,0.E0,-1.E0));
#11056=DIRECTION('',(1.E0,0.E0,0.E0));
#11057=AXIS2_PLACEMENT_3D('',#11054,#11055,#11056);
#11058=CYLINDRICAL_SURFACE('',#11057,1.905E-1);
#11059=ORIENTED_EDGE('',*,*,#5708,.F.);
#11061=ORIENTED_EDGE('',*,*,#11060,.T.);
#11063=ORIENTED_EDGE('',*,*,#11062,.T.);
#11065=ORIENTED_EDGE('',*,*,#11064,.F.);
#11066=EDGE_LOOP('',(#11059,#11061,#11063,#11065));
#11067=FACE_OUTER_BOUND('',#11066,.F.);
#11069=CARTESIAN_POINT('',(-1.651E0,-1.27E0,-9.91E0));
#11070=DIRECTION('',(0.E0,0.E0,-1.E0));
#11071=DIRECTION('',(1.E0,0.E0,0.E0));
#11072=AXIS2_PLACEMENT_3D('',#11069,#11070,#11071);
#11073=CYLINDRICAL_SURFACE('',#11072,1.905E-1);
#11074=ORIENTED_EDGE('',*,*,#5710,.F.);
#11075=ORIENTED_EDGE('',*,*,#11064,.T.);
#11077=ORIENTED_EDGE('',*,*,#11076,.T.);
#11078=ORIENTED_EDGE('',*,*,#11060,.F.);
#11079=EDGE_LOOP('',(#11074,#11075,#11077,#11078));
#11080=FACE_OUTER_BOUND('',#11079,.F.);
#11082=CARTESIAN_POINT('',(-1.435E1,0.E0,-1.245E1));
#11083=DIRECTION('',(0.E0,0.E0,-1.E0));
#11084=DIRECTION('',(1.E0,0.E0,0.E0));
#11085=AXIS2_PLACEMENT_3D('',#11082,#11083,#11084);
#11086=PLANE('',#11085);
#11087=ORIENTED_EDGE('',*,*,#11062,.F.);
#11088=ORIENTED_EDGE('',*,*,#11076,.F.);
#11089=EDGE_LOOP('',(#11087,#11088));
#11090=FACE_OUTER_BOUND('',#11089,.F.);
#11092=CARTESIAN_POINT('',(-1.435E1,0.E0,-1.245E1));
#11093=DIRECTION('',(0.E0,0.E0,-1.E0));
#11094=DIRECTION('',(1.E0,0.E0,0.E0));
#11095=AXIS2_PLACEMENT_3D('',#11092,#11093,#11094);
#11096=PLANE('',#11095);
#11098=ORIENTED_EDGE('',*,*,#11097,.F.);
#11100=ORIENTED_EDGE('',*,*,#11099,.F.);
#11101=EDGE_LOOP('',(#11098,#11100));
#11102=FACE_OUTER_BOUND('',#11101,.F.);
#11104=CARTESIAN_POINT('',(-1.651E0,1.27E0,-9.91E0));
#11105=DIRECTION('',(0.E0,0.E0,-1.E0));
#11106=DIRECTION('',(1.E0,0.E0,0.E0));
#11107=AXIS2_PLACEMENT_3D('',#11104,#11105,#11106);
#11108=CYLINDRICAL_SURFACE('',#11107,1.905E-1);
#11109=ORIENTED_EDGE('',*,*,#5714,.F.);
#11111=ORIENTED_EDGE('',*,*,#11110,.T.);
#11112=ORIENTED_EDGE('',*,*,#11097,.T.);
#11114=ORIENTED_EDGE('',*,*,#11113,.F.);
#11115=EDGE_LOOP('',(#11109,#11111,#11112,#11114));
#11116=FACE_OUTER_BOUND('',#11115,.F.);
#11118=CARTESIAN_POINT('',(-1.651E0,1.27E0,-9.91E0));
#11119=DIRECTION('',(0.E0,0.E0,-1.E0));
#11120=DIRECTION('',(1.E0,0.E0,0.E0));
#11121=AXIS2_PLACEMENT_3D('',#11118,#11119,#11120);
#11122=CYLINDRICAL_SURFACE('',#11121,1.905E-1);
#11123=ORIENTED_EDGE('',*,*,#5716,.F.);
#11124=ORIENTED_EDGE('',*,*,#11113,.T.);
#11125=ORIENTED_EDGE('',*,*,#11099,.T.);
#11126=ORIENTED_EDGE('',*,*,#11110,.F.);
#11127=EDGE_LOOP('',(#11123,#11124,#11125,#11126));
#11128=FACE_OUTER_BOUND('',#11127,.F.);
#11130=CARTESIAN_POINT('',(-2.921E0,-1.27E0,-9.91E0));
#11131=DIRECTION('',(0.E0,0.E0,-1.E0));
#11132=DIRECTION('',(1.E0,0.E0,0.E0));
#11133=AXIS2_PLACEMENT_3D('',#11130,#11131,#11132);
#11134=CYLINDRICAL_SURFACE('',#11133,1.905E-1);
#11135=ORIENTED_EDGE('',*,*,#5720,.F.);
#11137=ORIENTED_EDGE('',*,*,#11136,.T.);
#11139=ORIENTED_EDGE('',*,*,#11138,.T.);
#11141=ORIENTED_EDGE('',*,*,#11140,.F.);
#11142=EDGE_LOOP('',(#11135,#11137,#11139,#11141));
#11143=FACE_OUTER_BOUND('',#11142,.F.);
#11145=CARTESIAN_POINT('',(-2.921E0,-1.27E0,-9.91E0));
#11146=DIRECTION('',(0.E0,0.E0,-1.E0));
#11147=DIRECTION('',(1.E0,0.E0,0.E0));
#11148=AXIS2_PLACEMENT_3D('',#11145,#11146,#11147);
#11149=CYLINDRICAL_SURFACE('',#11148,1.905E-1);
#11150=ORIENTED_EDGE('',*,*,#5722,.F.);
#11151=ORIENTED_EDGE('',*,*,#11140,.T.);
#11153=ORIENTED_EDGE('',*,*,#11152,.T.);
#11154=ORIENTED_EDGE('',*,*,#11136,.F.);
#11155=EDGE_LOOP('',(#11150,#11151,#11153,#11154));
#11156=FACE_OUTER_BOUND('',#11155,.F.);
#11158=CARTESIAN_POINT('',(-1.435E1,0.E0,-1.245E1));
#11159=DIRECTION('',(0.E0,0.E0,-1.E0));
#11160=DIRECTION('',(1.E0,0.E0,0.E0));
#11161=AXIS2_PLACEMENT_3D('',#11158,#11159,#11160);
#11162=PLANE('',#11161);
#11163=ORIENTED_EDGE('',*,*,#11138,.F.);
#11164=ORIENTED_EDGE('',*,*,#11152,.F.);
#11165=EDGE_LOOP('',(#11163,#11164));
#11166=FACE_OUTER_BOUND('',#11165,.F.);
#11168=CARTESIAN_POINT('',(-1.435E1,0.E0,-1.245E1));
#11169=DIRECTION('',(0.E0,0.E0,-1.E0));
#11170=DIRECTION('',(1.E0,0.E0,0.E0));
#11171=AXIS2_PLACEMENT_3D('',#11168,#11169,#11170);
#11172=PLANE('',#11171);
#11174=ORIENTED_EDGE('',*,*,#11173,.F.);
#11176=ORIENTED_EDGE('',*,*,#11175,.F.);
#11177=EDGE_LOOP('',(#11174,#11176));
#11178=FACE_OUTER_BOUND('',#11177,.F.);
#11180=CARTESIAN_POINT('',(-2.921E0,1.27E0,-9.91E0));
#11181=DIRECTION('',(0.E0,0.E0,-1.E0));
#11182=DIRECTION('',(1.E0,0.E0,0.E0));
#11183=AXIS2_PLACEMENT_3D('',#11180,#11181,#11182);
#11184=CYLINDRICAL_SURFACE('',#11183,1.905E-1);
#11185=ORIENTED_EDGE('',*,*,#5726,.F.);
#11187=ORIENTED_EDGE('',*,*,#11186,.T.);
#11188=ORIENTED_EDGE('',*,*,#11173,.T.);
#11190=ORIENTED_EDGE('',*,*,#11189,.F.);
#11191=EDGE_LOOP('',(#11185,#11187,#11188,#11190));
#11192=FACE_OUTER_BOUND('',#11191,.F.);
#11194=CARTESIAN_POINT('',(-2.921E0,1.27E0,-9.91E0));
#11195=DIRECTION('',(0.E0,0.E0,-1.E0));
#11196=DIRECTION('',(1.E0,0.E0,0.E0));
#11197=AXIS2_PLACEMENT_3D('',#11194,#11195,#11196);
#11198=CYLINDRICAL_SURFACE('',#11197,1.905E-1);
#11199=ORIENTED_EDGE('',*,*,#5728,.F.);
#11200=ORIENTED_EDGE('',*,*,#11189,.T.);
#11201=ORIENTED_EDGE('',*,*,#11175,.T.);
#11202=ORIENTED_EDGE('',*,*,#11186,.F.);
#11203=EDGE_LOOP('',(#11199,#11200,#11201,#11202));
#11204=FACE_OUTER_BOUND('',#11203,.F.);
#11206=CARTESIAN_POINT('',(-4.191E0,-1.27E0,-9.91E0));
#11207=DIRECTION('',(0.E0,0.E0,-1.E0));
#11208=DIRECTION('',(1.E0,0.E0,0.E0));
#11209=AXIS2_PLACEMENT_3D('',#11206,#11207,#11208);
#11210=CYLINDRICAL_SURFACE('',#11209,1.905E-1);
#11211=ORIENTED_EDGE('',*,*,#5732,.F.);
#11213=ORIENTED_EDGE('',*,*,#11212,.T.);
#11215=ORIENTED_EDGE('',*,*,#11214,.T.);
#11217=ORIENTED_EDGE('',*,*,#11216,.F.);
#11218=EDGE_LOOP('',(#11211,#11213,#11215,#11217));
#11219=FACE_OUTER_BOUND('',#11218,.F.);
#11221=CARTESIAN_POINT('',(-4.191E0,-1.27E0,-9.91E0));
#11222=DIRECTION('',(0.E0,0.E0,-1.E0));
#11223=DIRECTION('',(1.E0,0.E0,0.E0));
#11224=AXIS2_PLACEMENT_3D('',#11221,#11222,#11223);
#11225=CYLINDRICAL_SURFACE('',#11224,1.905E-1);
#11226=ORIENTED_EDGE('',*,*,#5734,.F.);
#11227=ORIENTED_EDGE('',*,*,#11216,.T.);
#11229=ORIENTED_EDGE('',*,*,#11228,.T.);
#11230=ORIENTED_EDGE('',*,*,#11212,.F.);
#11231=EDGE_LOOP('',(#11226,#11227,#11229,#11230));
#11232=FACE_OUTER_BOUND('',#11231,.F.);
#11234=CARTESIAN_POINT('',(-1.435E1,0.E0,-1.245E1));
#11235=DIRECTION('',(0.E0,0.E0,-1.E0));
#11236=DIRECTION('',(1.E0,0.E0,0.E0));
#11237=AXIS2_PLACEMENT_3D('',#11234,#11235,#11236);
#11238=PLANE('',#11237);
#11239=ORIENTED_EDGE('',*,*,#11214,.F.);
#11240=ORIENTED_EDGE('',*,*,#11228,.F.);
#11241=EDGE_LOOP('',(#11239,#11240));
#11242=FACE_OUTER_BOUND('',#11241,.F.);
#11244=CARTESIAN_POINT('',(-1.435E1,0.E0,-1.245E1));
#11245=DIRECTION('',(0.E0,0.E0,-1.E0));
#11246=DIRECTION('',(1.E0,0.E0,0.E0));
#11247=AXIS2_PLACEMENT_3D('',#11244,#11245,#11246);
#11248=PLANE('',#11247);
#11250=ORIENTED_EDGE('',*,*,#11249,.F.);
#11252=ORIENTED_EDGE('',*,*,#11251,.F.);
#11253=EDGE_LOOP('',(#11250,#11252));
#11254=FACE_OUTER_BOUND('',#11253,.F.);
#11256=CARTESIAN_POINT('',(-4.191E0,1.27E0,-9.91E0));
#11257=DIRECTION('',(0.E0,0.E0,-1.E0));
#11258=DIRECTION('',(1.E0,0.E0,0.E0));
#11259=AXIS2_PLACEMENT_3D('',#11256,#11257,#11258);
#11260=CYLINDRICAL_SURFACE('',#11259,1.905E-1);
#11261=ORIENTED_EDGE('',*,*,#5738,.F.);
#11263=ORIENTED_EDGE('',*,*,#11262,.T.);
#11264=ORIENTED_EDGE('',*,*,#11249,.T.);
#11266=ORIENTED_EDGE('',*,*,#11265,.F.);
#11267=EDGE_LOOP('',(#11261,#11263,#11264,#11266));
#11268=FACE_OUTER_BOUND('',#11267,.F.);
#11270=CARTESIAN_POINT('',(-4.191E0,1.27E0,-9.91E0));
#11271=DIRECTION('',(0.E0,0.E0,-1.E0));
#11272=DIRECTION('',(1.E0,0.E0,0.E0));
#11273=AXIS2_PLACEMENT_3D('',#11270,#11271,#11272);
#11274=CYLINDRICAL_SURFACE('',#11273,1.905E-1);
#11275=ORIENTED_EDGE('',*,*,#5740,.F.);
#11276=ORIENTED_EDGE('',*,*,#11265,.T.);
#11277=ORIENTED_EDGE('',*,*,#11251,.T.);
#11278=ORIENTED_EDGE('',*,*,#11262,.F.);
#11279=EDGE_LOOP('',(#11275,#11276,#11277,#11278));
#11280=FACE_OUTER_BOUND('',#11279,.F.);
#11282=CARTESIAN_POINT('',(-5.461E0,-1.27E0,-9.91E0));
#11283=DIRECTION('',(0.E0,0.E0,-1.E0));
#11284=DIRECTION('',(1.E0,0.E0,0.E0));
#11285=AXIS2_PLACEMENT_3D('',#11282,#11283,#11284);
#11286=CYLINDRICAL_SURFACE('',#11285,1.905E-1);
#11287=ORIENTED_EDGE('',*,*,#5744,.F.);
#11289=ORIENTED_EDGE('',*,*,#11288,.T.);
#11291=ORIENTED_EDGE('',*,*,#11290,.T.);
#11293=ORIENTED_EDGE('',*,*,#11292,.F.);
#11294=EDGE_LOOP('',(#11287,#11289,#11291,#11293));
#11295=FACE_OUTER_BOUND('',#11294,.F.);
#11297=CARTESIAN_POINT('',(-5.461E0,-1.27E0,-9.91E0));
#11298=DIRECTION('',(0.E0,0.E0,-1.E0));
#11299=DIRECTION('',(1.E0,0.E0,0.E0));
#11300=AXIS2_PLACEMENT_3D('',#11297,#11298,#11299);
#11301=CYLINDRICAL_SURFACE('',#11300,1.905E-1);
#11302=ORIENTED_EDGE('',*,*,#5746,.F.);
#11303=ORIENTED_EDGE('',*,*,#11292,.T.);
#11305=ORIENTED_EDGE('',*,*,#11304,.T.);
#11306=ORIENTED_EDGE('',*,*,#11288,.F.);
#11307=EDGE_LOOP('',(#11302,#11303,#11305,#11306));
#11308=FACE_OUTER_BOUND('',#11307,.F.);
#11310=CARTESIAN_POINT('',(-1.435E1,0.E0,-1.245E1));
#11311=DIRECTION('',(0.E0,0.E0,-1.E0));
#11312=DIRECTION('',(1.E0,0.E0,0.E0));
#11313=AXIS2_PLACEMENT_3D('',#11310,#11311,#11312);
#11314=PLANE('',#11313);
#11315=ORIENTED_EDGE('',*,*,#11290,.F.);
#11316=ORIENTED_EDGE('',*,*,#11304,.F.);
#11317=EDGE_LOOP('',(#11315,#11316));
#11318=FACE_OUTER_BOUND('',#11317,.F.);
#11320=CARTESIAN_POINT('',(-1.435E1,0.E0,-1.245E1));
#11321=DIRECTION('',(0.E0,0.E0,-1.E0));
#11322=DIRECTION('',(1.E0,0.E0,0.E0));
#11323=AXIS2_PLACEMENT_3D('',#11320,#11321,#11322);
#11324=PLANE('',#11323);
#11326=ORIENTED_EDGE('',*,*,#11325,.F.);
#11328=ORIENTED_EDGE('',*,*,#11327,.F.);
#11329=EDGE_LOOP('',(#11326,#11328));
#11330=FACE_OUTER_BOUND('',#11329,.F.);
#11332=CARTESIAN_POINT('',(-5.461E0,1.27E0,-9.91E0));
#11333=DIRECTION('',(0.E0,0.E0,-1.E0));
#11334=DIRECTION('',(1.E0,0.E0,0.E0));
#11335=AXIS2_PLACEMENT_3D('',#11332,#11333,#11334);
#11336=CYLINDRICAL_SURFACE('',#11335,1.905E-1);
#11337=ORIENTED_EDGE('',*,*,#5750,.F.);
#11339=ORIENTED_EDGE('',*,*,#11338,.T.);
#11340=ORIENTED_EDGE('',*,*,#11325,.T.);
#11342=ORIENTED_EDGE('',*,*,#11341,.F.);
#11343=EDGE_LOOP('',(#11337,#11339,#11340,#11342));
#11344=FACE_OUTER_BOUND('',#11343,.F.);
#11346=CARTESIAN_POINT('',(-5.461E0,1.27E0,-9.91E0));
#11347=DIRECTION('',(0.E0,0.E0,-1.E0));
#11348=DIRECTION('',(1.E0,0.E0,0.E0));
#11349=AXIS2_PLACEMENT_3D('',#11346,#11347,#11348);
#11350=CYLINDRICAL_SURFACE('',#11349,1.905E-1);
#11351=ORIENTED_EDGE('',*,*,#5752,.F.);
#11352=ORIENTED_EDGE('',*,*,#11341,.T.);
#11353=ORIENTED_EDGE('',*,*,#11327,.T.);
#11354=ORIENTED_EDGE('',*,*,#11338,.F.);
#11355=EDGE_LOOP('',(#11351,#11352,#11353,#11354));
#11356=FACE_OUTER_BOUND('',#11355,.F.);
#11358=CARTESIAN_POINT('',(-6.731E0,-1.27E0,-9.91E0));
#11359=DIRECTION('',(0.E0,0.E0,-1.E0));
#11360=DIRECTION('',(1.E0,0.E0,0.E0));
#11361=AXIS2_PLACEMENT_3D('',#11358,#11359,#11360);
#11362=CYLINDRICAL_SURFACE('',#11361,1.905E-1);
#11363=ORIENTED_EDGE('',*,*,#5756,.F.);
#11365=ORIENTED_EDGE('',*,*,#11364,.T.);
#11367=ORIENTED_EDGE('',*,*,#11366,.T.);
#11369=ORIENTED_EDGE('',*,*,#11368,.F.);
#11370=EDGE_LOOP('',(#11363,#11365,#11367,#11369));
#11371=FACE_OUTER_BOUND('',#11370,.F.);
#11373=CARTESIAN_POINT('',(-6.731E0,-1.27E0,-9.91E0));
#11374=DIRECTION('',(0.E0,0.E0,-1.E0));
#11375=DIRECTION('',(1.E0,0.E0,0.E0));
#11376=AXIS2_PLACEMENT_3D('',#11373,#11374,#11375);
#11377=CYLINDRICAL_SURFACE('',#11376,1.905E-1);
#11378=ORIENTED_EDGE('',*,*,#5758,.F.);
#11379=ORIENTED_EDGE('',*,*,#11368,.T.);
#11381=ORIENTED_EDGE('',*,*,#11380,.T.);
#11382=ORIENTED_EDGE('',*,*,#11364,.F.);
#11383=EDGE_LOOP('',(#11378,#11379,#11381,#11382));
#11384=FACE_OUTER_BOUND('',#11383,.F.);
#11386=CARTESIAN_POINT('',(-1.435E1,0.E0,-1.245E1));
#11387=DIRECTION('',(0.E0,0.E0,-1.E0));
#11388=DIRECTION('',(1.E0,0.E0,0.E0));
#11389=AXIS2_PLACEMENT_3D('',#11386,#11387,#11388);
#11390=PLANE('',#11389);
#11391=ORIENTED_EDGE('',*,*,#11366,.F.);
#11392=ORIENTED_EDGE('',*,*,#11380,.F.);
#11393=EDGE_LOOP('',(#11391,#11392));
#11394=FACE_OUTER_BOUND('',#11393,.F.);
#11396=CARTESIAN_POINT('',(-1.435E1,0.E0,-1.245E1));
#11397=DIRECTION('',(0.E0,0.E0,-1.E0));
#11398=DIRECTION('',(1.E0,0.E0,0.E0));
#11399=AXIS2_PLACEMENT_3D('',#11396,#11397,#11398);
#11400=PLANE('',#11399);
#11402=ORIENTED_EDGE('',*,*,#11401,.F.);
#11404=ORIENTED_EDGE('',*,*,#11403,.F.);
#11405=EDGE_LOOP('',(#11402,#11404));
#11406=FACE_OUTER_BOUND('',#11405,.F.);
#11408=CARTESIAN_POINT('',(-6.731E0,1.27E0,-9.91E0));
#11409=DIRECTION('',(0.E0,0.E0,-1.E0));
#11410=DIRECTION('',(1.E0,0.E0,0.E0));
#11411=AXIS2_PLACEMENT_3D('',#11408,#11409,#11410);
#11412=CYLINDRICAL_SURFACE('',#11411,1.905E-1);
#11413=ORIENTED_EDGE('',*,*,#5762,.F.);
#11415=ORIENTED_EDGE('',*,*,#11414,.T.);
#11416=ORIENTED_EDGE('',*,*,#11401,.T.);
#11418=ORIENTED_EDGE('',*,*,#11417,.F.);
#11419=EDGE_LOOP('',(#11413,#11415,#11416,#11418));
#11420=FACE_OUTER_BOUND('',#11419,.F.);
#11422=CARTESIAN_POINT('',(-6.731E0,1.27E0,-9.91E0));
#11423=DIRECTION('',(0.E0,0.E0,-1.E0));
#11424=DIRECTION('',(1.E0,0.E0,0.E0));
#11425=AXIS2_PLACEMENT_3D('',#11422,#11423,#11424);
#11426=CYLINDRICAL_SURFACE('',#11425,1.905E-1);
#11427=ORIENTED_EDGE('',*,*,#5764,.F.);
#11428=ORIENTED_EDGE('',*,*,#11417,.T.);
#11429=ORIENTED_EDGE('',*,*,#11403,.T.);
#11430=ORIENTED_EDGE('',*,*,#11414,.F.);
#11431=EDGE_LOOP('',(#11427,#11428,#11429,#11430));
#11432=FACE_OUTER_BOUND('',#11431,.F.);
#11434=CARTESIAN_POINT('',(-8.001E0,-1.27E0,-9.91E0));
#11435=DIRECTION('',(0.E0,0.E0,-1.E0));
#11436=DIRECTION('',(1.E0,0.E0,0.E0));
#11437=AXIS2_PLACEMENT_3D('',#11434,#11435,#11436);
#11438=CYLINDRICAL_SURFACE('',#11437,1.905E-1);
#11439=ORIENTED_EDGE('',*,*,#5768,.F.);
#11441=ORIENTED_EDGE('',*,*,#11440,.T.);
#11443=ORIENTED_EDGE('',*,*,#11442,.T.);
#11445=ORIENTED_EDGE('',*,*,#11444,.F.);
#11446=EDGE_LOOP('',(#11439,#11441,#11443,#11445));
#11447=FACE_OUTER_BOUND('',#11446,.F.);
#11449=CARTESIAN_POINT('',(-8.001E0,-1.27E0,-9.91E0));
#11450=DIRECTION('',(0.E0,0.E0,-1.E0));
#11451=DIRECTION('',(1.E0,0.E0,0.E0));
#11452=AXIS2_PLACEMENT_3D('',#11449,#11450,#11451);
#11453=CYLINDRICAL_SURFACE('',#11452,1.905E-1);
#11454=ORIENTED_EDGE('',*,*,#5770,.F.);
#11455=ORIENTED_EDGE('',*,*,#11444,.T.);
#11457=ORIENTED_EDGE('',*,*,#11456,.T.);
#11458=ORIENTED_EDGE('',*,*,#11440,.F.);
#11459=EDGE_LOOP('',(#11454,#11455,#11457,#11458));
#11460=FACE_OUTER_BOUND('',#11459,.F.);
#11462=CARTESIAN_POINT('',(-1.435E1,0.E0,-1.245E1));
#11463=DIRECTION('',(0.E0,0.E0,-1.E0));
#11464=DIRECTION('',(1.E0,0.E0,0.E0));
#11465=AXIS2_PLACEMENT_3D('',#11462,#11463,#11464);
#11466=PLANE('',#11465);
#11467=ORIENTED_EDGE('',*,*,#11442,.F.);
#11468=ORIENTED_EDGE('',*,*,#11456,.F.);
#11469=EDGE_LOOP('',(#11467,#11468));
#11470=FACE_OUTER_BOUND('',#11469,.F.);
#11472=CARTESIAN_POINT('',(-1.435E1,0.E0,-1.245E1));
#11473=DIRECTION('',(0.E0,0.E0,-1.E0));
#11474=DIRECTION('',(1.E0,0.E0,0.E0));
#11475=AXIS2_PLACEMENT_3D('',#11472,#11473,#11474);
#11476=PLANE('',#11475);
#11478=ORIENTED_EDGE('',*,*,#11477,.F.);
#11480=ORIENTED_EDGE('',*,*,#11479,.F.);
#11481=EDGE_LOOP('',(#11478,#11480));
#11482=FACE_OUTER_BOUND('',#11481,.F.);
#11484=CARTESIAN_POINT('',(-8.001E0,1.27E0,-9.91E0));
#11485=DIRECTION('',(0.E0,0.E0,-1.E0));
#11486=DIRECTION('',(1.E0,0.E0,0.E0));
#11487=AXIS2_PLACEMENT_3D('',#11484,#11485,#11486);
#11488=CYLINDRICAL_SURFACE('',#11487,1.905E-1);
#11489=ORIENTED_EDGE('',*,*,#5774,.F.);
#11491=ORIENTED_EDGE('',*,*,#11490,.T.);
#11492=ORIENTED_EDGE('',*,*,#11477,.T.);
#11494=ORIENTED_EDGE('',*,*,#11493,.F.);
#11495=EDGE_LOOP('',(#11489,#11491,#11492,#11494));
#11496=FACE_OUTER_BOUND('',#11495,.F.);
#11498=CARTESIAN_POINT('',(-8.001E0,1.27E0,-9.91E0));
#11499=DIRECTION('',(0.E0,0.E0,-1.E0));
#11500=DIRECTION('',(1.E0,0.E0,0.E0));
#11501=AXIS2_PLACEMENT_3D('',#11498,#11499,#11500);
#11502=CYLINDRICAL_SURFACE('',#11501,1.905E-1);
#11503=ORIENTED_EDGE('',*,*,#5776,.F.);
#11504=ORIENTED_EDGE('',*,*,#11493,.T.);
#11505=ORIENTED_EDGE('',*,*,#11479,.T.);
#11506=ORIENTED_EDGE('',*,*,#11490,.F.);
#11507=EDGE_LOOP('',(#11503,#11504,#11505,#11506));
#11508=FACE_OUTER_BOUND('',#11507,.F.);
#11510=CARTESIAN_POINT('',(-9.271E0,-1.27E0,-9.91E0));
#11511=DIRECTION('',(0.E0,0.E0,-1.E0));
#11512=DIRECTION('',(1.E0,0.E0,0.E0));
#11513=AXIS2_PLACEMENT_3D('',#11510,#11511,#11512);
#11514=CYLINDRICAL_SURFACE('',#11513,1.905E-1);
#11515=ORIENTED_EDGE('',*,*,#5780,.F.);
#11517=ORIENTED_EDGE('',*,*,#11516,.T.);
#11519=ORIENTED_EDGE('',*,*,#11518,.T.);
#11521=ORIENTED_EDGE('',*,*,#11520,.F.);
#11522=EDGE_LOOP('',(#11515,#11517,#11519,#11521));
#11523=FACE_OUTER_BOUND('',#11522,.F.);
#11525=CARTESIAN_POINT('',(-9.271E0,-1.27E0,-9.91E0));
#11526=DIRECTION('',(0.E0,0.E0,-1.E0));
#11527=DIRECTION('',(1.E0,0.E0,0.E0));
#11528=AXIS2_PLACEMENT_3D('',#11525,#11526,#11527);
#11529=CYLINDRICAL_SURFACE('',#11528,1.905E-1);
#11530=ORIENTED_EDGE('',*,*,#5782,.F.);
#11531=ORIENTED_EDGE('',*,*,#11520,.T.);
#11533=ORIENTED_EDGE('',*,*,#11532,.T.);
#11534=ORIENTED_EDGE('',*,*,#11516,.F.);
#11535=EDGE_LOOP('',(#11530,#11531,#11533,#11534));
#11536=FACE_OUTER_BOUND('',#11535,.F.);
#11538=CARTESIAN_POINT('',(-1.435E1,0.E0,-1.245E1));
#11539=DIRECTION('',(0.E0,0.E0,-1.E0));
#11540=DIRECTION('',(1.E0,0.E0,0.E0));
#11541=AXIS2_PLACEMENT_3D('',#11538,#11539,#11540);
#11542=PLANE('',#11541);
#11543=ORIENTED_EDGE('',*,*,#11518,.F.);
#11544=ORIENTED_EDGE('',*,*,#11532,.F.);
#11545=EDGE_LOOP('',(#11543,#11544));
#11546=FACE_OUTER_BOUND('',#11545,.F.);
#11548=CARTESIAN_POINT('',(-1.435E1,0.E0,-1.245E1));
#11549=DIRECTION('',(0.E0,0.E0,-1.E0));
#11550=DIRECTION('',(1.E0,0.E0,0.E0));
#11551=AXIS2_PLACEMENT_3D('',#11548,#11549,#11550);
#11552=PLANE('',#11551);
#11554=ORIENTED_EDGE('',*,*,#11553,.F.);
#11556=ORIENTED_EDGE('',*,*,#11555,.F.);
#11557=EDGE_LOOP('',(#11554,#11556));
#11558=FACE_OUTER_BOUND('',#11557,.F.);
#11560=CARTESIAN_POINT('',(-9.271E0,1.27E0,-9.91E0));
#11561=DIRECTION('',(0.E0,0.E0,-1.E0));
#11562=DIRECTION('',(1.E0,0.E0,0.E0));
#11563=AXIS2_PLACEMENT_3D('',#11560,#11561,#11562);
#11564=CYLINDRICAL_SURFACE('',#11563,1.905E-1);
#11565=ORIENTED_EDGE('',*,*,#5786,.F.);
#11567=ORIENTED_EDGE('',*,*,#11566,.T.);
#11568=ORIENTED_EDGE('',*,*,#11553,.T.);
#11570=ORIENTED_EDGE('',*,*,#11569,.F.);
#11571=EDGE_LOOP('',(#11565,#11567,#11568,#11570));
#11572=FACE_OUTER_BOUND('',#11571,.F.);
#11574=CARTESIAN_POINT('',(-9.271E0,1.27E0,-9.91E0));
#11575=DIRECTION('',(0.E0,0.E0,-1.E0));
#11576=DIRECTION('',(1.E0,0.E0,0.E0));
#11577=AXIS2_PLACEMENT_3D('',#11574,#11575,#11576);
#11578=CYLINDRICAL_SURFACE('',#11577,1.905E-1);
#11579=ORIENTED_EDGE('',*,*,#5788,.F.);
#11580=ORIENTED_EDGE('',*,*,#11569,.T.);
#11581=ORIENTED_EDGE('',*,*,#11555,.T.);
#11582=ORIENTED_EDGE('',*,*,#11566,.F.);
#11583=EDGE_LOOP('',(#11579,#11580,#11581,#11582));
#11584=FACE_OUTER_BOUND('',#11583,.F.);
#11586=CARTESIAN_POINT('',(-1.0541E1,-1.27E0,-9.91E0));
#11587=DIRECTION('',(0.E0,0.E0,-1.E0));
#11588=DIRECTION('',(1.E0,0.E0,0.E0));
#11589=AXIS2_PLACEMENT_3D('',#11586,#11587,#11588);
#11590=CYLINDRICAL_SURFACE('',#11589,1.905E-1);
#11591=ORIENTED_EDGE('',*,*,#5792,.F.);
#11593=ORIENTED_EDGE('',*,*,#11592,.T.);
#11595=ORIENTED_EDGE('',*,*,#11594,.T.);
#11597=ORIENTED_EDGE('',*,*,#11596,.F.);
#11598=EDGE_LOOP('',(#11591,#11593,#11595,#11597));
#11599=FACE_OUTER_BOUND('',#11598,.F.);
#11601=CARTESIAN_POINT('',(-1.0541E1,-1.27E0,-9.91E0));
#11602=DIRECTION('',(0.E0,0.E0,-1.E0));
#11603=DIRECTION('',(1.E0,0.E0,0.E0));
#11604=AXIS2_PLACEMENT_3D('',#11601,#11602,#11603);
#11605=CYLINDRICAL_SURFACE('',#11604,1.905E-1);
#11606=ORIENTED_EDGE('',*,*,#5794,.F.);
#11607=ORIENTED_EDGE('',*,*,#11596,.T.);
#11609=ORIENTED_EDGE('',*,*,#11608,.T.);
#11610=ORIENTED_EDGE('',*,*,#11592,.F.);
#11611=EDGE_LOOP('',(#11606,#11607,#11609,#11610));
#11612=FACE_OUTER_BOUND('',#11611,.F.);
#11614=CARTESIAN_POINT('',(-1.435E1,0.E0,-1.245E1));
#11615=DIRECTION('',(0.E0,0.E0,-1.E0));
#11616=DIRECTION('',(1.E0,0.E0,0.E0));
#11617=AXIS2_PLACEMENT_3D('',#11614,#11615,#11616);
#11618=PLANE('',#11617);
#11619=ORIENTED_EDGE('',*,*,#11594,.F.);
#11620=ORIENTED_EDGE('',*,*,#11608,.F.);
#11621=EDGE_LOOP('',(#11619,#11620));
#11622=FACE_OUTER_BOUND('',#11621,.F.);
#11624=CARTESIAN_POINT('',(-1.435E1,0.E0,-1.245E1));
#11625=DIRECTION('',(0.E0,0.E0,-1.E0));
#11626=DIRECTION('',(1.E0,0.E0,0.E0));
#11627=AXIS2_PLACEMENT_3D('',#11624,#11625,#11626);
#11628=PLANE('',#11627);
#11630=ORIENTED_EDGE('',*,*,#11629,.F.);
#11632=ORIENTED_EDGE('',*,*,#11631,.F.);
#11633=EDGE_LOOP('',(#11630,#11632));
#11634=FACE_OUTER_BOUND('',#11633,.F.);
#11636=CARTESIAN_POINT('',(-1.0541E1,1.27E0,-9.91E0));
#11637=DIRECTION('',(0.E0,0.E0,-1.E0));
#11638=DIRECTION('',(1.E0,0.E0,0.E0));
#11639=AXIS2_PLACEMENT_3D('',#11636,#11637,#11638);
#11640=CYLINDRICAL_SURFACE('',#11639,1.905E-1);
#11641=ORIENTED_EDGE('',*,*,#5798,.F.);
#11643=ORIENTED_EDGE('',*,*,#11642,.T.);
#11644=ORIENTED_EDGE('',*,*,#11629,.T.);
#11646=ORIENTED_EDGE('',*,*,#11645,.F.);
#11647=EDGE_LOOP('',(#11641,#11643,#11644,#11646));
#11648=FACE_OUTER_BOUND('',#11647,.F.);
#11650=CARTESIAN_POINT('',(-1.0541E1,1.27E0,-9.91E0));
#11651=DIRECTION('',(0.E0,0.E0,-1.E0));
#11652=DIRECTION('',(1.E0,0.E0,0.E0));
#11653=AXIS2_PLACEMENT_3D('',#11650,#11651,#11652);
#11654=CYLINDRICAL_SURFACE('',#11653,1.905E-1);
#11655=ORIENTED_EDGE('',*,*,#5800,.F.);
#11656=ORIENTED_EDGE('',*,*,#11645,.T.);
#11657=ORIENTED_EDGE('',*,*,#11631,.T.);
#11658=ORIENTED_EDGE('',*,*,#11642,.F.);
#11659=EDGE_LOOP('',(#11655,#11656,#11657,#11658));
#11660=FACE_OUTER_BOUND('',#11659,.F.);
#11662=CARTESIAN_POINT('',(-1.1811E1,-1.27E0,-9.91E0));
#11663=DIRECTION('',(0.E0,0.E0,-1.E0));
#11664=DIRECTION('',(1.E0,0.E0,0.E0));
#11665=AXIS2_PLACEMENT_3D('',#11662,#11663,#11664);
#11666=CYLINDRICAL_SURFACE('',#11665,1.905E-1);
#11667=ORIENTED_EDGE('',*,*,#5804,.F.);
#11669=ORIENTED_EDGE('',*,*,#11668,.T.);
#11671=ORIENTED_EDGE('',*,*,#11670,.T.);
#11673=ORIENTED_EDGE('',*,*,#11672,.F.);
#11674=EDGE_LOOP('',(#11667,#11669,#11671,#11673));
#11675=FACE_OUTER_BOUND('',#11674,.F.);
#11677=CARTESIAN_POINT('',(-1.1811E1,-1.27E0,-9.91E0));
#11678=DIRECTION('',(0.E0,0.E0,-1.E0));
#11679=DIRECTION('',(1.E0,0.E0,0.E0));
#11680=AXIS2_PLACEMENT_3D('',#11677,#11678,#11679);
#11681=CYLINDRICAL_SURFACE('',#11680,1.905E-1);
#11682=ORIENTED_EDGE('',*,*,#5806,.F.);
#11683=ORIENTED_EDGE('',*,*,#11672,.T.);
#11685=ORIENTED_EDGE('',*,*,#11684,.T.);
#11686=ORIENTED_EDGE('',*,*,#11668,.F.);
#11687=EDGE_LOOP('',(#11682,#11683,#11685,#11686));
#11688=FACE_OUTER_BOUND('',#11687,.F.);
#11690=CARTESIAN_POINT('',(-1.435E1,0.E0,-1.245E1));
#11691=DIRECTION('',(0.E0,0.E0,-1.E0));
#11692=DIRECTION('',(1.E0,0.E0,0.E0));
#11693=AXIS2_PLACEMENT_3D('',#11690,#11691,#11692);
#11694=PLANE('',#11693);
#11695=ORIENTED_EDGE('',*,*,#11670,.F.);
#11696=ORIENTED_EDGE('',*,*,#11684,.F.);
#11697=EDGE_LOOP('',(#11695,#11696));
#11698=FACE_OUTER_BOUND('',#11697,.F.);
#11700=CARTESIAN_POINT('',(-1.435E1,0.E0,-1.245E1));
#11701=DIRECTION('',(0.E0,0.E0,-1.E0));
#11702=DIRECTION('',(1.E0,0.E0,0.E0));
#11703=AXIS2_PLACEMENT_3D('',#11700,#11701,#11702);
#11704=PLANE('',#11703);
#11706=ORIENTED_EDGE('',*,*,#11705,.F.);
#11708=ORIENTED_EDGE('',*,*,#11707,.F.);
#11709=EDGE_LOOP('',(#11706,#11708));
#11710=FACE_OUTER_BOUND('',#11709,.F.);
#11712=CARTESIAN_POINT('',(-1.1811E1,1.27E0,-9.91E0));
#11713=DIRECTION('',(0.E0,0.E0,-1.E0));
#11714=DIRECTION('',(1.E0,0.E0,0.E0));
#11715=AXIS2_PLACEMENT_3D('',#11712,#11713,#11714);
#11716=CYLINDRICAL_SURFACE('',#11715,1.905E-1);
#11717=ORIENTED_EDGE('',*,*,#5810,.F.);
#11719=ORIENTED_EDGE('',*,*,#11718,.T.);
#11720=ORIENTED_EDGE('',*,*,#11705,.T.);
#11722=ORIENTED_EDGE('',*,*,#11721,.F.);
#11723=EDGE_LOOP('',(#11717,#11719,#11720,#11722));
#11724=FACE_OUTER_BOUND('',#11723,.F.);
#11726=CARTESIAN_POINT('',(-1.1811E1,1.27E0,-9.91E0));
#11727=DIRECTION('',(0.E0,0.E0,-1.E0));
#11728=DIRECTION('',(1.E0,0.E0,0.E0));
#11729=AXIS2_PLACEMENT_3D('',#11726,#11727,#11728);
#11730=CYLINDRICAL_SURFACE('',#11729,1.905E-1);
#11731=ORIENTED_EDGE('',*,*,#5812,.F.);
#11732=ORIENTED_EDGE('',*,*,#11721,.T.);
#11733=ORIENTED_EDGE('',*,*,#11707,.T.);
#11734=ORIENTED_EDGE('',*,*,#11718,.F.);
#11735=EDGE_LOOP('',(#11731,#11732,#11733,#11734));
#11736=FACE_OUTER_BOUND('',#11735,.F.);
#11738=CLOSED_SHELL('',(#5511,#5526,#5548,#5562,#5816,#5830,#5844,#5904,#5919,
#5934,#5978,#5993,#6007,#6028,#6056,#6085,#6099,#6113,#6128,#6566,#6580,#6594,
#6608,#6621,#6637,#6660,#6674,#6689,#6703,#6719,#6732,#6751,#6765,#6780,#6801,
#6814,#6829,#6841,#6855,#6869,#6886,#6899,#6912,#6926,#6938,#6950,#6962,#6974,
#6997,#7011,#7025,#7039,#7053,#7070,#7096,#7122,#7135,#7156,#7168,#7186,#7199,
#7216,#7229,#7242,#7254,#7267,#7280,#7296,#7314,#7327,#7345,#7363,#7376,#7393,
#7406,#7419,#7431,#7444,#7457,#7473,#7488,#7502,#7516,#7529,#7541,#7557,#7571,
#7584,#7597,#7609,#7624,#7638,#7652,#7665,#7677,#7693,#7707,#7720,#7733,#7745,
#7760,#7774,#7788,#7801,#7813,#7829,#7843,#7856,#7869,#7881,#7896,#7910,#7924,
#7937,#7949,#7965,#7979,#7992,#8005,#8017,#8032,#8046,#8060,#8073,#8085,#8101,
#8115,#8128,#8141,#8153,#8168,#8182,#8196,#8209,#8221,#8237,#8251,#8264,#8277,
#8289,#8304,#8318,#8332,#8345,#8357,#8373,#8387,#8400,#8413,#8425,#8440,#8454,
#8468,#8481,#8493,#8509,#8523,#8536,#8549,#8561,#8576,#8590,#8604,#8617,#8629,
#8645,#8659,#8672,#8685,#8697,#8712,#8726,#8740,#8753,#8765,#8781,#8795,#8808,
#8821,#8833,#8848,#8862,#8876,#8889,#8901,#8917,#8931,#8944,#8957,#8969,#8984,
#8998,#9012,#9025,#9037,#9053,#9067,#9080,#9093,#9105,#9120,#9134,#9148,#9161,
#9173,#9189,#9203,#9216,#9229,#9241,#9256,#9270,#9284,#9297,#9309,#9325,#9339,
#9352,#9365,#9377,#9392,#9406,#9420,#9433,#9445,#9461,#9475,#9488,#9501,#9513,
#9528,#9542,#9556,#9569,#9581,#9597,#9611,#9624,#9637,#9649,#9664,#9678,#9692,
#9705,#9717,#9733,#9747,#9760,#9773,#9785,#9800,#9814,#9828,#9841,#9853,#9869,
#9883,#9896,#9909,#9921,#9936,#9950,#9964,#9977,#9989,#10005,#10019,#10032,
#10045,#10057,#10072,#10086,#10100,#10113,#10125,#10141,#10155,#10168,#10181,
#10193,#10205,#10217,#10232,#10245,#10255,#10267,#10281,#10293,#10308,#10321,
#10331,#10343,#10357,#10369,#10384,#10397,#10407,#10419,#10433,#10445,#10460,
#10473,#10483,#10495,#10509,#10521,#10536,#10549,#10559,#10571,#10585,#10597,
#10612,#10625,#10635,#10647,#10661,#10673,#10688,#10701,#10711,#10723,#10737,
#10749,#10764,#10777,#10787,#10799,#10813,#10825,#10840,#10853,#10863,#10875,
#10889,#10901,#10916,#10929,#10939,#10951,#10965,#10977,#10992,#11005,#11015,
#11027,#11041,#11053,#11068,#11081,#11091,#11103,#11117,#11129,#11144,#11157,
#11167,#11179,#11193,#11205,#11220,#11233,#11243,#11255,#11269,#11281,#11296,
#11309,#11319,#11331,#11345,#11357,#11372,#11385,#11395,#11407,#11421,#11433,
#11448,#11461,#11471,#11483,#11497,#11509,#11524,#11537,#11547,#11559,#11573,
#11585,#11600,#11613,#11623,#11635,#11649,#11661,#11676,#11689,#11699,#11711,
#11725,#11737));
#11739=MANIFOLD_SOLID_BREP('',#11738);
#11742=PLANE_ANGLE_MEASURE_WITH_UNIT(PLANE_ANGLE_MEASURE(1.745329251994E-2),
#11741);
#11743=(CONVERSION_BASED_UNIT('DEGREE',#11742)NAMED_UNIT(*)PLANE_ANGLE_UNIT());
#11745=UNCERTAINTY_MEASURE_WITH_UNIT(LENGTH_MEASURE(3.506467916123E-3),#11740,
'distance_accuracy_value',
'Maximum model space distance between geometric entities at asserted connectivities');
#11748=APPLICATION_CONTEXT('automotive_design');
#11749=APPLICATION_PROTOCOL_DEFINITION('international standard',
'automotive_design',2001,#11748);
#11750=PRODUCT_DEFINITION_CONTEXT('part definition',#11748,'design');
#11751=PRODUCT_CONTEXT('',#11748,'mechanical');
#11752=PRODUCT('C-5-104068-4','C-5-104068-4','NOT SPECIFIED',(#11751));
#11753=PRODUCT_DEFINITION_FORMATION('1','LAST_VERSION',#11752);
#11761=DERIVED_UNIT_ELEMENT(#11760,2.E0);
#11762=DERIVED_UNIT((#11761));
#11763=MEASURE_REPRESENTATION_ITEM('surface area measure',AREA_MEASURE(
1.883572417169E3),#11762);
#11768=DERIVED_UNIT_ELEMENT(#11767,3.E0);
#11769=DERIVED_UNIT((#11768));
#11770=MEASURE_REPRESENTATION_ITEM('volume measure',VOLUME_MEASURE(
1.009379945582E3),#11769);
#11774=CARTESIAN_POINT('centre point',(5.908759326520E-3,-2.090961137602E-2,
-6.359715853474E0));
#11779=DERIVED_UNIT_ELEMENT(#11778,2.E0);
#11780=DERIVED_UNIT((#11779));
#11781=MEASURE_REPRESENTATION_ITEM('surface area measure',AREA_MEASURE(
1.883572417169E3),#11780);
#11786=DERIVED_UNIT_ELEMENT(#11785,3.E0);
#11787=DERIVED_UNIT((#11786));
#11788=MEASURE_REPRESENTATION_ITEM('volume measure',VOLUME_MEASURE(
1.009379945582E3),#11787);
#11792=CARTESIAN_POINT('centre point',(5.908759326520E-3,-2.090961137602E-2,
-6.359715853474E0));
#11797=PRODUCT_RELATED_PRODUCT_CATEGORY('part','',(#11752));
#1=DRAUGHTING_PRE_DEFINED_COLOUR('black');
#2=COLOUR_RGB('',0.E0,0.E0,3.6E-1);
#3=COLOUR_RGB('',0.E0,0.E0,4.8E-1);
#4=DRAUGHTING_PRE_DEFINED_COLOUR('blue');
#5=COLOUR_RGB('',0.E0,5.8824E-2,4.58824E-1);
#6=COLOUR_RGB('',0.E0,1.80392E-1,4.78431E-1);
#7=COLOUR_RGB('',0.E0,3.6E-1,9.E-2);
#8=COLOUR_RGB('',0.E0,3.6E-1,2.7E-1);
#9=COLOUR_RGB('',0.E0,5.6E-1,6.4E-1);
#10=COLOUR_RGB('',0.E0,5.8E-1,8.E-1);
#11=COLOUR_RGB('',0.E0,7.1E-1,6.6E-1);
#12=COLOUR_RGB('',0.E0,7.13E-1,0.E0);
#13=COLOUR_RGB('',0.E0,9.5E-1,8.4E-1);
#14=DRAUGHTING_PRE_DEFINED_COLOUR('green');
#15=DRAUGHTING_PRE_DEFINED_COLOUR('cyan');
#16=COLOUR_RGB('',1.1765E-2,1.9608E-2,3.9216E-2);
#17=COLOUR_RGB('',4.E-2,0.E0,1.6E-1);
#18=COLOUR_RGB('',3.9216E-2,2.19608E-1,1.21569E-1);
#19=COLOUR_RGB('',3.9216E-2,3.60784E-1,2.E-1);
#20=COLOUR_RGB('',5.098E-2,7.0588E-2,1.01961E-1);
#21=COLOUR_RGB('',9.E-2,0.E0,1.2E-1);
#22=COLOUR_RGB('',9.0196E-2,1.60784E-1,1.09804E-1);
#23=COLOUR_RGB('',9.0196E-2,3.80392E-1,6.70588E-1);
#24=COLOUR_RGB('',1.E-1,0.E0,2.5E-1);
#25=COLOUR_RGB('',1.01961E-1,4.78431E-1,3.88235E-1);
#26=COLOUR_RGB('',1.09804E-1,1.4902E-1,9.0196E-2);
#27=COLOUR_RGB('',1.4902E-1,3.09804E-1,5.29412E-1);
#28=COLOUR_RGB('',1.4902E-1,4.E-1,1.60784E-1);
#29=COLOUR_RGB('',1.6E-1,3.2E-2,0.E0);
#30=COLOUR_RGB('',1.60784E-1,4.5098E-1,7.21569E-1);
#31=COLOUR_RGB('',1.6E-1,4.6E-1,6.5E-1);
#32=COLOUR_RGB('',1.6E-1,1.E0,1.6E-1);
#33=COLOUR_RGB('',2.E-1,3.2E-2,0.E0);
#34=COLOUR_RGB('',2.11765E-1,4.11765E-1,1.4902E-1);
#35=COLOUR_RGB('',2.39216E-1,2.39216E-1,2.31373E-1);
#36=COLOUR_RGB('',2.39216E-1,2.70588E-1,1.80392E-1);
#37=COLOUR_RGB('',2.5098E-1,2.90196E-1,3.29412E-1);
#38=COLOUR_RGB('',2.90196E-1,4.31373E-1,2.E-1);
#39=COLOUR_RGB('',3.1E-1,3.1E-1,5.6E-1);
#40=COLOUR_RGB('',3.09804E-1,6.58824E-1,2.E-1);
#41=COLOUR_RGB('',3.2E-1,1.5E-1,0.E0);
#42=COLOUR_RGB('',3.60784E-1,3.1373E-2,1.68627E-1);
#43=COLOUR_RGB('',3.68627E-1,2.E-1,1.21569E-1);
#44=COLOUR_RGB('',3.88235E-1,2.39216E-1,6.11765E-1);
#45=COLOUR_RGB('',4.E-1,4.E-1,4.E-1);
#46=COLOUR_RGB('',4.11765E-1,5.8824E-2,7.8431E-2);
#47=COLOUR_RGB('',4.11765E-1,3.29412E-1,2.19608E-1);
#48=COLOUR_RGB('',4.2E-1,4.2E-1,1.E0);
#49=COLOUR_RGB('',4.4E-1,8.5E-1,1.E0);
#50=COLOUR_RGB('',4.58824E-1,4.5098E-1,3.09804E-1);
#51=COLOUR_RGB('',4.70588E-1,5.09804E-1,5.4902E-1);
#52=COLOUR_RGB('',4.78431E-1,4.90196E-1,4.58824E-1);
#53=COLOUR_RGB('',4.90196E-1,3.60784E-1,2.19608E-1);
#54=COLOUR_RGB('',4.9E-1,4.9E-1,0.E0);
#55=COLOUR_RGB('',4.9E-1,1.E0,0.E0);
#56=COLOUR_RGB('',5.E-1,0.E0,0.E0);
#57=COLOUR_RGB('',5.E-1,0.E0,2.3E-1);
#58=COLOUR_RGB('',5.E-1,5.E-1,5.E-1);
#59=COLOUR_RGB('',5.21569E-1,2.19608E-1,1.68627E-1);
#60=COLOUR_RGB('',5.3E-1,0.E0,0.E0);
#61=COLOUR_RGB('',5.29412E-1,5.80392E-1,6.5098E-1);
#62=COLOUR_RGB('',5.4E-1,0.E0,4.4E-1);
#63=COLOUR_RGB('',5.5E-1,3.E-1,0.E0);
#64=COLOUR_RGB('',5.6E-1,1.E-1,5.E-2);
#65=COLOUR_RGB('',5.60784E-1,5.80392E-1,6.19608E-1);
#66=COLOUR_RGB('',5.68627E-1,5.8824E-2,4.E-1);
#67=COLOUR_RGB('',5.8E-1,2.2E-1,1.E-2);
#68=COLOUR_RGB('',5.88235E-1,1.21569E-1,1.09804E-1);
#69=COLOUR_RGB('',6.E-1,6.E-1,6.E-1);
#70=COLOUR_RGB('',6.11765E-1,5.60784E-1,3.80392E-1);
#71=COLOUR_RGB('',6.11765E-1,6.11765E-1,6.5098E-1);
#72=COLOUR_RGB('',6.2E-1,0.E0,5.5E-1);
#73=COLOUR_RGB('',6.19608E-1,6.39216E-1,6.90196E-1);
#74=COLOUR_RGB('',6.4E-1,0.E0,2.5E-1);
#75=COLOUR_RGB('',6.4E-1,1.E-2,0.E0);
#76=COLOUR_RGB('',6.39216E-1,5.4902E-1,4.78431E-1);
#77=COLOUR_RGB('',6.5098E-1,6.70588E-1,7.09804E-1);
#78=COLOUR_RGB('',6.70588E-1,1.21569E-1,1.09804E-1);
#79=COLOUR_RGB('',6.78431E-1,4.78431E-1,3.09804E-1);
#80=COLOUR_RGB('',6.8E-1,7.5E-1,1.E0);
#81=COLOUR_RGB('',6.952E-1,7.426E-1,7.9E-1);
#82=COLOUR_RGB('',7.09804E-1,7.0588E-2,2.E-1);
#83=COLOUR_RGB('',7.1E-1,3.1E-1,0.E0);
#84=COLOUR_RGB('',7.2E-1,7.2E-1,7.2E-1);
#85=COLOUR_RGB('',7.29412E-1,7.41176E-1,7.29412E-1);
#86=COLOUR_RGB('',7.41176E-1,7.29412E-1,6.70588E-1);
#87=COLOUR_RGB('',7.4E-1,1.E0,2.6E-1);
#88=COLOUR_RGB('',7.5E-1,3.E-2,0.E0);
#89=COLOUR_RGB('',7.4902E-1,8.90196E-1,7.29412E-1);
#90=COLOUR_RGB('',7.6E-1,0.E0,4.7E-1);
#91=COLOUR_RGB('',7.80392E-1,9.0196E-2,7.0588E-2);
#92=COLOUR_RGB('',7.88235E-1,2.19608E-1,5.4902E-1);
#93=COLOUR_RGB('',8.1E-1,4.E-2,0.E0);
#94=COLOUR_RGB('',8.1E-1,6.1E-1,0.E0);
#95=COLOUR_RGB('',8.2E-1,4.E-2,6.6E-1);
#96=COLOUR_RGB('',8.31373E-1,8.5098E-1,8.58824E-1);
#97=COLOUR_RGB('',8.5098E-1,7.29412E-1,5.4902E-1);
#98=COLOUR_RGB('',8.5E-1,8.5E-1,8.5E-1);
#99=COLOUR_RGB('',8.78431E-1,3.68627E-1,1.21569E-1);
#100=COLOUR_RGB('',8.784E-1,9.49E-1,1.E0);
#101=COLOUR_RGB('',8.90196E-1,5.88235E-1,1.41176E-1);
#102=COLOUR_RGB('',9.E-1,1.E0,0.E0);
#103=COLOUR_RGB('',9.09804E-1,6.11765E-1,7.09804E-1);
#104=COLOUR_RGB('',9.37E-1,7.85E-1,0.E0);
#105=COLOUR_RGB('',9.41176E-1,9.29412E-1,9.01961E-1);
#106=COLOUR_RGB('',9.5E-1,2.2E-1,8.1E-1);
#107=COLOUR_RGB('',9.6E-1,3.7E-1,3.E-1);
#108=COLOUR_RGB('',9.6E-1,7.1E-1,3.75E-1);
#109=COLOUR_RGB('',9.80392E-1,1.E0,1.E0);
#110=COLOUR_RGB('',9.88235E-1,1.09804E-1,7.8431E-2);
#111=COLOUR_RGB('',9.88235E-1,7.21569E-1,1.29412E-1);
#112=COLOUR_RGB('',9.88235E-1,9.21569E-1,8.E-1);
#113=DRAUGHTING_PRE_DEFINED_COLOUR('red');
#114=COLOUR_RGB('',1.E0,0.E0,6.1E-1);
#115=COLOUR_RGB('',1.E0,4.E-2,0.E0);
#116=COLOUR_RGB('',1.E0,2.3E-1,0.E0);
#117=COLOUR_RGB('',1.E0,3.5E-1,5.2E-1);
#118=COLOUR_RGB('',1.E0,3.6E-1,0.E0);
#119=COLOUR_RGB('',1.E0,3.88235E-1,2.11765E-1);
#120=COLOUR_RGB('',1.E0,4.9E-1,3.7E-1);
#121=COLOUR_RGB('',1.E0,5.E-1,0.E0);
#122=COLOUR_RGB('',1.E0,5.6E-1,7.8E-1);
#123=COLOUR_RGB('',1.E0,6.4E-1,4.9E-1);
#124=COLOUR_RGB('',1.E0,6.7E-1,0.E0);
#125=COLOUR_RGB('',1.E0,7.6E-1,6.5E-1);
#126=COLOUR_RGB('',1.E0,8.39216E-1,3.01961E-1);
#127=COLOUR_RGB('',1.E0,8.6E-1,4.E-2);
#128=COLOUR_RGB('',1.E0,9.60784E-1,2.58824E-1);
#129=COLOUR_RGB('',1.E0,9.60784E-1,8.90196E-1);
#130=COLOUR_RGB('',1.E0,9.8E-1,7.2E-1);
#131=DRAUGHTING_PRE_DEFINED_COLOUR('yellow');
#132=COLOUR_RGB('',1.E0,1.E0,3.9216E-2);
#133=DRAUGHTING_PRE_DEFINED_COLOUR('white');
#222=CIRCLE('',#221,1.905E-1);
#227=CIRCLE('',#226,1.905E-1);
#232=CIRCLE('',#231,1.905E-1);
#237=CIRCLE('',#236,1.905E-1);
#242=CIRCLE('',#241,1.905E-1);
#247=CIRCLE('',#246,1.905E-1);
#252=CIRCLE('',#251,1.905E-1);
#257=CIRCLE('',#256,1.905E-1);
#262=CIRCLE('',#261,1.905E-1);
#267=CIRCLE('',#266,1.905E-1);
#272=CIRCLE('',#271,1.905E-1);
#277=CIRCLE('',#276,1.905E-1);
#282=CIRCLE('',#281,1.905E-1);
#287=CIRCLE('',#286,1.905E-1);
#292=CIRCLE('',#291,1.905E-1);
#297=CIRCLE('',#296,1.905E-1);
#302=CIRCLE('',#301,1.905E-1);
#307=CIRCLE('',#306,1.905E-1);
#312=CIRCLE('',#311,1.905E-1);
#317=CIRCLE('',#316,1.905E-1);
#322=CIRCLE('',#321,1.905E-1);
#327=CIRCLE('',#326,1.905E-1);
#332=CIRCLE('',#331,1.905E-1);
#337=CIRCLE('',#336,1.905E-1);
#342=CIRCLE('',#341,1.905E-1);
#347=CIRCLE('',#346,1.905E-1);
#352=CIRCLE('',#351,1.905E-1);
#357=CIRCLE('',#356,1.905E-1);
#362=CIRCLE('',#361,1.905E-1);
#367=CIRCLE('',#366,1.905E-1);
#372=CIRCLE('',#371,1.905E-1);
#377=CIRCLE('',#376,1.905E-1);
#382=CIRCLE('',#381,1.905E-1);
#387=CIRCLE('',#386,1.905E-1);
#392=CIRCLE('',#391,1.905E-1);
#397=CIRCLE('',#396,1.905E-1);
#402=CIRCLE('',#401,1.905E-1);
#407=CIRCLE('',#406,1.905E-1);
#412=CIRCLE('',#411,1.905E-1);
#417=CIRCLE('',#416,1.905E-1);
#422=CIRCLE('',#421,1.905E-1);
#427=CIRCLE('',#426,1.905E-1);
#432=CIRCLE('',#431,1.905E-1);
#437=CIRCLE('',#436,1.905E-1);
#442=CIRCLE('',#441,1.905E-1);
#447=CIRCLE('',#446,1.905E-1);
#452=CIRCLE('',#451,1.905E-1);
#457=CIRCLE('',#456,1.905E-1);
#462=CIRCLE('',#461,1.905E-1);
#467=CIRCLE('',#466,1.905E-1);
#472=CIRCLE('',#471,1.905E-1);
#477=CIRCLE('',#476,1.905E-1);
#482=CIRCLE('',#481,1.905E-1);
#487=CIRCLE('',#486,1.905E-1);
#492=CIRCLE('',#491,1.905E-1);
#497=CIRCLE('',#496,1.905E-1);
#502=CIRCLE('',#501,1.905E-1);
#507=CIRCLE('',#506,1.905E-1);
#512=CIRCLE('',#511,1.905E-1);
#517=CIRCLE('',#516,1.905E-1);
#522=CIRCLE('',#521,1.905E-1);
#527=CIRCLE('',#526,1.905E-1);
#532=CIRCLE('',#531,1.905E-1);
#537=CIRCLE('',#536,1.905E-1);
#542=CIRCLE('',#541,1.905E-1);
#547=CIRCLE('',#546,1.905E-1);
#552=CIRCLE('',#551,1.905E-1);
#557=CIRCLE('',#556,1.905E-1);
#562=CIRCLE('',#561,1.905E-1);
#567=CIRCLE('',#566,1.905E-1);
#572=CIRCLE('',#571,1.905E-1);
#577=CIRCLE('',#576,1.905E-1);
#582=CIRCLE('',#581,1.905E-1);
#587=CIRCLE('',#586,1.905E-1);
#592=CIRCLE('',#591,1.905E-1);
#597=CIRCLE('',#596,1.905E-1);
#602=CIRCLE('',#601,1.905E-1);
#607=CIRCLE('',#606,1.905E-1);
#612=CIRCLE('',#611,1.905E-1);
#617=CIRCLE('',#616,1.905E-1);
#838=CIRCLE('',#837,3.302E-1);
#875=CIRCLE('',#874,3.302E-1);
#901=B_SPLINE_CURVE_WITH_KNOTS('',3,(#892,#893,#894,#895,#896,#897,#898,#899,
#900),.UNSPECIFIED.,.F.,.F.,(4,1,1,1,1,1,4),(0.E0,1.666666666667E-1,
3.333333333333E-1,5.E-1,6.666666666667E-1,8.333333333333E-1,1.E0),
.UNSPECIFIED.);
#1599=B_SPLINE_CURVE_WITH_KNOTS('',3,(#1594,#1595,#1596,#1597,#1598),
.UNSPECIFIED.,.F.,.F.,(4,1,4),(0.E0,5.E-1,1.E0),.UNSPECIFIED.);
#1609=B_SPLINE_CURVE_WITH_KNOTS('',3,(#1600,#1601,#1602,#1603,#1604,#1605,#1606,
#1607,#1608),.UNSPECIFIED.,.F.,.F.,(4,1,1,1,1,1,4),(0.E0,1.666666666667E-1,
3.333333333333E-1,5.E-1,6.666666666667E-1,8.333333333333E-1,1.E0),
.UNSPECIFIED.);
#1687=B_SPLINE_CURVE_WITH_KNOTS('',3,(#1678,#1679,#1680,#1681,#1682,#1683,#1684,
#1685,#1686),.UNSPECIFIED.,.F.,.F.,(4,1,1,1,1,1,4),(0.E0,1.666666666667E-1,
3.333333333333E-1,5.E-1,6.666666666667E-1,8.333333333333E-1,1.E0),
.UNSPECIFIED.);
#1692=CIRCLE('',#1691,2.5E-1);
#1773=CIRCLE('',#1772,2.5E-1);
#1851=B_SPLINE_CURVE_WITH_KNOTS('',3,(#1842,#1843,#1844,#1845,#1846,#1847,#1848,
#1849,#1850),.UNSPECIFIED.,.F.,.F.,(4,1,1,1,1,1,4),(0.E0,1.666666666667E-1,
3.333333333333E-1,5.E-1,6.666666666667E-1,8.333333333333E-1,1.E0),
.UNSPECIFIED.);
#1857=B_SPLINE_CURVE_WITH_KNOTS('',3,(#1852,#1853,#1854,#1855,#1856),
.UNSPECIFIED.,.F.,.F.,(4,1,4),(0.E0,5.E-1,1.E0),.UNSPECIFIED.);
#1867=B_SPLINE_CURVE_WITH_KNOTS('',3,(#1858,#1859,#1860,#1861,#1862,#1863,#1864,
#1865,#1866),.UNSPECIFIED.,.F.,.F.,(4,1,1,1,1,1,4),(0.E0,1.666666666667E-1,
3.333333333333E-1,5.E-1,6.666666666667E-1,8.333333333333E-1,1.E0),
.UNSPECIFIED.);
#1877=B_SPLINE_CURVE_WITH_KNOTS('',3,(#1868,#1869,#1870,#1871,#1872,#1873,#1874,
#1875,#1876),.UNSPECIFIED.,.F.,.F.,(4,1,1,1,1,1,4),(0.E0,1.666666666667E-1,
3.333333333333E-1,5.E-1,6.666666666667E-1,8.333333333333E-1,1.E0),
.UNSPECIFIED.);
#1887=B_SPLINE_CURVE_WITH_KNOTS('',3,(#1878,#1879,#1880,#1881,#1882,#1883,#1884,
#1885,#1886),.UNSPECIFIED.,.F.,.F.,(4,1,1,1,1,1,4),(0.E0,1.666666666667E-1,
3.333333333333E-1,5.E-1,6.666666666667E-1,8.333333333333E-1,1.E0),
.UNSPECIFIED.);
#1920=CIRCLE('',#1919,3.302E-1);
#1949=CIRCLE('',#1948,3.302E-1);
#1963=B_SPLINE_CURVE_WITH_KNOTS('',3,(#1958,#1959,#1960,#1961,#1962),
.UNSPECIFIED.,.F.,.F.,(4,1,4),(0.E0,5.E-1,1.E0),.UNSPECIFIED.);
#1977=B_SPLINE_CURVE_WITH_KNOTS('',3,(#1968,#1969,#1970,#1971,#1972,#1973,#1974,
#1975,#1976),.UNSPECIFIED.,.F.,.F.,(4,1,1,1,1,1,4),(0.E0,1.666666666667E-1,
3.333333333333E-1,5.E-1,6.666666666667E-1,8.333333333333E-1,1.E0),
.UNSPECIFIED.);
#1983=B_SPLINE_CURVE_WITH_KNOTS('',3,(#1978,#1979,#1980,#1981,#1982),
.UNSPECIFIED.,.F.,.F.,(4,1,4),(0.E0,5.E-1,1.E0),.UNSPECIFIED.);
#3496=CIRCLE('',#3495,1.905E-1);
#3501=CIRCLE('',#3500,1.905E-1);
#3506=CIRCLE('',#3505,1.905E-1);
#3511=CIRCLE('',#3510,1.905E-1);
#3532=CIRCLE('',#3531,1.905E-1);
#3537=CIRCLE('',#3536,1.905E-1);
#3542=CIRCLE('',#3541,1.905E-1);
#3547=CIRCLE('',#3546,1.905E-1);
#3568=CIRCLE('',#3567,1.905E-1);
#3573=CIRCLE('',#3572,1.905E-1);
#3578=CIRCLE('',#3577,1.905E-1);
#3583=CIRCLE('',#3582,1.905E-1);
#3604=CIRCLE('',#3603,1.905E-1);
#3609=CIRCLE('',#3608,1.905E-1);
#3614=CIRCLE('',#3613,1.905E-1);
#3619=CIRCLE('',#3618,1.905E-1);
#3640=CIRCLE('',#3639,1.905E-1);
#3645=CIRCLE('',#3644,1.905E-1);
#3650=CIRCLE('',#3649,1.905E-1);
#3655=CIRCLE('',#3654,1.905E-1);
#3676=CIRCLE('',#3675,1.905E-1);
#3681=CIRCLE('',#3680,1.905E-1);
#3686=CIRCLE('',#3685,1.905E-1);
#3691=CIRCLE('',#3690,1.905E-1);
#3712=CIRCLE('',#3711,1.905E-1);
#3717=CIRCLE('',#3716,1.905E-1);
#3722=CIRCLE('',#3721,1.905E-1);
#3727=CIRCLE('',#3726,1.905E-1);
#3748=CIRCLE('',#3747,1.905E-1);
#3753=CIRCLE('',#3752,1.905E-1);
#3758=CIRCLE('',#3757,1.905E-1);
#3763=CIRCLE('',#3762,1.905E-1);
#3784=CIRCLE('',#3783,1.905E-1);
#3789=CIRCLE('',#3788,1.905E-1);
#3794=CIRCLE('',#3793,1.905E-1);
#3799=CIRCLE('',#3798,1.905E-1);
#3820=CIRCLE('',#3819,1.905E-1);
#3825=CIRCLE('',#3824,1.905E-1);
#3830=CIRCLE('',#3829,1.905E-1);
#3835=CIRCLE('',#3834,1.905E-1);
#3856=CIRCLE('',#3855,1.905E-1);
#3861=CIRCLE('',#3860,1.905E-1);
#3866=CIRCLE('',#3865,1.905E-1);
#3871=CIRCLE('',#3870,1.905E-1);
#3892=CIRCLE('',#3891,1.905E-1);
#3897=CIRCLE('',#3896,1.905E-1);
#3902=CIRCLE('',#3901,1.905E-1);
#3907=CIRCLE('',#3906,1.905E-1);
#3928=CIRCLE('',#3927,1.905E-1);
#3933=CIRCLE('',#3932,1.905E-1);
#3938=CIRCLE('',#3937,1.905E-1);
#3943=CIRCLE('',#3942,1.905E-1);
#3964=CIRCLE('',#3963,1.905E-1);
#3969=CIRCLE('',#3968,1.905E-1);
#3974=CIRCLE('',#3973,1.905E-1);
#3979=CIRCLE('',#3978,1.905E-1);
#4000=CIRCLE('',#3999,1.905E-1);
#4005=CIRCLE('',#4004,1.905E-1);
#4010=CIRCLE('',#4009,1.905E-1);
#4015=CIRCLE('',#4014,1.905E-1);
#4036=CIRCLE('',#4035,1.905E-1);
#4041=CIRCLE('',#4040,1.905E-1);
#4046=CIRCLE('',#4045,1.905E-1);
#4051=CIRCLE('',#4050,1.905E-1);
#4072=CIRCLE('',#4071,1.905E-1);
#4077=CIRCLE('',#4076,1.905E-1);
#4082=CIRCLE('',#4081,1.905E-1);
#4087=CIRCLE('',#4086,1.905E-1);
#4108=CIRCLE('',#4107,1.905E-1);
#4113=CIRCLE('',#4112,1.905E-1);
#4118=CIRCLE('',#4117,1.905E-1);
#4123=CIRCLE('',#4122,1.905E-1);
#4144=CIRCLE('',#4143,1.905E-1);
#4149=CIRCLE('',#4148,1.905E-1);
#4154=CIRCLE('',#4153,1.905E-1);
#4159=CIRCLE('',#4158,1.905E-1);
#4180=CIRCLE('',#4179,1.905E-1);
#4185=CIRCLE('',#4184,1.905E-1);
#4190=CIRCLE('',#4189,1.905E-1);
#4195=CIRCLE('',#4194,1.905E-1);
#5481=EDGE_CURVE('',#4362,#4363,#137,.T.);
#5483=EDGE_CURVE('',#4362,#4271,#141,.T.);
#5485=EDGE_CURVE('',#4270,#4271,#145,.T.);
#5487=EDGE_CURVE('',#4270,#4250,#149,.T.);
#5489=EDGE_CURVE('',#4250,#4251,#153,.T.);
#5491=EDGE_CURVE('',#4251,#4227,#157,.T.);
#5493=EDGE_CURVE('',#4226,#4227,#2087,.T.);
#5495=EDGE_CURVE('',#4226,#4234,#161,.T.);
#5497=EDGE_CURVE('',#4234,#4235,#821,.T.);
#5499=EDGE_CURVE('',#4235,#4246,#165,.T.);
#5501=EDGE_CURVE('',#4246,#4247,#169,.T.);
#5503=EDGE_CURVE('',#4247,#4275,#173,.T.);
#5505=EDGE_CURVE('',#4274,#4275,#177,.T.);
#5507=EDGE_CURVE('',#4363,#4274,#181,.T.);
#5511=ADVANCED_FACE('',(#5510),#5480,.T.);
#5518=EDGE_CURVE('',#4363,#4369,#193,.T.);
#5520=EDGE_CURVE('',#4369,#4365,#185,.T.);
#5522=EDGE_CURVE('',#4362,#4365,#2191,.T.);
#5526=ADVANCED_FACE('',(#5525),#5516,.F.);
#5532=EDGE_CURVE('',#4355,#4369,#189,.T.);
#5536=EDGE_CURVE('',#4266,#4274,#1967,.T.);
#5538=EDGE_CURVE('',#4351,#4266,#693,.T.);
#5540=EDGE_CURVE('',#4351,#4371,#197,.T.);
#5542=EDGE_CURVE('',#4359,#4371,#201,.T.);
#5544=EDGE_CURVE('',#4355,#4359,#209,.T.);
#5548=ADVANCED_FACE('',(#5547),#5531,.F.);
#5554=EDGE_CURVE('',#4354,#4355,#205,.T.);
#5556=EDGE_CURVE('',#4354,#4365,#2175,.T.);
#5562=ADVANCED_FACE('',(#5561),#5553,.F.);
#5570=EDGE_CURVE('',#4358,#4359,#213,.T.);
#5572=EDGE_CURVE('',#4354,#4358,#217,.T.);
#5576=EDGE_CURVE('',#5050,#5051,#222,.T.);
#5578=EDGE_CURVE('',#5051,#5050,#227,.T.);
#5582=EDGE_CURVE('',#5054,#5055,#232,.T.);
#5584=EDGE_CURVE('',#5055,#5054,#237,.T.);
#5588=EDGE_CURVE('',#5066,#5067,#242,.T.);
#5590=EDGE_CURVE('',#5067,#5066,#247,.T.);
#5594=EDGE_CURVE('',#5070,#5071,#252,.T.);
#5596=EDGE_CURVE('',#5071,#5070,#257,.T.);
#5600=EDGE_CURVE('',#5082,#5083,#262,.T.);
#5602=EDGE_CURVE('',#5083,#5082,#267,.T.);
#5606=EDGE_CURVE('',#5086,#5087,#272,.T.);
#5608=EDGE_CURVE('',#5087,#5086,#277,.T.);
#5612=EDGE_CURVE('',#5098,#5099,#282,.T.);
#5614=EDGE_CURVE('',#5099,#5098,#287,.T.);
#5618=EDGE_CURVE('',#5102,#5103,#292,.T.);
#5620=EDGE_CURVE('',#5103,#5102,#297,.T.);
#5624=EDGE_CURVE('',#5114,#5115,#302,.T.);
#5626=EDGE_CURVE('',#5115,#5114,#307,.T.);
#5630=EDGE_CURVE('',#5118,#5119,#312,.T.);
#5632=EDGE_CURVE('',#5119,#5118,#317,.T.);
#5636=EDGE_CURVE('',#5130,#5131,#322,.T.);
#5638=EDGE_CURVE('',#5131,#5130,#327,.T.);
#5642=EDGE_CURVE('',#5134,#5135,#332,.T.);
#5644=EDGE_CURVE('',#5135,#5134,#337,.T.);
#5648=EDGE_CURVE('',#5146,#5147,#342,.T.);
#5650=EDGE_CURVE('',#5147,#5146,#347,.T.);
#5654=EDGE_CURVE('',#5150,#5151,#352,.T.);
#5656=EDGE_CURVE('',#5151,#5150,#357,.T.);
#5660=EDGE_CURVE('',#5162,#5163,#362,.T.);
#5662=EDGE_CURVE('',#5163,#5162,#367,.T.);
#5666=EDGE_CURVE('',#5166,#5167,#372,.T.);
#5668=EDGE_CURVE('',#5167,#5166,#377,.T.);
#5672=EDGE_CURVE('',#5178,#5179,#382,.T.);
#5674=EDGE_CURVE('',#5179,#5178,#387,.T.);
#5678=EDGE_CURVE('',#5182,#5183,#392,.T.);
#5680=EDGE_CURVE('',#5183,#5182,#397,.T.);
#5684=EDGE_CURVE('',#5194,#5195,#402,.T.);
#5686=EDGE_CURVE('',#5195,#5194,#407,.T.);
#5690=EDGE_CURVE('',#5198,#5199,#412,.T.);
#5692=EDGE_CURVE('',#5199,#5198,#417,.T.);
#5696=EDGE_CURVE('',#5210,#5211,#422,.T.);
#5698=EDGE_CURVE('',#5211,#5210,#427,.T.);
#5702=EDGE_CURVE('',#5214,#5215,#432,.T.);
#5704=EDGE_CURVE('',#5215,#5214,#437,.T.);
#5708=EDGE_CURVE('',#5226,#5227,#442,.T.);
#5710=EDGE_CURVE('',#5227,#5226,#447,.T.);
#5714=EDGE_CURVE('',#5230,#5231,#452,.T.);
#5716=EDGE_CURVE('',#5231,#5230,#457,.T.);
#5720=EDGE_CURVE('',#5242,#5243,#462,.T.);
#5722=EDGE_CURVE('',#5243,#5242,#467,.T.);
#5726=EDGE_CURVE('',#5246,#5247,#472,.T.);
#5728=EDGE_CURVE('',#5247,#5246,#477,.T.);
#5732=EDGE_CURVE('',#5258,#5259,#482,.T.);
#5734=EDGE_CURVE('',#5259,#5258,#487,.T.);
#5738=EDGE_CURVE('',#5262,#5263,#492,.T.);
#5740=EDGE_CURVE('',#5263,#5262,#497,.T.);
#5744=EDGE_CURVE('',#5274,#5275,#502,.T.);
#5746=EDGE_CURVE('',#5275,#5274,#507,.T.);
#5750=EDGE_CURVE('',#5278,#5279,#512,.T.);
#5752=EDGE_CURVE('',#5279,#5278,#517,.T.);
#5756=EDGE_CURVE('',#5290,#5291,#522,.T.);
#5758=EDGE_CURVE('',#5291,#5290,#527,.T.);
#5762=EDGE_CURVE('',#5294,#5295,#532,.T.);
#5764=EDGE_CURVE('',#5295,#5294,#537,.T.);
#5768=EDGE_CURVE('',#5306,#5307,#542,.T.);
#5770=EDGE_CURVE('',#5307,#5306,#547,.T.);
#5774=EDGE_CURVE('',#5310,#5311,#552,.T.);
#5776=EDGE_CURVE('',#5311,#5310,#557,.T.);
#5780=EDGE_CURVE('',#5322,#5323,#562,.T.);
#5782=EDGE_CURVE('',#5323,#5322,#567,.T.);
#5786=EDGE_CURVE('',#5326,#5327,#572,.T.);
#5788=EDGE_CURVE('',#5327,#5326,#577,.T.);
#5792=EDGE_CURVE('',#5338,#5339,#582,.T.);
#5794=EDGE_CURVE('',#5339,#5338,#587,.T.);
#5798=EDGE_CURVE('',#5342,#5343,#592,.T.);
#5800=EDGE_CURVE('',#5343,#5342,#597,.T.);
#5804=EDGE_CURVE('',#5354,#5355,#602,.T.);
#5806=EDGE_CURVE('',#5355,#5354,#607,.T.);
#5810=EDGE_CURVE('',#5358,#5359,#612,.T.);
#5812=EDGE_CURVE('',#5359,#5358,#617,.T.);
#5816=ADVANCED_FACE('',(#5575,#5581,#5587,#5593,#5599,#5605,#5611,#5617,#5623,
#5629,#5635,#5641,#5647,#5653,#5659,#5665,#5671,#5677,#5683,#5689,#5695,#5701,
#5707,#5713,#5719,#5725,#5731,#5737,#5743,#5749,#5755,#5761,#5767,#5773,#5779,
#5785,#5791,#5797,#5803,#5809,#5815),#5567,.T.);
#5824=EDGE_CURVE('',#4371,#4367,#621,.T.);
#5826=EDGE_CURVE('',#4358,#4367,#2179,.T.);
#5830=ADVANCED_FACE('',(#5829),#5821,.F.);
#5836=EDGE_CURVE('',#4350,#4351,#689,.T.);
#5838=EDGE_CURVE('',#4350,#4367,#2183,.T.);
#5844=ADVANCED_FACE('',(#5843),#5835,.F.);
#5850=EDGE_CURVE('',#4393,#4397,#625,.T.);
#5852=EDGE_CURVE('',#4397,#4395,#629,.T.);
#5854=EDGE_CURVE('',#4215,#4395,#773,.T.);
#5856=EDGE_CURVE('',#4214,#4215,#633,.T.);
#5858=EDGE_CURVE('',#4283,#4214,#637,.T.);
#5860=EDGE_CURVE('',#4282,#4283,#641,.T.);
#5862=EDGE_CURVE('',#4239,#4282,#645,.T.);
#5864=EDGE_CURVE('',#4238,#4239,#649,.T.);
#5866=EDGE_CURVE('',#4238,#4279,#653,.T.);
#5868=EDGE_CURVE('',#4278,#4279,#657,.T.);
#5870=EDGE_CURVE('',#4218,#4278,#661,.T.);
#5872=EDGE_CURVE('',#4218,#4219,#665,.T.);
#5874=EDGE_CURVE('',#4223,#4219,#765,.T.);
#5876=EDGE_CURVE('',#4222,#4223,#2071,.T.);
#5878=EDGE_CURVE('',#4259,#4222,#669,.T.);
#5880=EDGE_CURVE('',#4258,#4259,#673,.T.);
#5882=EDGE_CURVE('',#4262,#4258,#677,.T.);
#5884=EDGE_CURVE('',#4262,#4263,#681,.T.);
#5886=EDGE_CURVE('',#4350,#4263,#685,.T.);
#5890=EDGE_CURVE('',#4266,#4267,#697,.T.);
#5892=EDGE_CURVE('',#4255,#4267,#701,.T.);
#5894=EDGE_CURVE('',#4254,#4255,#705,.T.);
#5896=EDGE_CURVE('',#4230,#4254,#709,.T.);
#5898=EDGE_CURVE('',#4230,#4231,#789,.T.);
#5900=EDGE_CURVE('',#4393,#4231,#725,.T.);
#5904=ADVANCED_FACE('',(#5903),#5849,.T.);
#5910=EDGE_CURVE('',#4391,#4393,#721,.T.);
#5912=EDGE_CURVE('',#4391,#4399,#3479,.T.);
#5914=EDGE_CURVE('',#4397,#4399,#3483,.T.);
#5919=ADVANCED_FACE('',(#5918),#5909,.F.);
#5925=EDGE_CURVE('',#5473,#5471,#713,.T.);
#5927=EDGE_CURVE('',#5471,#4234,#825,.T.);
#5930=EDGE_CURVE('',#5473,#4226,#2083,.T.);
#5934=ADVANCED_FACE('',(#5933),#5924,.T.);
#5940=EDGE_CURVE('',#4390,#4391,#717,.T.);
#5944=EDGE_CURVE('',#4231,#4243,#785,.T.);
#5946=EDGE_CURVE('',#4243,#5418,#729,.T.);
#5948=EDGE_CURVE('',#5423,#5418,#733,.T.);
#5950=EDGE_CURVE('',#5429,#5423,#737,.T.);
#5952=EDGE_CURVE('',#5431,#5429,#741,.T.);
#5954=EDGE_CURVE('',#5435,#5431,#745,.T.);
#5956=EDGE_CURVE('',#5441,#5435,#749,.T.);
#5958=EDGE_CURVE('',#5447,#5441,#753,.T.);
#5960=EDGE_CURVE('',#5445,#5447,#757,.T.);
#5962=EDGE_CURVE('',#4241,#5445,#761,.T.);
#5964=EDGE_CURVE('',#4223,#4241,#2075,.T.);
#5967=EDGE_CURVE('',#4210,#4219,#1841,.T.);
#5969=EDGE_CURVE('',#4206,#4210,#769,.T.);
#5971=EDGE_CURVE('',#4215,#4206,#1821,.T.);
#5974=EDGE_CURVE('',#4390,#4395,#777,.T.);
#5978=ADVANCED_FACE('',(#5977),#5939,.T.);
#5984=EDGE_CURVE('',#5470,#5471,#797,.T.);
#5987=EDGE_CURVE('',#5473,#5475,#2079,.T.);
#5989=EDGE_CURVE('',#5475,#5470,#2051,.T.);
#5993=ADVANCED_FACE('',(#5992),#5983,.T.);
#5999=EDGE_CURVE('',#4243,#4338,#781,.T.);
#6003=EDGE_CURVE('',#4230,#4338,#793,.T.);
#6007=ADVANCED_FACE('',(#6006),#5998,.T.);
#6014=EDGE_CURVE('',#5470,#4295,#801,.T.);
#6016=EDGE_CURVE('',#4295,#4375,#805,.T.);
#6018=EDGE_CURVE('',#4374,#4375,#809,.T.);
#6020=EDGE_CURVE('',#4374,#4334,#813,.T.);
#6022=EDGE_CURVE('',#4334,#4235,#817,.T.);
#6028=ADVANCED_FACE('',(#6027),#6012,.T.);
#6034=EDGE_CURVE('',#5418,#5419,#829,.T.);
#6038=EDGE_CURVE('',#4338,#4339,#2023,.T.);
#6040=EDGE_CURVE('',#4339,#4330,#833,.T.);
#6042=EDGE_CURVE('',#4330,#4331,#838,.T.);
#6044=EDGE_CURVE('',#4331,#4347,#842,.T.);
#6046=EDGE_CURVE('',#4346,#4347,#2003,.T.);
#6048=EDGE_CURVE('',#5391,#4346,#846,.T.);
#6050=EDGE_CURVE('',#5387,#5391,#850,.T.);
#6052=EDGE_CURVE('',#5419,#5387,#854,.T.);
#6056=ADVANCED_FACE('',(#6055),#6033,.F.);
#6062=EDGE_CURVE('',#5444,#5445,#858,.T.);
#6064=EDGE_CURVE('',#5444,#5363,#1621,.T.);
#6066=EDGE_CURVE('',#5362,#5363,#862,.T.);
#6068=EDGE_CURVE('',#4314,#5362,#866,.T.);
#6070=EDGE_CURVE('',#4314,#4315,#2139,.T.);
#6072=EDGE_CURVE('',#4315,#4306,#870,.T.);
#6074=EDGE_CURVE('',#4306,#4307,#875,.T.);
#6076=EDGE_CURVE('',#4307,#4323,#879,.T.);
#6078=EDGE_CURVE('',#4322,#4323,#2119,.T.);
#6080=EDGE_CURVE('',#4241,#4322,#2063,.T.);
#6085=ADVANCED_FACE('',(#6084),#6061,.F.);
#6092=EDGE_CURVE('',#5421,#5419,#883,.T.);
#6094=EDGE_CURVE('',#5421,#5423,#1736,.T.);
#6099=ADVANCED_FACE('',(#6098),#6090,.T.);
#6107=EDGE_CURVE('',#5379,#5387,#887,.T.);
#6109=EDGE_CURVE('',#5421,#5379,#891,.T.);
#6113=ADVANCED_FACE('',(#6112),#6104,.F.);
#6119=EDGE_CURVE('',#5383,#5385,#921,.T.);
#6121=EDGE_CURVE('',#5379,#5383,#901,.T.);
#6124=EDGE_CURVE('',#5387,#5385,#1977,.T.);
#6128=ADVANCED_FACE('',(#6127),#6118,.F.);
#6134=EDGE_CURVE('',#5366,#5367,#905,.T.);
#6136=EDGE_CURVE('',#5367,#5371,#909,.T.);
#6138=EDGE_CURVE('',#5371,#5373,#913,.T.);
#6140=EDGE_CURVE('',#4238,#5373,#1677,.T.);
#6143=EDGE_CURVE('',#5382,#4239,#1764,.T.);
#6145=EDGE_CURVE('',#5382,#5383,#917,.T.);
#6148=EDGE_CURVE('',#5385,#5389,#925,.T.);
#6150=EDGE_CURVE('',#5398,#5389,#929,.T.);
#6152=EDGE_CURVE('',#5398,#5399,#933,.T.);
#6154=EDGE_CURVE('',#5399,#5403,#937,.T.);
#6156=EDGE_CURVE('',#5403,#5405,#941,.T.);
#6158=EDGE_CURVE('',#5405,#5409,#945,.T.);
#6160=EDGE_CURVE('',#5409,#5413,#949,.T.);
#6162=EDGE_CURVE('',#5413,#5366,#953,.T.);
#6166=EDGE_CURVE('',#4418,#4419,#957,.T.);
#6168=EDGE_CURVE('',#4419,#4421,#961,.T.);
#6170=EDGE_CURVE('',#4421,#4423,#965,.T.);
#6172=EDGE_CURVE('',#4423,#4418,#969,.T.);
#6176=EDGE_CURVE('',#4426,#4427,#973,.T.);
#6178=EDGE_CURVE('',#4427,#4429,#977,.T.);
#6180=EDGE_CURVE('',#4429,#4431,#981,.T.);
#6182=EDGE_CURVE('',#4431,#4426,#985,.T.);
#6186=EDGE_CURVE('',#4450,#4451,#989,.T.);
#6188=EDGE_CURVE('',#4451,#4453,#993,.T.);
#6190=EDGE_CURVE('',#4453,#4455,#997,.T.);
#6192=EDGE_CURVE('',#4455,#4450,#1001,.T.);
#6196=EDGE_CURVE('',#4458,#4459,#1005,.T.);
#6198=EDGE_CURVE('',#4459,#4461,#1009,.T.);
#6200=EDGE_CURVE('',#4461,#4463,#1013,.T.);
#6202=EDGE_CURVE('',#4463,#4458,#1017,.T.);
#6206=EDGE_CURVE('',#4482,#4483,#1021,.T.);
#6208=EDGE_CURVE('',#4483,#4485,#1025,.T.);
#6210=EDGE_CURVE('',#4485,#4487,#1029,.T.);
#6212=EDGE_CURVE('',#4487,#4482,#1033,.T.);
#6216=EDGE_CURVE('',#4490,#4491,#1037,.T.);
#6218=EDGE_CURVE('',#4491,#4493,#1041,.T.);
#6220=EDGE_CURVE('',#4493,#4495,#1045,.T.);
#6222=EDGE_CURVE('',#4495,#4490,#1049,.T.);
#6226=EDGE_CURVE('',#4514,#4515,#1053,.T.);
#6228=EDGE_CURVE('',#4515,#4517,#1057,.T.);
#6230=EDGE_CURVE('',#4517,#4519,#1061,.T.);
#6232=EDGE_CURVE('',#4519,#4514,#1065,.T.);
#6236=EDGE_CURVE('',#4522,#4523,#1069,.T.);
#6238=EDGE_CURVE('',#4523,#4525,#1073,.T.);
#6240=EDGE_CURVE('',#4525,#4527,#1077,.T.);
#6242=EDGE_CURVE('',#4527,#4522,#1081,.T.);
#6246=EDGE_CURVE('',#4546,#4547,#1085,.T.);
#6248=EDGE_CURVE('',#4547,#4549,#1089,.T.);
#6250=EDGE_CURVE('',#4549,#4551,#1093,.T.);
#6252=EDGE_CURVE('',#4551,#4546,#1097,.T.);
#6256=EDGE_CURVE('',#4554,#4555,#1101,.T.);
#6258=EDGE_CURVE('',#4555,#4557,#1105,.T.);
#6260=EDGE_CURVE('',#4557,#4559,#1109,.T.);
#6262=EDGE_CURVE('',#4559,#4554,#1113,.T.);
#6266=EDGE_CURVE('',#4578,#4579,#1117,.T.);
#6268=EDGE_CURVE('',#4579,#4581,#1121,.T.);
#6270=EDGE_CURVE('',#4581,#4583,#1125,.T.);
#6272=EDGE_CURVE('',#4583,#4578,#1129,.T.);
#6276=EDGE_CURVE('',#4586,#4587,#1133,.T.);
#6278=EDGE_CURVE('',#4587,#4589,#1137,.T.);
#6280=EDGE_CURVE('',#4589,#4591,#1141,.T.);
#6282=EDGE_CURVE('',#4591,#4586,#1145,.T.);
#6286=EDGE_CURVE('',#4610,#4611,#1149,.T.);
#6288=EDGE_CURVE('',#4611,#4613,#1153,.T.);
#6290=EDGE_CURVE('',#4613,#4615,#1157,.T.);
#6292=EDGE_CURVE('',#4615,#4610,#1161,.T.);
#6296=EDGE_CURVE('',#4618,#4619,#1165,.T.);
#6298=EDGE_CURVE('',#4619,#4621,#1169,.T.);
#6300=EDGE_CURVE('',#4621,#4623,#1173,.T.);
#6302=EDGE_CURVE('',#4623,#4618,#1177,.T.);
#6306=EDGE_CURVE('',#4642,#4643,#1181,.T.);
#6308=EDGE_CURVE('',#4643,#4645,#1185,.T.);
#6310=EDGE_CURVE('',#4645,#4647,#1189,.T.);
#6312=EDGE_CURVE('',#4647,#4642,#1193,.T.);
#6316=EDGE_CURVE('',#4650,#4651,#1197,.T.);
#6318=EDGE_CURVE('',#4651,#4653,#1201,.T.);
#6320=EDGE_CURVE('',#4653,#4655,#1205,.T.);
#6322=EDGE_CURVE('',#4655,#4650,#1209,.T.);
#6326=EDGE_CURVE('',#4674,#4675,#1213,.T.);
#6328=EDGE_CURVE('',#4675,#4677,#1217,.T.);
#6330=EDGE_CURVE('',#4677,#4679,#1221,.T.);
#6332=EDGE_CURVE('',#4679,#4674,#1225,.T.);
#6336=EDGE_CURVE('',#4682,#4683,#1229,.T.);
#6338=EDGE_CURVE('',#4683,#4685,#1233,.T.);
#6340=EDGE_CURVE('',#4685,#4687,#1237,.T.);
#6342=EDGE_CURVE('',#4687,#4682,#1241,.T.);
#6346=EDGE_CURVE('',#4706,#4707,#1245,.T.);
#6348=EDGE_CURVE('',#4707,#4709,#1249,.T.);
#6350=EDGE_CURVE('',#4709,#4711,#1253,.T.);
#6352=EDGE_CURVE('',#4711,#4706,#1257,.T.);
#6356=EDGE_CURVE('',#4714,#4715,#1261,.T.);
#6358=EDGE_CURVE('',#4715,#4717,#1265,.T.);
#6360=EDGE_CURVE('',#4717,#4719,#1269,.T.);
#6362=EDGE_CURVE('',#4719,#4714,#1273,.T.);
#6366=EDGE_CURVE('',#4738,#4739,#1277,.T.);
#6368=EDGE_CURVE('',#4739,#4741,#1281,.T.);
#6370=EDGE_CURVE('',#4741,#4743,#1285,.T.);
#6372=EDGE_CURVE('',#4743,#4738,#1289,.T.);
#6376=EDGE_CURVE('',#4746,#4747,#1293,.T.);
#6378=EDGE_CURVE('',#4747,#4749,#1297,.T.);
#6380=EDGE_CURVE('',#4749,#4751,#1301,.T.);
#6382=EDGE_CURVE('',#4751,#4746,#1305,.T.);
#6386=EDGE_CURVE('',#4770,#4771,#1309,.T.);
#6388=EDGE_CURVE('',#4771,#4773,#1313,.T.);
#6390=EDGE_CURVE('',#4773,#4775,#1317,.T.);
#6392=EDGE_CURVE('',#4775,#4770,#1321,.T.);
#6396=EDGE_CURVE('',#4778,#4779,#1325,.T.);
#6398=EDGE_CURVE('',#4779,#4781,#1329,.T.);
#6400=EDGE_CURVE('',#4781,#4783,#1333,.T.);
#6402=EDGE_CURVE('',#4783,#4778,#1337,.T.);
#6406=EDGE_CURVE('',#4802,#4803,#1341,.T.);
#6408=EDGE_CURVE('',#4803,#4805,#1345,.T.);
#6410=EDGE_CURVE('',#4805,#4807,#1349,.T.);
#6412=EDGE_CURVE('',#4807,#4802,#1353,.T.);
#6416=EDGE_CURVE('',#4810,#4811,#1357,.T.);
#6418=EDGE_CURVE('',#4811,#4813,#1361,.T.);
#6420=EDGE_CURVE('',#4813,#4815,#1365,.T.);
#6422=EDGE_CURVE('',#4815,#4810,#1369,.T.);
#6426=EDGE_CURVE('',#4834,#4835,#1373,.T.);
#6428=EDGE_CURVE('',#4835,#4837,#1377,.T.);
#6430=EDGE_CURVE('',#4837,#4839,#1381,.T.);
#6432=EDGE_CURVE('',#4839,#4834,#1385,.T.);
#6436=EDGE_CURVE('',#4842,#4843,#1389,.T.);
#6438=EDGE_CURVE('',#4843,#4845,#1393,.T.);
#6440=EDGE_CURVE('',#4845,#4847,#1397,.T.);
#6442=EDGE_CURVE('',#4847,#4842,#1401,.T.);
#6446=EDGE_CURVE('',#4866,#4867,#1405,.T.);
#6448=EDGE_CURVE('',#4867,#4869,#1409,.T.);
#6450=EDGE_CURVE('',#4869,#4871,#1413,.T.);
#6452=EDGE_CURVE('',#4871,#4866,#1417,.T.);
#6456=EDGE_CURVE('',#4874,#4875,#1421,.T.);
#6458=EDGE_CURVE('',#4875,#4877,#1425,.T.);
#6460=EDGE_CURVE('',#4877,#4879,#1429,.T.);
#6462=EDGE_CURVE('',#4879,#4874,#1433,.T.);
#6466=EDGE_CURVE('',#4898,#4899,#1437,.T.);
#6468=EDGE_CURVE('',#4899,#4901,#1441,.T.);
#6470=EDGE_CURVE('',#4901,#4903,#1445,.T.);
#6472=EDGE_CURVE('',#4903,#4898,#1449,.T.);
#6476=EDGE_CURVE('',#4906,#4907,#1453,.T.);
#6478=EDGE_CURVE('',#4907,#4909,#1457,.T.);
#6480=EDGE_CURVE('',#4909,#4911,#1461,.T.);
#6482=EDGE_CURVE('',#4911,#4906,#1465,.T.);
#6486=EDGE_CURVE('',#4930,#4931,#1469,.T.);
#6488=EDGE_CURVE('',#4931,#4933,#1473,.T.);
#6490=EDGE_CURVE('',#4933,#4935,#1477,.T.);
#6492=EDGE_CURVE('',#4935,#4930,#1481,.T.);
#6496=EDGE_CURVE('',#4938,#4939,#1485,.T.);
#6498=EDGE_CURVE('',#4939,#4941,#1489,.T.);
#6500=EDGE_CURVE('',#4941,#4943,#1493,.T.);
#6502=EDGE_CURVE('',#4943,#4938,#1497,.T.);
#6506=EDGE_CURVE('',#4962,#4963,#1501,.T.);
#6508=EDGE_CURVE('',#4963,#4965,#1505,.T.);
#6510=EDGE_CURVE('',#4965,#4967,#1509,.T.);
#6512=EDGE_CURVE('',#4967,#4962,#1513,.T.);
#6516=EDGE_CURVE('',#4970,#4971,#1517,.T.);
#6518=EDGE_CURVE('',#4971,#4973,#1521,.T.);
#6520=EDGE_CURVE('',#4973,#4975,#1525,.T.);
#6522=EDGE_CURVE('',#4975,#4970,#1529,.T.);
#6526=EDGE_CURVE('',#4994,#4995,#1533,.T.);
#6528=EDGE_CURVE('',#4995,#4997,#1537,.T.);
#6530=EDGE_CURVE('',#4997,#4999,#1541,.T.);
#6532=EDGE_CURVE('',#4999,#4994,#1545,.T.);
#6536=EDGE_CURVE('',#5002,#5003,#1549,.T.);
#6538=EDGE_CURVE('',#5003,#5005,#1553,.T.);
#6540=EDGE_CURVE('',#5005,#5007,#1557,.T.);
#6542=EDGE_CURVE('',#5007,#5002,#1561,.T.);
#6546=EDGE_CURVE('',#5026,#5027,#1565,.T.);
#6548=EDGE_CURVE('',#5027,#5029,#1569,.T.);
#6550=EDGE_CURVE('',#5029,#5031,#1573,.T.);
#6552=EDGE_CURVE('',#5031,#5026,#1577,.T.);
#6556=EDGE_CURVE('',#5034,#5035,#1581,.T.);
#6558=EDGE_CURVE('',#5035,#5037,#1585,.T.);
#6560=EDGE_CURVE('',#5037,#5039,#1589,.T.);
#6562=EDGE_CURVE('',#5039,#5034,#1593,.T.);
#6566=ADVANCED_FACE('',(#6165,#6175,#6185,#6195,#6205,#6215,#6225,#6235,#6245,
#6255,#6265,#6275,#6285,#6295,#6305,#6315,#6325,#6335,#6345,#6355,#6365,#6375,
#6385,#6395,#6405,#6415,#6425,#6435,#6445,#6455,#6465,#6475,#6485,#6495,#6505,
#6515,#6525,#6535,#6545,#6555,#6565),#6133,.F.);
#6573=EDGE_CURVE('',#5363,#5367,#1609,.T.);
#6576=EDGE_CURVE('',#5366,#5362,#1599,.T.);
#6580=ADVANCED_FACE('',(#6579),#6571,.F.);
#6586=EDGE_CURVE('',#5363,#5369,#1617,.T.);
#6588=EDGE_CURVE('',#5369,#5371,#1687,.T.);
#6594=ADVANCED_FACE('',(#6593),#6585,.F.);
#6600=EDGE_CURVE('',#5444,#5449,#1613,.T.);
#6602=EDGE_CURVE('',#5449,#5369,#1728,.T.);
#6608=ADVANCED_FACE('',(#6607),#6599,.F.);
#6616=EDGE_CURVE('',#5449,#5447,#1625,.T.);
#6621=ADVANCED_FACE('',(#6620),#6613,.T.);
#6627=EDGE_CURVE('',#5439,#5451,#1633,.T.);
#6629=EDGE_CURVE('',#5449,#5451,#1712,.T.);
#6633=EDGE_CURVE('',#5439,#5441,#1813,.T.);
#6637=ADVANCED_FACE('',(#6636),#6626,.T.);
#6643=EDGE_CURVE('',#4278,#5455,#1653,.T.);
#6645=EDGE_CURVE('',#5459,#5455,#1665,.T.);
#6647=EDGE_CURVE('',#5459,#5451,#1629,.T.);
#6650=EDGE_CURVE('',#5439,#5437,#1637,.T.);
#6652=EDGE_CURVE('',#5437,#4291,#1641,.T.);
#6654=EDGE_CURVE('',#4291,#4287,#1789,.T.);
#6656=EDGE_CURVE('',#4287,#4278,#1645,.T.);
#6660=ADVANCED_FACE('',(#6659),#6642,.F.);
#6666=EDGE_CURVE('',#5454,#5455,#1649,.T.);
#6670=EDGE_CURVE('',#4279,#5454,#1673,.T.);
#6674=ADVANCED_FACE('',(#6673),#6665,.T.);
#6680=EDGE_CURVE('',#5465,#5463,#1657,.T.);
#6682=EDGE_CURVE('',#5463,#4282,#1768,.T.);
#6685=EDGE_CURVE('',#5465,#4283,#1661,.T.);
#6689=ADVANCED_FACE('',(#6688),#6679,.T.);
#6696=EDGE_CURVE('',#5454,#5457,#1669,.T.);
#6698=EDGE_CURVE('',#5457,#5459,#1716,.T.);
#6703=ADVANCED_FACE('',(#6702),#6694,.T.);
#6713=EDGE_CURVE('',#5375,#5373,#1692,.T.);
#6715=EDGE_CURVE('',#5457,#5375,#1720,.T.);
#6719=ADVANCED_FACE('',(#6718),#6708,.F.);
#6727=EDGE_CURVE('',#5369,#5375,#1724,.T.);
#6732=ADVANCED_FACE('',(#6731),#6724,.F.);
#6738=EDGE_CURVE('',#5425,#5421,#1696,.T.);
#6741=EDGE_CURVE('',#5378,#5379,#1700,.T.);
#6743=EDGE_CURVE('',#5462,#5378,#1704,.T.);
#6745=EDGE_CURVE('',#5467,#5462,#1708,.T.);
#6747=EDGE_CURVE('',#5425,#5467,#1740,.T.);
#6751=ADVANCED_FACE('',(#6750),#6737,.F.);
#6765=ADVANCED_FACE('',(#6764),#6756,.F.);
#6772=EDGE_CURVE('',#5425,#5427,#1752,.T.);
#6774=EDGE_CURVE('',#5427,#5429,#1732,.T.);
#6780=ADVANCED_FACE('',(#6779),#6770,.T.);
#6787=EDGE_CURVE('',#5465,#5467,#1756,.T.);
#6790=EDGE_CURVE('',#4283,#4286,#1744,.T.);
#6792=EDGE_CURVE('',#4286,#4290,#1793,.T.);
#6794=EDGE_CURVE('',#5433,#4290,#1801,.T.);
#6796=EDGE_CURVE('',#5433,#5427,#1748,.T.);
#6801=ADVANCED_FACE('',(#6800),#6785,.F.);
#6807=EDGE_CURVE('',#5462,#5463,#1760,.T.);
#6814=ADVANCED_FACE('',(#6813),#6806,.T.);
#6822=EDGE_CURVE('',#5382,#5378,#1773,.T.);
#6829=ADVANCED_FACE('',(#6828),#6819,.F.);
#6841=ADVANCED_FACE('',(#6840),#6834,.F.);
#6848=EDGE_CURVE('',#4211,#4287,#1785,.T.);
#6850=EDGE_CURVE('',#4211,#4218,#1833,.T.);
#6855=ADVANCED_FACE('',(#6854),#6846,.T.);
#6863=EDGE_CURVE('',#4207,#4214,#1829,.T.);
#6865=EDGE_CURVE('',#4286,#4207,#1781,.T.);
#6869=ADVANCED_FACE('',(#6868),#6860,.T.);
#6875=EDGE_CURVE('',#4286,#4287,#1777,.T.);
#6878=EDGE_CURVE('',#4206,#4207,#1825,.T.);
#6881=EDGE_CURVE('',#4210,#4211,#1837,.T.);
#6886=ADVANCED_FACE('',(#6885),#6874,.T.);
#6894=EDGE_CURVE('',#4290,#4291,#1805,.T.);
#6899=ADVANCED_FACE('',(#6898),#6891,.T.);
#6905=EDGE_CURVE('',#5437,#5433,#1797,.T.);
#6912=ADVANCED_FACE('',(#6911),#6904,.F.);
#6919=EDGE_CURVE('',#5433,#5431,#1809,.T.);
#6922=EDGE_CURVE('',#5437,#5435,#1817,.T.);
#6926=ADVANCED_FACE('',(#6925),#6917,.T.);
#6938=ADVANCED_FACE('',(#6937),#6931,.T.);
#6950=ADVANCED_FACE('',(#6949),#6943,.T.);
#6962=ADVANCED_FACE('',(#6961),#6955,.T.);
#6974=ADVANCED_FACE('',(#6973),#6967,.F.);
#6981=EDGE_CURVE('',#5415,#5413,#1857,.T.);
#6983=EDGE_CURVE('',#4310,#5415,#1957,.T.);
#6985=EDGE_CURVE('',#4310,#4270,#2147,.T.);
#6988=EDGE_CURVE('',#4263,#4271,#2187,.T.);
#6991=EDGE_CURVE('',#4262,#4314,#2143,.T.);
#6997=ADVANCED_FACE('',(#6996),#6979,.F.);
#7004=EDGE_CURVE('',#5411,#5409,#1851,.T.);
#7006=EDGE_CURVE('',#5411,#5415,#1932,.T.);
#7011=ADVANCED_FACE('',(#7010),#7002,.F.);
#7018=EDGE_CURVE('',#5407,#5405,#1867,.T.);
#7020=EDGE_CURVE('',#5407,#5411,#2159,.T.);
#7025=ADVANCED_FACE('',(#7024),#7016,.F.);
#7032=EDGE_CURVE('',#5401,#5403,#1877,.T.);
#7034=EDGE_CURVE('',#5401,#5407,#2055,.T.);
#7039=ADVANCED_FACE('',(#7038),#7030,.F.);
#7045=EDGE_CURVE('',#5395,#5401,#1891,.T.);
#7049=EDGE_CURVE('',#5395,#5399,#1887,.T.);
#7053=ADVANCED_FACE('',(#7052),#7044,.F.);
#7060=EDGE_CURVE('',#4379,#5395,#1895,.T.);
#7062=EDGE_CURVE('',#4377,#4379,#1899,.T.);
#7064=EDGE_CURVE('',#4377,#4294,#1903,.T.);
#7066=EDGE_CURVE('',#4294,#5401,#2059,.T.);
#7070=ADVANCED_FACE('',(#7069),#7058,.F.);
#7076=EDGE_CURVE('',#5394,#5395,#1907,.T.);
#7078=EDGE_CURVE('',#5394,#4342,#1911,.T.);
#7080=EDGE_CURVE('',#4342,#4343,#1987,.T.);
#7082=EDGE_CURVE('',#4327,#4343,#1915,.T.);
#7084=EDGE_CURVE('',#4326,#4327,#1920,.T.);
#7086=EDGE_CURVE('',#4335,#4326,#1924,.T.);
#7088=EDGE_CURVE('',#4334,#4335,#2015,.T.);
#7091=EDGE_CURVE('',#4379,#4374,#1928,.T.);
#7096=ADVANCED_FACE('',(#7095),#7075,.F.);
#7103=EDGE_CURVE('',#4382,#5411,#1936,.T.);
#7105=EDGE_CURVE('',#4387,#4382,#1940,.T.);
#7107=EDGE_CURVE('',#4387,#4318,#2095,.T.);
#7109=EDGE_CURVE('',#4318,#4319,#2111,.T.);
#7111=EDGE_CURVE('',#4303,#4319,#1944,.T.);
#7113=EDGE_CURVE('',#4302,#4303,#1949,.T.);
#7115=EDGE_CURVE('',#4311,#4302,#1953,.T.);
#7117=EDGE_CURVE('',#4310,#4311,#2131,.T.);
#7122=ADVANCED_FACE('',(#7121),#7101,.F.);
#7131=EDGE_CURVE('',#5398,#5394,#1963,.T.);
#7135=ADVANCED_FACE('',(#7134),#7127,.F.);
#7144=EDGE_CURVE('',#5391,#5389,#1983,.T.);
#7147=EDGE_CURVE('',#4267,#4346,#1999,.T.);
#7152=EDGE_CURVE('',#4342,#4275,#1991,.T.);
#7156=ADVANCED_FACE('',(#7155),#7140,.F.);
#7168=ADVANCED_FACE('',(#7167),#7161,.F.);
#7177=EDGE_CURVE('',#4247,#4255,#1995,.T.);
#7182=EDGE_CURVE('',#4343,#4347,#2007,.T.);
#7186=ADVANCED_FACE('',(#7185),#7173,.T.);
#7193=EDGE_CURVE('',#4246,#4254,#2011,.T.);
#7199=ADVANCED_FACE('',(#7198),#7191,.T.);
#7206=EDGE_CURVE('',#4335,#4339,#2019,.T.);
#7216=ADVANCED_FACE('',(#7215),#7204,.T.);
#7224=EDGE_CURVE('',#4326,#4330,#2027,.T.);
#7229=ADVANCED_FACE('',(#7228),#7221,.F.);
#7236=EDGE_CURVE('',#4327,#4331,#2031,.T.);
#7242=ADVANCED_FACE('',(#7241),#7234,.T.);
#7254=ADVANCED_FACE('',(#7253),#7247,.F.);
#7261=EDGE_CURVE('',#4377,#4375,#2035,.T.);
#7267=ADVANCED_FACE('',(#7266),#7259,.T.);
#7275=EDGE_CURVE('',#4294,#4295,#2039,.T.);
#7280=ADVANCED_FACE('',(#7279),#7272,.T.);
#7286=EDGE_CURVE('',#4385,#4383,#2043,.T.);
#7288=EDGE_CURVE('',#4299,#4383,#2167,.T.);
#7290=EDGE_CURVE('',#4298,#4299,#2047,.T.);
#7292=EDGE_CURVE('',#4298,#4385,#2103,.T.);
#7296=ADVANCED_FACE('',(#7295),#7285,.T.);
#7303=EDGE_CURVE('',#5475,#4298,#2107,.T.);
#7306=EDGE_CURVE('',#4299,#5407,#2163,.T.);
#7314=ADVANCED_FACE('',(#7313),#7301,.F.);
#7321=EDGE_CURVE('',#4222,#4322,#2067,.T.);
#7327=ADVANCED_FACE('',(#7326),#7319,.F.);
#7336=EDGE_CURVE('',#4318,#4227,#2091,.T.);
#7339=EDGE_CURVE('',#4385,#4387,#2099,.T.);
#7345=ADVANCED_FACE('',(#7344),#7332,.F.);
#7354=EDGE_CURVE('',#4251,#4259,#2115,.T.);
#7359=EDGE_CURVE('',#4319,#4323,#2123,.T.);
#7363=ADVANCED_FACE('',(#7362),#7350,.T.);
#7370=EDGE_CURVE('',#4250,#4258,#2127,.T.);
#7376=ADVANCED_FACE('',(#7375),#7368,.T.);
#7383=EDGE_CURVE('',#4311,#4315,#2135,.T.);
#7393=ADVANCED_FACE('',(#7392),#7381,.T.);
#7401=EDGE_CURVE('',#4302,#4306,#2151,.T.);
#7406=ADVANCED_FACE('',(#7405),#7398,.F.);
#7413=EDGE_CURVE('',#4303,#4307,#2155,.T.);
#7419=ADVANCED_FACE('',(#7418),#7411,.T.);
#7431=ADVANCED_FACE('',(#7430),#7424,.F.);
#7437=EDGE_CURVE('',#4382,#4383,#2171,.T.);
#7444=ADVANCED_FACE('',(#7443),#7436,.T.);
#7457=ADVANCED_FACE('',(#7456),#7449,.F.);
#7473=ADVANCED_FACE('',(#7472),#7462,.F.);
#7480=EDGE_CURVE('',#4418,#4402,#2195,.T.);
#7482=EDGE_CURVE('',#4402,#4403,#2211,.T.);
#7484=EDGE_CURVE('',#4419,#4403,#2207,.T.);
#7488=ADVANCED_FACE('',(#7487),#7478,.T.);
#7495=EDGE_CURVE('',#4423,#4407,#2199,.T.);
#7497=EDGE_CURVE('',#4407,#4402,#2215,.T.);
#7502=ADVANCED_FACE('',(#7501),#7493,.T.);
#7509=EDGE_CURVE('',#4421,#4405,#2203,.T.);
#7511=EDGE_CURVE('',#4405,#4407,#2219,.T.);
#7516=ADVANCED_FACE('',(#7515),#7507,.T.);
#7524=EDGE_CURVE('',#4403,#4405,#2223,.T.);
#7529=ADVANCED_FACE('',(#7528),#7521,.T.);
#7541=ADVANCED_FACE('',(#7540),#7534,.T.);
#7547=EDGE_CURVE('',#4410,#4411,#2227,.T.);
#7549=EDGE_CURVE('',#4415,#4410,#2231,.T.);
#7551=EDGE_CURVE('',#4413,#4415,#2235,.T.);
#7553=EDGE_CURVE('',#4411,#4413,#2239,.T.);
#7557=ADVANCED_FACE('',(#7556),#7546,.T.);
#7564=EDGE_CURVE('',#4426,#4410,#2243,.T.);
#7567=EDGE_CURVE('',#4427,#4411,#2255,.T.);
#7571=ADVANCED_FACE('',(#7570),#7562,.T.);
#7578=EDGE_CURVE('',#4431,#4415,#2247,.T.);
#7584=ADVANCED_FACE('',(#7583),#7576,.T.);
#7591=EDGE_CURVE('',#4429,#4413,#2251,.T.);
#7597=ADVANCED_FACE('',(#7596),#7589,.T.);
#7609=ADVANCED_FACE('',(#7608),#7602,.T.);
#7616=EDGE_CURVE('',#4450,#4434,#2259,.T.);
#7618=EDGE_CURVE('',#4434,#4435,#2275,.T.);
#7620=EDGE_CURVE('',#4451,#4435,#2271,.T.);
#7624=ADVANCED_FACE('',(#7623),#7614,.T.);
#7631=EDGE_CURVE('',#4455,#4439,#2263,.T.);
#7633=EDGE_CURVE('',#4439,#4434,#2279,.T.);
#7638=ADVANCED_FACE('',(#7637),#7629,.T.);
#7645=EDGE_CURVE('',#4453,#4437,#2267,.T.);
#7647=EDGE_CURVE('',#4437,#4439,#2283,.T.);
#7652=ADVANCED_FACE('',(#7651),#7643,.T.);
#7660=EDGE_CURVE('',#4435,#4437,#2287,.T.);
#7665=ADVANCED_FACE('',(#7664),#7657,.T.);
#7677=ADVANCED_FACE('',(#7676),#7670,.T.);
#7683=EDGE_CURVE('',#4442,#4443,#2291,.T.);
#7685=EDGE_CURVE('',#4447,#4442,#2295,.T.);
#7687=EDGE_CURVE('',#4445,#4447,#2299,.T.);
#7689=EDGE_CURVE('',#4443,#4445,#2303,.T.);
#7693=ADVANCED_FACE('',(#7692),#7682,.T.);
#7700=EDGE_CURVE('',#4458,#4442,#2307,.T.);
#7703=EDGE_CURVE('',#4459,#4443,#2319,.T.);
#7707=ADVANCED_FACE('',(#7706),#7698,.T.);
#7714=EDGE_CURVE('',#4463,#4447,#2311,.T.);
#7720=ADVANCED_FACE('',(#7719),#7712,.T.);
#7727=EDGE_CURVE('',#4461,#4445,#2315,.T.);
#7733=ADVANCED_FACE('',(#7732),#7725,.T.);
#7745=ADVANCED_FACE('',(#7744),#7738,.T.);
#7752=EDGE_CURVE('',#4482,#4466,#2323,.T.);
#7754=EDGE_CURVE('',#4466,#4467,#2339,.T.);
#7756=EDGE_CURVE('',#4483,#4467,#2335,.T.);
#7760=ADVANCED_FACE('',(#7759),#7750,.T.);
#7767=EDGE_CURVE('',#4487,#4471,#2327,.T.);
#7769=EDGE_CURVE('',#4471,#4466,#2343,.T.);
#7774=ADVANCED_FACE('',(#7773),#7765,.T.);
#7781=EDGE_CURVE('',#4485,#4469,#2331,.T.);
#7783=EDGE_CURVE('',#4469,#4471,#2347,.T.);
#7788=ADVANCED_FACE('',(#7787),#7779,.T.);
#7796=EDGE_CURVE('',#4467,#4469,#2351,.T.);
#7801=ADVANCED_FACE('',(#7800),#7793,.T.);
#7813=ADVANCED_FACE('',(#7812),#7806,.T.);
#7819=EDGE_CURVE('',#4474,#4475,#2355,.T.);
#7821=EDGE_CURVE('',#4479,#4474,#2359,.T.);
#7823=EDGE_CURVE('',#4477,#4479,#2363,.T.);
#7825=EDGE_CURVE('',#4475,#4477,#2367,.T.);
#7829=ADVANCED_FACE('',(#7828),#7818,.T.);
#7836=EDGE_CURVE('',#4490,#4474,#2371,.T.);
#7839=EDGE_CURVE('',#4491,#4475,#2383,.T.);
#7843=ADVANCED_FACE('',(#7842),#7834,.T.);
#7850=EDGE_CURVE('',#4495,#4479,#2375,.T.);
#7856=ADVANCED_FACE('',(#7855),#7848,.T.);
#7863=EDGE_CURVE('',#4493,#4477,#2379,.T.);
#7869=ADVANCED_FACE('',(#7868),#7861,.T.);
#7881=ADVANCED_FACE('',(#7880),#7874,.T.);
#7888=EDGE_CURVE('',#4514,#4498,#2387,.T.);
#7890=EDGE_CURVE('',#4498,#4499,#2403,.T.);
#7892=EDGE_CURVE('',#4515,#4499,#2399,.T.);
#7896=ADVANCED_FACE('',(#7895),#7886,.T.);
#7903=EDGE_CURVE('',#4519,#4503,#2391,.T.);
#7905=EDGE_CURVE('',#4503,#4498,#2407,.T.);
#7910=ADVANCED_FACE('',(#7909),#7901,.T.);
#7917=EDGE_CURVE('',#4517,#4501,#2395,.T.);
#7919=EDGE_CURVE('',#4501,#4503,#2411,.T.);
#7924=ADVANCED_FACE('',(#7923),#7915,.T.);
#7932=EDGE_CURVE('',#4499,#4501,#2415,.T.);
#7937=ADVANCED_FACE('',(#7936),#7929,.T.);
#7949=ADVANCED_FACE('',(#7948),#7942,.T.);
#7955=EDGE_CURVE('',#4506,#4507,#2419,.T.);
#7957=EDGE_CURVE('',#4511,#4506,#2423,.T.);
#7959=EDGE_CURVE('',#4509,#4511,#2427,.T.);
#7961=EDGE_CURVE('',#4507,#4509,#2431,.T.);
#7965=ADVANCED_FACE('',(#7964),#7954,.T.);
#7972=EDGE_CURVE('',#4522,#4506,#2435,.T.);
#7975=EDGE_CURVE('',#4523,#4507,#2447,.T.);
#7979=ADVANCED_FACE('',(#7978),#7970,.T.);
#7986=EDGE_CURVE('',#4527,#4511,#2439,.T.);
#7992=ADVANCED_FACE('',(#7991),#7984,.T.);
#7999=EDGE_CURVE('',#4525,#4509,#2443,.T.);
#8005=ADVANCED_FACE('',(#8004),#7997,.T.);
#8017=ADVANCED_FACE('',(#8016),#8010,.T.);
#8024=EDGE_CURVE('',#4546,#4530,#2451,.T.);
#8026=EDGE_CURVE('',#4530,#4531,#2467,.T.);
#8028=EDGE_CURVE('',#4547,#4531,#2463,.T.);
#8032=ADVANCED_FACE('',(#8031),#8022,.T.);
#8039=EDGE_CURVE('',#4551,#4535,#2455,.T.);
#8041=EDGE_CURVE('',#4535,#4530,#2471,.T.);
#8046=ADVANCED_FACE('',(#8045),#8037,.T.);
#8053=EDGE_CURVE('',#4549,#4533,#2459,.T.);
#8055=EDGE_CURVE('',#4533,#4535,#2475,.T.);
#8060=ADVANCED_FACE('',(#8059),#8051,.T.);
#8068=EDGE_CURVE('',#4531,#4533,#2479,.T.);
#8073=ADVANCED_FACE('',(#8072),#8065,.T.);
#8085=ADVANCED_FACE('',(#8084),#8078,.T.);
#8091=EDGE_CURVE('',#4538,#4539,#2483,.T.);
#8093=EDGE_CURVE('',#4543,#4538,#2487,.T.);
#8095=EDGE_CURVE('',#4541,#4543,#2491,.T.);
#8097=EDGE_CURVE('',#4539,#4541,#2495,.T.);
#8101=ADVANCED_FACE('',(#8100),#8090,.T.);
#8108=EDGE_CURVE('',#4554,#4538,#2499,.T.);
#8111=EDGE_CURVE('',#4555,#4539,#2511,.T.);
#8115=ADVANCED_FACE('',(#8114),#8106,.T.);
#8122=EDGE_CURVE('',#4559,#4543,#2503,.T.);
#8128=ADVANCED_FACE('',(#8127),#8120,.T.);
#8135=EDGE_CURVE('',#4557,#4541,#2507,.T.);
#8141=ADVANCED_FACE('',(#8140),#8133,.T.);
#8153=ADVANCED_FACE('',(#8152),#8146,.T.);
#8160=EDGE_CURVE('',#4578,#4562,#2515,.T.);
#8162=EDGE_CURVE('',#4562,#4563,#2531,.T.);
#8164=EDGE_CURVE('',#4579,#4563,#2527,.T.);
#8168=ADVANCED_FACE('',(#8167),#8158,.T.);
#8175=EDGE_CURVE('',#4583,#4567,#2519,.T.);
#8177=EDGE_CURVE('',#4567,#4562,#2535,.T.);
#8182=ADVANCED_FACE('',(#8181),#8173,.T.);
#8189=EDGE_CURVE('',#4581,#4565,#2523,.T.);
#8191=EDGE_CURVE('',#4565,#4567,#2539,.T.);
#8196=ADVANCED_FACE('',(#8195),#8187,.T.);
#8204=EDGE_CURVE('',#4563,#4565,#2543,.T.);
#8209=ADVANCED_FACE('',(#8208),#8201,.T.);
#8221=ADVANCED_FACE('',(#8220),#8214,.T.);
#8227=EDGE_CURVE('',#4570,#4571,#2547,.T.);
#8229=EDGE_CURVE('',#4575,#4570,#2551,.T.);
#8231=EDGE_CURVE('',#4573,#4575,#2555,.T.);
#8233=EDGE_CURVE('',#4571,#4573,#2559,.T.);
#8237=ADVANCED_FACE('',(#8236),#8226,.T.);
#8244=EDGE_CURVE('',#4586,#4570,#2563,.T.);
#8247=EDGE_CURVE('',#4587,#4571,#2575,.T.);
#8251=ADVANCED_FACE('',(#8250),#8242,.T.);
#8258=EDGE_CURVE('',#4591,#4575,#2567,.T.);
#8264=ADVANCED_FACE('',(#8263),#8256,.T.);
#8271=EDGE_CURVE('',#4589,#4573,#2571,.T.);
#8277=ADVANCED_FACE('',(#8276),#8269,.T.);
#8289=ADVANCED_FACE('',(#8288),#8282,.T.);
#8296=EDGE_CURVE('',#4610,#4594,#2579,.T.);
#8298=EDGE_CURVE('',#4594,#4595,#2595,.T.);
#8300=EDGE_CURVE('',#4611,#4595,#2591,.T.);
#8304=ADVANCED_FACE('',(#8303),#8294,.T.);
#8311=EDGE_CURVE('',#4615,#4599,#2583,.T.);
#8313=EDGE_CURVE('',#4599,#4594,#2599,.T.);
#8318=ADVANCED_FACE('',(#8317),#8309,.T.);
#8325=EDGE_CURVE('',#4613,#4597,#2587,.T.);
#8327=EDGE_CURVE('',#4597,#4599,#2603,.T.);
#8332=ADVANCED_FACE('',(#8331),#8323,.T.);
#8340=EDGE_CURVE('',#4595,#4597,#2607,.T.);
#8345=ADVANCED_FACE('',(#8344),#8337,.T.);
#8357=ADVANCED_FACE('',(#8356),#8350,.T.);
#8363=EDGE_CURVE('',#4602,#4603,#2611,.T.);
#8365=EDGE_CURVE('',#4607,#4602,#2615,.T.);
#8367=EDGE_CURVE('',#4605,#4607,#2619,.T.);
#8369=EDGE_CURVE('',#4603,#4605,#2623,.T.);
#8373=ADVANCED_FACE('',(#8372),#8362,.T.);
#8380=EDGE_CURVE('',#4618,#4602,#2627,.T.);
#8383=EDGE_CURVE('',#4619,#4603,#2639,.T.);
#8387=ADVANCED_FACE('',(#8386),#8378,.T.);
#8394=EDGE_CURVE('',#4623,#4607,#2631,.T.);
#8400=ADVANCED_FACE('',(#8399),#8392,.T.);
#8407=EDGE_CURVE('',#4621,#4605,#2635,.T.);
#8413=ADVANCED_FACE('',(#8412),#8405,.T.);
#8425=ADVANCED_FACE('',(#8424),#8418,.T.);
#8432=EDGE_CURVE('',#4642,#4626,#2643,.T.);
#8434=EDGE_CURVE('',#4626,#4627,#2659,.T.);
#8436=EDGE_CURVE('',#4643,#4627,#2655,.T.);
#8440=ADVANCED_FACE('',(#8439),#8430,.T.);
#8447=EDGE_CURVE('',#4647,#4631,#2647,.T.);
#8449=EDGE_CURVE('',#4631,#4626,#2663,.T.);
#8454=ADVANCED_FACE('',(#8453),#8445,.T.);
#8461=EDGE_CURVE('',#4645,#4629,#2651,.T.);
#8463=EDGE_CURVE('',#4629,#4631,#2667,.T.);
#8468=ADVANCED_FACE('',(#8467),#8459,.T.);
#8476=EDGE_CURVE('',#4627,#4629,#2671,.T.);
#8481=ADVANCED_FACE('',(#8480),#8473,.T.);
#8493=ADVANCED_FACE('',(#8492),#8486,.T.);
#8499=EDGE_CURVE('',#4634,#4635,#2675,.T.);
#8501=EDGE_CURVE('',#4639,#4634,#2679,.T.);
#8503=EDGE_CURVE('',#4637,#4639,#2683,.T.);
#8505=EDGE_CURVE('',#4635,#4637,#2687,.T.);
#8509=ADVANCED_FACE('',(#8508),#8498,.T.);
#8516=EDGE_CURVE('',#4650,#4634,#2691,.T.);
#8519=EDGE_CURVE('',#4651,#4635,#2703,.T.);
#8523=ADVANCED_FACE('',(#8522),#8514,.T.);
#8530=EDGE_CURVE('',#4655,#4639,#2695,.T.);
#8536=ADVANCED_FACE('',(#8535),#8528,.T.);
#8543=EDGE_CURVE('',#4653,#4637,#2699,.T.);
#8549=ADVANCED_FACE('',(#8548),#8541,.T.);
#8561=ADVANCED_FACE('',(#8560),#8554,.T.);
#8568=EDGE_CURVE('',#4674,#4658,#2707,.T.);
#8570=EDGE_CURVE('',#4658,#4659,#2723,.T.);
#8572=EDGE_CURVE('',#4675,#4659,#2719,.T.);
#8576=ADVANCED_FACE('',(#8575),#8566,.T.);
#8583=EDGE_CURVE('',#4679,#4663,#2711,.T.);
#8585=EDGE_CURVE('',#4663,#4658,#2727,.T.);
#8590=ADVANCED_FACE('',(#8589),#8581,.T.);
#8597=EDGE_CURVE('',#4677,#4661,#2715,.T.);
#8599=EDGE_CURVE('',#4661,#4663,#2731,.T.);
#8604=ADVANCED_FACE('',(#8603),#8595,.T.);
#8612=EDGE_CURVE('',#4659,#4661,#2735,.T.);
#8617=ADVANCED_FACE('',(#8616),#8609,.T.);
#8629=ADVANCED_FACE('',(#8628),#8622,.T.);
#8635=EDGE_CURVE('',#4666,#4667,#2739,.T.);
#8637=EDGE_CURVE('',#4671,#4666,#2743,.T.);
#8639=EDGE_CURVE('',#4669,#4671,#2747,.T.);
#8641=EDGE_CURVE('',#4667,#4669,#2751,.T.);
#8645=ADVANCED_FACE('',(#8644),#8634,.T.);
#8652=EDGE_CURVE('',#4682,#4666,#2755,.T.);
#8655=EDGE_CURVE('',#4683,#4667,#2767,.T.);
#8659=ADVANCED_FACE('',(#8658),#8650,.T.);
#8666=EDGE_CURVE('',#4687,#4671,#2759,.T.);
#8672=ADVANCED_FACE('',(#8671),#8664,.T.);
#8679=EDGE_CURVE('',#4685,#4669,#2763,.T.);
#8685=ADVANCED_FACE('',(#8684),#8677,.T.);
#8697=ADVANCED_FACE('',(#8696),#8690,.T.);
#8704=EDGE_CURVE('',#4706,#4690,#2771,.T.);
#8706=EDGE_CURVE('',#4690,#4691,#2787,.T.);
#8708=EDGE_CURVE('',#4707,#4691,#2783,.T.);
#8712=ADVANCED_FACE('',(#8711),#8702,.T.);
#8719=EDGE_CURVE('',#4711,#4695,#2775,.T.);
#8721=EDGE_CURVE('',#4695,#4690,#2791,.T.);
#8726=ADVANCED_FACE('',(#8725),#8717,.T.);
#8733=EDGE_CURVE('',#4709,#4693,#2779,.T.);
#8735=EDGE_CURVE('',#4693,#4695,#2795,.T.);
#8740=ADVANCED_FACE('',(#8739),#8731,.T.);
#8748=EDGE_CURVE('',#4691,#4693,#2799,.T.);
#8753=ADVANCED_FACE('',(#8752),#8745,.T.);
#8765=ADVANCED_FACE('',(#8764),#8758,.T.);
#8771=EDGE_CURVE('',#4698,#4699,#2803,.T.);
#8773=EDGE_CURVE('',#4703,#4698,#2807,.T.);
#8775=EDGE_CURVE('',#4701,#4703,#2811,.T.);
#8777=EDGE_CURVE('',#4699,#4701,#2815,.T.);
#8781=ADVANCED_FACE('',(#8780),#8770,.T.);
#8788=EDGE_CURVE('',#4714,#4698,#2819,.T.);
#8791=EDGE_CURVE('',#4715,#4699,#2831,.T.);
#8795=ADVANCED_FACE('',(#8794),#8786,.T.);
#8802=EDGE_CURVE('',#4719,#4703,#2823,.T.);
#8808=ADVANCED_FACE('',(#8807),#8800,.T.);
#8815=EDGE_CURVE('',#4717,#4701,#2827,.T.);
#8821=ADVANCED_FACE('',(#8820),#8813,.T.);
#8833=ADVANCED_FACE('',(#8832),#8826,.T.);
#8840=EDGE_CURVE('',#4738,#4722,#2835,.T.);
#8842=EDGE_CURVE('',#4722,#4723,#2851,.T.);
#8844=EDGE_CURVE('',#4739,#4723,#2847,.T.);
#8848=ADVANCED_FACE('',(#8847),#8838,.T.);
#8855=EDGE_CURVE('',#4743,#4727,#2839,.T.);
#8857=EDGE_CURVE('',#4727,#4722,#2855,.T.);
#8862=ADVANCED_FACE('',(#8861),#8853,.T.);
#8869=EDGE_CURVE('',#4741,#4725,#2843,.T.);
#8871=EDGE_CURVE('',#4725,#4727,#2859,.T.);
#8876=ADVANCED_FACE('',(#8875),#8867,.T.);
#8884=EDGE_CURVE('',#4723,#4725,#2863,.T.);
#8889=ADVANCED_FACE('',(#8888),#8881,.T.);
#8901=ADVANCED_FACE('',(#8900),#8894,.T.);
#8907=EDGE_CURVE('',#4730,#4731,#2867,.T.);
#8909=EDGE_CURVE('',#4735,#4730,#2871,.T.);
#8911=EDGE_CURVE('',#4733,#4735,#2875,.T.);
#8913=EDGE_CURVE('',#4731,#4733,#2879,.T.);
#8917=ADVANCED_FACE('',(#8916),#8906,.T.);
#8924=EDGE_CURVE('',#4746,#4730,#2883,.T.);
#8927=EDGE_CURVE('',#4747,#4731,#2895,.T.);
#8931=ADVANCED_FACE('',(#8930),#8922,.T.);
#8938=EDGE_CURVE('',#4751,#4735,#2887,.T.);
#8944=ADVANCED_FACE('',(#8943),#8936,.T.);
#8951=EDGE_CURVE('',#4749,#4733,#2891,.T.);
#8957=ADVANCED_FACE('',(#8956),#8949,.T.);
#8969=ADVANCED_FACE('',(#8968),#8962,.T.);
#8976=EDGE_CURVE('',#4770,#4754,#2899,.T.);
#8978=EDGE_CURVE('',#4754,#4755,#2915,.T.);
#8980=EDGE_CURVE('',#4771,#4755,#2911,.T.);
#8984=ADVANCED_FACE('',(#8983),#8974,.T.);
#8991=EDGE_CURVE('',#4775,#4759,#2903,.T.);
#8993=EDGE_CURVE('',#4759,#4754,#2919,.T.);
#8998=ADVANCED_FACE('',(#8997),#8989,.T.);
#9005=EDGE_CURVE('',#4773,#4757,#2907,.T.);
#9007=EDGE_CURVE('',#4757,#4759,#2923,.T.);
#9012=ADVANCED_FACE('',(#9011),#9003,.T.);
#9020=EDGE_CURVE('',#4755,#4757,#2927,.T.);
#9025=ADVANCED_FACE('',(#9024),#9017,.T.);
#9037=ADVANCED_FACE('',(#9036),#9030,.T.);
#9043=EDGE_CURVE('',#4762,#4763,#2931,.T.);
#9045=EDGE_CURVE('',#4767,#4762,#2935,.T.);
#9047=EDGE_CURVE('',#4765,#4767,#2939,.T.);
#9049=EDGE_CURVE('',#4763,#4765,#2943,.T.);
#9053=ADVANCED_FACE('',(#9052),#9042,.T.);
#9060=EDGE_CURVE('',#4778,#4762,#2947,.T.);
#9063=EDGE_CURVE('',#4779,#4763,#2959,.T.);
#9067=ADVANCED_FACE('',(#9066),#9058,.T.);
#9074=EDGE_CURVE('',#4783,#4767,#2951,.T.);
#9080=ADVANCED_FACE('',(#9079),#9072,.T.);
#9087=EDGE_CURVE('',#4781,#4765,#2955,.T.);
#9093=ADVANCED_FACE('',(#9092),#9085,.T.);
#9105=ADVANCED_FACE('',(#9104),#9098,.T.);
#9112=EDGE_CURVE('',#4802,#4786,#2963,.T.);
#9114=EDGE_CURVE('',#4786,#4787,#2979,.T.);
#9116=EDGE_CURVE('',#4803,#4787,#2975,.T.);
#9120=ADVANCED_FACE('',(#9119),#9110,.T.);
#9127=EDGE_CURVE('',#4807,#4791,#2967,.T.);
#9129=EDGE_CURVE('',#4791,#4786,#2983,.T.);
#9134=ADVANCED_FACE('',(#9133),#9125,.T.);
#9141=EDGE_CURVE('',#4805,#4789,#2971,.T.);
#9143=EDGE_CURVE('',#4789,#4791,#2987,.T.);
#9148=ADVANCED_FACE('',(#9147),#9139,.T.);
#9156=EDGE_CURVE('',#4787,#4789,#2991,.T.);
#9161=ADVANCED_FACE('',(#9160),#9153,.T.);
#9173=ADVANCED_FACE('',(#9172),#9166,.T.);
#9179=EDGE_CURVE('',#4794,#4795,#2995,.T.);
#9181=EDGE_CURVE('',#4799,#4794,#2999,.T.);
#9183=EDGE_CURVE('',#4797,#4799,#3003,.T.);
#9185=EDGE_CURVE('',#4795,#4797,#3007,.T.);
#9189=ADVANCED_FACE('',(#9188),#9178,.T.);
#9196=EDGE_CURVE('',#4810,#4794,#3011,.T.);
#9199=EDGE_CURVE('',#4811,#4795,#3023,.T.);
#9203=ADVANCED_FACE('',(#9202),#9194,.T.);
#9210=EDGE_CURVE('',#4815,#4799,#3015,.T.);
#9216=ADVANCED_FACE('',(#9215),#9208,.T.);
#9223=EDGE_CURVE('',#4813,#4797,#3019,.T.);
#9229=ADVANCED_FACE('',(#9228),#9221,.T.);
#9241=ADVANCED_FACE('',(#9240),#9234,.T.);
#9248=EDGE_CURVE('',#4834,#4818,#3027,.T.);
#9250=EDGE_CURVE('',#4818,#4819,#3043,.T.);
#9252=EDGE_CURVE('',#4835,#4819,#3039,.T.);
#9256=ADVANCED_FACE('',(#9255),#9246,.T.);
#9263=EDGE_CURVE('',#4839,#4823,#3031,.T.);
#9265=EDGE_CURVE('',#4823,#4818,#3047,.T.);
#9270=ADVANCED_FACE('',(#9269),#9261,.T.);
#9277=EDGE_CURVE('',#4837,#4821,#3035,.T.);
#9279=EDGE_CURVE('',#4821,#4823,#3051,.T.);
#9284=ADVANCED_FACE('',(#9283),#9275,.T.);
#9292=EDGE_CURVE('',#4819,#4821,#3055,.T.);
#9297=ADVANCED_FACE('',(#9296),#9289,.T.);
#9309=ADVANCED_FACE('',(#9308),#9302,.T.);
#9315=EDGE_CURVE('',#4826,#4827,#3059,.T.);
#9317=EDGE_CURVE('',#4831,#4826,#3063,.T.);
#9319=EDGE_CURVE('',#4829,#4831,#3067,.T.);
#9321=EDGE_CURVE('',#4827,#4829,#3071,.T.);
#9325=ADVANCED_FACE('',(#9324),#9314,.T.);
#9332=EDGE_CURVE('',#4842,#4826,#3075,.T.);
#9335=EDGE_CURVE('',#4843,#4827,#3087,.T.);
#9339=ADVANCED_FACE('',(#9338),#9330,.T.);
#9346=EDGE_CURVE('',#4847,#4831,#3079,.T.);
#9352=ADVANCED_FACE('',(#9351),#9344,.T.);
#9359=EDGE_CURVE('',#4845,#4829,#3083,.T.);
#9365=ADVANCED_FACE('',(#9364),#9357,.T.);
#9377=ADVANCED_FACE('',(#9376),#9370,.T.);
#9384=EDGE_CURVE('',#4866,#4850,#3091,.T.);
#9386=EDGE_CURVE('',#4850,#4851,#3107,.T.);
#9388=EDGE_CURVE('',#4867,#4851,#3103,.T.);
#9392=ADVANCED_FACE('',(#9391),#9382,.T.);
#9399=EDGE_CURVE('',#4871,#4855,#3095,.T.);
#9401=EDGE_CURVE('',#4855,#4850,#3111,.T.);
#9406=ADVANCED_FACE('',(#9405),#9397,.T.);
#9413=EDGE_CURVE('',#4869,#4853,#3099,.T.);
#9415=EDGE_CURVE('',#4853,#4855,#3115,.T.);
#9420=ADVANCED_FACE('',(#9419),#9411,.T.);
#9428=EDGE_CURVE('',#4851,#4853,#3119,.T.);
#9433=ADVANCED_FACE('',(#9432),#9425,.T.);
#9445=ADVANCED_FACE('',(#9444),#9438,.T.);
#9451=EDGE_CURVE('',#4858,#4859,#3123,.T.);
#9453=EDGE_CURVE('',#4863,#4858,#3127,.T.);
#9455=EDGE_CURVE('',#4861,#4863,#3131,.T.);
#9457=EDGE_CURVE('',#4859,#4861,#3135,.T.);
#9461=ADVANCED_FACE('',(#9460),#9450,.T.);
#9468=EDGE_CURVE('',#4874,#4858,#3139,.T.);
#9471=EDGE_CURVE('',#4875,#4859,#3151,.T.);
#9475=ADVANCED_FACE('',(#9474),#9466,.T.);
#9482=EDGE_CURVE('',#4879,#4863,#3143,.T.);
#9488=ADVANCED_FACE('',(#9487),#9480,.T.);
#9495=EDGE_CURVE('',#4877,#4861,#3147,.T.);
#9501=ADVANCED_FACE('',(#9500),#9493,.T.);
#9513=ADVANCED_FACE('',(#9512),#9506,.T.);
#9520=EDGE_CURVE('',#4898,#4882,#3155,.T.);
#9522=EDGE_CURVE('',#4882,#4883,#3171,.T.);
#9524=EDGE_CURVE('',#4899,#4883,#3167,.T.);
#9528=ADVANCED_FACE('',(#9527),#9518,.T.);
#9535=EDGE_CURVE('',#4903,#4887,#3159,.T.);
#9537=EDGE_CURVE('',#4887,#4882,#3175,.T.);
#9542=ADVANCED_FACE('',(#9541),#9533,.T.);
#9549=EDGE_CURVE('',#4901,#4885,#3163,.T.);
#9551=EDGE_CURVE('',#4885,#4887,#3179,.T.);
#9556=ADVANCED_FACE('',(#9555),#9547,.T.);
#9564=EDGE_CURVE('',#4883,#4885,#3183,.T.);
#9569=ADVANCED_FACE('',(#9568),#9561,.T.);
#9581=ADVANCED_FACE('',(#9580),#9574,.T.);
#9587=EDGE_CURVE('',#4890,#4891,#3187,.T.);
#9589=EDGE_CURVE('',#4895,#4890,#3191,.T.);
#9591=EDGE_CURVE('',#4893,#4895,#3195,.T.);
#9593=EDGE_CURVE('',#4891,#4893,#3199,.T.);
#9597=ADVANCED_FACE('',(#9596),#9586,.T.);
#9604=EDGE_CURVE('',#4906,#4890,#3203,.T.);
#9607=EDGE_CURVE('',#4907,#4891,#3215,.T.);
#9611=ADVANCED_FACE('',(#9610),#9602,.T.);
#9618=EDGE_CURVE('',#4911,#4895,#3207,.T.);
#9624=ADVANCED_FACE('',(#9623),#9616,.T.);
#9631=EDGE_CURVE('',#4909,#4893,#3211,.T.);
#9637=ADVANCED_FACE('',(#9636),#9629,.T.);
#9649=ADVANCED_FACE('',(#9648),#9642,.T.);
#9656=EDGE_CURVE('',#4930,#4914,#3219,.T.);
#9658=EDGE_CURVE('',#4914,#4915,#3235,.T.);
#9660=EDGE_CURVE('',#4931,#4915,#3231,.T.);
#9664=ADVANCED_FACE('',(#9663),#9654,.T.);
#9671=EDGE_CURVE('',#4935,#4919,#3223,.T.);
#9673=EDGE_CURVE('',#4919,#4914,#3239,.T.);
#9678=ADVANCED_FACE('',(#9677),#9669,.T.);
#9685=EDGE_CURVE('',#4933,#4917,#3227,.T.);
#9687=EDGE_CURVE('',#4917,#4919,#3243,.T.);
#9692=ADVANCED_FACE('',(#9691),#9683,.T.);
#9700=EDGE_CURVE('',#4915,#4917,#3247,.T.);
#9705=ADVANCED_FACE('',(#9704),#9697,.T.);
#9717=ADVANCED_FACE('',(#9716),#9710,.T.);
#9723=EDGE_CURVE('',#4922,#4923,#3251,.T.);
#9725=EDGE_CURVE('',#4927,#4922,#3255,.T.);
#9727=EDGE_CURVE('',#4925,#4927,#3259,.T.);
#9729=EDGE_CURVE('',#4923,#4925,#3263,.T.);
#9733=ADVANCED_FACE('',(#9732),#9722,.T.);
#9740=EDGE_CURVE('',#4938,#4922,#3267,.T.);
#9743=EDGE_CURVE('',#4939,#4923,#3279,.T.);
#9747=ADVANCED_FACE('',(#9746),#9738,.T.);
#9754=EDGE_CURVE('',#4943,#4927,#3271,.T.);
#9760=ADVANCED_FACE('',(#9759),#9752,.T.);
#9767=EDGE_CURVE('',#4941,#4925,#3275,.T.);
#9773=ADVANCED_FACE('',(#9772),#9765,.T.);
#9785=ADVANCED_FACE('',(#9784),#9778,.T.);
#9792=EDGE_CURVE('',#4962,#4946,#3283,.T.);
#9794=EDGE_CURVE('',#4946,#4947,#3299,.T.);
#9796=EDGE_CURVE('',#4963,#4947,#3295,.T.);
#9800=ADVANCED_FACE('',(#9799),#9790,.T.);
#9807=EDGE_CURVE('',#4967,#4951,#3287,.T.);
#9809=EDGE_CURVE('',#4951,#4946,#3303,.T.);
#9814=ADVANCED_FACE('',(#9813),#9805,.T.);
#9821=EDGE_CURVE('',#4965,#4949,#3291,.T.);
#9823=EDGE_CURVE('',#4949,#4951,#3307,.T.);
#9828=ADVANCED_FACE('',(#9827),#9819,.T.);
#9836=EDGE_CURVE('',#4947,#4949,#3311,.T.);
#9841=ADVANCED_FACE('',(#9840),#9833,.T.);
#9853=ADVANCED_FACE('',(#9852),#9846,.T.);
#9859=EDGE_CURVE('',#4954,#4955,#3315,.T.);
#9861=EDGE_CURVE('',#4959,#4954,#3319,.T.);
#9863=EDGE_CURVE('',#4957,#4959,#3323,.T.);
#9865=EDGE_CURVE('',#4955,#4957,#3327,.T.);
#9869=ADVANCED_FACE('',(#9868),#9858,.T.);
#9876=EDGE_CURVE('',#4970,#4954,#3331,.T.);
#9879=EDGE_CURVE('',#4971,#4955,#3343,.T.);
#9883=ADVANCED_FACE('',(#9882),#9874,.T.);
#9890=EDGE_CURVE('',#4975,#4959,#3335,.T.);
#9896=ADVANCED_FACE('',(#9895),#9888,.T.);
#9903=EDGE_CURVE('',#4973,#4957,#3339,.T.);
#9909=ADVANCED_FACE('',(#9908),#9901,.T.);
#9921=ADVANCED_FACE('',(#9920),#9914,.T.);
#9928=EDGE_CURVE('',#4994,#4978,#3347,.T.);
#9930=EDGE_CURVE('',#4978,#4979,#3363,.T.);
#9932=EDGE_CURVE('',#4995,#4979,#3359,.T.);
#9936=ADVANCED_FACE('',(#9935),#9926,.T.);
#9943=EDGE_CURVE('',#4999,#4983,#3351,.T.);
#9945=EDGE_CURVE('',#4983,#4978,#3367,.T.);
#9950=ADVANCED_FACE('',(#9949),#9941,.T.);
#9957=EDGE_CURVE('',#4997,#4981,#3355,.T.);
#9959=EDGE_CURVE('',#4981,#4983,#3371,.T.);
#9964=ADVANCED_FACE('',(#9963),#9955,.T.);
#9972=EDGE_CURVE('',#4979,#4981,#3375,.T.);
#9977=ADVANCED_FACE('',(#9976),#9969,.T.);
#9989=ADVANCED_FACE('',(#9988),#9982,.T.);
#9995=EDGE_CURVE('',#4986,#4987,#3379,.T.);
#9997=EDGE_CURVE('',#4991,#4986,#3383,.T.);
#9999=EDGE_CURVE('',#4989,#4991,#3387,.T.);
#10001=EDGE_CURVE('',#4987,#4989,#3391,.T.);
#10005=ADVANCED_FACE('',(#10004),#9994,.T.);
#10012=EDGE_CURVE('',#5002,#4986,#3395,.T.);
#10015=EDGE_CURVE('',#5003,#4987,#3407,.T.);
#10019=ADVANCED_FACE('',(#10018),#10010,.T.);
#10026=EDGE_CURVE('',#5007,#4991,#3399,.T.);
#10032=ADVANCED_FACE('',(#10031),#10024,.T.);
#10039=EDGE_CURVE('',#5005,#4989,#3403,.T.);
#10045=ADVANCED_FACE('',(#10044),#10037,.T.);
#10057=ADVANCED_FACE('',(#10056),#10050,.T.);
#10064=EDGE_CURVE('',#5026,#5010,#3411,.T.);
#10066=EDGE_CURVE('',#5010,#5011,#3427,.T.);
#10068=EDGE_CURVE('',#5027,#5011,#3423,.T.);
#10072=ADVANCED_FACE('',(#10071),#10062,.T.);
#10079=EDGE_CURVE('',#5031,#5015,#3415,.T.);
#10081=EDGE_CURVE('',#5015,#5010,#3431,.T.);
#10086=ADVANCED_FACE('',(#10085),#10077,.T.);
#10093=EDGE_CURVE('',#5029,#5013,#3419,.T.);
#10095=EDGE_CURVE('',#5013,#5015,#3435,.T.);
#10100=ADVANCED_FACE('',(#10099),#10091,.T.);
#10108=EDGE_CURVE('',#5011,#5013,#3439,.T.);
#10113=ADVANCED_FACE('',(#10112),#10105,.T.);
#10125=ADVANCED_FACE('',(#10124),#10118,.T.);
#10131=EDGE_CURVE('',#5018,#5019,#3443,.T.);
#10133=EDGE_CURVE('',#5023,#5018,#3447,.T.);
#10135=EDGE_CURVE('',#5021,#5023,#3451,.T.);
#10137=EDGE_CURVE('',#5019,#5021,#3455,.T.);
#10141=ADVANCED_FACE('',(#10140),#10130,.T.);
#10148=EDGE_CURVE('',#5034,#5018,#3459,.T.);
#10151=EDGE_CURVE('',#5035,#5019,#3471,.T.);
#10155=ADVANCED_FACE('',(#10154),#10146,.T.);
#10162=EDGE_CURVE('',#5039,#5023,#3463,.T.);
#10168=ADVANCED_FACE('',(#10167),#10160,.T.);
#10175=EDGE_CURVE('',#5037,#5021,#3467,.T.);
#10181=ADVANCED_FACE('',(#10180),#10173,.T.);
#10193=ADVANCED_FACE('',(#10192),#10186,.T.);
#10200=EDGE_CURVE('',#4399,#4390,#3475,.T.);
#10205=ADVANCED_FACE('',(#10204),#10198,.T.);
#10217=ADVANCED_FACE('',(#10216),#10210,.F.);
#10224=EDGE_CURVE('',#5050,#5042,#3487,.T.);
#10226=EDGE_CURVE('',#5042,#5043,#3496,.T.);
#10228=EDGE_CURVE('',#5051,#5043,#3491,.T.);
#10232=ADVANCED_FACE('',(#10231),#10222,.T.);
#10240=EDGE_CURVE('',#5043,#5042,#3501,.T.);
#10245=ADVANCED_FACE('',(#10244),#10237,.T.);
#10255=ADVANCED_FACE('',(#10254),#10250,.T.);
#10261=EDGE_CURVE('',#5046,#5047,#3506,.T.);
#10263=EDGE_CURVE('',#5047,#5046,#3511,.T.);
#10267=ADVANCED_FACE('',(#10266),#10260,.T.);
#10274=EDGE_CURVE('',#5054,#5046,#3515,.T.);
#10277=EDGE_CURVE('',#5055,#5047,#3519,.T.);
#10281=ADVANCED_FACE('',(#10280),#10272,.T.);
#10293=ADVANCED_FACE('',(#10292),#10286,.T.);
#10300=EDGE_CURVE('',#5066,#5058,#3523,.T.);
#10302=EDGE_CURVE('',#5058,#5059,#3532,.T.);
#10304=EDGE_CURVE('',#5067,#5059,#3527,.T.);
#10308=ADVANCED_FACE('',(#10307),#10298,.T.);
#10316=EDGE_CURVE('',#5059,#5058,#3537,.T.);
#10321=ADVANCED_FACE('',(#10320),#10313,.T.);
#10331=ADVANCED_FACE('',(#10330),#10326,.T.);
#10337=EDGE_CURVE('',#5062,#5063,#3542,.T.);
#10339=EDGE_CURVE('',#5063,#5062,#3547,.T.);
#10343=ADVANCED_FACE('',(#10342),#10336,.T.);
#10350=EDGE_CURVE('',#5070,#5062,#3551,.T.);
#10353=EDGE_CURVE('',#5071,#5063,#3555,.T.);
#10357=ADVANCED_FACE('',(#10356),#10348,.T.);
#10369=ADVANCED_FACE('',(#10368),#10362,.T.);
#10376=EDGE_CURVE('',#5082,#5074,#3559,.T.);
#10378=EDGE_CURVE('',#5074,#5075,#3568,.T.);
#10380=EDGE_CURVE('',#5083,#5075,#3563,.T.);
#10384=ADVANCED_FACE('',(#10383),#10374,.T.);
#10392=EDGE_CURVE('',#5075,#5074,#3573,.T.);
#10397=ADVANCED_FACE('',(#10396),#10389,.T.);
#10407=ADVANCED_FACE('',(#10406),#10402,.T.);
#10413=EDGE_CURVE('',#5078,#5079,#3578,.T.);
#10415=EDGE_CURVE('',#5079,#5078,#3583,.T.);
#10419=ADVANCED_FACE('',(#10418),#10412,.T.);
#10426=EDGE_CURVE('',#5086,#5078,#3587,.T.);
#10429=EDGE_CURVE('',#5087,#5079,#3591,.T.);
#10433=ADVANCED_FACE('',(#10432),#10424,.T.);
#10445=ADVANCED_FACE('',(#10444),#10438,.T.);
#10452=EDGE_CURVE('',#5098,#5090,#3595,.T.);
#10454=EDGE_CURVE('',#5090,#5091,#3604,.T.);
#10456=EDGE_CURVE('',#5099,#5091,#3599,.T.);
#10460=ADVANCED_FACE('',(#10459),#10450,.T.);
#10468=EDGE_CURVE('',#5091,#5090,#3609,.T.);
#10473=ADVANCED_FACE('',(#10472),#10465,.T.);
#10483=ADVANCED_FACE('',(#10482),#10478,.T.);
#10489=EDGE_CURVE('',#5094,#5095,#3614,.T.);
#10491=EDGE_CURVE('',#5095,#5094,#3619,.T.);
#10495=ADVANCED_FACE('',(#10494),#10488,.T.);
#10502=EDGE_CURVE('',#5102,#5094,#3623,.T.);
#10505=EDGE_CURVE('',#5103,#5095,#3627,.T.);
#10509=ADVANCED_FACE('',(#10508),#10500,.T.);
#10521=ADVANCED_FACE('',(#10520),#10514,.T.);
#10528=EDGE_CURVE('',#5114,#5106,#3631,.T.);
#10530=EDGE_CURVE('',#5106,#5107,#3640,.T.);
#10532=EDGE_CURVE('',#5115,#5107,#3635,.T.);
#10536=ADVANCED_FACE('',(#10535),#10526,.T.);
#10544=EDGE_CURVE('',#5107,#5106,#3645,.T.);
#10549=ADVANCED_FACE('',(#10548),#10541,.T.);
#10559=ADVANCED_FACE('',(#10558),#10554,.T.);
#10565=EDGE_CURVE('',#5110,#5111,#3650,.T.);
#10567=EDGE_CURVE('',#5111,#5110,#3655,.T.);
#10571=ADVANCED_FACE('',(#10570),#10564,.T.);
#10578=EDGE_CURVE('',#5118,#5110,#3659,.T.);
#10581=EDGE_CURVE('',#5119,#5111,#3663,.T.);
#10585=ADVANCED_FACE('',(#10584),#10576,.T.);
#10597=ADVANCED_FACE('',(#10596),#10590,.T.);
#10604=EDGE_CURVE('',#5130,#5122,#3667,.T.);
#10606=EDGE_CURVE('',#5122,#5123,#3676,.T.);
#10608=EDGE_CURVE('',#5131,#5123,#3671,.T.);
#10612=ADVANCED_FACE('',(#10611),#10602,.T.);
#10620=EDGE_CURVE('',#5123,#5122,#3681,.T.);
#10625=ADVANCED_FACE('',(#10624),#10617,.T.);
#10635=ADVANCED_FACE('',(#10634),#10630,.T.);
#10641=EDGE_CURVE('',#5126,#5127,#3686,.T.);
#10643=EDGE_CURVE('',#5127,#5126,#3691,.T.);
#10647=ADVANCED_FACE('',(#10646),#10640,.T.);
#10654=EDGE_CURVE('',#5134,#5126,#3695,.T.);
#10657=EDGE_CURVE('',#5135,#5127,#3699,.T.);
#10661=ADVANCED_FACE('',(#10660),#10652,.T.);
#10673=ADVANCED_FACE('',(#10672),#10666,.T.);
#10680=EDGE_CURVE('',#5146,#5138,#3703,.T.);
#10682=EDGE_CURVE('',#5138,#5139,#3712,.T.);
#10684=EDGE_CURVE('',#5147,#5139,#3707,.T.);
#10688=ADVANCED_FACE('',(#10687),#10678,.T.);
#10696=EDGE_CURVE('',#5139,#5138,#3717,.T.);
#10701=ADVANCED_FACE('',(#10700),#10693,.T.);
#10711=ADVANCED_FACE('',(#10710),#10706,.T.);
#10717=EDGE_CURVE('',#5142,#5143,#3722,.T.);
#10719=EDGE_CURVE('',#5143,#5142,#3727,.T.);
#10723=ADVANCED_FACE('',(#10722),#10716,.T.);
#10730=EDGE_CURVE('',#5150,#5142,#3731,.T.);
#10733=EDGE_CURVE('',#5151,#5143,#3735,.T.);
#10737=ADVANCED_FACE('',(#10736),#10728,.T.);
#10749=ADVANCED_FACE('',(#10748),#10742,.T.);
#10756=EDGE_CURVE('',#5162,#5154,#3739,.T.);
#10758=EDGE_CURVE('',#5154,#5155,#3748,.T.);
#10760=EDGE_CURVE('',#5163,#5155,#3743,.T.);
#10764=ADVANCED_FACE('',(#10763),#10754,.T.);
#10772=EDGE_CURVE('',#5155,#5154,#3753,.T.);
#10777=ADVANCED_FACE('',(#10776),#10769,.T.);
#10787=ADVANCED_FACE('',(#10786),#10782,.T.);
#10793=EDGE_CURVE('',#5158,#5159,#3758,.T.);
#10795=EDGE_CURVE('',#5159,#5158,#3763,.T.);
#10799=ADVANCED_FACE('',(#10798),#10792,.T.);
#10806=EDGE_CURVE('',#5166,#5158,#3767,.T.);
#10809=EDGE_CURVE('',#5167,#5159,#3771,.T.);
#10813=ADVANCED_FACE('',(#10812),#10804,.T.);
#10825=ADVANCED_FACE('',(#10824),#10818,.T.);
#10832=EDGE_CURVE('',#5178,#5170,#3775,.T.);
#10834=EDGE_CURVE('',#5170,#5171,#3784,.T.);
#10836=EDGE_CURVE('',#5179,#5171,#3779,.T.);
#10840=ADVANCED_FACE('',(#10839),#10830,.T.);
#10848=EDGE_CURVE('',#5171,#5170,#3789,.T.);
#10853=ADVANCED_FACE('',(#10852),#10845,.T.);
#10863=ADVANCED_FACE('',(#10862),#10858,.T.);
#10869=EDGE_CURVE('',#5174,#5175,#3794,.T.);
#10871=EDGE_CURVE('',#5175,#5174,#3799,.T.);
#10875=ADVANCED_FACE('',(#10874),#10868,.T.);
#10882=EDGE_CURVE('',#5182,#5174,#3803,.T.);
#10885=EDGE_CURVE('',#5183,#5175,#3807,.T.);
#10889=ADVANCED_FACE('',(#10888),#10880,.T.);
#10901=ADVANCED_FACE('',(#10900),#10894,.T.);
#10908=EDGE_CURVE('',#5194,#5186,#3811,.T.);
#10910=EDGE_CURVE('',#5186,#5187,#3820,.T.);
#10912=EDGE_CURVE('',#5195,#5187,#3815,.T.);
#10916=ADVANCED_FACE('',(#10915),#10906,.T.);
#10924=EDGE_CURVE('',#5187,#5186,#3825,.T.);
#10929=ADVANCED_FACE('',(#10928),#10921,.T.);
#10939=ADVANCED_FACE('',(#10938),#10934,.T.);
#10945=EDGE_CURVE('',#5190,#5191,#3830,.T.);
#10947=EDGE_CURVE('',#5191,#5190,#3835,.T.);
#10951=ADVANCED_FACE('',(#10950),#10944,.T.);
#10958=EDGE_CURVE('',#5198,#5190,#3839,.T.);
#10961=EDGE_CURVE('',#5199,#5191,#3843,.T.);
#10965=ADVANCED_FACE('',(#10964),#10956,.T.);
#10977=ADVANCED_FACE('',(#10976),#10970,.T.);
#10984=EDGE_CURVE('',#5210,#5202,#3847,.T.);
#10986=EDGE_CURVE('',#5202,#5203,#3856,.T.);
#10988=EDGE_CURVE('',#5211,#5203,#3851,.T.);
#10992=ADVANCED_FACE('',(#10991),#10982,.T.);
#11000=EDGE_CURVE('',#5203,#5202,#3861,.T.);
#11005=ADVANCED_FACE('',(#11004),#10997,.T.);
#11015=ADVANCED_FACE('',(#11014),#11010,.T.);
#11021=EDGE_CURVE('',#5206,#5207,#3866,.T.);
#11023=EDGE_CURVE('',#5207,#5206,#3871,.T.);
#11027=ADVANCED_FACE('',(#11026),#11020,.T.);
#11034=EDGE_CURVE('',#5214,#5206,#3875,.T.);
#11037=EDGE_CURVE('',#5215,#5207,#3879,.T.);
#11041=ADVANCED_FACE('',(#11040),#11032,.T.);
#11053=ADVANCED_FACE('',(#11052),#11046,.T.);
#11060=EDGE_CURVE('',#5226,#5218,#3883,.T.);
#11062=EDGE_CURVE('',#5218,#5219,#3892,.T.);
#11064=EDGE_CURVE('',#5227,#5219,#3887,.T.);
#11068=ADVANCED_FACE('',(#11067),#11058,.T.);
#11076=EDGE_CURVE('',#5219,#5218,#3897,.T.);
#11081=ADVANCED_FACE('',(#11080),#11073,.T.);
#11091=ADVANCED_FACE('',(#11090),#11086,.T.);
#11097=EDGE_CURVE('',#5222,#5223,#3902,.T.);
#11099=EDGE_CURVE('',#5223,#5222,#3907,.T.);
#11103=ADVANCED_FACE('',(#11102),#11096,.T.);
#11110=EDGE_CURVE('',#5230,#5222,#3911,.T.);
#11113=EDGE_CURVE('',#5231,#5223,#3915,.T.);
#11117=ADVANCED_FACE('',(#11116),#11108,.T.);
#11129=ADVANCED_FACE('',(#11128),#11122,.T.);
#11136=EDGE_CURVE('',#5242,#5234,#3919,.T.);
#11138=EDGE_CURVE('',#5234,#5235,#3928,.T.);
#11140=EDGE_CURVE('',#5243,#5235,#3923,.T.);
#11144=ADVANCED_FACE('',(#11143),#11134,.T.);
#11152=EDGE_CURVE('',#5235,#5234,#3933,.T.);
#11157=ADVANCED_FACE('',(#11156),#11149,.T.);
#11167=ADVANCED_FACE('',(#11166),#11162,.T.);
#11173=EDGE_CURVE('',#5238,#5239,#3938,.T.);
#11175=EDGE_CURVE('',#5239,#5238,#3943,.T.);
#11179=ADVANCED_FACE('',(#11178),#11172,.T.);
#11186=EDGE_CURVE('',#5246,#5238,#3947,.T.);
#11189=EDGE_CURVE('',#5247,#5239,#3951,.T.);
#11193=ADVANCED_FACE('',(#11192),#11184,.T.);
#11205=ADVANCED_FACE('',(#11204),#11198,.T.);
#11212=EDGE_CURVE('',#5258,#5250,#3955,.T.);
#11214=EDGE_CURVE('',#5250,#5251,#3964,.T.);
#11216=EDGE_CURVE('',#5259,#5251,#3959,.T.);
#11220=ADVANCED_FACE('',(#11219),#11210,.T.);
#11228=EDGE_CURVE('',#5251,#5250,#3969,.T.);
#11233=ADVANCED_FACE('',(#11232),#11225,.T.);
#11243=ADVANCED_FACE('',(#11242),#11238,.T.);
#11249=EDGE_CURVE('',#5254,#5255,#3974,.T.);
#11251=EDGE_CURVE('',#5255,#5254,#3979,.T.);
#11255=ADVANCED_FACE('',(#11254),#11248,.T.);
#11262=EDGE_CURVE('',#5262,#5254,#3983,.T.);
#11265=EDGE_CURVE('',#5263,#5255,#3987,.T.);
#11269=ADVANCED_FACE('',(#11268),#11260,.T.);
#11281=ADVANCED_FACE('',(#11280),#11274,.T.);
#11288=EDGE_CURVE('',#5274,#5266,#3991,.T.);
#11290=EDGE_CURVE('',#5266,#5267,#4000,.T.);
#11292=EDGE_CURVE('',#5275,#5267,#3995,.T.);
#11296=ADVANCED_FACE('',(#11295),#11286,.T.);
#11304=EDGE_CURVE('',#5267,#5266,#4005,.T.);
#11309=ADVANCED_FACE('',(#11308),#11301,.T.);
#11319=ADVANCED_FACE('',(#11318),#11314,.T.);
#11325=EDGE_CURVE('',#5270,#5271,#4010,.T.);
#11327=EDGE_CURVE('',#5271,#5270,#4015,.T.);
#11331=ADVANCED_FACE('',(#11330),#11324,.T.);
#11338=EDGE_CURVE('',#5278,#5270,#4019,.T.);
#11341=EDGE_CURVE('',#5279,#5271,#4023,.T.);
#11345=ADVANCED_FACE('',(#11344),#11336,.T.);
#11357=ADVANCED_FACE('',(#11356),#11350,.T.);
#11364=EDGE_CURVE('',#5290,#5282,#4027,.T.);
#11366=EDGE_CURVE('',#5282,#5283,#4036,.T.);
#11368=EDGE_CURVE('',#5291,#5283,#4031,.T.);
#11372=ADVANCED_FACE('',(#11371),#11362,.T.);
#11380=EDGE_CURVE('',#5283,#5282,#4041,.T.);
#11385=ADVANCED_FACE('',(#11384),#11377,.T.);
#11395=ADVANCED_FACE('',(#11394),#11390,.T.);
#11401=EDGE_CURVE('',#5286,#5287,#4046,.T.);
#11403=EDGE_CURVE('',#5287,#5286,#4051,.T.);
#11407=ADVANCED_FACE('',(#11406),#11400,.T.);
#11414=EDGE_CURVE('',#5294,#5286,#4055,.T.);
#11417=EDGE_CURVE('',#5295,#5287,#4059,.T.);
#11421=ADVANCED_FACE('',(#11420),#11412,.T.);
#11433=ADVANCED_FACE('',(#11432),#11426,.T.);
#11440=EDGE_CURVE('',#5306,#5298,#4063,.T.);
#11442=EDGE_CURVE('',#5298,#5299,#4072,.T.);
#11444=EDGE_CURVE('',#5307,#5299,#4067,.T.);
#11448=ADVANCED_FACE('',(#11447),#11438,.T.);
#11456=EDGE_CURVE('',#5299,#5298,#4077,.T.);
#11461=ADVANCED_FACE('',(#11460),#11453,.T.);
#11471=ADVANCED_FACE('',(#11470),#11466,.T.);
#11477=EDGE_CURVE('',#5302,#5303,#4082,.T.);
#11479=EDGE_CURVE('',#5303,#5302,#4087,.T.);
#11483=ADVANCED_FACE('',(#11482),#11476,.T.);
#11490=EDGE_CURVE('',#5310,#5302,#4091,.T.);
#11493=EDGE_CURVE('',#5311,#5303,#4095,.T.);
#11497=ADVANCED_FACE('',(#11496),#11488,.T.);
#11509=ADVANCED_FACE('',(#11508),#11502,.T.);
#11516=EDGE_CURVE('',#5322,#5314,#4099,.T.);
#11518=EDGE_CURVE('',#5314,#5315,#4108,.T.);
#11520=EDGE_CURVE('',#5323,#5315,#4103,.T.);
#11524=ADVANCED_FACE('',(#11523),#11514,.T.);
#11532=EDGE_CURVE('',#5315,#5314,#4113,.T.);
#11537=ADVANCED_FACE('',(#11536),#11529,.T.);
#11547=ADVANCED_FACE('',(#11546),#11542,.T.);
#11553=EDGE_CURVE('',#5318,#5319,#4118,.T.);
#11555=EDGE_CURVE('',#5319,#5318,#4123,.T.);
#11559=ADVANCED_FACE('',(#11558),#11552,.T.);
#11566=EDGE_CURVE('',#5326,#5318,#4127,.T.);
#11569=EDGE_CURVE('',#5327,#5319,#4131,.T.);
#11573=ADVANCED_FACE('',(#11572),#11564,.T.);
#11585=ADVANCED_FACE('',(#11584),#11578,.T.);
#11592=EDGE_CURVE('',#5338,#5330,#4135,.T.);
#11594=EDGE_CURVE('',#5330,#5331,#4144,.T.);
#11596=EDGE_CURVE('',#5339,#5331,#4139,.T.);
#11600=ADVANCED_FACE('',(#11599),#11590,.T.);
#11608=EDGE_CURVE('',#5331,#5330,#4149,.T.);
#11613=ADVANCED_FACE('',(#11612),#11605,.T.);
#11623=ADVANCED_FACE('',(#11622),#11618,.T.);
#11629=EDGE_CURVE('',#5334,#5335,#4154,.T.);
#11631=EDGE_CURVE('',#5335,#5334,#4159,.T.);
#11635=ADVANCED_FACE('',(#11634),#11628,.T.);
#11642=EDGE_CURVE('',#5342,#5334,#4163,.T.);
#11645=EDGE_CURVE('',#5343,#5335,#4167,.T.);
#11649=ADVANCED_FACE('',(#11648),#11640,.T.);
#11661=ADVANCED_FACE('',(#11660),#11654,.T.);
#11668=EDGE_CURVE('',#5354,#5346,#4171,.T.);
#11670=EDGE_CURVE('',#5346,#5347,#4180,.T.);
#11672=EDGE_CURVE('',#5355,#5347,#4175,.T.);
#11676=ADVANCED_FACE('',(#11675),#11666,.T.);
#11684=EDGE_CURVE('',#5347,#5346,#4185,.T.);
#11689=ADVANCED_FACE('',(#11688),#11681,.T.);
#11699=ADVANCED_FACE('',(#11698),#11694,.T.);
#11705=EDGE_CURVE('',#5350,#5351,#4190,.T.);
#11707=EDGE_CURVE('',#5351,#5350,#4195,.T.);
#11711=ADVANCED_FACE('',(#11710),#11704,.T.);
#11718=EDGE_CURVE('',#5358,#5350,#4199,.T.);
#11721=EDGE_CURVE('',#5359,#5351,#4203,.T.);
#11725=ADVANCED_FACE('',(#11724),#11716,.T.);
#11737=ADVANCED_FACE('',(#11736),#11730,.T.);
#11740=(LENGTH_UNIT()NAMED_UNIT(*)SI_UNIT(.MILLI.,.METRE.));
#11741=(NAMED_UNIT(*)PLANE_ANGLE_UNIT()SI_UNIT($,.RADIAN.));
#11744=(NAMED_UNIT(*)SI_UNIT($,.STERADIAN.)SOLID_ANGLE_UNIT());
#11746=(GEOMETRIC_REPRESENTATION_CONTEXT(3)GLOBAL_UNCERTAINTY_ASSIGNED_CONTEXT((
#11745))GLOBAL_UNIT_ASSIGNED_CONTEXT((#11740,#11743,#11744))REPRESENTATION_CONTEXT('ID1','3'));
#11747=ADVANCED_BREP_SHAPE_REPRESENTATION('',(#11739),#11746);
#11754=PRODUCT_DEFINITION('part definition','',#11753,#11750);
#11755=PRODUCT_DEFINITION_SHAPE('','SHAPE FOR C-5-104068-4.',#11754);
#11756=SHAPE_ASPECT('','solid data associated with C-5-104068-4',#11755,.F.);
#11757=PROPERTY_DEFINITION('',
'shape for solid data with which properties are associated',#11756);
#11758=SHAPE_REPRESENTATION('',(#11739),#11746);
#11759=SHAPE_DEFINITION_REPRESENTATION(#11757,#11758);
#11760=(LENGTH_UNIT()NAMED_UNIT(*)SI_UNIT(.MILLI.,.METRE.));
#11764=PROPERTY_DEFINITION('geometric validation property',
'area of C-5-104068-4',#11756);
#11765=REPRESENTATION('surface area',(#11763),#11746);
#11766=PROPERTY_DEFINITION_REPRESENTATION(#11764,#11765);
#11767=(LENGTH_UNIT()NAMED_UNIT(*)SI_UNIT(.MILLI.,.METRE.));
#11771=PROPERTY_DEFINITION('geometric validation property',
'volume of C-5-104068-4',#11756);
#11772=REPRESENTATION('volume',(#11770),#11746);
#11773=PROPERTY_DEFINITION_REPRESENTATION(#11771,#11772);
#11775=PROPERTY_DEFINITION('geometric validation property',
'centroid of C-5-104068-4',#11756);
#11776=REPRESENTATION('centroid',(#11774),#11746);
#11777=PROPERTY_DEFINITION_REPRESENTATION(#11775,#11776);
#11778=(LENGTH_UNIT()NAMED_UNIT(*)SI_UNIT(.MILLI.,.METRE.));
#11782=PROPERTY_DEFINITION('geometric validation property',
'area of C-5-104068-4',#11755);
#11783=REPRESENTATION('surface area',(#11781),#11746);
#11784=PROPERTY_DEFINITION_REPRESENTATION(#11782,#11783);
#11785=(LENGTH_UNIT()NAMED_UNIT(*)SI_UNIT(.MILLI.,.METRE.));
#11789=PROPERTY_DEFINITION('geometric validation property',
'volume of C-5-104068-4',#11755);
#11790=REPRESENTATION('volume',(#11788),#11746);
#11791=PROPERTY_DEFINITION_REPRESENTATION(#11789,#11790);
#11793=PROPERTY_DEFINITION('geometric validation property',
'centroid of C-5-104068-4',#11755);
#11794=REPRESENTATION('centroid',(#11792),#11746);
#11795=PROPERTY_DEFINITION_REPRESENTATION(#11793,#11794);
#11796=SHAPE_DEFINITION_REPRESENTATION(#11755,#11747);
ENDSEC;
END-ISO-10303-21;
