ISO-10303-21;
HEADER;
FILE_DESCRIPTION((''),'2;1');
FILE_NAME('C-5-104068-1','2018-02-15T',('workeradm'),('TE Connectivity Ltd.'),
'CREO PARAMETRIC BY PTC INC, 2016050','CREO PARAMETRIC BY PTC INC, 2016050','');
FILE_SCHEMA(('AUTOMOTIVE_DESIGN { 1 0 10303 214 1 1 1 1 }'));
ENDSEC;
DATA;
#134=DIRECTION('',(1.E0,0.E0,0.E0));
#135=VECTOR('',#134,1.56952E1);
#136=CARTESIAN_POINT('',(-7.8476E0,-3.605E0,-8.894E0));
#137=LINE('',#136,#135);
#138=DIRECTION('',(0.E0,0.E0,1.E0));
#139=VECTOR('',#138,1.471010857176E0);
#140=CARTESIAN_POINT('',(-7.8476E0,-3.605E0,-8.894E0));
#141=LINE('',#140,#139);
#142=DIRECTION('',(1.045284632677E-1,0.E0,-9.945218953683E-1));
#143=VECTOR('',#142,1.457976088386E0);
#144=CARTESIAN_POINT('',(-8.E0,-3.605E0,-5.973E0));
#145=LINE('',#144,#143);
#146=DIRECTION('',(-1.E0,0.E0,0.E0));
#147=VECTOR('',#146,1.4478E0);
#148=CARTESIAN_POINT('',(-8.E0,-3.605E0,-5.973E0));
#149=LINE('',#148,#147);
#150=DIRECTION('',(0.E0,0.E0,1.E0));
#151=VECTOR('',#150,1.524E0);
#152=CARTESIAN_POINT('',(-9.4478E0,-3.605E0,-5.973E0));
#153=LINE('',#152,#151);
#154=DIRECTION('',(1.E0,0.E0,0.E0));
#155=VECTOR('',#154,1.4478E0);
#156=CARTESIAN_POINT('',(-9.4478E0,-3.605E0,-4.449E0));
#157=LINE('',#156,#155);
#158=DIRECTION('',(1.E0,0.E0,0.E0));
#159=VECTOR('',#158,1.6E1);
#160=CARTESIAN_POINT('',(-8.E0,-3.605E0,0.E0));
#161=LINE('',#160,#159);
#162=DIRECTION('',(1.E0,0.E0,0.E0));
#163=VECTOR('',#162,1.4478E0);
#164=CARTESIAN_POINT('',(8.E0,-3.605E0,-4.449E0));
#165=LINE('',#164,#163);
#166=DIRECTION('',(0.E0,0.E0,-1.E0));
#167=VECTOR('',#166,1.524E0);
#168=CARTESIAN_POINT('',(9.4478E0,-3.605E0,-4.449E0));
#169=LINE('',#168,#167);
#170=DIRECTION('',(-1.E0,0.E0,0.E0));
#171=VECTOR('',#170,1.4478E0);
#172=CARTESIAN_POINT('',(9.4478E0,-3.605E0,-5.973E0));
#173=LINE('',#172,#171);
#174=DIRECTION('',(1.045284632677E-1,0.E0,9.945218953683E-1));
#175=VECTOR('',#174,1.457976088386E0);
#176=CARTESIAN_POINT('',(7.8476E0,-3.605E0,-7.422989142824E0));
#177=LINE('',#176,#175);
#178=DIRECTION('',(0.E0,0.E0,1.E0));
#179=VECTOR('',#178,1.471010857176E0);
#180=CARTESIAN_POINT('',(7.8476E0,-3.605E0,-8.894E0));
#181=LINE('',#180,#179);
#182=DIRECTION('',(-1.E0,0.E0,0.E0));
#183=VECTOR('',#182,1.56952E1);
#184=CARTESIAN_POINT('',(7.8476E0,-3.5034E0,-8.894E0));
#185=LINE('',#184,#183);
#186=DIRECTION('',(0.E0,0.E0,1.E0));
#187=VECTOR('',#186,1.016E0);
#188=CARTESIAN_POINT('',(7.8476E0,-3.5034E0,-9.91E0));
#189=LINE('',#188,#187);
#190=DIRECTION('',(0.E0,1.E0,0.E0));
#191=VECTOR('',#190,1.016E-1);
#192=CARTESIAN_POINT('',(7.8476E0,-3.605E0,-8.894E0));
#193=LINE('',#192,#191);
#194=DIRECTION('',(0.E0,-1.E0,0.E0));
#195=VECTOR('',#194,1.016E-1);
#196=CARTESIAN_POINT('',(7.8476E0,3.605E0,-8.894E0));
#197=LINE('',#196,#195);
#198=DIRECTION('',(0.E0,0.E0,1.E0));
#199=VECTOR('',#198,1.016E0);
#200=CARTESIAN_POINT('',(7.8476E0,3.5034E0,-9.91E0));
#201=LINE('',#200,#199);
#202=DIRECTION('',(1.E0,0.E0,0.E0));
#203=VECTOR('',#202,1.56952E1);
#204=CARTESIAN_POINT('',(-7.8476E0,-3.5034E0,-9.91E0));
#205=LINE('',#204,#203);
#206=DIRECTION('',(0.E0,1.E0,0.E0));
#207=VECTOR('',#206,7.0068E0);
#208=CARTESIAN_POINT('',(7.8476E0,-3.5034E0,-9.91E0));
#209=LINE('',#208,#207);
#210=DIRECTION('',(1.E0,0.E0,0.E0));
#211=VECTOR('',#210,1.56952E1);
#212=CARTESIAN_POINT('',(-7.8476E0,3.5034E0,-9.91E0));
#213=LINE('',#212,#211);
#214=DIRECTION('',(0.E0,1.E0,0.E0));
#215=VECTOR('',#214,7.0068E0);
#216=CARTESIAN_POINT('',(-7.8476E0,-3.5034E0,-9.91E0));
#217=LINE('',#216,#215);
#218=CARTESIAN_POINT('',(5.969E0,-1.27E0,-9.91E0));
#219=DIRECTION('',(0.E0,0.E0,-1.E0));
#220=DIRECTION('',(1.E0,0.E0,0.E0));
#221=AXIS2_PLACEMENT_3D('',#218,#219,#220);
#223=CARTESIAN_POINT('',(5.969E0,-1.27E0,-9.91E0));
#224=DIRECTION('',(0.E0,0.E0,-1.E0));
#225=DIRECTION('',(-1.E0,0.E0,0.E0));
#226=AXIS2_PLACEMENT_3D('',#223,#224,#225);
#228=CARTESIAN_POINT('',(5.969E0,1.27E0,-9.91E0));
#229=DIRECTION('',(0.E0,0.E0,-1.E0));
#230=DIRECTION('',(1.E0,0.E0,0.E0));
#231=AXIS2_PLACEMENT_3D('',#228,#229,#230);
#233=CARTESIAN_POINT('',(5.969E0,1.27E0,-9.91E0));
#234=DIRECTION('',(0.E0,0.E0,-1.E0));
#235=DIRECTION('',(-1.E0,0.E0,0.E0));
#236=AXIS2_PLACEMENT_3D('',#233,#234,#235);
#238=CARTESIAN_POINT('',(4.699E0,-1.27E0,-9.91E0));
#239=DIRECTION('',(0.E0,0.E0,-1.E0));
#240=DIRECTION('',(1.E0,0.E0,0.E0));
#241=AXIS2_PLACEMENT_3D('',#238,#239,#240);
#243=CARTESIAN_POINT('',(4.699E0,-1.27E0,-9.91E0));
#244=DIRECTION('',(0.E0,0.E0,-1.E0));
#245=DIRECTION('',(-1.E0,0.E0,0.E0));
#246=AXIS2_PLACEMENT_3D('',#243,#244,#245);
#248=CARTESIAN_POINT('',(4.699E0,1.27E0,-9.91E0));
#249=DIRECTION('',(0.E0,0.E0,-1.E0));
#250=DIRECTION('',(1.E0,0.E0,0.E0));
#251=AXIS2_PLACEMENT_3D('',#248,#249,#250);
#253=CARTESIAN_POINT('',(4.699E0,1.27E0,-9.91E0));
#254=DIRECTION('',(0.E0,0.E0,-1.E0));
#255=DIRECTION('',(-1.E0,0.E0,0.E0));
#256=AXIS2_PLACEMENT_3D('',#253,#254,#255);
#258=CARTESIAN_POINT('',(3.429E0,-1.27E0,-9.91E0));
#259=DIRECTION('',(0.E0,0.E0,-1.E0));
#260=DIRECTION('',(1.E0,0.E0,0.E0));
#261=AXIS2_PLACEMENT_3D('',#258,#259,#260);
#263=CARTESIAN_POINT('',(3.429E0,-1.27E0,-9.91E0));
#264=DIRECTION('',(0.E0,0.E0,-1.E0));
#265=DIRECTION('',(-1.E0,0.E0,0.E0));
#266=AXIS2_PLACEMENT_3D('',#263,#264,#265);
#268=CARTESIAN_POINT('',(3.429E0,1.27E0,-9.91E0));
#269=DIRECTION('',(0.E0,0.E0,-1.E0));
#270=DIRECTION('',(1.E0,0.E0,0.E0));
#271=AXIS2_PLACEMENT_3D('',#268,#269,#270);
#273=CARTESIAN_POINT('',(3.429E0,1.27E0,-9.91E0));
#274=DIRECTION('',(0.E0,0.E0,-1.E0));
#275=DIRECTION('',(-1.E0,0.E0,0.E0));
#276=AXIS2_PLACEMENT_3D('',#273,#274,#275);
#278=CARTESIAN_POINT('',(2.159E0,-1.27E0,-9.91E0));
#279=DIRECTION('',(0.E0,0.E0,-1.E0));
#280=DIRECTION('',(1.E0,0.E0,0.E0));
#281=AXIS2_PLACEMENT_3D('',#278,#279,#280);
#283=CARTESIAN_POINT('',(2.159E0,-1.27E0,-9.91E0));
#284=DIRECTION('',(0.E0,0.E0,-1.E0));
#285=DIRECTION('',(-1.E0,0.E0,0.E0));
#286=AXIS2_PLACEMENT_3D('',#283,#284,#285);
#288=CARTESIAN_POINT('',(2.159E0,1.27E0,-9.91E0));
#289=DIRECTION('',(0.E0,0.E0,-1.E0));
#290=DIRECTION('',(1.E0,0.E0,0.E0));
#291=AXIS2_PLACEMENT_3D('',#288,#289,#290);
#293=CARTESIAN_POINT('',(2.159E0,1.27E0,-9.91E0));
#294=DIRECTION('',(0.E0,0.E0,-1.E0));
#295=DIRECTION('',(-1.E0,0.E0,0.E0));
#296=AXIS2_PLACEMENT_3D('',#293,#294,#295);
#298=CARTESIAN_POINT('',(8.89E-1,-1.27E0,-9.91E0));
#299=DIRECTION('',(0.E0,0.E0,-1.E0));
#300=DIRECTION('',(1.E0,0.E0,0.E0));
#301=AXIS2_PLACEMENT_3D('',#298,#299,#300);
#303=CARTESIAN_POINT('',(8.89E-1,-1.27E0,-9.91E0));
#304=DIRECTION('',(0.E0,0.E0,-1.E0));
#305=DIRECTION('',(-1.E0,0.E0,0.E0));
#306=AXIS2_PLACEMENT_3D('',#303,#304,#305);
#308=CARTESIAN_POINT('',(8.89E-1,1.27E0,-9.91E0));
#309=DIRECTION('',(0.E0,0.E0,-1.E0));
#310=DIRECTION('',(1.E0,0.E0,0.E0));
#311=AXIS2_PLACEMENT_3D('',#308,#309,#310);
#313=CARTESIAN_POINT('',(8.89E-1,1.27E0,-9.91E0));
#314=DIRECTION('',(0.E0,0.E0,-1.E0));
#315=DIRECTION('',(-1.E0,0.E0,0.E0));
#316=AXIS2_PLACEMENT_3D('',#313,#314,#315);
#318=CARTESIAN_POINT('',(-3.81E-1,-1.27E0,-9.91E0));
#319=DIRECTION('',(0.E0,0.E0,-1.E0));
#320=DIRECTION('',(1.E0,0.E0,0.E0));
#321=AXIS2_PLACEMENT_3D('',#318,#319,#320);
#323=CARTESIAN_POINT('',(-3.81E-1,-1.27E0,-9.91E0));
#324=DIRECTION('',(0.E0,0.E0,-1.E0));
#325=DIRECTION('',(-1.E0,0.E0,0.E0));
#326=AXIS2_PLACEMENT_3D('',#323,#324,#325);
#328=CARTESIAN_POINT('',(-3.81E-1,1.27E0,-9.91E0));
#329=DIRECTION('',(0.E0,0.E0,-1.E0));
#330=DIRECTION('',(1.E0,0.E0,0.E0));
#331=AXIS2_PLACEMENT_3D('',#328,#329,#330);
#333=CARTESIAN_POINT('',(-3.81E-1,1.27E0,-9.91E0));
#334=DIRECTION('',(0.E0,0.E0,-1.E0));
#335=DIRECTION('',(-1.E0,0.E0,0.E0));
#336=AXIS2_PLACEMENT_3D('',#333,#334,#335);
#338=CARTESIAN_POINT('',(-1.651E0,-1.27E0,-9.91E0));
#339=DIRECTION('',(0.E0,0.E0,-1.E0));
#340=DIRECTION('',(1.E0,0.E0,0.E0));
#341=AXIS2_PLACEMENT_3D('',#338,#339,#340);
#343=CARTESIAN_POINT('',(-1.651E0,-1.27E0,-9.91E0));
#344=DIRECTION('',(0.E0,0.E0,-1.E0));
#345=DIRECTION('',(-1.E0,0.E0,0.E0));
#346=AXIS2_PLACEMENT_3D('',#343,#344,#345);
#348=CARTESIAN_POINT('',(-1.651E0,1.27E0,-9.91E0));
#349=DIRECTION('',(0.E0,0.E0,-1.E0));
#350=DIRECTION('',(1.E0,0.E0,0.E0));
#351=AXIS2_PLACEMENT_3D('',#348,#349,#350);
#353=CARTESIAN_POINT('',(-1.651E0,1.27E0,-9.91E0));
#354=DIRECTION('',(0.E0,0.E0,-1.E0));
#355=DIRECTION('',(-1.E0,0.E0,0.E0));
#356=AXIS2_PLACEMENT_3D('',#353,#354,#355);
#358=CARTESIAN_POINT('',(-2.921E0,-1.27E0,-9.91E0));
#359=DIRECTION('',(0.E0,0.E0,-1.E0));
#360=DIRECTION('',(1.E0,0.E0,0.E0));
#361=AXIS2_PLACEMENT_3D('',#358,#359,#360);
#363=CARTESIAN_POINT('',(-2.921E0,-1.27E0,-9.91E0));
#364=DIRECTION('',(0.E0,0.E0,-1.E0));
#365=DIRECTION('',(-1.E0,0.E0,0.E0));
#366=AXIS2_PLACEMENT_3D('',#363,#364,#365);
#368=CARTESIAN_POINT('',(-2.921E0,1.27E0,-9.91E0));
#369=DIRECTION('',(0.E0,0.E0,-1.E0));
#370=DIRECTION('',(1.E0,0.E0,0.E0));
#371=AXIS2_PLACEMENT_3D('',#368,#369,#370);
#373=CARTESIAN_POINT('',(-2.921E0,1.27E0,-9.91E0));
#374=DIRECTION('',(0.E0,0.E0,-1.E0));
#375=DIRECTION('',(-1.E0,0.E0,0.E0));
#376=AXIS2_PLACEMENT_3D('',#373,#374,#375);
#378=CARTESIAN_POINT('',(-4.191E0,-1.27E0,-9.91E0));
#379=DIRECTION('',(0.E0,0.E0,-1.E0));
#380=DIRECTION('',(1.E0,0.E0,0.E0));
#381=AXIS2_PLACEMENT_3D('',#378,#379,#380);
#383=CARTESIAN_POINT('',(-4.191E0,-1.27E0,-9.91E0));
#384=DIRECTION('',(0.E0,0.E0,-1.E0));
#385=DIRECTION('',(-1.E0,0.E0,0.E0));
#386=AXIS2_PLACEMENT_3D('',#383,#384,#385);
#388=CARTESIAN_POINT('',(-4.191E0,1.27E0,-9.91E0));
#389=DIRECTION('',(0.E0,0.E0,-1.E0));
#390=DIRECTION('',(1.E0,0.E0,0.E0));
#391=AXIS2_PLACEMENT_3D('',#388,#389,#390);
#393=CARTESIAN_POINT('',(-4.191E0,1.27E0,-9.91E0));
#394=DIRECTION('',(0.E0,0.E0,-1.E0));
#395=DIRECTION('',(-1.E0,0.E0,0.E0));
#396=AXIS2_PLACEMENT_3D('',#393,#394,#395);
#398=CARTESIAN_POINT('',(-5.461E0,-1.27E0,-9.91E0));
#399=DIRECTION('',(0.E0,0.E0,-1.E0));
#400=DIRECTION('',(1.E0,0.E0,0.E0));
#401=AXIS2_PLACEMENT_3D('',#398,#399,#400);
#403=CARTESIAN_POINT('',(-5.461E0,-1.27E0,-9.91E0));
#404=DIRECTION('',(0.E0,0.E0,-1.E0));
#405=DIRECTION('',(-1.E0,0.E0,0.E0));
#406=AXIS2_PLACEMENT_3D('',#403,#404,#405);
#408=CARTESIAN_POINT('',(-5.461E0,1.27E0,-9.91E0));
#409=DIRECTION('',(0.E0,0.E0,-1.E0));
#410=DIRECTION('',(1.E0,0.E0,0.E0));
#411=AXIS2_PLACEMENT_3D('',#408,#409,#410);
#413=CARTESIAN_POINT('',(-5.461E0,1.27E0,-9.91E0));
#414=DIRECTION('',(0.E0,0.E0,-1.E0));
#415=DIRECTION('',(-1.E0,0.E0,0.E0));
#416=AXIS2_PLACEMENT_3D('',#413,#414,#415);
#418=DIRECTION('',(-1.E0,0.E0,0.E0));
#419=VECTOR('',#418,1.56952E1);
#420=CARTESIAN_POINT('',(7.8476E0,3.5034E0,-8.894E0));
#421=LINE('',#420,#419);
#422=DIRECTION('',(-2.588190451025E-1,0.E0,-9.659258262891E-1));
#423=VECTOR('',#422,1.472070959265E0);
#424=CARTESIAN_POINT('',(6.095E0,3.605E0,0.E0));
#425=LINE('',#424,#423);
#426=DIRECTION('',(-2.588190451025E-1,0.E0,9.659258262891E-1));
#427=VECTOR('',#426,1.472070959265E0);
#428=CARTESIAN_POINT('',(5.714E0,3.605E0,-1.421911357684E0));
#429=LINE('',#428,#427);
#430=DIRECTION('',(0.E0,0.E0,1.E0));
#431=VECTOR('',#430,3.81E0);
#432=CARTESIAN_POINT('',(3.81E0,3.605E0,-3.81E0));
#433=LINE('',#432,#431);
#434=DIRECTION('',(1.E0,0.E0,0.E0));
#435=VECTOR('',#434,1.016E0);
#436=CARTESIAN_POINT('',(2.794E0,3.605E0,-3.81E0));
#437=LINE('',#436,#435);
#438=DIRECTION('',(1.E0,0.E0,0.E0));
#439=VECTOR('',#438,1.269E0);
#440=CARTESIAN_POINT('',(1.525E0,3.605E0,-3.81E0));
#441=LINE('',#440,#439);
#442=DIRECTION('',(0.E0,0.E0,1.E0));
#443=VECTOR('',#442,3.556E0);
#444=CARTESIAN_POINT('',(1.525E0,3.605E0,-7.366E0));
#445=LINE('',#444,#443);
#446=DIRECTION('',(1.E0,0.E0,0.E0));
#447=VECTOR('',#446,3.05E0);
#448=CARTESIAN_POINT('',(-1.525E0,3.605E0,-7.366E0));
#449=LINE('',#448,#447);
#450=DIRECTION('',(0.E0,0.E0,1.E0));
#451=VECTOR('',#450,3.556E0);
#452=CARTESIAN_POINT('',(-1.525E0,3.605E0,-7.366E0));
#453=LINE('',#452,#451);
#454=DIRECTION('',(1.E0,0.E0,0.E0));
#455=VECTOR('',#454,1.269E0);
#456=CARTESIAN_POINT('',(-2.794E0,3.605E0,-3.81E0));
#457=LINE('',#456,#455);
#458=DIRECTION('',(1.E0,0.E0,0.E0));
#459=VECTOR('',#458,1.016E0);
#460=CARTESIAN_POINT('',(-3.81E0,3.605E0,-3.81E0));
#461=LINE('',#460,#459);
#462=DIRECTION('',(0.E0,0.E0,1.E0));
#463=VECTOR('',#462,3.81E0);
#464=CARTESIAN_POINT('',(-3.81E0,3.605E0,-3.81E0));
#465=LINE('',#464,#463);
#466=DIRECTION('',(1.E0,0.E0,0.E0));
#467=VECTOR('',#466,1.4478E0);
#468=CARTESIAN_POINT('',(-9.4478E0,3.605E0,-4.449E0));
#469=LINE('',#468,#467);
#470=DIRECTION('',(0.E0,0.E0,1.E0));
#471=VECTOR('',#470,1.524E0);
#472=CARTESIAN_POINT('',(-9.4478E0,3.605E0,-5.973E0));
#473=LINE('',#472,#471);
#474=DIRECTION('',(-1.E0,0.E0,0.E0));
#475=VECTOR('',#474,1.4478E0);
#476=CARTESIAN_POINT('',(-8.E0,3.605E0,-5.973E0));
#477=LINE('',#476,#475);
#478=DIRECTION('',(1.045284632677E-1,0.E0,-9.945218953683E-1));
#479=VECTOR('',#478,1.457976088386E0);
#480=CARTESIAN_POINT('',(-8.E0,3.605E0,-5.973E0));
#481=LINE('',#480,#479);
#482=DIRECTION('',(0.E0,0.E0,1.E0));
#483=VECTOR('',#482,1.471010857176E0);
#484=CARTESIAN_POINT('',(-7.8476E0,3.605E0,-8.894E0));
#485=LINE('',#484,#483);
#486=DIRECTION('',(1.E0,0.E0,0.E0));
#487=VECTOR('',#486,1.56952E1);
#488=CARTESIAN_POINT('',(-7.8476E0,3.605E0,-8.894E0));
#489=LINE('',#488,#487);
#490=DIRECTION('',(0.E0,0.E0,1.E0));
#491=VECTOR('',#490,1.471010857176E0);
#492=CARTESIAN_POINT('',(7.8476E0,3.605E0,-8.894E0));
#493=LINE('',#492,#491);
#494=DIRECTION('',(1.045284632677E-1,0.E0,9.945218953683E-1));
#495=VECTOR('',#494,1.457976088386E0);
#496=CARTESIAN_POINT('',(7.8476E0,3.605E0,-7.422989142824E0));
#497=LINE('',#496,#495);
#498=DIRECTION('',(-1.E0,0.E0,0.E0));
#499=VECTOR('',#498,1.4478E0);
#500=CARTESIAN_POINT('',(9.4478E0,3.605E0,-5.973E0));
#501=LINE('',#500,#499);
#502=DIRECTION('',(0.E0,0.E0,-1.E0));
#503=VECTOR('',#502,1.524E0);
#504=CARTESIAN_POINT('',(9.4478E0,3.605E0,-4.449E0));
#505=LINE('',#504,#503);
#506=DIRECTION('',(1.E0,0.E0,0.E0));
#507=VECTOR('',#506,1.4478E0);
#508=CARTESIAN_POINT('',(8.E0,3.605E0,-4.449E0));
#509=LINE('',#508,#507);
#510=DIRECTION('',(1.E0,0.E0,0.E0));
#511=VECTOR('',#510,1.6E1);
#512=CARTESIAN_POINT('',(-8.E0,-2.844E0,0.E0));
#513=LINE('',#512,#511);
#514=DIRECTION('',(1.E0,0.E0,0.E0));
#515=VECTOR('',#514,7.62E-1);
#516=CARTESIAN_POINT('',(5.333E0,3.351E0,0.E0));
#517=LINE('',#516,#515);
#518=DIRECTION('',(0.E0,1.E0,0.E0));
#519=VECTOR('',#518,2.54E-1);
#520=CARTESIAN_POINT('',(6.095E0,3.351E0,0.E0));
#521=LINE('',#520,#519);
#522=DIRECTION('',(1.E0,0.E0,0.E0));
#523=VECTOR('',#522,1.905E0);
#524=CARTESIAN_POINT('',(6.095E0,3.605E0,0.E0));
#525=LINE('',#524,#523);
#526=DIRECTION('',(-1.E0,0.E0,0.E0));
#527=VECTOR('',#526,8.683530316258E-1);
#528=CARTESIAN_POINT('',(8.E0,1.59E0,0.E0));
#529=LINE('',#528,#527);
#530=DIRECTION('',(0.E0,-1.E0,0.E0));
#531=VECTOR('',#530,1.146646968374E0);
#532=CARTESIAN_POINT('',(7.131646968374E0,2.736646968374E0,0.E0));
#533=LINE('',#532,#531);
#534=DIRECTION('',(1.E0,0.E0,0.E0));
#535=VECTOR('',#534,4.083646968374E0);
#536=CARTESIAN_POINT('',(3.048E0,2.736646968374E0,0.E0));
#537=LINE('',#536,#535);
#538=DIRECTION('',(0.E0,-1.E0,0.E0));
#539=VECTOR('',#538,1.682153031626E0);
#540=CARTESIAN_POINT('',(3.048E0,4.4188E0,0.E0));
#541=LINE('',#540,#539);
#542=DIRECTION('',(1.E0,0.E0,0.E0));
#543=VECTOR('',#542,6.096E0);
#544=CARTESIAN_POINT('',(-3.048E0,4.4188E0,0.E0));
#545=LINE('',#544,#543);
#546=DIRECTION('',(0.E0,1.E0,0.E0));
#547=VECTOR('',#546,1.682153031626E0);
#548=CARTESIAN_POINT('',(-3.048E0,2.736646968374E0,0.E0));
#549=LINE('',#548,#547);
#550=DIRECTION('',(1.E0,0.E0,0.E0));
#551=VECTOR('',#550,4.083646968374E0);
#552=CARTESIAN_POINT('',(-7.131646968374E0,2.736646968374E0,0.E0));
#553=LINE('',#552,#551);
#554=DIRECTION('',(0.E0,1.E0,0.E0));
#555=VECTOR('',#554,1.146646968374E0);
#556=CARTESIAN_POINT('',(-7.131646968374E0,1.59E0,0.E0));
#557=LINE('',#556,#555);
#558=DIRECTION('',(1.E0,0.E0,0.E0));
#559=VECTOR('',#558,8.683530316258E-1);
#560=CARTESIAN_POINT('',(-8.E0,1.59E0,0.E0));
#561=LINE('',#560,#559);
#562=DIRECTION('',(1.E0,0.E0,0.E0));
#563=VECTOR('',#562,4.19E0);
#564=CARTESIAN_POINT('',(-8.E0,3.605E0,0.E0));
#565=LINE('',#564,#563);
#566=DIRECTION('',(-1.E0,0.E0,0.E0));
#567=VECTOR('',#566,7.62E0);
#568=CARTESIAN_POINT('',(3.81E0,5.1326E0,0.E0));
#569=LINE('',#568,#567);
#570=DIRECTION('',(1.E0,0.E0,0.E0));
#571=VECTOR('',#570,1.523E0);
#572=CARTESIAN_POINT('',(3.81E0,3.605E0,0.E0));
#573=LINE('',#572,#571);
#574=DIRECTION('',(0.E0,1.E0,0.E0));
#575=VECTOR('',#574,2.54E-1);
#576=CARTESIAN_POINT('',(5.333E0,3.351E0,0.E0));
#577=LINE('',#576,#575);
#578=DIRECTION('',(0.E0,0.E0,-1.E0));
#579=VECTOR('',#578,4.449E0);
#580=CARTESIAN_POINT('',(8.E0,1.59E0,0.E0));
#581=LINE('',#580,#579);
#582=DIRECTION('',(0.E0,-1.E0,0.E0));
#583=VECTOR('',#582,2.015E0);
#584=CARTESIAN_POINT('',(8.E0,3.605E0,0.E0));
#585=LINE('',#584,#583);
#586=DIRECTION('',(0.E0,0.E0,1.E0));
#587=VECTOR('',#586,4.449E0);
#588=CARTESIAN_POINT('',(8.E0,3.605E0,-4.449E0));
#589=LINE('',#588,#587);
#590=DIRECTION('',(0.E0,-1.E0,0.E0));
#591=VECTOR('',#590,2.015E0);
#592=CARTESIAN_POINT('',(8.E0,3.605E0,-4.449E0));
#593=LINE('',#592,#591);
#594=DIRECTION('',(0.E0,-8.660254037844E-1,5.E-1));
#595=VECTOR('',#594,2.932939367483E-1);
#596=CARTESIAN_POINT('',(8.E0,-2.59E0,-1.466469683742E-1));
#597=LINE('',#596,#595);
#598=DIRECTION('',(0.E0,0.E0,-1.E0));
#599=VECTOR('',#598,1.377353031626E0);
#600=CARTESIAN_POINT('',(8.E0,-2.59E0,-1.466469683742E-1));
#601=LINE('',#600,#599);
#602=DIRECTION('',(0.E0,1.E0,0.E0));
#603=VECTOR('',#602,7.067060632517E-1);
#604=CARTESIAN_POINT('',(8.E0,-2.59E0,-1.524E0));
#605=LINE('',#604,#603);
#606=DIRECTION('',(0.E0,-5.E-1,8.660254037844E-1));
#607=VECTOR('',#606,5.865878734967E-1);
#608=CARTESIAN_POINT('',(8.E0,-1.59E0,-2.032E0));
#609=LINE('',#608,#607);
#610=DIRECTION('',(0.E0,0.E0,-1.E0));
#611=VECTOR('',#610,2.417E0);
#612=CARTESIAN_POINT('',(8.E0,-1.59E0,-2.032E0));
#613=LINE('',#612,#611);
#614=DIRECTION('',(0.E0,-1.E0,0.E0));
#615=VECTOR('',#614,2.015E0);
#616=CARTESIAN_POINT('',(8.E0,-1.59E0,-4.449E0));
#617=LINE('',#616,#615);
#618=DIRECTION('',(0.E0,0.E0,-1.E0));
#619=VECTOR('',#618,4.449E0);
#620=CARTESIAN_POINT('',(8.E0,-3.605E0,0.E0));
#621=LINE('',#620,#619);
#622=DIRECTION('',(0.E0,-1.E0,0.E0));
#623=VECTOR('',#622,7.61E-1);
#624=CARTESIAN_POINT('',(8.E0,-2.844E0,0.E0));
#625=LINE('',#624,#623);
#626=DIRECTION('',(-5.E-1,0.E0,-8.660254037844E-1));
#627=VECTOR('',#626,2.932939367483E-1);
#628=CARTESIAN_POINT('',(7.131646968374E0,1.59E0,0.E0));
#629=LINE('',#628,#627);
#630=DIRECTION('',(-6.427876096865E-1,0.E0,-7.660444431190E-1));
#631=VECTOR('',#630,1.281324523790E0);
#632=CARTESIAN_POINT('',(9.1938E0,1.59E0,-4.449E0));
#633=LINE('',#632,#631);
#634=CARTESIAN_POINT('',(8.623128347238E0,1.59E0,-5.6428E0));
#635=DIRECTION('',(0.E0,-1.E0,0.E0));
#636=DIRECTION('',(-7.660444431190E-1,0.E0,6.427876096865E-1));
#637=AXIS2_PLACEMENT_3D('',#634,#635,#636);
#639=DIRECTION('',(1.075927825197E-14,0.E0,-1.E0));
#640=VECTOR('',#639,3.302E-1);
#641=CARTESIAN_POINT('',(8.292928347238E0,1.59E0,-5.6428E0));
#642=LINE('',#641,#640);
#643=DIRECTION('',(1.045284632677E-1,0.E0,9.945218953683E-1));
#644=VECTOR('',#643,1.149295963541E0);
#645=CARTESIAN_POINT('',(7.879865859091E0,1.59E0,-7.116E0));
#646=LINE('',#645,#644);
#647=DIRECTION('',(1.E0,0.E0,0.E0));
#648=VECTOR('',#647,8.948658590913E-1);
#649=CARTESIAN_POINT('',(6.985E0,1.59E0,-7.116E0));
#650=LINE('',#649,#648);
#651=DIRECTION('',(0.E0,0.E0,-1.E0));
#652=VECTOR('',#651,6.862E0);
#653=CARTESIAN_POINT('',(6.985E0,1.59E0,-2.54E-1));
#654=LINE('',#653,#652);
#655=DIRECTION('',(-5.E-1,0.E0,8.660254037844E-1));
#656=VECTOR('',#655,2.932939367483E-1);
#657=CARTESIAN_POINT('',(-6.985E0,1.59E0,-2.54E-1));
#658=LINE('',#657,#656);
#659=DIRECTION('',(1.E0,0.E0,0.E0));
#660=VECTOR('',#659,8.948658590913E-1);
#661=CARTESIAN_POINT('',(-7.879865859091E0,1.59E0,-7.116E0));
#662=LINE('',#661,#660);
#663=DIRECTION('',(1.045284632677E-1,0.E0,-9.945218953683E-1));
#664=VECTOR('',#663,1.149295963541E0);
#665=CARTESIAN_POINT('',(-8.E0,1.59E0,-5.973E0));
#666=LINE('',#665,#664);
#667=DIRECTION('',(0.E0,0.E0,1.E0));
#668=VECTOR('',#667,3.302E-1);
#669=CARTESIAN_POINT('',(-8.292928347238E0,1.59E0,-5.973E0));
#670=LINE('',#669,#668);
#671=CARTESIAN_POINT('',(-8.623128347238E0,1.59E0,-5.6428E0));
#672=DIRECTION('',(0.E0,-1.E0,0.E0));
#673=DIRECTION('',(1.E0,0.E0,0.E0));
#674=AXIS2_PLACEMENT_3D('',#671,#672,#673);
#676=DIRECTION('',(-6.427876096865E-1,0.E0,7.660444431190E-1));
#677=VECTOR('',#676,1.281324523790E0);
#678=CARTESIAN_POINT('',(-8.370180472120E0,1.59E0,-5.430551531282E0));
#679=LINE('',#678,#677);
#680=DIRECTION('',(0.E0,-1.E0,0.E0));
#681=VECTOR('',#680,1.E0);
#682=CARTESIAN_POINT('',(6.985E0,2.59E0,-2.54E-1));
#683=LINE('',#682,#681);
#684=DIRECTION('',(0.E0,-1.E0,0.E0));
#685=VECTOR('',#684,1.E0);
#686=CARTESIAN_POINT('',(6.985E0,2.59E0,-7.116E0));
#687=LINE('',#686,#685);
#688=DIRECTION('',(0.E0,0.E0,-1.E0));
#689=VECTOR('',#688,6.862E0);
#690=CARTESIAN_POINT('',(6.985E0,2.59E0,-2.54E-1));
#691=LINE('',#690,#689);
#692=CARTESIAN_POINT('',(6.985E0,2.59E0,-7.116E0));
#693=CARTESIAN_POINT('',(6.985E0,2.59E0,-7.135159021211E0));
#694=CARTESIAN_POINT('',(6.980626193674E0,2.585626193674E0,-7.174456093721E0));
#695=CARTESIAN_POINT('',(6.958708780111E0,2.563708780111E0,-7.233475778807E0));
#696=CARTESIAN_POINT('',(6.921940959943E0,2.526940959943E0,-7.286213051319E0));
#697=CARTESIAN_POINT('',(6.871168697929E0,2.476168697929E0,-7.329171255204E0));
#698=CARTESIAN_POINT('',(6.809580190953E0,2.414580190953E0,-7.358032005821E0));
#699=CARTESIAN_POINT('',(6.760764562551E0,2.365764562551E0,-7.366E0));
#700=CARTESIAN_POINT('',(6.735E0,2.34E0,-7.366E0));
#702=DIRECTION('',(1.E0,0.E0,0.E0));
#703=VECTOR('',#702,1.118589800275E0);
#704=CARTESIAN_POINT('',(-7.853589800275E0,1.34E0,-7.366E0));
#705=LINE('',#704,#703);
#706=DIRECTION('',(0.E0,1.E0,0.E0));
#707=VECTOR('',#706,1.E0);
#708=CARTESIAN_POINT('',(-6.735E0,1.34E0,-7.366E0));
#709=LINE('',#708,#707);
#710=DIRECTION('',(1.E0,0.E0,0.E0));
#711=VECTOR('',#710,5.21E0);
#712=CARTESIAN_POINT('',(-6.735E0,2.34E0,-7.366E0));
#713=LINE('',#712,#711);
#714=DIRECTION('',(1.E0,0.E0,0.E0));
#715=VECTOR('',#714,5.21E0);
#716=CARTESIAN_POINT('',(1.525E0,2.34E0,-7.366E0));
#717=LINE('',#716,#715);
#718=DIRECTION('',(0.E0,-1.E0,0.E0));
#719=VECTOR('',#718,1.E0);
#720=CARTESIAN_POINT('',(6.735E0,2.34E0,-7.366E0));
#721=LINE('',#720,#719);
#722=DIRECTION('',(1.E0,0.E0,0.E0));
#723=VECTOR('',#722,1.118589800275E0);
#724=CARTESIAN_POINT('',(6.735E0,1.34E0,-7.366E0));
#725=LINE('',#724,#723);
#726=DIRECTION('',(0.E0,1.E0,0.E0));
#727=VECTOR('',#726,2.68E0);
#728=CARTESIAN_POINT('',(7.853589800275E0,-1.34E0,-7.366E0));
#729=LINE('',#728,#727);
#730=DIRECTION('',(-1.E0,0.E0,0.E0));
#731=VECTOR('',#730,1.118589800275E0);
#732=CARTESIAN_POINT('',(7.853589800275E0,-1.34E0,-7.366E0));
#733=LINE('',#732,#731);
#734=DIRECTION('',(0.E0,-1.E0,0.E0));
#735=VECTOR('',#734,1.E0);
#736=CARTESIAN_POINT('',(6.735E0,-1.34E0,-7.366E0));
#737=LINE('',#736,#735);
#738=DIRECTION('',(-1.E0,0.E0,0.E0));
#739=VECTOR('',#738,1.347E1);
#740=CARTESIAN_POINT('',(6.735E0,-2.34E0,-7.366E0));
#741=LINE('',#740,#739);
#742=DIRECTION('',(0.E0,1.E0,0.E0));
#743=VECTOR('',#742,1.E0);
#744=CARTESIAN_POINT('',(-6.735E0,-2.34E0,-7.366E0));
#745=LINE('',#744,#743);
#746=DIRECTION('',(-1.E0,0.E0,0.E0));
#747=VECTOR('',#746,1.118589800275E0);
#748=CARTESIAN_POINT('',(-6.735E0,-1.34E0,-7.366E0));
#749=LINE('',#748,#747);
#750=DIRECTION('',(0.E0,1.E0,0.E0));
#751=VECTOR('',#750,2.68E0);
#752=CARTESIAN_POINT('',(-7.853589800275E0,-1.34E0,-7.366E0));
#753=LINE('',#752,#751);
#754=DIRECTION('',(0.E0,-1.E0,0.E0));
#755=VECTOR('',#754,3.81E-1);
#756=CARTESIAN_POINT('',(5.7785E0,1.4605E0,-7.366E0));
#757=LINE('',#756,#755);
#758=DIRECTION('',(1.E0,0.E0,0.E0));
#759=VECTOR('',#758,3.81E-1);
#760=CARTESIAN_POINT('',(5.7785E0,1.0795E0,-7.366E0));
#761=LINE('',#760,#759);
#762=DIRECTION('',(0.E0,1.E0,0.E0));
#763=VECTOR('',#762,3.81E-1);
#764=CARTESIAN_POINT('',(6.1595E0,1.0795E0,-7.366E0));
#765=LINE('',#764,#763);
#766=DIRECTION('',(-1.E0,0.E0,0.E0));
#767=VECTOR('',#766,3.81E-1);
#768=CARTESIAN_POINT('',(6.1595E0,1.4605E0,-7.366E0));
#769=LINE('',#768,#767);
#770=DIRECTION('',(0.E0,-1.E0,0.E0));
#771=VECTOR('',#770,3.81E-1);
#772=CARTESIAN_POINT('',(5.7785E0,-1.0795E0,-7.366E0));
#773=LINE('',#772,#771);
#774=DIRECTION('',(1.E0,0.E0,0.E0));
#775=VECTOR('',#774,3.81E-1);
#776=CARTESIAN_POINT('',(5.7785E0,-1.4605E0,-7.366E0));
#777=LINE('',#776,#775);
#778=DIRECTION('',(0.E0,1.E0,0.E0));
#779=VECTOR('',#778,3.81E-1);
#780=CARTESIAN_POINT('',(6.1595E0,-1.4605E0,-7.366E0));
#781=LINE('',#780,#779);
#782=DIRECTION('',(-1.E0,0.E0,0.E0));
#783=VECTOR('',#782,3.81E-1);
#784=CARTESIAN_POINT('',(6.1595E0,-1.0795E0,-7.366E0));
#785=LINE('',#784,#783);
#786=DIRECTION('',(0.E0,-1.E0,0.E0));
#787=VECTOR('',#786,3.81E-1);
#788=CARTESIAN_POINT('',(4.5085E0,1.4605E0,-7.366E0));
#789=LINE('',#788,#787);
#790=DIRECTION('',(1.E0,0.E0,0.E0));
#791=VECTOR('',#790,3.81E-1);
#792=CARTESIAN_POINT('',(4.5085E0,1.0795E0,-7.366E0));
#793=LINE('',#792,#791);
#794=DIRECTION('',(0.E0,1.E0,0.E0));
#795=VECTOR('',#794,3.81E-1);
#796=CARTESIAN_POINT('',(4.8895E0,1.0795E0,-7.366E0));
#797=LINE('',#796,#795);
#798=DIRECTION('',(-1.E0,0.E0,0.E0));
#799=VECTOR('',#798,3.81E-1);
#800=CARTESIAN_POINT('',(4.8895E0,1.4605E0,-7.366E0));
#801=LINE('',#800,#799);
#802=DIRECTION('',(0.E0,-1.E0,0.E0));
#803=VECTOR('',#802,3.81E-1);
#804=CARTESIAN_POINT('',(4.5085E0,-1.0795E0,-7.366E0));
#805=LINE('',#804,#803);
#806=DIRECTION('',(1.E0,0.E0,0.E0));
#807=VECTOR('',#806,3.81E-1);
#808=CARTESIAN_POINT('',(4.5085E0,-1.4605E0,-7.366E0));
#809=LINE('',#808,#807);
#810=DIRECTION('',(0.E0,1.E0,0.E0));
#811=VECTOR('',#810,3.81E-1);
#812=CARTESIAN_POINT('',(4.8895E0,-1.4605E0,-7.366E0));
#813=LINE('',#812,#811);
#814=DIRECTION('',(-1.E0,0.E0,0.E0));
#815=VECTOR('',#814,3.81E-1);
#816=CARTESIAN_POINT('',(4.8895E0,-1.0795E0,-7.366E0));
#817=LINE('',#816,#815);
#818=DIRECTION('',(0.E0,-1.E0,0.E0));
#819=VECTOR('',#818,3.81E-1);
#820=CARTESIAN_POINT('',(3.2385E0,1.4605E0,-7.366E0));
#821=LINE('',#820,#819);
#822=DIRECTION('',(1.E0,0.E0,0.E0));
#823=VECTOR('',#822,3.81E-1);
#824=CARTESIAN_POINT('',(3.2385E0,1.0795E0,-7.366E0));
#825=LINE('',#824,#823);
#826=DIRECTION('',(0.E0,1.E0,0.E0));
#827=VECTOR('',#826,3.81E-1);
#828=CARTESIAN_POINT('',(3.6195E0,1.0795E0,-7.366E0));
#829=LINE('',#828,#827);
#830=DIRECTION('',(-1.E0,0.E0,0.E0));
#831=VECTOR('',#830,3.81E-1);
#832=CARTESIAN_POINT('',(3.6195E0,1.4605E0,-7.366E0));
#833=LINE('',#832,#831);
#834=DIRECTION('',(0.E0,-1.E0,0.E0));
#835=VECTOR('',#834,3.81E-1);
#836=CARTESIAN_POINT('',(3.2385E0,-1.0795E0,-7.366E0));
#837=LINE('',#836,#835);
#838=DIRECTION('',(1.E0,0.E0,0.E0));
#839=VECTOR('',#838,3.81E-1);
#840=CARTESIAN_POINT('',(3.2385E0,-1.4605E0,-7.366E0));
#841=LINE('',#840,#839);
#842=DIRECTION('',(0.E0,1.E0,0.E0));
#843=VECTOR('',#842,3.81E-1);
#844=CARTESIAN_POINT('',(3.6195E0,-1.4605E0,-7.366E0));
#845=LINE('',#844,#843);
#846=DIRECTION('',(-1.E0,0.E0,0.E0));
#847=VECTOR('',#846,3.81E-1);
#848=CARTESIAN_POINT('',(3.6195E0,-1.0795E0,-7.366E0));
#849=LINE('',#848,#847);
#850=DIRECTION('',(0.E0,-1.E0,0.E0));
#851=VECTOR('',#850,3.81E-1);
#852=CARTESIAN_POINT('',(1.9685E0,1.4605E0,-7.366E0));
#853=LINE('',#852,#851);
#854=DIRECTION('',(1.E0,0.E0,0.E0));
#855=VECTOR('',#854,3.81E-1);
#856=CARTESIAN_POINT('',(1.9685E0,1.0795E0,-7.366E0));
#857=LINE('',#856,#855);
#858=DIRECTION('',(0.E0,1.E0,0.E0));
#859=VECTOR('',#858,3.81E-1);
#860=CARTESIAN_POINT('',(2.3495E0,1.0795E0,-7.366E0));
#861=LINE('',#860,#859);
#862=DIRECTION('',(-1.E0,0.E0,0.E0));
#863=VECTOR('',#862,3.81E-1);
#864=CARTESIAN_POINT('',(2.3495E0,1.4605E0,-7.366E0));
#865=LINE('',#864,#863);
#866=DIRECTION('',(0.E0,-1.E0,0.E0));
#867=VECTOR('',#866,3.81E-1);
#868=CARTESIAN_POINT('',(1.9685E0,-1.0795E0,-7.366E0));
#869=LINE('',#868,#867);
#870=DIRECTION('',(1.E0,0.E0,0.E0));
#871=VECTOR('',#870,3.81E-1);
#872=CARTESIAN_POINT('',(1.9685E0,-1.4605E0,-7.366E0));
#873=LINE('',#872,#871);
#874=DIRECTION('',(0.E0,1.E0,0.E0));
#875=VECTOR('',#874,3.81E-1);
#876=CARTESIAN_POINT('',(2.3495E0,-1.4605E0,-7.366E0));
#877=LINE('',#876,#875);
#878=DIRECTION('',(-1.E0,0.E0,0.E0));
#879=VECTOR('',#878,3.81E-1);
#880=CARTESIAN_POINT('',(2.3495E0,-1.0795E0,-7.366E0));
#881=LINE('',#880,#879);
#882=DIRECTION('',(0.E0,-1.E0,0.E0));
#883=VECTOR('',#882,3.81E-1);
#884=CARTESIAN_POINT('',(6.985E-1,1.4605E0,-7.366E0));
#885=LINE('',#884,#883);
#886=DIRECTION('',(1.E0,0.E0,0.E0));
#887=VECTOR('',#886,3.81E-1);
#888=CARTESIAN_POINT('',(6.985E-1,1.0795E0,-7.366E0));
#889=LINE('',#888,#887);
#890=DIRECTION('',(0.E0,1.E0,0.E0));
#891=VECTOR('',#890,3.81E-1);
#892=CARTESIAN_POINT('',(1.0795E0,1.0795E0,-7.366E0));
#893=LINE('',#892,#891);
#894=DIRECTION('',(-1.E0,0.E0,0.E0));
#895=VECTOR('',#894,3.81E-1);
#896=CARTESIAN_POINT('',(1.0795E0,1.4605E0,-7.366E0));
#897=LINE('',#896,#895);
#898=DIRECTION('',(0.E0,-1.E0,0.E0));
#899=VECTOR('',#898,3.81E-1);
#900=CARTESIAN_POINT('',(6.985E-1,-1.0795E0,-7.366E0));
#901=LINE('',#900,#899);
#902=DIRECTION('',(1.E0,0.E0,0.E0));
#903=VECTOR('',#902,3.81E-1);
#904=CARTESIAN_POINT('',(6.985E-1,-1.4605E0,-7.366E0));
#905=LINE('',#904,#903);
#906=DIRECTION('',(0.E0,1.E0,0.E0));
#907=VECTOR('',#906,3.81E-1);
#908=CARTESIAN_POINT('',(1.0795E0,-1.4605E0,-7.366E0));
#909=LINE('',#908,#907);
#910=DIRECTION('',(-1.E0,0.E0,0.E0));
#911=VECTOR('',#910,3.81E-1);
#912=CARTESIAN_POINT('',(1.0795E0,-1.0795E0,-7.366E0));
#913=LINE('',#912,#911);
#914=DIRECTION('',(0.E0,-1.E0,0.E0));
#915=VECTOR('',#914,3.81E-1);
#916=CARTESIAN_POINT('',(-5.715E-1,1.4605E0,-7.366E0));
#917=LINE('',#916,#915);
#918=DIRECTION('',(1.E0,0.E0,0.E0));
#919=VECTOR('',#918,3.81E-1);
#920=CARTESIAN_POINT('',(-5.715E-1,1.0795E0,-7.366E0));
#921=LINE('',#920,#919);
#922=DIRECTION('',(0.E0,1.E0,0.E0));
#923=VECTOR('',#922,3.81E-1);
#924=CARTESIAN_POINT('',(-1.905E-1,1.0795E0,-7.366E0));
#925=LINE('',#924,#923);
#926=DIRECTION('',(-1.E0,0.E0,0.E0));
#927=VECTOR('',#926,3.81E-1);
#928=CARTESIAN_POINT('',(-1.905E-1,1.4605E0,-7.366E0));
#929=LINE('',#928,#927);
#930=DIRECTION('',(0.E0,-1.E0,0.E0));
#931=VECTOR('',#930,3.81E-1);
#932=CARTESIAN_POINT('',(-5.715E-1,-1.0795E0,-7.366E0));
#933=LINE('',#932,#931);
#934=DIRECTION('',(1.E0,0.E0,0.E0));
#935=VECTOR('',#934,3.81E-1);
#936=CARTESIAN_POINT('',(-5.715E-1,-1.4605E0,-7.366E0));
#937=LINE('',#936,#935);
#938=DIRECTION('',(0.E0,1.E0,0.E0));
#939=VECTOR('',#938,3.81E-1);
#940=CARTESIAN_POINT('',(-1.905E-1,-1.4605E0,-7.366E0));
#941=LINE('',#940,#939);
#942=DIRECTION('',(-1.E0,0.E0,0.E0));
#943=VECTOR('',#942,3.81E-1);
#944=CARTESIAN_POINT('',(-1.905E-1,-1.0795E0,-7.366E0));
#945=LINE('',#944,#943);
#946=DIRECTION('',(0.E0,-1.E0,0.E0));
#947=VECTOR('',#946,3.81E-1);
#948=CARTESIAN_POINT('',(-1.8415E0,1.4605E0,-7.366E0));
#949=LINE('',#948,#947);
#950=DIRECTION('',(1.E0,0.E0,0.E0));
#951=VECTOR('',#950,3.81E-1);
#952=CARTESIAN_POINT('',(-1.8415E0,1.0795E0,-7.366E0));
#953=LINE('',#952,#951);
#954=DIRECTION('',(0.E0,1.E0,0.E0));
#955=VECTOR('',#954,3.81E-1);
#956=CARTESIAN_POINT('',(-1.4605E0,1.0795E0,-7.366E0));
#957=LINE('',#956,#955);
#958=DIRECTION('',(-1.E0,0.E0,0.E0));
#959=VECTOR('',#958,3.81E-1);
#960=CARTESIAN_POINT('',(-1.4605E0,1.4605E0,-7.366E0));
#961=LINE('',#960,#959);
#962=DIRECTION('',(0.E0,-1.E0,0.E0));
#963=VECTOR('',#962,3.81E-1);
#964=CARTESIAN_POINT('',(-1.8415E0,-1.0795E0,-7.366E0));
#965=LINE('',#964,#963);
#966=DIRECTION('',(1.E0,0.E0,0.E0));
#967=VECTOR('',#966,3.81E-1);
#968=CARTESIAN_POINT('',(-1.8415E0,-1.4605E0,-7.366E0));
#969=LINE('',#968,#967);
#970=DIRECTION('',(0.E0,1.E0,0.E0));
#971=VECTOR('',#970,3.81E-1);
#972=CARTESIAN_POINT('',(-1.4605E0,-1.4605E0,-7.366E0));
#973=LINE('',#972,#971);
#974=DIRECTION('',(-1.E0,0.E0,0.E0));
#975=VECTOR('',#974,3.81E-1);
#976=CARTESIAN_POINT('',(-1.4605E0,-1.0795E0,-7.366E0));
#977=LINE('',#976,#975);
#978=DIRECTION('',(0.E0,-1.E0,0.E0));
#979=VECTOR('',#978,3.81E-1);
#980=CARTESIAN_POINT('',(-3.1115E0,1.4605E0,-7.366E0));
#981=LINE('',#980,#979);
#982=DIRECTION('',(1.E0,0.E0,0.E0));
#983=VECTOR('',#982,3.81E-1);
#984=CARTESIAN_POINT('',(-3.1115E0,1.0795E0,-7.366E0));
#985=LINE('',#984,#983);
#986=DIRECTION('',(0.E0,1.E0,0.E0));
#987=VECTOR('',#986,3.81E-1);
#988=CARTESIAN_POINT('',(-2.7305E0,1.0795E0,-7.366E0));
#989=LINE('',#988,#987);
#990=DIRECTION('',(-1.E0,0.E0,0.E0));
#991=VECTOR('',#990,3.81E-1);
#992=CARTESIAN_POINT('',(-2.7305E0,1.4605E0,-7.366E0));
#993=LINE('',#992,#991);
#994=DIRECTION('',(0.E0,-1.E0,0.E0));
#995=VECTOR('',#994,3.81E-1);
#996=CARTESIAN_POINT('',(-3.1115E0,-1.0795E0,-7.366E0));
#997=LINE('',#996,#995);
#998=DIRECTION('',(1.E0,0.E0,0.E0));
#999=VECTOR('',#998,3.81E-1);
#1000=CARTESIAN_POINT('',(-3.1115E0,-1.4605E0,-7.366E0));
#1001=LINE('',#1000,#999);
#1002=DIRECTION('',(0.E0,1.E0,0.E0));
#1003=VECTOR('',#1002,3.81E-1);
#1004=CARTESIAN_POINT('',(-2.7305E0,-1.4605E0,-7.366E0));
#1005=LINE('',#1004,#1003);
#1006=DIRECTION('',(-1.E0,0.E0,0.E0));
#1007=VECTOR('',#1006,3.81E-1);
#1008=CARTESIAN_POINT('',(-2.7305E0,-1.0795E0,-7.366E0));
#1009=LINE('',#1008,#1007);
#1010=DIRECTION('',(0.E0,-1.E0,0.E0));
#1011=VECTOR('',#1010,3.81E-1);
#1012=CARTESIAN_POINT('',(-4.3815E0,1.4605E0,-7.366E0));
#1013=LINE('',#1012,#1011);
#1014=DIRECTION('',(1.E0,0.E0,0.E0));
#1015=VECTOR('',#1014,3.81E-1);
#1016=CARTESIAN_POINT('',(-4.3815E0,1.0795E0,-7.366E0));
#1017=LINE('',#1016,#1015);
#1018=DIRECTION('',(0.E0,1.E0,0.E0));
#1019=VECTOR('',#1018,3.81E-1);
#1020=CARTESIAN_POINT('',(-4.0005E0,1.0795E0,-7.366E0));
#1021=LINE('',#1020,#1019);
#1022=DIRECTION('',(-1.E0,0.E0,0.E0));
#1023=VECTOR('',#1022,3.81E-1);
#1024=CARTESIAN_POINT('',(-4.0005E0,1.4605E0,-7.366E0));
#1025=LINE('',#1024,#1023);
#1026=DIRECTION('',(0.E0,-1.E0,0.E0));
#1027=VECTOR('',#1026,3.81E-1);
#1028=CARTESIAN_POINT('',(-4.3815E0,-1.0795E0,-7.366E0));
#1029=LINE('',#1028,#1027);
#1030=DIRECTION('',(1.E0,0.E0,0.E0));
#1031=VECTOR('',#1030,3.81E-1);
#1032=CARTESIAN_POINT('',(-4.3815E0,-1.4605E0,-7.366E0));
#1033=LINE('',#1032,#1031);
#1034=DIRECTION('',(0.E0,1.E0,0.E0));
#1035=VECTOR('',#1034,3.81E-1);
#1036=CARTESIAN_POINT('',(-4.0005E0,-1.4605E0,-7.366E0));
#1037=LINE('',#1036,#1035);
#1038=DIRECTION('',(-1.E0,0.E0,0.E0));
#1039=VECTOR('',#1038,3.81E-1);
#1040=CARTESIAN_POINT('',(-4.0005E0,-1.0795E0,-7.366E0));
#1041=LINE('',#1040,#1039);
#1042=DIRECTION('',(0.E0,-1.E0,0.E0));
#1043=VECTOR('',#1042,3.81E-1);
#1044=CARTESIAN_POINT('',(-5.6515E0,1.4605E0,-7.366E0));
#1045=LINE('',#1044,#1043);
#1046=DIRECTION('',(1.E0,0.E0,0.E0));
#1047=VECTOR('',#1046,3.81E-1);
#1048=CARTESIAN_POINT('',(-5.6515E0,1.0795E0,-7.366E0));
#1049=LINE('',#1048,#1047);
#1050=DIRECTION('',(0.E0,1.E0,0.E0));
#1051=VECTOR('',#1050,3.81E-1);
#1052=CARTESIAN_POINT('',(-5.2705E0,1.0795E0,-7.366E0));
#1053=LINE('',#1052,#1051);
#1054=DIRECTION('',(-1.E0,0.E0,0.E0));
#1055=VECTOR('',#1054,3.81E-1);
#1056=CARTESIAN_POINT('',(-5.2705E0,1.4605E0,-7.366E0));
#1057=LINE('',#1056,#1055);
#1058=DIRECTION('',(0.E0,-1.E0,0.E0));
#1059=VECTOR('',#1058,3.81E-1);
#1060=CARTESIAN_POINT('',(-5.6515E0,-1.0795E0,-7.366E0));
#1061=LINE('',#1060,#1059);
#1062=DIRECTION('',(1.E0,0.E0,0.E0));
#1063=VECTOR('',#1062,3.81E-1);
#1064=CARTESIAN_POINT('',(-5.6515E0,-1.4605E0,-7.366E0));
#1065=LINE('',#1064,#1063);
#1066=DIRECTION('',(0.E0,1.E0,0.E0));
#1067=VECTOR('',#1066,3.81E-1);
#1068=CARTESIAN_POINT('',(-5.2705E0,-1.4605E0,-7.366E0));
#1069=LINE('',#1068,#1067);
#1070=DIRECTION('',(-1.E0,0.E0,0.E0));
#1071=VECTOR('',#1070,3.81E-1);
#1072=CARTESIAN_POINT('',(-5.2705E0,-1.0795E0,-7.366E0));
#1073=LINE('',#1072,#1071);
#1074=CARTESIAN_POINT('',(-7.853589800275E0,1.34E0,-7.366E0));
#1075=CARTESIAN_POINT('',(-7.853589800275E0,1.381781422491E0,-7.366E0));
#1076=CARTESIAN_POINT('',(-7.855498594437E0,1.447083268481E0,
-7.347839036672E0));
#1077=CARTESIAN_POINT('',(-7.860914965153E0,1.520610350980E0,
-7.296305711659E0));
#1078=CARTESIAN_POINT('',(-7.868646539591E0,1.571988406798E0,
-7.222744694651E0));
#1079=CARTESIAN_POINT('',(-7.875498511205E0,1.59E0,-7.157552539487E0));
#1080=CARTESIAN_POINT('',(-7.879865859091E0,1.59E0,-7.116E0));
#1082=CARTESIAN_POINT('',(-6.985E0,1.59E0,-7.116E0));
#1083=CARTESIAN_POINT('',(-6.985E0,1.59E0,-7.135159021211E0));
#1084=CARTESIAN_POINT('',(-6.980626193674E0,1.585626193674E0,
-7.174456093721E0));
#1085=CARTESIAN_POINT('',(-6.958708780111E0,1.563708780111E0,
-7.233475778807E0));
#1086=CARTESIAN_POINT('',(-6.921940959943E0,1.526940959943E0,
-7.286213051319E0));
#1087=CARTESIAN_POINT('',(-6.871168697929E0,1.476168697929E0,
-7.329171255204E0));
#1088=CARTESIAN_POINT('',(-6.809580190953E0,1.414580190953E0,
-7.358032005821E0));
#1089=CARTESIAN_POINT('',(-6.760764562551E0,1.365764562551E0,-7.366E0));
#1090=CARTESIAN_POINT('',(-6.735E0,1.34E0,-7.366E0));
#1092=DIRECTION('',(0.E0,1.E0,0.E0));
#1093=VECTOR('',#1092,1.E0);
#1094=CARTESIAN_POINT('',(-6.985E0,1.59E0,-2.54E-1));
#1095=LINE('',#1094,#1093);
#1096=DIRECTION('',(0.E0,1.E0,0.E0));
#1097=VECTOR('',#1096,1.E0);
#1098=CARTESIAN_POINT('',(-6.985E0,1.59E0,-7.116E0));
#1099=LINE('',#1098,#1097);
#1100=DIRECTION('',(0.E0,0.E0,-1.E0));
#1101=VECTOR('',#1100,6.862E0);
#1102=CARTESIAN_POINT('',(-6.985E0,1.59E0,-2.54E-1));
#1103=LINE('',#1102,#1101);
#1104=DIRECTION('',(-4.472135955E-1,4.472135955E-1,7.745966692415E-1));
#1105=VECTOR('',#1104,3.279125899789E-1);
#1106=CARTESIAN_POINT('',(-6.985E0,2.59E0,-2.54E-1));
#1107=LINE('',#1106,#1105);
#1108=DIRECTION('',(0.E0,0.E0,1.E0));
#1109=VECTOR('',#1108,3.81E0);
#1110=CARTESIAN_POINT('',(-2.794E0,2.59E0,-4.064E0));
#1111=LINE('',#1110,#1109);
#1112=DIRECTION('',(0.E0,-5.E-1,-8.660254037844E-1));
#1113=VECTOR('',#1112,1.239606034150E-1);
#1114=CARTESIAN_POINT('',(-2.794E0,2.651980301707E0,-1.466469683742E-1));
#1115=LINE('',#1114,#1113);
#1116=DIRECTION('',(0.E0,1.E0,0.E0));
#1117=VECTOR('',#1116,1.512819698293E0);
#1118=CARTESIAN_POINT('',(-2.794E0,2.651980301707E0,-1.466469683742E-1));
#1119=LINE('',#1118,#1117);
#1120=DIRECTION('',(0.E0,0.E0,-1.E0));
#1121=VECTOR('',#1120,1.398592896126E0);
#1122=CARTESIAN_POINT('',(-2.794E0,4.1648E0,-1.466469683742E-1));
#1123=LINE('',#1122,#1121);
#1124=DIRECTION('',(0.E0,-5.591929034707E-1,-8.290375725550E-1));
#1125=VECTOR('',#1124,2.731794324496E0);
#1126=CARTESIAN_POINT('',(-2.794E0,5.1326E0,-1.545239864500E0));
#1127=LINE('',#1126,#1125);
#1128=DIRECTION('',(-1.E0,0.E0,0.E0));
#1129=VECTOR('',#1128,1.269E0);
#1130=CARTESIAN_POINT('',(-1.525E0,2.736646968374E0,-3.81E0));
#1131=LINE('',#1130,#1129);
#1132=DIRECTION('',(0.E0,-1.E0,0.E0));
#1133=VECTOR('',#1132,8.683530316258E-1);
#1134=CARTESIAN_POINT('',(-2.794E0,3.605E0,-3.81E0));
#1135=LINE('',#1134,#1133);
#1136=DIRECTION('',(-1.E0,0.E0,0.E0));
#1137=VECTOR('',#1136,1.269E0);
#1138=CARTESIAN_POINT('',(2.794E0,2.736646968374E0,-3.81E0));
#1139=LINE('',#1138,#1137);
#1140=DIRECTION('',(0.E0,1.E0,0.E0));
#1141=VECTOR('',#1140,8.683530316258E-1);
#1142=CARTESIAN_POINT('',(2.794E0,2.736646968374E0,-3.81E0));
#1143=LINE('',#1142,#1141);
#1144=DIRECTION('',(0.E0,5.E-1,8.660254037844E-1));
#1145=VECTOR('',#1144,2.932939367483E-1);
#1146=CARTESIAN_POINT('',(-2.794E0,2.59E0,-4.064E0));
#1147=LINE('',#1146,#1145);
#1148=DIRECTION('',(0.E0,-5.E-1,-8.660254037844E-1));
#1149=VECTOR('',#1148,2.932939367483E-1);
#1150=CARTESIAN_POINT('',(-1.525E0,2.736646968374E0,-3.81E0));
#1151=LINE('',#1150,#1149);
#1152=DIRECTION('',(0.E0,-1.E0,0.E0));
#1153=VECTOR('',#1152,8.683530316258E-1);
#1154=CARTESIAN_POINT('',(-1.525E0,3.605E0,-3.81E0));
#1155=LINE('',#1154,#1153);
#1156=DIRECTION('',(0.E0,-1.E0,0.E0));
#1157=VECTOR('',#1156,1.265E0);
#1158=CARTESIAN_POINT('',(-1.525E0,3.605E0,-7.366E0));
#1159=LINE('',#1158,#1157);
#1160=CARTESIAN_POINT('',(-6.985E0,2.59E0,-7.116E0));
#1161=CARTESIAN_POINT('',(-6.985E0,2.59E0,-7.135159021211E0));
#1162=CARTESIAN_POINT('',(-6.980626193674E0,2.585626193674E0,
-7.174456093721E0));
#1163=CARTESIAN_POINT('',(-6.958708780111E0,2.563708780111E0,
-7.233475778807E0));
#1164=CARTESIAN_POINT('',(-6.921940959943E0,2.526940959943E0,
-7.286213051319E0));
#1165=CARTESIAN_POINT('',(-6.871168697929E0,2.476168697929E0,
-7.329171255204E0));
#1166=CARTESIAN_POINT('',(-6.809580190953E0,2.414580190953E0,
-7.358032005821E0));
#1167=CARTESIAN_POINT('',(-6.760764562551E0,2.365764562551E0,-7.366E0));
#1168=CARTESIAN_POINT('',(-6.735E0,2.34E0,-7.366E0));
#1170=CARTESIAN_POINT('',(-1.525E0,2.34E0,-7.116E0));
#1171=DIRECTION('',(-1.E0,0.E0,0.E0));
#1172=DIRECTION('',(0.E0,1.E0,0.E0));
#1173=AXIS2_PLACEMENT_3D('',#1170,#1171,#1172);
#1175=DIRECTION('',(1.E0,0.E0,0.E0));
#1176=VECTOR('',#1175,4.191E0);
#1177=CARTESIAN_POINT('',(2.794E0,2.59E0,-2.54E-1));
#1178=LINE('',#1177,#1176);
#1179=DIRECTION('',(1.E0,0.E0,0.E0));
#1180=VECTOR('',#1179,5.46E0);
#1181=CARTESIAN_POINT('',(1.525E0,2.59E0,-7.116E0));
#1182=LINE('',#1181,#1180);
#1183=DIRECTION('',(0.E0,0.E0,-1.E0));
#1184=VECTOR('',#1183,3.052E0);
#1185=CARTESIAN_POINT('',(1.525E0,2.59E0,-4.064E0));
#1186=LINE('',#1185,#1184);
#1187=DIRECTION('',(-1.E0,0.E0,0.E0));
#1188=VECTOR('',#1187,1.269E0);
#1189=CARTESIAN_POINT('',(2.794E0,2.59E0,-4.064E0));
#1190=LINE('',#1189,#1188);
#1191=DIRECTION('',(1.E0,0.E0,0.E0));
#1192=VECTOR('',#1191,4.191E0);
#1193=CARTESIAN_POINT('',(-6.985E0,2.59E0,-2.54E-1));
#1194=LINE('',#1193,#1192);
#1195=DIRECTION('',(-1.E0,0.E0,0.E0));
#1196=VECTOR('',#1195,1.269E0);
#1197=CARTESIAN_POINT('',(-1.525E0,2.59E0,-4.064E0));
#1198=LINE('',#1197,#1196);
#1199=DIRECTION('',(0.E0,0.E0,-1.E0));
#1200=VECTOR('',#1199,3.052E0);
#1201=CARTESIAN_POINT('',(-1.525E0,2.59E0,-4.064E0));
#1202=LINE('',#1201,#1200);
#1203=DIRECTION('',(1.E0,0.E0,0.E0));
#1204=VECTOR('',#1203,5.46E0);
#1205=CARTESIAN_POINT('',(-6.985E0,2.59E0,-7.116E0));
#1206=LINE('',#1205,#1204);
#1207=DIRECTION('',(0.E0,0.E0,-1.E0));
#1208=VECTOR('',#1207,6.862E0);
#1209=CARTESIAN_POINT('',(-6.985E0,2.59E0,-2.54E-1));
#1210=LINE('',#1209,#1208);
#1211=DIRECTION('',(8.320502943378E-1,2.773500981126E-1,4.803844614153E-1));
#1212=VECTOR('',#1211,3.052700079893E-1);
#1213=CARTESIAN_POINT('',(2.794E0,2.651980301707E0,-1.466469683742E-1));
#1214=LINE('',#1213,#1212);
#1215=DIRECTION('',(4.472135955E-1,4.472135955E-1,7.745966692415E-1));
#1216=VECTOR('',#1215,3.279125899789E-1);
#1217=CARTESIAN_POINT('',(6.985E0,2.59E0,-2.54E-1));
#1218=LINE('',#1217,#1216);
#1219=DIRECTION('',(0.E0,0.E0,-1.E0));
#1220=VECTOR('',#1219,3.81E0);
#1221=CARTESIAN_POINT('',(2.794E0,2.59E0,-2.54E-1));
#1222=LINE('',#1221,#1220);
#1223=DIRECTION('',(0.E0,5.591929034707E-1,8.290375725550E-1));
#1224=VECTOR('',#1223,2.731794324496E0);
#1225=CARTESIAN_POINT('',(2.794E0,3.605E0,-3.81E0));
#1226=LINE('',#1225,#1224);
#1227=DIRECTION('',(0.E0,-1.E0,0.E0));
#1228=VECTOR('',#1227,1.512819698293E0);
#1229=CARTESIAN_POINT('',(2.794E0,4.1648E0,-1.466469683742E-1));
#1230=LINE('',#1229,#1228);
#1231=DIRECTION('',(0.E0,5.E-1,8.660254037844E-1));
#1232=VECTOR('',#1231,1.239606034150E-1);
#1233=CARTESIAN_POINT('',(2.794E0,2.59E0,-2.54E-1));
#1234=LINE('',#1233,#1232);
#1235=DIRECTION('',(0.E0,-5.E-1,-8.660254037844E-1));
#1236=VECTOR('',#1235,2.932939367483E-1);
#1237=CARTESIAN_POINT('',(2.794E0,2.736646968374E0,-3.81E0));
#1238=LINE('',#1237,#1236);
#1239=DIRECTION('',(0.E0,5.E-1,8.660254037844E-1));
#1240=VECTOR('',#1239,2.932939367483E-1);
#1241=CARTESIAN_POINT('',(1.525E0,2.59E0,-4.064E0));
#1242=LINE('',#1241,#1240);
#1243=DIRECTION('',(0.E0,1.E0,0.E0));
#1244=VECTOR('',#1243,1.265E0);
#1245=CARTESIAN_POINT('',(1.525E0,2.34E0,-7.366E0));
#1246=LINE('',#1245,#1244);
#1247=DIRECTION('',(0.E0,1.E0,0.E0));
#1248=VECTOR('',#1247,8.683530316258E-1);
#1249=CARTESIAN_POINT('',(1.525E0,2.736646968374E0,-3.81E0));
#1250=LINE('',#1249,#1248);
#1251=CARTESIAN_POINT('',(1.525E0,2.34E0,-7.116E0));
#1252=DIRECTION('',(1.E0,0.E0,0.E0));
#1253=DIRECTION('',(0.E0,0.E0,-1.E0));
#1254=AXIS2_PLACEMENT_3D('',#1251,#1252,#1253);
#1256=DIRECTION('',(-1.E0,0.E0,0.E0));
#1257=VECTOR('',#1256,5.588E0);
#1258=CARTESIAN_POINT('',(2.794E0,5.1326E0,-1.545239864500E0));
#1259=LINE('',#1258,#1257);
#1260=DIRECTION('',(1.E0,0.E0,0.E0));
#1261=VECTOR('',#1260,1.016E0);
#1262=CARTESIAN_POINT('',(2.794E0,5.1326E0,-1.545239864500E0));
#1263=LINE('',#1262,#1261);
#1264=DIRECTION('',(1.E0,0.E0,0.E0));
#1265=VECTOR('',#1264,1.016E0);
#1266=CARTESIAN_POINT('',(-3.81E0,5.1326E0,-1.545239864500E0));
#1267=LINE('',#1266,#1265);
#1268=DIRECTION('',(0.E0,1.E0,0.E0));
#1269=VECTOR('',#1268,9.678E-1);
#1270=CARTESIAN_POINT('',(-2.794E0,4.1648E0,-1.545239864500E0));
#1271=LINE('',#1270,#1269);
#1272=DIRECTION('',(0.E0,-1.E0,0.E0));
#1273=VECTOR('',#1272,9.678E-1);
#1274=CARTESIAN_POINT('',(2.794E0,5.1326E0,-1.545239864500E0));
#1275=LINE('',#1274,#1273);
#1276=DIRECTION('',(1.E0,0.E0,0.E0));
#1277=VECTOR('',#1276,5.588E0);
#1278=CARTESIAN_POINT('',(-2.794E0,4.1648E0,-1.466469683742E-1));
#1279=LINE('',#1278,#1277);
#1280=DIRECTION('',(0.E0,0.E0,-1.E0));
#1281=VECTOR('',#1280,1.398592896126E0);
#1282=CARTESIAN_POINT('',(2.794E0,4.1648E0,-1.466469683742E-1));
#1283=LINE('',#1282,#1281);
#1284=DIRECTION('',(-1.E0,0.E0,0.E0));
#1285=VECTOR('',#1284,5.588E0);
#1286=CARTESIAN_POINT('',(2.794E0,4.1648E0,-1.545239864500E0));
#1287=LINE('',#1286,#1285);
#1288=DIRECTION('',(6.546536707080E-1,6.546536707080E-1,3.779644730092E-1));
#1289=VECTOR('',#1288,3.879914088396E-1);
#1290=CARTESIAN_POINT('',(2.794E0,4.1648E0,-1.466469683742E-1));
#1291=LINE('',#1290,#1289);
#1292=DIRECTION('',(-8.320502943378E-1,2.773500981126E-1,4.803844614153E-1));
#1293=VECTOR('',#1292,3.052700079893E-1);
#1294=CARTESIAN_POINT('',(-2.794E0,2.651980301707E0,-1.466469683742E-1));
#1295=LINE('',#1294,#1293);
#1296=DIRECTION('',(-6.546536707080E-1,6.546536707080E-1,3.779644730092E-1));
#1297=VECTOR('',#1296,3.879914088396E-1);
#1298=CARTESIAN_POINT('',(-2.794E0,4.1648E0,-1.466469683742E-1));
#1299=LINE('',#1298,#1297);
#1300=DIRECTION('',(0.E0,1.E0,0.E0));
#1301=VECTOR('',#1300,1.5276E0);
#1302=CARTESIAN_POINT('',(3.81E0,3.605E0,0.E0));
#1303=LINE('',#1302,#1301);
#1304=DIRECTION('',(0.E0,0.E0,-1.E0));
#1305=VECTOR('',#1304,1.545239864500E0);
#1306=CARTESIAN_POINT('',(3.81E0,5.1326E0,0.E0));
#1307=LINE('',#1306,#1305);
#1308=DIRECTION('',(0.E0,-5.591929034707E-1,-8.290375725550E-1));
#1309=VECTOR('',#1308,2.731794324496E0);
#1310=CARTESIAN_POINT('',(3.81E0,5.1326E0,-1.545239864500E0));
#1311=LINE('',#1310,#1309);
#1312=DIRECTION('',(0.E0,-5.591929034707E-1,-8.290375725550E-1));
#1313=VECTOR('',#1312,2.731794324496E0);
#1314=CARTESIAN_POINT('',(-3.81E0,5.1326E0,-1.545239864500E0));
#1315=LINE('',#1314,#1313);
#1316=DIRECTION('',(0.E0,0.E0,-1.E0));
#1317=VECTOR('',#1316,1.545239864500E0);
#1318=CARTESIAN_POINT('',(-3.81E0,5.1326E0,0.E0));
#1319=LINE('',#1318,#1317);
#1320=DIRECTION('',(0.E0,-1.E0,0.E0));
#1321=VECTOR('',#1320,1.5276E0);
#1322=CARTESIAN_POINT('',(-3.81E0,5.1326E0,0.E0));
#1323=LINE('',#1322,#1321);
#1324=CARTESIAN_POINT('',(-6.985E0,-1.59E0,-7.116E0));
#1325=CARTESIAN_POINT('',(-6.985E0,-1.59E0,-7.135159021211E0));
#1326=CARTESIAN_POINT('',(-6.980626193674E0,-1.585626193674E0,
-7.174456093721E0));
#1327=CARTESIAN_POINT('',(-6.958708780111E0,-1.563708780111E0,
-7.233475778807E0));
#1328=CARTESIAN_POINT('',(-6.921940959943E0,-1.526940959943E0,
-7.286213051319E0));
#1329=CARTESIAN_POINT('',(-6.871168697929E0,-1.476168697929E0,
-7.329171255204E0));
#1330=CARTESIAN_POINT('',(-6.809580190953E0,-1.414580190953E0,
-7.358032005821E0));
#1331=CARTESIAN_POINT('',(-6.760764562551E0,-1.365764562551E0,-7.366E0));
#1332=CARTESIAN_POINT('',(-6.735E0,-1.34E0,-7.366E0));
#1334=CARTESIAN_POINT('',(-7.879865859091E0,-1.59E0,-7.116E0));
#1335=CARTESIAN_POINT('',(-7.875498511205E0,-1.59E0,-7.157552539487E0));
#1336=CARTESIAN_POINT('',(-7.868646539591E0,-1.571988406798E0,
-7.222744694651E0));
#1337=CARTESIAN_POINT('',(-7.860914965153E0,-1.520610350980E0,
-7.296305711659E0));
#1338=CARTESIAN_POINT('',(-7.855498594437E0,-1.447083268481E0,
-7.347839036672E0));
#1339=CARTESIAN_POINT('',(-7.853589800275E0,-1.381781422491E0,-7.366E0));
#1340=CARTESIAN_POINT('',(-7.853589800275E0,-1.34E0,-7.366E0));
#1342=CARTESIAN_POINT('',(-6.985E0,-2.59E0,-7.116E0));
#1343=CARTESIAN_POINT('',(-6.985E0,-2.59E0,-7.135159021211E0));
#1344=CARTESIAN_POINT('',(-6.980626193674E0,-2.585626193674E0,
-7.174456093721E0));
#1345=CARTESIAN_POINT('',(-6.958708780111E0,-2.563708780111E0,
-7.233475778807E0));
#1346=CARTESIAN_POINT('',(-6.921940959943E0,-2.526940959943E0,
-7.286213051319E0));
#1347=CARTESIAN_POINT('',(-6.871168697929E0,-2.476168697929E0,
-7.329171255204E0));
#1348=CARTESIAN_POINT('',(-6.809580190953E0,-2.414580190953E0,
-7.358032005821E0));
#1349=CARTESIAN_POINT('',(-6.760764562551E0,-2.365764562551E0,-7.366E0));
#1350=CARTESIAN_POINT('',(-6.735E0,-2.34E0,-7.366E0));
#1352=CARTESIAN_POINT('',(6.985E0,-2.59E0,-7.116E0));
#1353=CARTESIAN_POINT('',(6.985E0,-2.59E0,-7.135159021211E0));
#1354=CARTESIAN_POINT('',(6.980626193674E0,-2.585626193674E0,
-7.174456093721E0));
#1355=CARTESIAN_POINT('',(6.958708780111E0,-2.563708780111E0,
-7.233475778807E0));
#1356=CARTESIAN_POINT('',(6.921940959943E0,-2.526940959943E0,
-7.286213051319E0));
#1357=CARTESIAN_POINT('',(6.871168697929E0,-2.476168697929E0,
-7.329171255204E0));
#1358=CARTESIAN_POINT('',(6.809580190953E0,-2.414580190953E0,
-7.358032005821E0));
#1359=CARTESIAN_POINT('',(6.760764562551E0,-2.365764562551E0,-7.366E0));
#1360=CARTESIAN_POINT('',(6.735E0,-2.34E0,-7.366E0));
#1362=CARTESIAN_POINT('',(6.985E0,-1.59E0,-7.116E0));
#1363=CARTESIAN_POINT('',(6.985E0,-1.59E0,-7.135159021211E0));
#1364=CARTESIAN_POINT('',(6.980626193674E0,-1.585626193674E0,
-7.174456093721E0));
#1365=CARTESIAN_POINT('',(6.958708780111E0,-1.563708780111E0,
-7.233475778807E0));
#1366=CARTESIAN_POINT('',(6.921940959943E0,-1.526940959943E0,
-7.286213051319E0));
#1367=CARTESIAN_POINT('',(6.871168697929E0,-1.476168697929E0,
-7.329171255204E0));
#1368=CARTESIAN_POINT('',(6.809580190953E0,-1.414580190953E0,
-7.358032005821E0));
#1369=CARTESIAN_POINT('',(6.760764562551E0,-1.365764562551E0,-7.366E0));
#1370=CARTESIAN_POINT('',(6.735E0,-1.34E0,-7.366E0));
#1372=DIRECTION('',(0.E0,-1.E0,0.E0));
#1373=VECTOR('',#1372,1.E0);
#1374=CARTESIAN_POINT('',(6.985E0,-1.59E0,-7.116E0));
#1375=LINE('',#1374,#1373);
#1376=DIRECTION('',(0.E0,0.E0,-1.E0));
#1377=VECTOR('',#1376,5.084E0);
#1378=CARTESIAN_POINT('',(6.985E0,-1.59E0,-2.032E0));
#1379=LINE('',#1378,#1377);
#1380=DIRECTION('',(0.E0,5.E-1,-8.660254037844E-1));
#1381=VECTOR('',#1380,5.865878734967E-1);
#1382=CARTESIAN_POINT('',(6.985E0,-1.883293936748E0,-1.524E0));
#1383=LINE('',#1382,#1381);
#1384=DIRECTION('',(0.E0,-1.E0,0.E0));
#1385=VECTOR('',#1384,7.067060632517E-1);
#1386=CARTESIAN_POINT('',(6.985E0,-1.883293936748E0,-1.524E0));
#1387=LINE('',#1386,#1385);
#1388=DIRECTION('',(-1.E0,0.E0,0.E0));
#1389=VECTOR('',#1388,8.948658590913E-1);
#1390=CARTESIAN_POINT('',(7.879865859091E0,-1.59E0,-7.116E0));
#1391=LINE('',#1390,#1389);
#1392=DIRECTION('',(1.045284632677E-1,0.E0,9.945218953683E-1));
#1393=VECTOR('',#1392,1.149295963541E0);
#1394=CARTESIAN_POINT('',(7.879865859091E0,-1.59E0,-7.116E0));
#1395=LINE('',#1394,#1393);
#1396=DIRECTION('',(1.075927825197E-14,0.E0,-1.E0));
#1397=VECTOR('',#1396,3.302E-1);
#1398=CARTESIAN_POINT('',(8.292928347238E0,-1.59E0,-5.6428E0));
#1399=LINE('',#1398,#1397);
#1400=CARTESIAN_POINT('',(8.623128347238E0,-1.59E0,-5.6428E0));
#1401=DIRECTION('',(0.E0,-1.E0,0.E0));
#1402=DIRECTION('',(-7.660444431190E-1,0.E0,6.427876096865E-1));
#1403=AXIS2_PLACEMENT_3D('',#1400,#1401,#1402);
#1405=DIRECTION('',(-6.427876096865E-1,0.E0,-7.660444431190E-1));
#1406=VECTOR('',#1405,1.281324523790E0);
#1407=CARTESIAN_POINT('',(9.1938E0,-1.59E0,-4.449E0));
#1408=LINE('',#1407,#1406);
#1409=DIRECTION('',(1.E0,0.E0,0.E0));
#1410=VECTOR('',#1409,1.015E0);
#1411=CARTESIAN_POINT('',(6.985E0,-1.59E0,-2.032E0));
#1412=LINE('',#1411,#1410);
#1413=DIRECTION('',(-1.E0,0.E0,0.E0));
#1414=VECTOR('',#1413,8.948658590913E-1);
#1415=CARTESIAN_POINT('',(-6.985E0,-1.59E0,-7.116E0));
#1416=LINE('',#1415,#1414);
#1417=DIRECTION('',(0.E0,0.E0,-1.E0));
#1418=VECTOR('',#1417,5.084E0);
#1419=CARTESIAN_POINT('',(-6.985E0,-1.59E0,-2.032E0));
#1420=LINE('',#1419,#1418);
#1421=DIRECTION('',(1.E0,0.E0,0.E0));
#1422=VECTOR('',#1421,1.015E0);
#1423=CARTESIAN_POINT('',(-8.E0,-1.59E0,-2.032E0));
#1424=LINE('',#1423,#1422);
#1425=DIRECTION('',(-6.427876096865E-1,0.E0,7.660444431190E-1));
#1426=VECTOR('',#1425,1.281324523790E0);
#1427=CARTESIAN_POINT('',(-8.370180472120E0,-1.59E0,-5.430551531282E0));
#1428=LINE('',#1427,#1426);
#1429=CARTESIAN_POINT('',(-8.623128347238E0,-1.59E0,-5.6428E0));
#1430=DIRECTION('',(0.E0,-1.E0,0.E0));
#1431=DIRECTION('',(1.E0,0.E0,0.E0));
#1432=AXIS2_PLACEMENT_3D('',#1429,#1430,#1431);
#1434=DIRECTION('',(0.E0,0.E0,1.E0));
#1435=VECTOR('',#1434,3.302E-1);
#1436=CARTESIAN_POINT('',(-8.292928347238E0,-1.59E0,-5.973E0));
#1437=LINE('',#1436,#1435);
#1438=DIRECTION('',(1.045284632677E-1,0.E0,-9.945218953683E-1));
#1439=VECTOR('',#1438,1.149295963541E0);
#1440=CARTESIAN_POINT('',(-8.E0,-1.59E0,-5.973E0));
#1441=LINE('',#1440,#1439);
#1442=CARTESIAN_POINT('',(7.853589800275E0,-1.34E0,-7.366E0));
#1443=CARTESIAN_POINT('',(7.853589800275E0,-1.381781422491E0,-7.366E0));
#1444=CARTESIAN_POINT('',(7.855498594437E0,-1.447083268481E0,
-7.347839036672E0));
#1445=CARTESIAN_POINT('',(7.860914965153E0,-1.520610350980E0,
-7.296305711659E0));
#1446=CARTESIAN_POINT('',(7.868646539591E0,-1.571988406798E0,
-7.222744694651E0));
#1447=CARTESIAN_POINT('',(7.875498511205E0,-1.59E0,-7.157552539487E0));
#1448=CARTESIAN_POINT('',(7.879865859091E0,-1.59E0,-7.116E0));
#1450=DIRECTION('',(0.E0,-1.E0,0.E0));
#1451=VECTOR('',#1450,7.21E0);
#1452=CARTESIAN_POINT('',(7.8476E0,3.605E0,-7.422989142824E0));
#1453=LINE('',#1452,#1451);
#1454=CARTESIAN_POINT('',(6.985E0,1.59E0,-7.116E0));
#1455=CARTESIAN_POINT('',(6.985E0,1.59E0,-7.135159021211E0));
#1456=CARTESIAN_POINT('',(6.980626193674E0,1.585626193674E0,-7.174456093721E0));
#1457=CARTESIAN_POINT('',(6.958708780111E0,1.563708780111E0,-7.233475778807E0));
#1458=CARTESIAN_POINT('',(6.921940959943E0,1.526940959943E0,-7.286213051319E0));
#1459=CARTESIAN_POINT('',(6.871168697929E0,1.476168697929E0,-7.329171255204E0));
#1460=CARTESIAN_POINT('',(6.809580190953E0,1.414580190953E0,-7.358032005821E0));
#1461=CARTESIAN_POINT('',(6.760764562551E0,1.365764562551E0,-7.366E0));
#1462=CARTESIAN_POINT('',(6.735E0,1.34E0,-7.366E0));
#1464=CARTESIAN_POINT('',(7.879865859091E0,1.59E0,-7.116E0));
#1465=CARTESIAN_POINT('',(7.875498511205E0,1.59E0,-7.157552539487E0));
#1466=CARTESIAN_POINT('',(7.868646539591E0,1.571988406798E0,-7.222744694651E0));
#1467=CARTESIAN_POINT('',(7.860914965153E0,1.520610350980E0,-7.296305711659E0));
#1468=CARTESIAN_POINT('',(7.855498594437E0,1.447083268481E0,-7.347839036672E0));
#1469=CARTESIAN_POINT('',(7.853589800275E0,1.381781422491E0,-7.366E0));
#1470=CARTESIAN_POINT('',(7.853589800275E0,1.34E0,-7.366E0));
#1472=DIRECTION('',(1.E0,1.516033576256E-14,0.E0));
#1473=VECTOR('',#1472,2.929283472381E-1);
#1474=CARTESIAN_POINT('',(8.E0,-1.59E0,-5.973E0));
#1475=LINE('',#1474,#1473);
#1476=DIRECTION('',(0.E0,-1.E0,0.E0));
#1477=VECTOR('',#1476,2.015E0);
#1478=CARTESIAN_POINT('',(8.E0,-1.59E0,-5.973E0));
#1479=LINE('',#1478,#1477);
#1480=DIRECTION('',(0.E0,1.E0,0.E0));
#1481=VECTOR('',#1480,7.21E0);
#1482=CARTESIAN_POINT('',(9.4478E0,-3.605E0,-5.973E0));
#1483=LINE('',#1482,#1481);
#1484=DIRECTION('',(0.E0,-1.E0,0.E0));
#1485=VECTOR('',#1484,2.015E0);
#1486=CARTESIAN_POINT('',(8.E0,3.605E0,-5.973E0));
#1487=LINE('',#1486,#1485);
#1488=DIRECTION('',(1.E0,0.E0,0.E0));
#1489=VECTOR('',#1488,2.929283472381E-1);
#1490=CARTESIAN_POINT('',(8.E0,1.59E0,-5.973E0));
#1491=LINE('',#1490,#1489);
#1492=DIRECTION('',(0.E0,1.E0,0.E0));
#1493=VECTOR('',#1492,3.18E0);
#1494=CARTESIAN_POINT('',(8.292928347238E0,-1.59E0,-5.973E0));
#1495=LINE('',#1494,#1493);
#1496=DIRECTION('',(0.E0,1.E0,0.E0));
#1497=VECTOR('',#1496,7.21E0);
#1498=CARTESIAN_POINT('',(9.4478E0,-3.605E0,-4.449E0));
#1499=LINE('',#1498,#1497);
#1500=DIRECTION('',(1.E0,0.E0,0.E0));
#1501=VECTOR('',#1500,1.1938E0);
#1502=CARTESIAN_POINT('',(8.E0,-1.59E0,-4.449E0));
#1503=LINE('',#1502,#1501);
#1504=DIRECTION('',(0.E0,1.E0,0.E0));
#1505=VECTOR('',#1504,3.18E0);
#1506=CARTESIAN_POINT('',(9.1938E0,-1.59E0,-4.449E0));
#1507=LINE('',#1506,#1505);
#1508=DIRECTION('',(1.E0,0.E0,0.E0));
#1509=VECTOR('',#1508,1.1938E0);
#1510=CARTESIAN_POINT('',(8.E0,1.59E0,-4.449E0));
#1511=LINE('',#1510,#1509);
#1512=DIRECTION('',(0.E0,1.E0,0.E0));
#1513=VECTOR('',#1512,3.18E0);
#1514=CARTESIAN_POINT('',(8.370180472120E0,-1.59E0,-5.430551531282E0));
#1515=LINE('',#1514,#1513);
#1516=DIRECTION('',(0.E0,1.E0,0.E0));
#1517=VECTOR('',#1516,3.18E0);
#1518=CARTESIAN_POINT('',(8.292928347238E0,-1.59E0,-5.6428E0));
#1519=LINE('',#1518,#1517);
#1520=DIRECTION('',(1.E0,0.E0,0.E0));
#1521=VECTOR('',#1520,1.015E0);
#1522=CARTESIAN_POINT('',(6.985E0,-1.883293936748E0,-1.524E0));
#1523=LINE('',#1522,#1521);
#1524=DIRECTION('',(1.E0,0.E0,0.E0));
#1525=VECTOR('',#1524,1.015E0);
#1526=CARTESIAN_POINT('',(6.985E0,-2.59E0,-1.524E0));
#1527=LINE('',#1526,#1525);
#1528=DIRECTION('',(1.E0,0.E0,0.E0));
#1529=VECTOR('',#1528,1.015E0);
#1530=CARTESIAN_POINT('',(-8.E0,-1.883293936748E0,-1.524E0));
#1531=LINE('',#1530,#1529);
#1532=DIRECTION('',(1.E0,0.E0,0.E0));
#1533=VECTOR('',#1532,1.015E0);
#1534=CARTESIAN_POINT('',(-8.E0,-2.59E0,-1.524E0));
#1535=LINE('',#1534,#1533);
#1536=DIRECTION('',(1.E0,0.E0,0.E0));
#1537=VECTOR('',#1536,1.6E1);
#1538=CARTESIAN_POINT('',(-8.E0,-2.59E0,-1.466469683742E-1));
#1539=LINE('',#1538,#1537);
#1540=DIRECTION('',(-1.E0,0.E0,0.E0));
#1541=VECTOR('',#1540,1.397E1);
#1542=CARTESIAN_POINT('',(6.985E0,-2.59E0,-7.116E0));
#1543=LINE('',#1542,#1541);
#1544=DIRECTION('',(0.E0,0.E0,-1.E0));
#1545=VECTOR('',#1544,5.592E0);
#1546=CARTESIAN_POINT('',(6.985E0,-2.59E0,-1.524E0));
#1547=LINE('',#1546,#1545);
#1548=DIRECTION('',(0.E0,0.E0,-1.E0));
#1549=VECTOR('',#1548,4.449E0);
#1550=CARTESIAN_POINT('',(-8.E0,1.59E0,0.E0));
#1551=LINE('',#1550,#1549);
#1552=DIRECTION('',(0.E0,-1.E0,0.E0));
#1553=VECTOR('',#1552,2.015E0);
#1554=CARTESIAN_POINT('',(-8.E0,3.605E0,-4.449E0));
#1555=LINE('',#1554,#1553);
#1556=DIRECTION('',(0.E0,0.E0,1.E0));
#1557=VECTOR('',#1556,4.449E0);
#1558=CARTESIAN_POINT('',(-8.E0,3.605E0,-4.449E0));
#1559=LINE('',#1558,#1557);
#1560=DIRECTION('',(0.E0,-1.E0,0.E0));
#1561=VECTOR('',#1560,2.015E0);
#1562=CARTESIAN_POINT('',(-8.E0,3.605E0,0.E0));
#1563=LINE('',#1562,#1561);
#1564=DIRECTION('',(0.E0,8.660254037844E-1,-5.E-1));
#1565=VECTOR('',#1564,2.932939367483E-1);
#1566=CARTESIAN_POINT('',(-8.E0,-2.844E0,0.E0));
#1567=LINE('',#1566,#1565);
#1568=DIRECTION('',(0.E0,-1.E0,0.E0));
#1569=VECTOR('',#1568,7.61E-1);
#1570=CARTESIAN_POINT('',(-8.E0,-2.844E0,0.E0));
#1571=LINE('',#1570,#1569);
#1572=DIRECTION('',(0.E0,0.E0,-1.E0));
#1573=VECTOR('',#1572,4.449E0);
#1574=CARTESIAN_POINT('',(-8.E0,-3.605E0,0.E0));
#1575=LINE('',#1574,#1573);
#1576=DIRECTION('',(0.E0,-1.E0,0.E0));
#1577=VECTOR('',#1576,2.015E0);
#1578=CARTESIAN_POINT('',(-8.E0,-1.59E0,-4.449E0));
#1579=LINE('',#1578,#1577);
#1580=DIRECTION('',(0.E0,0.E0,-1.E0));
#1581=VECTOR('',#1580,2.417E0);
#1582=CARTESIAN_POINT('',(-8.E0,-1.59E0,-2.032E0));
#1583=LINE('',#1582,#1581);
#1584=DIRECTION('',(0.E0,5.E-1,-8.660254037844E-1));
#1585=VECTOR('',#1584,5.865878734967E-1);
#1586=CARTESIAN_POINT('',(-8.E0,-1.883293936748E0,-1.524E0));
#1587=LINE('',#1586,#1585);
#1588=DIRECTION('',(0.E0,1.E0,0.E0));
#1589=VECTOR('',#1588,7.067060632517E-1);
#1590=CARTESIAN_POINT('',(-8.E0,-2.59E0,-1.524E0));
#1591=LINE('',#1590,#1589);
#1592=DIRECTION('',(0.E0,0.E0,-1.E0));
#1593=VECTOR('',#1592,1.377353031626E0);
#1594=CARTESIAN_POINT('',(-8.E0,-2.59E0,-1.466469683742E-1));
#1595=LINE('',#1594,#1593);
#1596=DIRECTION('',(-1.E0,0.E0,0.E0));
#1597=VECTOR('',#1596,1.1938E0);
#1598=CARTESIAN_POINT('',(-8.E0,-1.59E0,-4.449E0));
#1599=LINE('',#1598,#1597);
#1600=DIRECTION('',(0.E0,1.E0,0.E0));
#1601=VECTOR('',#1600,7.21E0);
#1602=CARTESIAN_POINT('',(-9.4478E0,-3.605E0,-4.449E0));
#1603=LINE('',#1602,#1601);
#1604=DIRECTION('',(-1.E0,0.E0,0.E0));
#1605=VECTOR('',#1604,1.1938E0);
#1606=CARTESIAN_POINT('',(-8.E0,1.59E0,-4.449E0));
#1607=LINE('',#1606,#1605);
#1608=DIRECTION('',(0.E0,1.E0,0.E0));
#1609=VECTOR('',#1608,3.18E0);
#1610=CARTESIAN_POINT('',(-9.1938E0,-1.59E0,-4.449E0));
#1611=LINE('',#1610,#1609);
#1612=DIRECTION('',(0.E0,1.E0,0.E0));
#1613=VECTOR('',#1612,7.21E0);
#1614=CARTESIAN_POINT('',(-9.4478E0,-3.605E0,-5.973E0));
#1615=LINE('',#1614,#1613);
#1616=DIRECTION('',(-1.E0,0.E0,0.E0));
#1617=VECTOR('',#1616,2.929283472381E-1);
#1618=CARTESIAN_POINT('',(-8.E0,-1.59E0,-5.973E0));
#1619=LINE('',#1618,#1617);
#1620=DIRECTION('',(0.E0,1.E0,0.E0));
#1621=VECTOR('',#1620,3.18E0);
#1622=CARTESIAN_POINT('',(-8.292928347238E0,-1.59E0,-5.973E0));
#1623=LINE('',#1622,#1621);
#1624=DIRECTION('',(-1.E0,0.E0,0.E0));
#1625=VECTOR('',#1624,2.929283472381E-1);
#1626=CARTESIAN_POINT('',(-8.E0,1.59E0,-5.973E0));
#1627=LINE('',#1626,#1625);
#1628=DIRECTION('',(0.E0,-1.E0,0.E0));
#1629=VECTOR('',#1628,2.015E0);
#1630=CARTESIAN_POINT('',(-8.E0,3.605E0,-5.973E0));
#1631=LINE('',#1630,#1629);
#1632=DIRECTION('',(0.E0,-1.E0,0.E0));
#1633=VECTOR('',#1632,2.015E0);
#1634=CARTESIAN_POINT('',(-8.E0,-1.59E0,-5.973E0));
#1635=LINE('',#1634,#1633);
#1636=DIRECTION('',(0.E0,1.E0,0.E0));
#1637=VECTOR('',#1636,3.18E0);
#1638=CARTESIAN_POINT('',(-8.292928347238E0,-1.59E0,-5.6428E0));
#1639=LINE('',#1638,#1637);
#1640=DIRECTION('',(0.E0,1.E0,0.E0));
#1641=VECTOR('',#1640,3.18E0);
#1642=CARTESIAN_POINT('',(-8.370180472120E0,-1.59E0,-5.430551531282E0));
#1643=LINE('',#1642,#1641);
#1644=DIRECTION('',(0.E0,1.E0,0.E0));
#1645=VECTOR('',#1644,1.E0);
#1646=CARTESIAN_POINT('',(-6.985E0,-2.59E0,-7.116E0));
#1647=LINE('',#1646,#1645);
#1648=DIRECTION('',(0.E0,0.E0,-1.E0));
#1649=VECTOR('',#1648,5.592E0);
#1650=CARTESIAN_POINT('',(-6.985E0,-2.59E0,-1.524E0));
#1651=LINE('',#1650,#1649);
#1652=DIRECTION('',(0.E0,1.E0,0.E0));
#1653=VECTOR('',#1652,7.067060632517E-1);
#1654=CARTESIAN_POINT('',(-6.985E0,-2.59E0,-1.524E0));
#1655=LINE('',#1654,#1653);
#1656=DIRECTION('',(0.E0,-5.E-1,8.660254037844E-1));
#1657=VECTOR('',#1656,5.865878734967E-1);
#1658=CARTESIAN_POINT('',(-6.985E0,-1.59E0,-2.032E0));
#1659=LINE('',#1658,#1657);
#1660=DIRECTION('',(0.E0,0.E0,1.E0));
#1661=VECTOR('',#1660,1.016E0);
#1662=CARTESIAN_POINT('',(-7.8476E0,-3.5034E0,-9.91E0));
#1663=LINE('',#1662,#1661);
#1664=DIRECTION('',(0.E0,0.E0,1.E0));
#1665=VECTOR('',#1664,1.016E0);
#1666=CARTESIAN_POINT('',(-7.8476E0,3.5034E0,-9.91E0));
#1667=LINE('',#1666,#1665);
#1668=DIRECTION('',(0.E0,-1.E0,0.E0));
#1669=VECTOR('',#1668,1.016E-1);
#1670=CARTESIAN_POINT('',(-7.8476E0,3.605E0,-8.894E0));
#1671=LINE('',#1670,#1669);
#1672=DIRECTION('',(0.E0,-1.E0,0.E0));
#1673=VECTOR('',#1672,7.21E0);
#1674=CARTESIAN_POINT('',(-7.8476E0,3.605E0,-7.422989142824E0));
#1675=LINE('',#1674,#1673);
#1676=DIRECTION('',(0.E0,1.E0,0.E0));
#1677=VECTOR('',#1676,1.016E-1);
#1678=CARTESIAN_POINT('',(-7.8476E0,-3.605E0,-8.894E0));
#1679=LINE('',#1678,#1677);
#1680=DIRECTION('',(0.E0,0.E0,1.E0));
#1681=VECTOR('',#1680,3.175E0);
#1682=CARTESIAN_POINT('',(5.7785E0,1.4605E0,-7.366E0));
#1683=LINE('',#1682,#1681);
#1684=DIRECTION('',(0.E0,0.E0,1.E0));
#1685=VECTOR('',#1684,3.175E0);
#1686=CARTESIAN_POINT('',(6.1595E0,1.4605E0,-7.366E0));
#1687=LINE('',#1686,#1685);
#1688=DIRECTION('',(0.E0,0.E0,1.E0));
#1689=VECTOR('',#1688,3.175E0);
#1690=CARTESIAN_POINT('',(6.1595E0,1.0795E0,-7.366E0));
#1691=LINE('',#1690,#1689);
#1692=DIRECTION('',(0.E0,0.E0,1.E0));
#1693=VECTOR('',#1692,3.175E0);
#1694=CARTESIAN_POINT('',(5.7785E0,1.0795E0,-7.366E0));
#1695=LINE('',#1694,#1693);
#1696=DIRECTION('',(0.E0,-1.E0,0.E0));
#1697=VECTOR('',#1696,3.81E-1);
#1698=CARTESIAN_POINT('',(5.7785E0,1.4605E0,-4.191E0));
#1699=LINE('',#1698,#1697);
#1700=DIRECTION('',(-1.E0,0.E0,0.E0));
#1701=VECTOR('',#1700,3.81E-1);
#1702=CARTESIAN_POINT('',(6.1595E0,1.4605E0,-4.191E0));
#1703=LINE('',#1702,#1701);
#1704=DIRECTION('',(0.E0,1.E0,0.E0));
#1705=VECTOR('',#1704,3.81E-1);
#1706=CARTESIAN_POINT('',(6.1595E0,1.0795E0,-4.191E0));
#1707=LINE('',#1706,#1705);
#1708=DIRECTION('',(1.E0,0.E0,0.E0));
#1709=VECTOR('',#1708,3.81E-1);
#1710=CARTESIAN_POINT('',(5.7785E0,1.0795E0,-4.191E0));
#1711=LINE('',#1710,#1709);
#1712=DIRECTION('',(0.E0,-1.E0,0.E0));
#1713=VECTOR('',#1712,3.81E-1);
#1714=CARTESIAN_POINT('',(5.7785E0,-1.0795E0,-4.191E0));
#1715=LINE('',#1714,#1713);
#1716=DIRECTION('',(-1.E0,0.E0,0.E0));
#1717=VECTOR('',#1716,3.81E-1);
#1718=CARTESIAN_POINT('',(6.1595E0,-1.0795E0,-4.191E0));
#1719=LINE('',#1718,#1717);
#1720=DIRECTION('',(0.E0,1.E0,0.E0));
#1721=VECTOR('',#1720,3.81E-1);
#1722=CARTESIAN_POINT('',(6.1595E0,-1.4605E0,-4.191E0));
#1723=LINE('',#1722,#1721);
#1724=DIRECTION('',(1.E0,0.E0,0.E0));
#1725=VECTOR('',#1724,3.81E-1);
#1726=CARTESIAN_POINT('',(5.7785E0,-1.4605E0,-4.191E0));
#1727=LINE('',#1726,#1725);
#1728=DIRECTION('',(0.E0,0.E0,1.E0));
#1729=VECTOR('',#1728,3.175E0);
#1730=CARTESIAN_POINT('',(5.7785E0,-1.0795E0,-7.366E0));
#1731=LINE('',#1730,#1729);
#1732=DIRECTION('',(0.E0,0.E0,1.E0));
#1733=VECTOR('',#1732,3.175E0);
#1734=CARTESIAN_POINT('',(6.1595E0,-1.0795E0,-7.366E0));
#1735=LINE('',#1734,#1733);
#1736=DIRECTION('',(0.E0,0.E0,1.E0));
#1737=VECTOR('',#1736,3.175E0);
#1738=CARTESIAN_POINT('',(6.1595E0,-1.4605E0,-7.366E0));
#1739=LINE('',#1738,#1737);
#1740=DIRECTION('',(0.E0,0.E0,1.E0));
#1741=VECTOR('',#1740,3.175E0);
#1742=CARTESIAN_POINT('',(5.7785E0,-1.4605E0,-7.366E0));
#1743=LINE('',#1742,#1741);
#1744=DIRECTION('',(0.E0,0.E0,1.E0));
#1745=VECTOR('',#1744,3.175E0);
#1746=CARTESIAN_POINT('',(4.5085E0,1.4605E0,-7.366E0));
#1747=LINE('',#1746,#1745);
#1748=DIRECTION('',(0.E0,0.E0,1.E0));
#1749=VECTOR('',#1748,3.175E0);
#1750=CARTESIAN_POINT('',(4.8895E0,1.4605E0,-7.366E0));
#1751=LINE('',#1750,#1749);
#1752=DIRECTION('',(0.E0,0.E0,1.E0));
#1753=VECTOR('',#1752,3.175E0);
#1754=CARTESIAN_POINT('',(4.8895E0,1.0795E0,-7.366E0));
#1755=LINE('',#1754,#1753);
#1756=DIRECTION('',(0.E0,0.E0,1.E0));
#1757=VECTOR('',#1756,3.175E0);
#1758=CARTESIAN_POINT('',(4.5085E0,1.0795E0,-7.366E0));
#1759=LINE('',#1758,#1757);
#1760=DIRECTION('',(0.E0,-1.E0,0.E0));
#1761=VECTOR('',#1760,3.81E-1);
#1762=CARTESIAN_POINT('',(4.5085E0,1.4605E0,-4.191E0));
#1763=LINE('',#1762,#1761);
#1764=DIRECTION('',(-1.E0,0.E0,0.E0));
#1765=VECTOR('',#1764,3.81E-1);
#1766=CARTESIAN_POINT('',(4.8895E0,1.4605E0,-4.191E0));
#1767=LINE('',#1766,#1765);
#1768=DIRECTION('',(0.E0,1.E0,0.E0));
#1769=VECTOR('',#1768,3.81E-1);
#1770=CARTESIAN_POINT('',(4.8895E0,1.0795E0,-4.191E0));
#1771=LINE('',#1770,#1769);
#1772=DIRECTION('',(1.E0,0.E0,0.E0));
#1773=VECTOR('',#1772,3.81E-1);
#1774=CARTESIAN_POINT('',(4.5085E0,1.0795E0,-4.191E0));
#1775=LINE('',#1774,#1773);
#1776=DIRECTION('',(0.E0,-1.E0,0.E0));
#1777=VECTOR('',#1776,3.81E-1);
#1778=CARTESIAN_POINT('',(4.5085E0,-1.0795E0,-4.191E0));
#1779=LINE('',#1778,#1777);
#1780=DIRECTION('',(-1.E0,0.E0,0.E0));
#1781=VECTOR('',#1780,3.81E-1);
#1782=CARTESIAN_POINT('',(4.8895E0,-1.0795E0,-4.191E0));
#1783=LINE('',#1782,#1781);
#1784=DIRECTION('',(0.E0,1.E0,0.E0));
#1785=VECTOR('',#1784,3.81E-1);
#1786=CARTESIAN_POINT('',(4.8895E0,-1.4605E0,-4.191E0));
#1787=LINE('',#1786,#1785);
#1788=DIRECTION('',(1.E0,0.E0,0.E0));
#1789=VECTOR('',#1788,3.81E-1);
#1790=CARTESIAN_POINT('',(4.5085E0,-1.4605E0,-4.191E0));
#1791=LINE('',#1790,#1789);
#1792=DIRECTION('',(0.E0,0.E0,1.E0));
#1793=VECTOR('',#1792,3.175E0);
#1794=CARTESIAN_POINT('',(4.5085E0,-1.0795E0,-7.366E0));
#1795=LINE('',#1794,#1793);
#1796=DIRECTION('',(0.E0,0.E0,1.E0));
#1797=VECTOR('',#1796,3.175E0);
#1798=CARTESIAN_POINT('',(4.8895E0,-1.0795E0,-7.366E0));
#1799=LINE('',#1798,#1797);
#1800=DIRECTION('',(0.E0,0.E0,1.E0));
#1801=VECTOR('',#1800,3.175E0);
#1802=CARTESIAN_POINT('',(4.8895E0,-1.4605E0,-7.366E0));
#1803=LINE('',#1802,#1801);
#1804=DIRECTION('',(0.E0,0.E0,1.E0));
#1805=VECTOR('',#1804,3.175E0);
#1806=CARTESIAN_POINT('',(4.5085E0,-1.4605E0,-7.366E0));
#1807=LINE('',#1806,#1805);
#1808=DIRECTION('',(0.E0,0.E0,1.E0));
#1809=VECTOR('',#1808,3.175E0);
#1810=CARTESIAN_POINT('',(3.2385E0,1.4605E0,-7.366E0));
#1811=LINE('',#1810,#1809);
#1812=DIRECTION('',(0.E0,0.E0,1.E0));
#1813=VECTOR('',#1812,3.175E0);
#1814=CARTESIAN_POINT('',(3.6195E0,1.4605E0,-7.366E0));
#1815=LINE('',#1814,#1813);
#1816=DIRECTION('',(0.E0,0.E0,1.E0));
#1817=VECTOR('',#1816,3.175E0);
#1818=CARTESIAN_POINT('',(3.6195E0,1.0795E0,-7.366E0));
#1819=LINE('',#1818,#1817);
#1820=DIRECTION('',(0.E0,0.E0,1.E0));
#1821=VECTOR('',#1820,3.175E0);
#1822=CARTESIAN_POINT('',(3.2385E0,1.0795E0,-7.366E0));
#1823=LINE('',#1822,#1821);
#1824=DIRECTION('',(0.E0,-1.E0,0.E0));
#1825=VECTOR('',#1824,3.81E-1);
#1826=CARTESIAN_POINT('',(3.2385E0,1.4605E0,-4.191E0));
#1827=LINE('',#1826,#1825);
#1828=DIRECTION('',(-1.E0,0.E0,0.E0));
#1829=VECTOR('',#1828,3.81E-1);
#1830=CARTESIAN_POINT('',(3.6195E0,1.4605E0,-4.191E0));
#1831=LINE('',#1830,#1829);
#1832=DIRECTION('',(0.E0,1.E0,0.E0));
#1833=VECTOR('',#1832,3.81E-1);
#1834=CARTESIAN_POINT('',(3.6195E0,1.0795E0,-4.191E0));
#1835=LINE('',#1834,#1833);
#1836=DIRECTION('',(1.E0,0.E0,0.E0));
#1837=VECTOR('',#1836,3.81E-1);
#1838=CARTESIAN_POINT('',(3.2385E0,1.0795E0,-4.191E0));
#1839=LINE('',#1838,#1837);
#1840=DIRECTION('',(0.E0,-1.E0,0.E0));
#1841=VECTOR('',#1840,3.81E-1);
#1842=CARTESIAN_POINT('',(3.2385E0,-1.0795E0,-4.191E0));
#1843=LINE('',#1842,#1841);
#1844=DIRECTION('',(-1.E0,0.E0,0.E0));
#1845=VECTOR('',#1844,3.81E-1);
#1846=CARTESIAN_POINT('',(3.6195E0,-1.0795E0,-4.191E0));
#1847=LINE('',#1846,#1845);
#1848=DIRECTION('',(0.E0,1.E0,0.E0));
#1849=VECTOR('',#1848,3.81E-1);
#1850=CARTESIAN_POINT('',(3.6195E0,-1.4605E0,-4.191E0));
#1851=LINE('',#1850,#1849);
#1852=DIRECTION('',(1.E0,0.E0,0.E0));
#1853=VECTOR('',#1852,3.81E-1);
#1854=CARTESIAN_POINT('',(3.2385E0,-1.4605E0,-4.191E0));
#1855=LINE('',#1854,#1853);
#1856=DIRECTION('',(0.E0,0.E0,1.E0));
#1857=VECTOR('',#1856,3.175E0);
#1858=CARTESIAN_POINT('',(3.2385E0,-1.0795E0,-7.366E0));
#1859=LINE('',#1858,#1857);
#1860=DIRECTION('',(0.E0,0.E0,1.E0));
#1861=VECTOR('',#1860,3.175E0);
#1862=CARTESIAN_POINT('',(3.6195E0,-1.0795E0,-7.366E0));
#1863=LINE('',#1862,#1861);
#1864=DIRECTION('',(0.E0,0.E0,1.E0));
#1865=VECTOR('',#1864,3.175E0);
#1866=CARTESIAN_POINT('',(3.6195E0,-1.4605E0,-7.366E0));
#1867=LINE('',#1866,#1865);
#1868=DIRECTION('',(0.E0,0.E0,1.E0));
#1869=VECTOR('',#1868,3.175E0);
#1870=CARTESIAN_POINT('',(3.2385E0,-1.4605E0,-7.366E0));
#1871=LINE('',#1870,#1869);
#1872=DIRECTION('',(0.E0,0.E0,1.E0));
#1873=VECTOR('',#1872,3.175E0);
#1874=CARTESIAN_POINT('',(1.9685E0,1.4605E0,-7.366E0));
#1875=LINE('',#1874,#1873);
#1876=DIRECTION('',(0.E0,0.E0,1.E0));
#1877=VECTOR('',#1876,3.175E0);
#1878=CARTESIAN_POINT('',(2.3495E0,1.4605E0,-7.366E0));
#1879=LINE('',#1878,#1877);
#1880=DIRECTION('',(0.E0,0.E0,1.E0));
#1881=VECTOR('',#1880,3.175E0);
#1882=CARTESIAN_POINT('',(2.3495E0,1.0795E0,-7.366E0));
#1883=LINE('',#1882,#1881);
#1884=DIRECTION('',(0.E0,0.E0,1.E0));
#1885=VECTOR('',#1884,3.175E0);
#1886=CARTESIAN_POINT('',(1.9685E0,1.0795E0,-7.366E0));
#1887=LINE('',#1886,#1885);
#1888=DIRECTION('',(0.E0,-1.E0,0.E0));
#1889=VECTOR('',#1888,3.81E-1);
#1890=CARTESIAN_POINT('',(1.9685E0,1.4605E0,-4.191E0));
#1891=LINE('',#1890,#1889);
#1892=DIRECTION('',(-1.E0,0.E0,0.E0));
#1893=VECTOR('',#1892,3.81E-1);
#1894=CARTESIAN_POINT('',(2.3495E0,1.4605E0,-4.191E0));
#1895=LINE('',#1894,#1893);
#1896=DIRECTION('',(0.E0,1.E0,0.E0));
#1897=VECTOR('',#1896,3.81E-1);
#1898=CARTESIAN_POINT('',(2.3495E0,1.0795E0,-4.191E0));
#1899=LINE('',#1898,#1897);
#1900=DIRECTION('',(1.E0,0.E0,0.E0));
#1901=VECTOR('',#1900,3.81E-1);
#1902=CARTESIAN_POINT('',(1.9685E0,1.0795E0,-4.191E0));
#1903=LINE('',#1902,#1901);
#1904=DIRECTION('',(0.E0,-1.E0,0.E0));
#1905=VECTOR('',#1904,3.81E-1);
#1906=CARTESIAN_POINT('',(1.9685E0,-1.0795E0,-4.191E0));
#1907=LINE('',#1906,#1905);
#1908=DIRECTION('',(-1.E0,0.E0,0.E0));
#1909=VECTOR('',#1908,3.81E-1);
#1910=CARTESIAN_POINT('',(2.3495E0,-1.0795E0,-4.191E0));
#1911=LINE('',#1910,#1909);
#1912=DIRECTION('',(0.E0,1.E0,0.E0));
#1913=VECTOR('',#1912,3.81E-1);
#1914=CARTESIAN_POINT('',(2.3495E0,-1.4605E0,-4.191E0));
#1915=LINE('',#1914,#1913);
#1916=DIRECTION('',(1.E0,0.E0,0.E0));
#1917=VECTOR('',#1916,3.81E-1);
#1918=CARTESIAN_POINT('',(1.9685E0,-1.4605E0,-4.191E0));
#1919=LINE('',#1918,#1917);
#1920=DIRECTION('',(0.E0,0.E0,1.E0));
#1921=VECTOR('',#1920,3.175E0);
#1922=CARTESIAN_POINT('',(1.9685E0,-1.0795E0,-7.366E0));
#1923=LINE('',#1922,#1921);
#1924=DIRECTION('',(0.E0,0.E0,1.E0));
#1925=VECTOR('',#1924,3.175E0);
#1926=CARTESIAN_POINT('',(2.3495E0,-1.0795E0,-7.366E0));
#1927=LINE('',#1926,#1925);
#1928=DIRECTION('',(0.E0,0.E0,1.E0));
#1929=VECTOR('',#1928,3.175E0);
#1930=CARTESIAN_POINT('',(2.3495E0,-1.4605E0,-7.366E0));
#1931=LINE('',#1930,#1929);
#1932=DIRECTION('',(0.E0,0.E0,1.E0));
#1933=VECTOR('',#1932,3.175E0);
#1934=CARTESIAN_POINT('',(1.9685E0,-1.4605E0,-7.366E0));
#1935=LINE('',#1934,#1933);
#1936=DIRECTION('',(0.E0,0.E0,1.E0));
#1937=VECTOR('',#1936,3.175E0);
#1938=CARTESIAN_POINT('',(6.985E-1,1.4605E0,-7.366E0));
#1939=LINE('',#1938,#1937);
#1940=DIRECTION('',(0.E0,0.E0,1.E0));
#1941=VECTOR('',#1940,3.175E0);
#1942=CARTESIAN_POINT('',(1.0795E0,1.4605E0,-7.366E0));
#1943=LINE('',#1942,#1941);
#1944=DIRECTION('',(0.E0,0.E0,1.E0));
#1945=VECTOR('',#1944,3.175E0);
#1946=CARTESIAN_POINT('',(1.0795E0,1.0795E0,-7.366E0));
#1947=LINE('',#1946,#1945);
#1948=DIRECTION('',(0.E0,0.E0,1.E0));
#1949=VECTOR('',#1948,3.175E0);
#1950=CARTESIAN_POINT('',(6.985E-1,1.0795E0,-7.366E0));
#1951=LINE('',#1950,#1949);
#1952=DIRECTION('',(0.E0,-1.E0,0.E0));
#1953=VECTOR('',#1952,3.81E-1);
#1954=CARTESIAN_POINT('',(6.985E-1,1.4605E0,-4.191E0));
#1955=LINE('',#1954,#1953);
#1956=DIRECTION('',(-1.E0,0.E0,0.E0));
#1957=VECTOR('',#1956,3.81E-1);
#1958=CARTESIAN_POINT('',(1.0795E0,1.4605E0,-4.191E0));
#1959=LINE('',#1958,#1957);
#1960=DIRECTION('',(0.E0,1.E0,0.E0));
#1961=VECTOR('',#1960,3.81E-1);
#1962=CARTESIAN_POINT('',(1.0795E0,1.0795E0,-4.191E0));
#1963=LINE('',#1962,#1961);
#1964=DIRECTION('',(1.E0,0.E0,0.E0));
#1965=VECTOR('',#1964,3.81E-1);
#1966=CARTESIAN_POINT('',(6.985E-1,1.0795E0,-4.191E0));
#1967=LINE('',#1966,#1965);
#1968=DIRECTION('',(0.E0,-1.E0,0.E0));
#1969=VECTOR('',#1968,3.81E-1);
#1970=CARTESIAN_POINT('',(6.985E-1,-1.0795E0,-4.191E0));
#1971=LINE('',#1970,#1969);
#1972=DIRECTION('',(-1.E0,0.E0,0.E0));
#1973=VECTOR('',#1972,3.81E-1);
#1974=CARTESIAN_POINT('',(1.0795E0,-1.0795E0,-4.191E0));
#1975=LINE('',#1974,#1973);
#1976=DIRECTION('',(0.E0,1.E0,0.E0));
#1977=VECTOR('',#1976,3.81E-1);
#1978=CARTESIAN_POINT('',(1.0795E0,-1.4605E0,-4.191E0));
#1979=LINE('',#1978,#1977);
#1980=DIRECTION('',(1.E0,0.E0,0.E0));
#1981=VECTOR('',#1980,3.81E-1);
#1982=CARTESIAN_POINT('',(6.985E-1,-1.4605E0,-4.191E0));
#1983=LINE('',#1982,#1981);
#1984=DIRECTION('',(0.E0,0.E0,1.E0));
#1985=VECTOR('',#1984,3.175E0);
#1986=CARTESIAN_POINT('',(6.985E-1,-1.0795E0,-7.366E0));
#1987=LINE('',#1986,#1985);
#1988=DIRECTION('',(0.E0,0.E0,1.E0));
#1989=VECTOR('',#1988,3.175E0);
#1990=CARTESIAN_POINT('',(1.0795E0,-1.0795E0,-7.366E0));
#1991=LINE('',#1990,#1989);
#1992=DIRECTION('',(0.E0,0.E0,1.E0));
#1993=VECTOR('',#1992,3.175E0);
#1994=CARTESIAN_POINT('',(1.0795E0,-1.4605E0,-7.366E0));
#1995=LINE('',#1994,#1993);
#1996=DIRECTION('',(0.E0,0.E0,1.E0));
#1997=VECTOR('',#1996,3.175E0);
#1998=CARTESIAN_POINT('',(6.985E-1,-1.4605E0,-7.366E0));
#1999=LINE('',#1998,#1997);
#2000=DIRECTION('',(0.E0,0.E0,1.E0));
#2001=VECTOR('',#2000,3.175E0);
#2002=CARTESIAN_POINT('',(-5.715E-1,1.4605E0,-7.366E0));
#2003=LINE('',#2002,#2001);
#2004=DIRECTION('',(0.E0,0.E0,1.E0));
#2005=VECTOR('',#2004,3.175E0);
#2006=CARTESIAN_POINT('',(-1.905E-1,1.4605E0,-7.366E0));
#2007=LINE('',#2006,#2005);
#2008=DIRECTION('',(0.E0,0.E0,1.E0));
#2009=VECTOR('',#2008,3.175E0);
#2010=CARTESIAN_POINT('',(-1.905E-1,1.0795E0,-7.366E0));
#2011=LINE('',#2010,#2009);
#2012=DIRECTION('',(0.E0,0.E0,1.E0));
#2013=VECTOR('',#2012,3.175E0);
#2014=CARTESIAN_POINT('',(-5.715E-1,1.0795E0,-7.366E0));
#2015=LINE('',#2014,#2013);
#2016=DIRECTION('',(0.E0,-1.E0,0.E0));
#2017=VECTOR('',#2016,3.81E-1);
#2018=CARTESIAN_POINT('',(-5.715E-1,1.4605E0,-4.191E0));
#2019=LINE('',#2018,#2017);
#2020=DIRECTION('',(-1.E0,0.E0,0.E0));
#2021=VECTOR('',#2020,3.81E-1);
#2022=CARTESIAN_POINT('',(-1.905E-1,1.4605E0,-4.191E0));
#2023=LINE('',#2022,#2021);
#2024=DIRECTION('',(0.E0,1.E0,0.E0));
#2025=VECTOR('',#2024,3.81E-1);
#2026=CARTESIAN_POINT('',(-1.905E-1,1.0795E0,-4.191E0));
#2027=LINE('',#2026,#2025);
#2028=DIRECTION('',(1.E0,0.E0,0.E0));
#2029=VECTOR('',#2028,3.81E-1);
#2030=CARTESIAN_POINT('',(-5.715E-1,1.0795E0,-4.191E0));
#2031=LINE('',#2030,#2029);
#2032=DIRECTION('',(0.E0,-1.E0,0.E0));
#2033=VECTOR('',#2032,3.81E-1);
#2034=CARTESIAN_POINT('',(-5.715E-1,-1.0795E0,-4.191E0));
#2035=LINE('',#2034,#2033);
#2036=DIRECTION('',(-1.E0,0.E0,0.E0));
#2037=VECTOR('',#2036,3.81E-1);
#2038=CARTESIAN_POINT('',(-1.905E-1,-1.0795E0,-4.191E0));
#2039=LINE('',#2038,#2037);
#2040=DIRECTION('',(0.E0,1.E0,0.E0));
#2041=VECTOR('',#2040,3.81E-1);
#2042=CARTESIAN_POINT('',(-1.905E-1,-1.4605E0,-4.191E0));
#2043=LINE('',#2042,#2041);
#2044=DIRECTION('',(1.E0,0.E0,0.E0));
#2045=VECTOR('',#2044,3.81E-1);
#2046=CARTESIAN_POINT('',(-5.715E-1,-1.4605E0,-4.191E0));
#2047=LINE('',#2046,#2045);
#2048=DIRECTION('',(0.E0,0.E0,1.E0));
#2049=VECTOR('',#2048,3.175E0);
#2050=CARTESIAN_POINT('',(-5.715E-1,-1.0795E0,-7.366E0));
#2051=LINE('',#2050,#2049);
#2052=DIRECTION('',(0.E0,0.E0,1.E0));
#2053=VECTOR('',#2052,3.175E0);
#2054=CARTESIAN_POINT('',(-1.905E-1,-1.0795E0,-7.366E0));
#2055=LINE('',#2054,#2053);
#2056=DIRECTION('',(0.E0,0.E0,1.E0));
#2057=VECTOR('',#2056,3.175E0);
#2058=CARTESIAN_POINT('',(-1.905E-1,-1.4605E0,-7.366E0));
#2059=LINE('',#2058,#2057);
#2060=DIRECTION('',(0.E0,0.E0,1.E0));
#2061=VECTOR('',#2060,3.175E0);
#2062=CARTESIAN_POINT('',(-5.715E-1,-1.4605E0,-7.366E0));
#2063=LINE('',#2062,#2061);
#2064=DIRECTION('',(0.E0,0.E0,1.E0));
#2065=VECTOR('',#2064,3.175E0);
#2066=CARTESIAN_POINT('',(-1.8415E0,1.4605E0,-7.366E0));
#2067=LINE('',#2066,#2065);
#2068=DIRECTION('',(0.E0,0.E0,1.E0));
#2069=VECTOR('',#2068,3.175E0);
#2070=CARTESIAN_POINT('',(-1.4605E0,1.4605E0,-7.366E0));
#2071=LINE('',#2070,#2069);
#2072=DIRECTION('',(0.E0,0.E0,1.E0));
#2073=VECTOR('',#2072,3.175E0);
#2074=CARTESIAN_POINT('',(-1.4605E0,1.0795E0,-7.366E0));
#2075=LINE('',#2074,#2073);
#2076=DIRECTION('',(0.E0,0.E0,1.E0));
#2077=VECTOR('',#2076,3.175E0);
#2078=CARTESIAN_POINT('',(-1.8415E0,1.0795E0,-7.366E0));
#2079=LINE('',#2078,#2077);
#2080=DIRECTION('',(0.E0,-1.E0,0.E0));
#2081=VECTOR('',#2080,3.81E-1);
#2082=CARTESIAN_POINT('',(-1.8415E0,1.4605E0,-4.191E0));
#2083=LINE('',#2082,#2081);
#2084=DIRECTION('',(-1.E0,0.E0,0.E0));
#2085=VECTOR('',#2084,3.81E-1);
#2086=CARTESIAN_POINT('',(-1.4605E0,1.4605E0,-4.191E0));
#2087=LINE('',#2086,#2085);
#2088=DIRECTION('',(0.E0,1.E0,0.E0));
#2089=VECTOR('',#2088,3.81E-1);
#2090=CARTESIAN_POINT('',(-1.4605E0,1.0795E0,-4.191E0));
#2091=LINE('',#2090,#2089);
#2092=DIRECTION('',(1.E0,0.E0,0.E0));
#2093=VECTOR('',#2092,3.81E-1);
#2094=CARTESIAN_POINT('',(-1.8415E0,1.0795E0,-4.191E0));
#2095=LINE('',#2094,#2093);
#2096=DIRECTION('',(0.E0,-1.E0,0.E0));
#2097=VECTOR('',#2096,3.81E-1);
#2098=CARTESIAN_POINT('',(-1.8415E0,-1.0795E0,-4.191E0));
#2099=LINE('',#2098,#2097);
#2100=DIRECTION('',(-1.E0,0.E0,0.E0));
#2101=VECTOR('',#2100,3.81E-1);
#2102=CARTESIAN_POINT('',(-1.4605E0,-1.0795E0,-4.191E0));
#2103=LINE('',#2102,#2101);
#2104=DIRECTION('',(0.E0,1.E0,0.E0));
#2105=VECTOR('',#2104,3.81E-1);
#2106=CARTESIAN_POINT('',(-1.4605E0,-1.4605E0,-4.191E0));
#2107=LINE('',#2106,#2105);
#2108=DIRECTION('',(1.E0,0.E0,0.E0));
#2109=VECTOR('',#2108,3.81E-1);
#2110=CARTESIAN_POINT('',(-1.8415E0,-1.4605E0,-4.191E0));
#2111=LINE('',#2110,#2109);
#2112=DIRECTION('',(0.E0,0.E0,1.E0));
#2113=VECTOR('',#2112,3.175E0);
#2114=CARTESIAN_POINT('',(-1.8415E0,-1.0795E0,-7.366E0));
#2115=LINE('',#2114,#2113);
#2116=DIRECTION('',(0.E0,0.E0,1.E0));
#2117=VECTOR('',#2116,3.175E0);
#2118=CARTESIAN_POINT('',(-1.4605E0,-1.0795E0,-7.366E0));
#2119=LINE('',#2118,#2117);
#2120=DIRECTION('',(0.E0,0.E0,1.E0));
#2121=VECTOR('',#2120,3.175E0);
#2122=CARTESIAN_POINT('',(-1.4605E0,-1.4605E0,-7.366E0));
#2123=LINE('',#2122,#2121);
#2124=DIRECTION('',(0.E0,0.E0,1.E0));
#2125=VECTOR('',#2124,3.175E0);
#2126=CARTESIAN_POINT('',(-1.8415E0,-1.4605E0,-7.366E0));
#2127=LINE('',#2126,#2125);
#2128=DIRECTION('',(0.E0,0.E0,1.E0));
#2129=VECTOR('',#2128,3.175E0);
#2130=CARTESIAN_POINT('',(-3.1115E0,1.4605E0,-7.366E0));
#2131=LINE('',#2130,#2129);
#2132=DIRECTION('',(0.E0,0.E0,1.E0));
#2133=VECTOR('',#2132,3.175E0);
#2134=CARTESIAN_POINT('',(-2.7305E0,1.4605E0,-7.366E0));
#2135=LINE('',#2134,#2133);
#2136=DIRECTION('',(0.E0,0.E0,1.E0));
#2137=VECTOR('',#2136,3.175E0);
#2138=CARTESIAN_POINT('',(-2.7305E0,1.0795E0,-7.366E0));
#2139=LINE('',#2138,#2137);
#2140=DIRECTION('',(0.E0,0.E0,1.E0));
#2141=VECTOR('',#2140,3.175E0);
#2142=CARTESIAN_POINT('',(-3.1115E0,1.0795E0,-7.366E0));
#2143=LINE('',#2142,#2141);
#2144=DIRECTION('',(0.E0,-1.E0,0.E0));
#2145=VECTOR('',#2144,3.81E-1);
#2146=CARTESIAN_POINT('',(-3.1115E0,1.4605E0,-4.191E0));
#2147=LINE('',#2146,#2145);
#2148=DIRECTION('',(-1.E0,0.E0,0.E0));
#2149=VECTOR('',#2148,3.81E-1);
#2150=CARTESIAN_POINT('',(-2.7305E0,1.4605E0,-4.191E0));
#2151=LINE('',#2150,#2149);
#2152=DIRECTION('',(0.E0,1.E0,0.E0));
#2153=VECTOR('',#2152,3.81E-1);
#2154=CARTESIAN_POINT('',(-2.7305E0,1.0795E0,-4.191E0));
#2155=LINE('',#2154,#2153);
#2156=DIRECTION('',(1.E0,0.E0,0.E0));
#2157=VECTOR('',#2156,3.81E-1);
#2158=CARTESIAN_POINT('',(-3.1115E0,1.0795E0,-4.191E0));
#2159=LINE('',#2158,#2157);
#2160=DIRECTION('',(0.E0,-1.E0,0.E0));
#2161=VECTOR('',#2160,3.81E-1);
#2162=CARTESIAN_POINT('',(-3.1115E0,-1.0795E0,-4.191E0));
#2163=LINE('',#2162,#2161);
#2164=DIRECTION('',(-1.E0,0.E0,0.E0));
#2165=VECTOR('',#2164,3.81E-1);
#2166=CARTESIAN_POINT('',(-2.7305E0,-1.0795E0,-4.191E0));
#2167=LINE('',#2166,#2165);
#2168=DIRECTION('',(0.E0,1.E0,0.E0));
#2169=VECTOR('',#2168,3.81E-1);
#2170=CARTESIAN_POINT('',(-2.7305E0,-1.4605E0,-4.191E0));
#2171=LINE('',#2170,#2169);
#2172=DIRECTION('',(1.E0,0.E0,0.E0));
#2173=VECTOR('',#2172,3.81E-1);
#2174=CARTESIAN_POINT('',(-3.1115E0,-1.4605E0,-4.191E0));
#2175=LINE('',#2174,#2173);
#2176=DIRECTION('',(0.E0,0.E0,1.E0));
#2177=VECTOR('',#2176,3.175E0);
#2178=CARTESIAN_POINT('',(-3.1115E0,-1.0795E0,-7.366E0));
#2179=LINE('',#2178,#2177);
#2180=DIRECTION('',(0.E0,0.E0,1.E0));
#2181=VECTOR('',#2180,3.175E0);
#2182=CARTESIAN_POINT('',(-2.7305E0,-1.0795E0,-7.366E0));
#2183=LINE('',#2182,#2181);
#2184=DIRECTION('',(0.E0,0.E0,1.E0));
#2185=VECTOR('',#2184,3.175E0);
#2186=CARTESIAN_POINT('',(-2.7305E0,-1.4605E0,-7.366E0));
#2187=LINE('',#2186,#2185);
#2188=DIRECTION('',(0.E0,0.E0,1.E0));
#2189=VECTOR('',#2188,3.175E0);
#2190=CARTESIAN_POINT('',(-3.1115E0,-1.4605E0,-7.366E0));
#2191=LINE('',#2190,#2189);
#2192=DIRECTION('',(0.E0,0.E0,1.E0));
#2193=VECTOR('',#2192,3.175E0);
#2194=CARTESIAN_POINT('',(-4.3815E0,1.4605E0,-7.366E0));
#2195=LINE('',#2194,#2193);
#2196=DIRECTION('',(0.E0,0.E0,1.E0));
#2197=VECTOR('',#2196,3.175E0);
#2198=CARTESIAN_POINT('',(-4.0005E0,1.4605E0,-7.366E0));
#2199=LINE('',#2198,#2197);
#2200=DIRECTION('',(0.E0,0.E0,1.E0));
#2201=VECTOR('',#2200,3.175E0);
#2202=CARTESIAN_POINT('',(-4.0005E0,1.0795E0,-7.366E0));
#2203=LINE('',#2202,#2201);
#2204=DIRECTION('',(0.E0,0.E0,1.E0));
#2205=VECTOR('',#2204,3.175E0);
#2206=CARTESIAN_POINT('',(-4.3815E0,1.0795E0,-7.366E0));
#2207=LINE('',#2206,#2205);
#2208=DIRECTION('',(0.E0,-1.E0,0.E0));
#2209=VECTOR('',#2208,3.81E-1);
#2210=CARTESIAN_POINT('',(-4.3815E0,1.4605E0,-4.191E0));
#2211=LINE('',#2210,#2209);
#2212=DIRECTION('',(-1.E0,0.E0,0.E0));
#2213=VECTOR('',#2212,3.81E-1);
#2214=CARTESIAN_POINT('',(-4.0005E0,1.4605E0,-4.191E0));
#2215=LINE('',#2214,#2213);
#2216=DIRECTION('',(0.E0,1.E0,0.E0));
#2217=VECTOR('',#2216,3.81E-1);
#2218=CARTESIAN_POINT('',(-4.0005E0,1.0795E0,-4.191E0));
#2219=LINE('',#2218,#2217);
#2220=DIRECTION('',(1.E0,0.E0,0.E0));
#2221=VECTOR('',#2220,3.81E-1);
#2222=CARTESIAN_POINT('',(-4.3815E0,1.0795E0,-4.191E0));
#2223=LINE('',#2222,#2221);
#2224=DIRECTION('',(0.E0,-1.E0,0.E0));
#2225=VECTOR('',#2224,3.81E-1);
#2226=CARTESIAN_POINT('',(-4.3815E0,-1.0795E0,-4.191E0));
#2227=LINE('',#2226,#2225);
#2228=DIRECTION('',(-1.E0,0.E0,0.E0));
#2229=VECTOR('',#2228,3.81E-1);
#2230=CARTESIAN_POINT('',(-4.0005E0,-1.0795E0,-4.191E0));
#2231=LINE('',#2230,#2229);
#2232=DIRECTION('',(0.E0,1.E0,0.E0));
#2233=VECTOR('',#2232,3.81E-1);
#2234=CARTESIAN_POINT('',(-4.0005E0,-1.4605E0,-4.191E0));
#2235=LINE('',#2234,#2233);
#2236=DIRECTION('',(1.E0,0.E0,0.E0));
#2237=VECTOR('',#2236,3.81E-1);
#2238=CARTESIAN_POINT('',(-4.3815E0,-1.4605E0,-4.191E0));
#2239=LINE('',#2238,#2237);
#2240=DIRECTION('',(0.E0,0.E0,1.E0));
#2241=VECTOR('',#2240,3.175E0);
#2242=CARTESIAN_POINT('',(-4.3815E0,-1.0795E0,-7.366E0));
#2243=LINE('',#2242,#2241);
#2244=DIRECTION('',(0.E0,0.E0,1.E0));
#2245=VECTOR('',#2244,3.175E0);
#2246=CARTESIAN_POINT('',(-4.0005E0,-1.0795E0,-7.366E0));
#2247=LINE('',#2246,#2245);
#2248=DIRECTION('',(0.E0,0.E0,1.E0));
#2249=VECTOR('',#2248,3.175E0);
#2250=CARTESIAN_POINT('',(-4.0005E0,-1.4605E0,-7.366E0));
#2251=LINE('',#2250,#2249);
#2252=DIRECTION('',(0.E0,0.E0,1.E0));
#2253=VECTOR('',#2252,3.175E0);
#2254=CARTESIAN_POINT('',(-4.3815E0,-1.4605E0,-7.366E0));
#2255=LINE('',#2254,#2253);
#2256=DIRECTION('',(0.E0,0.E0,1.E0));
#2257=VECTOR('',#2256,3.175E0);
#2258=CARTESIAN_POINT('',(-5.6515E0,1.4605E0,-7.366E0));
#2259=LINE('',#2258,#2257);
#2260=DIRECTION('',(0.E0,0.E0,1.E0));
#2261=VECTOR('',#2260,3.175E0);
#2262=CARTESIAN_POINT('',(-5.2705E0,1.4605E0,-7.366E0));
#2263=LINE('',#2262,#2261);
#2264=DIRECTION('',(0.E0,0.E0,1.E0));
#2265=VECTOR('',#2264,3.175E0);
#2266=CARTESIAN_POINT('',(-5.2705E0,1.0795E0,-7.366E0));
#2267=LINE('',#2266,#2265);
#2268=DIRECTION('',(0.E0,0.E0,1.E0));
#2269=VECTOR('',#2268,3.175E0);
#2270=CARTESIAN_POINT('',(-5.6515E0,1.0795E0,-7.366E0));
#2271=LINE('',#2270,#2269);
#2272=DIRECTION('',(0.E0,-1.E0,0.E0));
#2273=VECTOR('',#2272,3.81E-1);
#2274=CARTESIAN_POINT('',(-5.6515E0,1.4605E0,-4.191E0));
#2275=LINE('',#2274,#2273);
#2276=DIRECTION('',(-1.E0,0.E0,0.E0));
#2277=VECTOR('',#2276,3.81E-1);
#2278=CARTESIAN_POINT('',(-5.2705E0,1.4605E0,-4.191E0));
#2279=LINE('',#2278,#2277);
#2280=DIRECTION('',(0.E0,1.E0,0.E0));
#2281=VECTOR('',#2280,3.81E-1);
#2282=CARTESIAN_POINT('',(-5.2705E0,1.0795E0,-4.191E0));
#2283=LINE('',#2282,#2281);
#2284=DIRECTION('',(1.E0,0.E0,0.E0));
#2285=VECTOR('',#2284,3.81E-1);
#2286=CARTESIAN_POINT('',(-5.6515E0,1.0795E0,-4.191E0));
#2287=LINE('',#2286,#2285);
#2288=DIRECTION('',(0.E0,-1.E0,0.E0));
#2289=VECTOR('',#2288,3.81E-1);
#2290=CARTESIAN_POINT('',(-5.6515E0,-1.0795E0,-4.191E0));
#2291=LINE('',#2290,#2289);
#2292=DIRECTION('',(-1.E0,0.E0,0.E0));
#2293=VECTOR('',#2292,3.81E-1);
#2294=CARTESIAN_POINT('',(-5.2705E0,-1.0795E0,-4.191E0));
#2295=LINE('',#2294,#2293);
#2296=DIRECTION('',(0.E0,1.E0,0.E0));
#2297=VECTOR('',#2296,3.81E-1);
#2298=CARTESIAN_POINT('',(-5.2705E0,-1.4605E0,-4.191E0));
#2299=LINE('',#2298,#2297);
#2300=DIRECTION('',(1.E0,0.E0,0.E0));
#2301=VECTOR('',#2300,3.81E-1);
#2302=CARTESIAN_POINT('',(-5.6515E0,-1.4605E0,-4.191E0));
#2303=LINE('',#2302,#2301);
#2304=DIRECTION('',(0.E0,0.E0,1.E0));
#2305=VECTOR('',#2304,3.175E0);
#2306=CARTESIAN_POINT('',(-5.6515E0,-1.0795E0,-7.366E0));
#2307=LINE('',#2306,#2305);
#2308=DIRECTION('',(0.E0,0.E0,1.E0));
#2309=VECTOR('',#2308,3.175E0);
#2310=CARTESIAN_POINT('',(-5.2705E0,-1.0795E0,-7.366E0));
#2311=LINE('',#2310,#2309);
#2312=DIRECTION('',(0.E0,0.E0,1.E0));
#2313=VECTOR('',#2312,3.175E0);
#2314=CARTESIAN_POINT('',(-5.2705E0,-1.4605E0,-7.366E0));
#2315=LINE('',#2314,#2313);
#2316=DIRECTION('',(0.E0,0.E0,1.E0));
#2317=VECTOR('',#2316,3.175E0);
#2318=CARTESIAN_POINT('',(-5.6515E0,-1.4605E0,-7.366E0));
#2319=LINE('',#2318,#2317);
#2320=DIRECTION('',(-2.588190451025E-1,0.E0,9.659258262891E-1));
#2321=VECTOR('',#2320,1.472070959265E0);
#2322=CARTESIAN_POINT('',(5.714E0,3.351E0,-1.421911357684E0));
#2323=LINE('',#2322,#2321);
#2324=DIRECTION('',(-2.588190451025E-1,0.E0,-9.659258262891E-1));
#2325=VECTOR('',#2324,1.472070959265E0);
#2326=CARTESIAN_POINT('',(6.095E0,3.351E0,0.E0));
#2327=LINE('',#2326,#2325);
#2328=DIRECTION('',(0.E0,-1.E0,0.E0));
#2329=VECTOR('',#2328,2.54E-1);
#2330=CARTESIAN_POINT('',(5.714E0,3.605E0,-1.421911357684E0));
#2331=LINE('',#2330,#2329);
#2332=DIRECTION('',(0.E0,0.E0,-1.E0));
#2333=VECTOR('',#2332,2.54E0);
#2334=CARTESIAN_POINT('',(6.1595E0,-1.27E0,-9.91E0));
#2335=LINE('',#2334,#2333);
#2336=DIRECTION('',(0.E0,0.E0,-1.E0));
#2337=VECTOR('',#2336,2.54E0);
#2338=CARTESIAN_POINT('',(5.7785E0,-1.27E0,-9.91E0));
#2339=LINE('',#2338,#2337);
#2340=CARTESIAN_POINT('',(5.969E0,-1.27E0,-1.245E1));
#2341=DIRECTION('',(0.E0,0.E0,-1.E0));
#2342=DIRECTION('',(1.E0,0.E0,0.E0));
#2343=AXIS2_PLACEMENT_3D('',#2340,#2341,#2342);
#2345=CARTESIAN_POINT('',(5.969E0,-1.27E0,-1.245E1));
#2346=DIRECTION('',(0.E0,0.E0,-1.E0));
#2347=DIRECTION('',(-1.E0,0.E0,0.E0));
#2348=AXIS2_PLACEMENT_3D('',#2345,#2346,#2347);
#2350=CARTESIAN_POINT('',(5.969E0,1.27E0,-1.245E1));
#2351=DIRECTION('',(0.E0,0.E0,-1.E0));
#2352=DIRECTION('',(1.E0,0.E0,0.E0));
#2353=AXIS2_PLACEMENT_3D('',#2350,#2351,#2352);
#2355=CARTESIAN_POINT('',(5.969E0,1.27E0,-1.245E1));
#2356=DIRECTION('',(0.E0,0.E0,-1.E0));
#2357=DIRECTION('',(-1.E0,0.E0,0.E0));
#2358=AXIS2_PLACEMENT_3D('',#2355,#2356,#2357);
#2360=DIRECTION('',(0.E0,0.E0,-1.E0));
#2361=VECTOR('',#2360,2.54E0);
#2362=CARTESIAN_POINT('',(6.1595E0,1.27E0,-9.91E0));
#2363=LINE('',#2362,#2361);
#2364=DIRECTION('',(0.E0,0.E0,-1.E0));
#2365=VECTOR('',#2364,2.54E0);
#2366=CARTESIAN_POINT('',(5.7785E0,1.27E0,-9.91E0));
#2367=LINE('',#2366,#2365);
#2368=DIRECTION('',(0.E0,0.E0,-1.E0));
#2369=VECTOR('',#2368,2.54E0);
#2370=CARTESIAN_POINT('',(4.8895E0,-1.27E0,-9.91E0));
#2371=LINE('',#2370,#2369);
#2372=DIRECTION('',(0.E0,0.E0,-1.E0));
#2373=VECTOR('',#2372,2.54E0);
#2374=CARTESIAN_POINT('',(4.5085E0,-1.27E0,-9.91E0));
#2375=LINE('',#2374,#2373);
#2376=CARTESIAN_POINT('',(4.699E0,-1.27E0,-1.245E1));
#2377=DIRECTION('',(0.E0,0.E0,-1.E0));
#2378=DIRECTION('',(1.E0,0.E0,0.E0));
#2379=AXIS2_PLACEMENT_3D('',#2376,#2377,#2378);
#2381=CARTESIAN_POINT('',(4.699E0,-1.27E0,-1.245E1));
#2382=DIRECTION('',(0.E0,0.E0,-1.E0));
#2383=DIRECTION('',(-1.E0,0.E0,0.E0));
#2384=AXIS2_PLACEMENT_3D('',#2381,#2382,#2383);
#2386=CARTESIAN_POINT('',(4.699E0,1.27E0,-1.245E1));
#2387=DIRECTION('',(0.E0,0.E0,-1.E0));
#2388=DIRECTION('',(1.E0,0.E0,0.E0));
#2389=AXIS2_PLACEMENT_3D('',#2386,#2387,#2388);
#2391=CARTESIAN_POINT('',(4.699E0,1.27E0,-1.245E1));
#2392=DIRECTION('',(0.E0,0.E0,-1.E0));
#2393=DIRECTION('',(-1.E0,0.E0,0.E0));
#2394=AXIS2_PLACEMENT_3D('',#2391,#2392,#2393);
#2396=DIRECTION('',(0.E0,0.E0,-1.E0));
#2397=VECTOR('',#2396,2.54E0);
#2398=CARTESIAN_POINT('',(4.8895E0,1.27E0,-9.91E0));
#2399=LINE('',#2398,#2397);
#2400=DIRECTION('',(0.E0,0.E0,-1.E0));
#2401=VECTOR('',#2400,2.54E0);
#2402=CARTESIAN_POINT('',(4.5085E0,1.27E0,-9.91E0));
#2403=LINE('',#2402,#2401);
#2404=DIRECTION('',(0.E0,0.E0,-1.E0));
#2405=VECTOR('',#2404,2.54E0);
#2406=CARTESIAN_POINT('',(3.6195E0,-1.27E0,-9.91E0));
#2407=LINE('',#2406,#2405);
#2408=DIRECTION('',(0.E0,0.E0,-1.E0));
#2409=VECTOR('',#2408,2.54E0);
#2410=CARTESIAN_POINT('',(3.2385E0,-1.27E0,-9.91E0));
#2411=LINE('',#2410,#2409);
#2412=CARTESIAN_POINT('',(3.429E0,-1.27E0,-1.245E1));
#2413=DIRECTION('',(0.E0,0.E0,-1.E0));
#2414=DIRECTION('',(1.E0,0.E0,0.E0));
#2415=AXIS2_PLACEMENT_3D('',#2412,#2413,#2414);
#2417=CARTESIAN_POINT('',(3.429E0,-1.27E0,-1.245E1));
#2418=DIRECTION('',(0.E0,0.E0,-1.E0));
#2419=DIRECTION('',(-1.E0,0.E0,0.E0));
#2420=AXIS2_PLACEMENT_3D('',#2417,#2418,#2419);
#2422=CARTESIAN_POINT('',(3.429E0,1.27E0,-1.245E1));
#2423=DIRECTION('',(0.E0,0.E0,-1.E0));
#2424=DIRECTION('',(1.E0,0.E0,0.E0));
#2425=AXIS2_PLACEMENT_3D('',#2422,#2423,#2424);
#2427=CARTESIAN_POINT('',(3.429E0,1.27E0,-1.245E1));
#2428=DIRECTION('',(0.E0,0.E0,-1.E0));
#2429=DIRECTION('',(-1.E0,0.E0,0.E0));
#2430=AXIS2_PLACEMENT_3D('',#2427,#2428,#2429);
#2432=DIRECTION('',(0.E0,0.E0,-1.E0));
#2433=VECTOR('',#2432,2.54E0);
#2434=CARTESIAN_POINT('',(3.6195E0,1.27E0,-9.91E0));
#2435=LINE('',#2434,#2433);
#2436=DIRECTION('',(0.E0,0.E0,-1.E0));
#2437=VECTOR('',#2436,2.54E0);
#2438=CARTESIAN_POINT('',(3.2385E0,1.27E0,-9.91E0));
#2439=LINE('',#2438,#2437);
#2440=DIRECTION('',(0.E0,0.E0,-1.E0));
#2441=VECTOR('',#2440,2.54E0);
#2442=CARTESIAN_POINT('',(2.3495E0,-1.27E0,-9.91E0));
#2443=LINE('',#2442,#2441);
#2444=DIRECTION('',(0.E0,0.E0,-1.E0));
#2445=VECTOR('',#2444,2.54E0);
#2446=CARTESIAN_POINT('',(1.9685E0,-1.27E0,-9.91E0));
#2447=LINE('',#2446,#2445);
#2448=CARTESIAN_POINT('',(2.159E0,-1.27E0,-1.245E1));
#2449=DIRECTION('',(0.E0,0.E0,-1.E0));
#2450=DIRECTION('',(1.E0,0.E0,0.E0));
#2451=AXIS2_PLACEMENT_3D('',#2448,#2449,#2450);
#2453=CARTESIAN_POINT('',(2.159E0,-1.27E0,-1.245E1));
#2454=DIRECTION('',(0.E0,0.E0,-1.E0));
#2455=DIRECTION('',(-1.E0,0.E0,0.E0));
#2456=AXIS2_PLACEMENT_3D('',#2453,#2454,#2455);
#2458=CARTESIAN_POINT('',(2.159E0,1.27E0,-1.245E1));
#2459=DIRECTION('',(0.E0,0.E0,-1.E0));
#2460=DIRECTION('',(1.E0,0.E0,0.E0));
#2461=AXIS2_PLACEMENT_3D('',#2458,#2459,#2460);
#2463=CARTESIAN_POINT('',(2.159E0,1.27E0,-1.245E1));
#2464=DIRECTION('',(0.E0,0.E0,-1.E0));
#2465=DIRECTION('',(-1.E0,0.E0,0.E0));
#2466=AXIS2_PLACEMENT_3D('',#2463,#2464,#2465);
#2468=DIRECTION('',(0.E0,0.E0,-1.E0));
#2469=VECTOR('',#2468,2.54E0);
#2470=CARTESIAN_POINT('',(2.3495E0,1.27E0,-9.91E0));
#2471=LINE('',#2470,#2469);
#2472=DIRECTION('',(0.E0,0.E0,-1.E0));
#2473=VECTOR('',#2472,2.54E0);
#2474=CARTESIAN_POINT('',(1.9685E0,1.27E0,-9.91E0));
#2475=LINE('',#2474,#2473);
#2476=DIRECTION('',(0.E0,0.E0,-1.E0));
#2477=VECTOR('',#2476,2.54E0);
#2478=CARTESIAN_POINT('',(1.0795E0,-1.27E0,-9.91E0));
#2479=LINE('',#2478,#2477);
#2480=DIRECTION('',(0.E0,0.E0,-1.E0));
#2481=VECTOR('',#2480,2.54E0);
#2482=CARTESIAN_POINT('',(6.985E-1,-1.27E0,-9.91E0));
#2483=LINE('',#2482,#2481);
#2484=CARTESIAN_POINT('',(8.89E-1,-1.27E0,-1.245E1));
#2485=DIRECTION('',(0.E0,0.E0,-1.E0));
#2486=DIRECTION('',(1.E0,0.E0,0.E0));
#2487=AXIS2_PLACEMENT_3D('',#2484,#2485,#2486);
#2489=CARTESIAN_POINT('',(8.89E-1,-1.27E0,-1.245E1));
#2490=DIRECTION('',(0.E0,0.E0,-1.E0));
#2491=DIRECTION('',(-1.E0,0.E0,0.E0));
#2492=AXIS2_PLACEMENT_3D('',#2489,#2490,#2491);
#2494=CARTESIAN_POINT('',(8.89E-1,1.27E0,-1.245E1));
#2495=DIRECTION('',(0.E0,0.E0,-1.E0));
#2496=DIRECTION('',(1.E0,0.E0,0.E0));
#2497=AXIS2_PLACEMENT_3D('',#2494,#2495,#2496);
#2499=CARTESIAN_POINT('',(8.89E-1,1.27E0,-1.245E1));
#2500=DIRECTION('',(0.E0,0.E0,-1.E0));
#2501=DIRECTION('',(-1.E0,0.E0,0.E0));
#2502=AXIS2_PLACEMENT_3D('',#2499,#2500,#2501);
#2504=DIRECTION('',(0.E0,0.E0,-1.E0));
#2505=VECTOR('',#2504,2.54E0);
#2506=CARTESIAN_POINT('',(1.0795E0,1.27E0,-9.91E0));
#2507=LINE('',#2506,#2505);
#2508=DIRECTION('',(0.E0,0.E0,-1.E0));
#2509=VECTOR('',#2508,2.54E0);
#2510=CARTESIAN_POINT('',(6.985E-1,1.27E0,-9.91E0));
#2511=LINE('',#2510,#2509);
#2512=DIRECTION('',(0.E0,0.E0,-1.E0));
#2513=VECTOR('',#2512,2.54E0);
#2514=CARTESIAN_POINT('',(-1.905E-1,-1.27E0,-9.91E0));
#2515=LINE('',#2514,#2513);
#2516=DIRECTION('',(0.E0,0.E0,-1.E0));
#2517=VECTOR('',#2516,2.54E0);
#2518=CARTESIAN_POINT('',(-5.715E-1,-1.27E0,-9.91E0));
#2519=LINE('',#2518,#2517);
#2520=CARTESIAN_POINT('',(-3.81E-1,-1.27E0,-1.245E1));
#2521=DIRECTION('',(0.E0,0.E0,-1.E0));
#2522=DIRECTION('',(1.E0,0.E0,0.E0));
#2523=AXIS2_PLACEMENT_3D('',#2520,#2521,#2522);
#2525=CARTESIAN_POINT('',(-3.81E-1,-1.27E0,-1.245E1));
#2526=DIRECTION('',(0.E0,0.E0,-1.E0));
#2527=DIRECTION('',(-1.E0,0.E0,0.E0));
#2528=AXIS2_PLACEMENT_3D('',#2525,#2526,#2527);
#2530=CARTESIAN_POINT('',(-3.81E-1,1.27E0,-1.245E1));
#2531=DIRECTION('',(0.E0,0.E0,-1.E0));
#2532=DIRECTION('',(1.E0,0.E0,0.E0));
#2533=AXIS2_PLACEMENT_3D('',#2530,#2531,#2532);
#2535=CARTESIAN_POINT('',(-3.81E-1,1.27E0,-1.245E1));
#2536=DIRECTION('',(0.E0,0.E0,-1.E0));
#2537=DIRECTION('',(-1.E0,0.E0,0.E0));
#2538=AXIS2_PLACEMENT_3D('',#2535,#2536,#2537);
#2540=DIRECTION('',(0.E0,0.E0,-1.E0));
#2541=VECTOR('',#2540,2.54E0);
#2542=CARTESIAN_POINT('',(-1.905E-1,1.27E0,-9.91E0));
#2543=LINE('',#2542,#2541);
#2544=DIRECTION('',(0.E0,0.E0,-1.E0));
#2545=VECTOR('',#2544,2.54E0);
#2546=CARTESIAN_POINT('',(-5.715E-1,1.27E0,-9.91E0));
#2547=LINE('',#2546,#2545);
#2548=DIRECTION('',(0.E0,0.E0,-1.E0));
#2549=VECTOR('',#2548,2.54E0);
#2550=CARTESIAN_POINT('',(-1.4605E0,-1.27E0,-9.91E0));
#2551=LINE('',#2550,#2549);
#2552=DIRECTION('',(0.E0,0.E0,-1.E0));
#2553=VECTOR('',#2552,2.54E0);
#2554=CARTESIAN_POINT('',(-1.8415E0,-1.27E0,-9.91E0));
#2555=LINE('',#2554,#2553);
#2556=CARTESIAN_POINT('',(-1.651E0,-1.27E0,-1.245E1));
#2557=DIRECTION('',(0.E0,0.E0,-1.E0));
#2558=DIRECTION('',(1.E0,0.E0,0.E0));
#2559=AXIS2_PLACEMENT_3D('',#2556,#2557,#2558);
#2561=CARTESIAN_POINT('',(-1.651E0,-1.27E0,-1.245E1));
#2562=DIRECTION('',(0.E0,0.E0,-1.E0));
#2563=DIRECTION('',(-1.E0,0.E0,0.E0));
#2564=AXIS2_PLACEMENT_3D('',#2561,#2562,#2563);
#2566=CARTESIAN_POINT('',(-1.651E0,1.27E0,-1.245E1));
#2567=DIRECTION('',(0.E0,0.E0,-1.E0));
#2568=DIRECTION('',(1.E0,0.E0,0.E0));
#2569=AXIS2_PLACEMENT_3D('',#2566,#2567,#2568);
#2571=CARTESIAN_POINT('',(-1.651E0,1.27E0,-1.245E1));
#2572=DIRECTION('',(0.E0,0.E0,-1.E0));
#2573=DIRECTION('',(-1.E0,0.E0,0.E0));
#2574=AXIS2_PLACEMENT_3D('',#2571,#2572,#2573);
#2576=DIRECTION('',(0.E0,0.E0,-1.E0));
#2577=VECTOR('',#2576,2.54E0);
#2578=CARTESIAN_POINT('',(-1.4605E0,1.27E0,-9.91E0));
#2579=LINE('',#2578,#2577);
#2580=DIRECTION('',(0.E0,0.E0,-1.E0));
#2581=VECTOR('',#2580,2.54E0);
#2582=CARTESIAN_POINT('',(-1.8415E0,1.27E0,-9.91E0));
#2583=LINE('',#2582,#2581);
#2584=DIRECTION('',(0.E0,0.E0,-1.E0));
#2585=VECTOR('',#2584,2.54E0);
#2586=CARTESIAN_POINT('',(-2.7305E0,-1.27E0,-9.91E0));
#2587=LINE('',#2586,#2585);
#2588=DIRECTION('',(0.E0,0.E0,-1.E0));
#2589=VECTOR('',#2588,2.54E0);
#2590=CARTESIAN_POINT('',(-3.1115E0,-1.27E0,-9.91E0));
#2591=LINE('',#2590,#2589);
#2592=CARTESIAN_POINT('',(-2.921E0,-1.27E0,-1.245E1));
#2593=DIRECTION('',(0.E0,0.E0,-1.E0));
#2594=DIRECTION('',(1.E0,0.E0,0.E0));
#2595=AXIS2_PLACEMENT_3D('',#2592,#2593,#2594);
#2597=CARTESIAN_POINT('',(-2.921E0,-1.27E0,-1.245E1));
#2598=DIRECTION('',(0.E0,0.E0,-1.E0));
#2599=DIRECTION('',(-1.E0,0.E0,0.E0));
#2600=AXIS2_PLACEMENT_3D('',#2597,#2598,#2599);
#2602=CARTESIAN_POINT('',(-2.921E0,1.27E0,-1.245E1));
#2603=DIRECTION('',(0.E0,0.E0,-1.E0));
#2604=DIRECTION('',(1.E0,0.E0,0.E0));
#2605=AXIS2_PLACEMENT_3D('',#2602,#2603,#2604);
#2607=CARTESIAN_POINT('',(-2.921E0,1.27E0,-1.245E1));
#2608=DIRECTION('',(0.E0,0.E0,-1.E0));
#2609=DIRECTION('',(-1.E0,0.E0,0.E0));
#2610=AXIS2_PLACEMENT_3D('',#2607,#2608,#2609);
#2612=DIRECTION('',(0.E0,0.E0,-1.E0));
#2613=VECTOR('',#2612,2.54E0);
#2614=CARTESIAN_POINT('',(-2.7305E0,1.27E0,-9.91E0));
#2615=LINE('',#2614,#2613);
#2616=DIRECTION('',(0.E0,0.E0,-1.E0));
#2617=VECTOR('',#2616,2.54E0);
#2618=CARTESIAN_POINT('',(-3.1115E0,1.27E0,-9.91E0));
#2619=LINE('',#2618,#2617);
#2620=DIRECTION('',(0.E0,0.E0,-1.E0));
#2621=VECTOR('',#2620,2.54E0);
#2622=CARTESIAN_POINT('',(-4.0005E0,-1.27E0,-9.91E0));
#2623=LINE('',#2622,#2621);
#2624=DIRECTION('',(0.E0,0.E0,-1.E0));
#2625=VECTOR('',#2624,2.54E0);
#2626=CARTESIAN_POINT('',(-4.3815E0,-1.27E0,-9.91E0));
#2627=LINE('',#2626,#2625);
#2628=CARTESIAN_POINT('',(-4.191E0,-1.27E0,-1.245E1));
#2629=DIRECTION('',(0.E0,0.E0,-1.E0));
#2630=DIRECTION('',(1.E0,0.E0,0.E0));
#2631=AXIS2_PLACEMENT_3D('',#2628,#2629,#2630);
#2633=CARTESIAN_POINT('',(-4.191E0,-1.27E0,-1.245E1));
#2634=DIRECTION('',(0.E0,0.E0,-1.E0));
#2635=DIRECTION('',(-1.E0,0.E0,0.E0));
#2636=AXIS2_PLACEMENT_3D('',#2633,#2634,#2635);
#2638=CARTESIAN_POINT('',(-4.191E0,1.27E0,-1.245E1));
#2639=DIRECTION('',(0.E0,0.E0,-1.E0));
#2640=DIRECTION('',(1.E0,0.E0,0.E0));
#2641=AXIS2_PLACEMENT_3D('',#2638,#2639,#2640);
#2643=CARTESIAN_POINT('',(-4.191E0,1.27E0,-1.245E1));
#2644=DIRECTION('',(0.E0,0.E0,-1.E0));
#2645=DIRECTION('',(-1.E0,0.E0,0.E0));
#2646=AXIS2_PLACEMENT_3D('',#2643,#2644,#2645);
#2648=DIRECTION('',(0.E0,0.E0,-1.E0));
#2649=VECTOR('',#2648,2.54E0);
#2650=CARTESIAN_POINT('',(-4.0005E0,1.27E0,-9.91E0));
#2651=LINE('',#2650,#2649);
#2652=DIRECTION('',(0.E0,0.E0,-1.E0));
#2653=VECTOR('',#2652,2.54E0);
#2654=CARTESIAN_POINT('',(-4.3815E0,1.27E0,-9.91E0));
#2655=LINE('',#2654,#2653);
#2656=DIRECTION('',(0.E0,0.E0,-1.E0));
#2657=VECTOR('',#2656,2.54E0);
#2658=CARTESIAN_POINT('',(-5.2705E0,-1.27E0,-9.91E0));
#2659=LINE('',#2658,#2657);
#2660=DIRECTION('',(0.E0,0.E0,-1.E0));
#2661=VECTOR('',#2660,2.54E0);
#2662=CARTESIAN_POINT('',(-5.6515E0,-1.27E0,-9.91E0));
#2663=LINE('',#2662,#2661);
#2664=CARTESIAN_POINT('',(-5.461E0,-1.27E0,-1.245E1));
#2665=DIRECTION('',(0.E0,0.E0,-1.E0));
#2666=DIRECTION('',(1.E0,0.E0,0.E0));
#2667=AXIS2_PLACEMENT_3D('',#2664,#2665,#2666);
#2669=CARTESIAN_POINT('',(-5.461E0,-1.27E0,-1.245E1));
#2670=DIRECTION('',(0.E0,0.E0,-1.E0));
#2671=DIRECTION('',(-1.E0,0.E0,0.E0));
#2672=AXIS2_PLACEMENT_3D('',#2669,#2670,#2671);
#2674=CARTESIAN_POINT('',(-5.461E0,1.27E0,-1.245E1));
#2675=DIRECTION('',(0.E0,0.E0,-1.E0));
#2676=DIRECTION('',(1.E0,0.E0,0.E0));
#2677=AXIS2_PLACEMENT_3D('',#2674,#2675,#2676);
#2679=CARTESIAN_POINT('',(-5.461E0,1.27E0,-1.245E1));
#2680=DIRECTION('',(0.E0,0.E0,-1.E0));
#2681=DIRECTION('',(-1.E0,0.E0,0.E0));
#2682=AXIS2_PLACEMENT_3D('',#2679,#2680,#2681);
#2684=DIRECTION('',(0.E0,0.E0,-1.E0));
#2685=VECTOR('',#2684,2.54E0);
#2686=CARTESIAN_POINT('',(-5.2705E0,1.27E0,-9.91E0));
#2687=LINE('',#2686,#2685);
#2688=DIRECTION('',(0.E0,0.E0,-1.E0));
#2689=VECTOR('',#2688,2.54E0);
#2690=CARTESIAN_POINT('',(-5.6515E0,1.27E0,-9.91E0));
#2691=LINE('',#2690,#2689);
#2692=CARTESIAN_POINT('',(3.81E0,5.1326E0,0.E0));
#2693=CARTESIAN_POINT('',(3.81E0,5.1326E0,-1.545239864500E0));
#2694=VERTEX_POINT('',#2692);
#2695=VERTEX_POINT('',#2693);
#2696=CARTESIAN_POINT('',(-3.81E0,5.1326E0,0.E0));
#2697=CARTESIAN_POINT('',(-3.81E0,5.1326E0,-1.545239864500E0));
#2698=VERTEX_POINT('',#2696);
#2699=VERTEX_POINT('',#2697);
#2700=CARTESIAN_POINT('',(3.81E0,3.605E0,-3.81E0));
#2701=CARTESIAN_POINT('',(3.81E0,3.605E0,0.E0));
#2702=VERTEX_POINT('',#2700);
#2703=VERTEX_POINT('',#2701);
#2704=CARTESIAN_POINT('',(-3.81E0,3.605E0,-3.81E0));
#2705=CARTESIAN_POINT('',(-3.81E0,3.605E0,0.E0));
#2706=VERTEX_POINT('',#2704);
#2707=VERTEX_POINT('',#2705);
#2708=CARTESIAN_POINT('',(-8.E0,3.605E0,-4.449E0));
#2709=CARTESIAN_POINT('',(-8.E0,3.605E0,0.E0));
#2710=VERTEX_POINT('',#2708);
#2711=VERTEX_POINT('',#2709);
#2712=CARTESIAN_POINT('',(-8.E0,-3.605E0,0.E0));
#2713=CARTESIAN_POINT('',(-8.E0,-3.605E0,-4.449E0));
#2714=VERTEX_POINT('',#2712);
#2715=VERTEX_POINT('',#2713);
#2716=CARTESIAN_POINT('',(8.E0,3.605E0,-4.449E0));
#2717=CARTESIAN_POINT('',(8.E0,3.605E0,0.E0));
#2718=VERTEX_POINT('',#2716);
#2719=VERTEX_POINT('',#2717);
#2720=CARTESIAN_POINT('',(8.E0,-3.605E0,0.E0));
#2721=CARTESIAN_POINT('',(8.E0,-3.605E0,-4.449E0));
#2722=VERTEX_POINT('',#2720);
#2723=VERTEX_POINT('',#2721);
#2724=CARTESIAN_POINT('',(-1.525E0,3.605E0,-7.366E0));
#2725=CARTESIAN_POINT('',(1.525E0,3.605E0,-7.366E0));
#2726=VERTEX_POINT('',#2724);
#2727=VERTEX_POINT('',#2725);
#2728=CARTESIAN_POINT('',(-8.E0,1.59E0,0.E0));
#2729=VERTEX_POINT('',#2728);
#2730=CARTESIAN_POINT('',(8.E0,1.59E0,0.E0));
#2731=VERTEX_POINT('',#2730);
#2732=CARTESIAN_POINT('',(9.4478E0,-3.605E0,-4.449E0));
#2733=CARTESIAN_POINT('',(9.4478E0,-3.605E0,-5.973E0));
#2734=VERTEX_POINT('',#2732);
#2735=VERTEX_POINT('',#2733);
#2736=CARTESIAN_POINT('',(-9.4478E0,-3.605E0,-5.973E0));
#2737=CARTESIAN_POINT('',(-9.4478E0,-3.605E0,-4.449E0));
#2738=VERTEX_POINT('',#2736);
#2739=VERTEX_POINT('',#2737);
#2740=CARTESIAN_POINT('',(9.4478E0,3.605E0,-4.449E0));
#2741=CARTESIAN_POINT('',(9.4478E0,3.605E0,-5.973E0));
#2742=VERTEX_POINT('',#2740);
#2743=VERTEX_POINT('',#2741);
#2744=CARTESIAN_POINT('',(-9.4478E0,3.605E0,-5.973E0));
#2745=CARTESIAN_POINT('',(-9.4478E0,3.605E0,-4.449E0));
#2746=VERTEX_POINT('',#2744);
#2747=VERTEX_POINT('',#2745);
#2748=CARTESIAN_POINT('',(-8.E0,3.605E0,-5.973E0));
#2749=CARTESIAN_POINT('',(-7.8476E0,3.605E0,-7.422989142824E0));
#2750=VERTEX_POINT('',#2748);
#2751=VERTEX_POINT('',#2749);
#2752=CARTESIAN_POINT('',(7.8476E0,3.605E0,-7.422989142824E0));
#2753=CARTESIAN_POINT('',(8.E0,3.605E0,-5.973E0));
#2754=VERTEX_POINT('',#2752);
#2755=VERTEX_POINT('',#2753);
#2756=CARTESIAN_POINT('',(-8.E0,-3.605E0,-5.973E0));
#2757=CARTESIAN_POINT('',(-7.8476E0,-3.605E0,-7.422989142824E0));
#2758=VERTEX_POINT('',#2756);
#2759=VERTEX_POINT('',#2757);
#2760=CARTESIAN_POINT('',(7.8476E0,-3.605E0,-7.422989142824E0));
#2761=CARTESIAN_POINT('',(8.E0,-3.605E0,-5.973E0));
#2762=VERTEX_POINT('',#2760);
#2763=VERTEX_POINT('',#2761);
#2764=CARTESIAN_POINT('',(-2.794E0,3.605E0,-3.81E0));
#2765=CARTESIAN_POINT('',(-1.525E0,3.605E0,-3.81E0));
#2766=VERTEX_POINT('',#2764);
#2767=VERTEX_POINT('',#2765);
#2768=CARTESIAN_POINT('',(1.525E0,3.605E0,-3.81E0));
#2769=CARTESIAN_POINT('',(2.794E0,3.605E0,-3.81E0));
#2770=VERTEX_POINT('',#2768);
#2771=VERTEX_POINT('',#2769);
#2772=CARTESIAN_POINT('',(2.794E0,5.1326E0,-1.545239864500E0));
#2773=CARTESIAN_POINT('',(-2.794E0,5.1326E0,-1.545239864500E0));
#2774=VERTEX_POINT('',#2772);
#2775=VERTEX_POINT('',#2773);
#2776=CARTESIAN_POINT('',(2.794E0,4.1648E0,-1.545239864500E0));
#2777=CARTESIAN_POINT('',(-2.794E0,4.1648E0,-1.545239864500E0));
#2778=VERTEX_POINT('',#2776);
#2779=VERTEX_POINT('',#2777);
#2780=CARTESIAN_POINT('',(6.985E0,-2.59E0,-1.524E0));
#2781=CARTESIAN_POINT('',(8.E0,-2.59E0,-1.524E0));
#2782=VERTEX_POINT('',#2780);
#2783=VERTEX_POINT('',#2781);
#2784=CARTESIAN_POINT('',(-8.E0,-2.59E0,-1.524E0));
#2785=CARTESIAN_POINT('',(-6.985E0,-2.59E0,-1.524E0));
#2786=VERTEX_POINT('',#2784);
#2787=VERTEX_POINT('',#2785);
#2788=CARTESIAN_POINT('',(-8.292928347238E0,-1.59E0,-5.6428E0));
#2789=CARTESIAN_POINT('',(-8.370180472120E0,-1.59E0,-5.430551531282E0));
#2790=VERTEX_POINT('',#2788);
#2791=VERTEX_POINT('',#2789);
#2792=CARTESIAN_POINT('',(-8.292928347238E0,1.59E0,-5.6428E0));
#2793=CARTESIAN_POINT('',(-8.370180472120E0,1.59E0,-5.430551531282E0));
#2794=VERTEX_POINT('',#2792);
#2795=VERTEX_POINT('',#2793);
#2796=CARTESIAN_POINT('',(-8.E0,-1.59E0,-5.973E0));
#2797=CARTESIAN_POINT('',(-8.292928347238E0,-1.59E0,-5.973E0));
#2798=VERTEX_POINT('',#2796);
#2799=VERTEX_POINT('',#2797);
#2800=CARTESIAN_POINT('',(-8.E0,1.59E0,-5.973E0));
#2801=CARTESIAN_POINT('',(-8.292928347238E0,1.59E0,-5.973E0));
#2802=VERTEX_POINT('',#2800);
#2803=VERTEX_POINT('',#2801);
#2804=CARTESIAN_POINT('',(-8.E0,-1.59E0,-4.449E0));
#2805=CARTESIAN_POINT('',(-9.1938E0,-1.59E0,-4.449E0));
#2806=VERTEX_POINT('',#2804);
#2807=VERTEX_POINT('',#2805);
#2808=CARTESIAN_POINT('',(-8.E0,1.59E0,-4.449E0));
#2809=CARTESIAN_POINT('',(-9.1938E0,1.59E0,-4.449E0));
#2810=VERTEX_POINT('',#2808);
#2811=VERTEX_POINT('',#2809);
#2812=CARTESIAN_POINT('',(8.370180472120E0,-1.59E0,-5.430551531282E0));
#2813=CARTESIAN_POINT('',(8.292928347238E0,-1.59E0,-5.6428E0));
#2814=VERTEX_POINT('',#2812);
#2815=VERTEX_POINT('',#2813);
#2816=CARTESIAN_POINT('',(8.370180472120E0,1.59E0,-5.430551531282E0));
#2817=CARTESIAN_POINT('',(8.292928347238E0,1.59E0,-5.6428E0));
#2818=VERTEX_POINT('',#2816);
#2819=VERTEX_POINT('',#2817);
#2820=CARTESIAN_POINT('',(8.E0,-1.59E0,-4.449E0));
#2821=CARTESIAN_POINT('',(9.1938E0,-1.59E0,-4.449E0));
#2822=VERTEX_POINT('',#2820);
#2823=VERTEX_POINT('',#2821);
#2824=CARTESIAN_POINT('',(8.E0,1.59E0,-4.449E0));
#2825=CARTESIAN_POINT('',(9.1938E0,1.59E0,-4.449E0));
#2826=VERTEX_POINT('',#2824);
#2827=VERTEX_POINT('',#2825);
#2828=CARTESIAN_POINT('',(8.E0,-1.59E0,-5.973E0));
#2829=CARTESIAN_POINT('',(8.292928347238E0,-1.59E0,-5.973E0));
#2830=VERTEX_POINT('',#2828);
#2831=VERTEX_POINT('',#2829);
#2832=CARTESIAN_POINT('',(8.E0,1.59E0,-5.973E0));
#2833=CARTESIAN_POINT('',(8.292928347238E0,1.59E0,-5.973E0));
#2834=VERTEX_POINT('',#2832);
#2835=VERTEX_POINT('',#2833);
#2836=CARTESIAN_POINT('',(-7.8476E0,3.605E0,-8.894E0));
#2837=CARTESIAN_POINT('',(7.8476E0,3.605E0,-8.894E0));
#2838=VERTEX_POINT('',#2836);
#2839=VERTEX_POINT('',#2837);
#2840=CARTESIAN_POINT('',(-7.8476E0,-3.5034E0,-9.91E0));
#2841=CARTESIAN_POINT('',(7.8476E0,-3.5034E0,-9.91E0));
#2842=VERTEX_POINT('',#2840);
#2843=VERTEX_POINT('',#2841);
#2844=CARTESIAN_POINT('',(-7.8476E0,3.5034E0,-9.91E0));
#2845=CARTESIAN_POINT('',(7.8476E0,3.5034E0,-9.91E0));
#2846=VERTEX_POINT('',#2844);
#2847=VERTEX_POINT('',#2845);
#2848=CARTESIAN_POINT('',(-7.8476E0,-3.605E0,-8.894E0));
#2849=CARTESIAN_POINT('',(7.8476E0,-3.605E0,-8.894E0));
#2850=VERTEX_POINT('',#2848);
#2851=VERTEX_POINT('',#2849);
#2852=CARTESIAN_POINT('',(-7.8476E0,-3.5034E0,-8.894E0));
#2853=VERTEX_POINT('',#2852);
#2854=CARTESIAN_POINT('',(-7.8476E0,3.5034E0,-8.894E0));
#2855=VERTEX_POINT('',#2854);
#2856=CARTESIAN_POINT('',(7.8476E0,-3.5034E0,-8.894E0));
#2857=VERTEX_POINT('',#2856);
#2858=CARTESIAN_POINT('',(7.8476E0,3.5034E0,-8.894E0));
#2859=VERTEX_POINT('',#2858);
#2860=CARTESIAN_POINT('',(8.E0,-1.59E0,-2.032E0));
#2861=CARTESIAN_POINT('',(8.E0,-1.883293936748E0,-1.524E0));
#2862=VERTEX_POINT('',#2860);
#2863=VERTEX_POINT('',#2861);
#2864=CARTESIAN_POINT('',(6.985E0,-1.883293936748E0,-1.524E0));
#2865=VERTEX_POINT('',#2864);
#2866=CARTESIAN_POINT('',(6.985E0,-1.59E0,-2.032E0));
#2867=VERTEX_POINT('',#2866);
#2868=CARTESIAN_POINT('',(-6.985E0,-1.59E0,-2.032E0));
#2869=CARTESIAN_POINT('',(-6.985E0,-1.883293936748E0,-1.524E0));
#2870=VERTEX_POINT('',#2868);
#2871=VERTEX_POINT('',#2869);
#2872=CARTESIAN_POINT('',(-8.E0,-1.883293936748E0,-1.524E0));
#2873=VERTEX_POINT('',#2872);
#2874=CARTESIAN_POINT('',(-8.E0,-1.59E0,-2.032E0));
#2875=VERTEX_POINT('',#2874);
#2876=CARTESIAN_POINT('',(5.333E0,3.351E0,0.E0));
#2877=CARTESIAN_POINT('',(6.095E0,3.351E0,0.E0));
#2878=VERTEX_POINT('',#2876);
#2879=VERTEX_POINT('',#2877);
#2880=CARTESIAN_POINT('',(6.095E0,3.605E0,0.E0));
#2881=VERTEX_POINT('',#2880);
#2882=CARTESIAN_POINT('',(5.333E0,3.605E0,0.E0));
#2883=VERTEX_POINT('',#2882);
#2884=CARTESIAN_POINT('',(5.714E0,3.605E0,-1.421911357684E0));
#2885=VERTEX_POINT('',#2884);
#2886=CARTESIAN_POINT('',(5.714E0,3.351E0,-1.421911357684E0));
#2887=VERTEX_POINT('',#2886);
#2888=CARTESIAN_POINT('',(5.7785E0,1.4605E0,-4.191E0));
#2889=CARTESIAN_POINT('',(5.7785E0,1.0795E0,-4.191E0));
#2890=VERTEX_POINT('',#2888);
#2891=VERTEX_POINT('',#2889);
#2892=CARTESIAN_POINT('',(6.1595E0,1.0795E0,-4.191E0));
#2893=VERTEX_POINT('',#2892);
#2894=CARTESIAN_POINT('',(6.1595E0,1.4605E0,-4.191E0));
#2895=VERTEX_POINT('',#2894);
#2896=CARTESIAN_POINT('',(5.7785E0,-1.0795E0,-4.191E0));
#2897=CARTESIAN_POINT('',(5.7785E0,-1.4605E0,-4.191E0));
#2898=VERTEX_POINT('',#2896);
#2899=VERTEX_POINT('',#2897);
#2900=CARTESIAN_POINT('',(6.1595E0,-1.4605E0,-4.191E0));
#2901=VERTEX_POINT('',#2900);
#2902=CARTESIAN_POINT('',(6.1595E0,-1.0795E0,-4.191E0));
#2903=VERTEX_POINT('',#2902);
#2904=CARTESIAN_POINT('',(5.7785E0,1.4605E0,-7.366E0));
#2905=CARTESIAN_POINT('',(5.7785E0,1.0795E0,-7.366E0));
#2906=VERTEX_POINT('',#2904);
#2907=VERTEX_POINT('',#2905);
#2908=CARTESIAN_POINT('',(6.1595E0,1.0795E0,-7.366E0));
#2909=VERTEX_POINT('',#2908);
#2910=CARTESIAN_POINT('',(6.1595E0,1.4605E0,-7.366E0));
#2911=VERTEX_POINT('',#2910);
#2912=CARTESIAN_POINT('',(5.7785E0,-1.0795E0,-7.366E0));
#2913=CARTESIAN_POINT('',(5.7785E0,-1.4605E0,-7.366E0));
#2914=VERTEX_POINT('',#2912);
#2915=VERTEX_POINT('',#2913);
#2916=CARTESIAN_POINT('',(6.1595E0,-1.4605E0,-7.366E0));
#2917=VERTEX_POINT('',#2916);
#2918=CARTESIAN_POINT('',(6.1595E0,-1.0795E0,-7.366E0));
#2919=VERTEX_POINT('',#2918);
#2920=CARTESIAN_POINT('',(4.5085E0,1.4605E0,-4.191E0));
#2921=CARTESIAN_POINT('',(4.5085E0,1.0795E0,-4.191E0));
#2922=VERTEX_POINT('',#2920);
#2923=VERTEX_POINT('',#2921);
#2924=CARTESIAN_POINT('',(4.8895E0,1.0795E0,-4.191E0));
#2925=VERTEX_POINT('',#2924);
#2926=CARTESIAN_POINT('',(4.8895E0,1.4605E0,-4.191E0));
#2927=VERTEX_POINT('',#2926);
#2928=CARTESIAN_POINT('',(4.5085E0,-1.0795E0,-4.191E0));
#2929=CARTESIAN_POINT('',(4.5085E0,-1.4605E0,-4.191E0));
#2930=VERTEX_POINT('',#2928);
#2931=VERTEX_POINT('',#2929);
#2932=CARTESIAN_POINT('',(4.8895E0,-1.4605E0,-4.191E0));
#2933=VERTEX_POINT('',#2932);
#2934=CARTESIAN_POINT('',(4.8895E0,-1.0795E0,-4.191E0));
#2935=VERTEX_POINT('',#2934);
#2936=CARTESIAN_POINT('',(4.5085E0,1.4605E0,-7.366E0));
#2937=CARTESIAN_POINT('',(4.5085E0,1.0795E0,-7.366E0));
#2938=VERTEX_POINT('',#2936);
#2939=VERTEX_POINT('',#2937);
#2940=CARTESIAN_POINT('',(4.8895E0,1.0795E0,-7.366E0));
#2941=VERTEX_POINT('',#2940);
#2942=CARTESIAN_POINT('',(4.8895E0,1.4605E0,-7.366E0));
#2943=VERTEX_POINT('',#2942);
#2944=CARTESIAN_POINT('',(4.5085E0,-1.0795E0,-7.366E0));
#2945=CARTESIAN_POINT('',(4.5085E0,-1.4605E0,-7.366E0));
#2946=VERTEX_POINT('',#2944);
#2947=VERTEX_POINT('',#2945);
#2948=CARTESIAN_POINT('',(4.8895E0,-1.4605E0,-7.366E0));
#2949=VERTEX_POINT('',#2948);
#2950=CARTESIAN_POINT('',(4.8895E0,-1.0795E0,-7.366E0));
#2951=VERTEX_POINT('',#2950);
#2952=CARTESIAN_POINT('',(3.2385E0,1.4605E0,-4.191E0));
#2953=CARTESIAN_POINT('',(3.2385E0,1.0795E0,-4.191E0));
#2954=VERTEX_POINT('',#2952);
#2955=VERTEX_POINT('',#2953);
#2956=CARTESIAN_POINT('',(3.6195E0,1.0795E0,-4.191E0));
#2957=VERTEX_POINT('',#2956);
#2958=CARTESIAN_POINT('',(3.6195E0,1.4605E0,-4.191E0));
#2959=VERTEX_POINT('',#2958);
#2960=CARTESIAN_POINT('',(3.2385E0,-1.0795E0,-4.191E0));
#2961=CARTESIAN_POINT('',(3.2385E0,-1.4605E0,-4.191E0));
#2962=VERTEX_POINT('',#2960);
#2963=VERTEX_POINT('',#2961);
#2964=CARTESIAN_POINT('',(3.6195E0,-1.4605E0,-4.191E0));
#2965=VERTEX_POINT('',#2964);
#2966=CARTESIAN_POINT('',(3.6195E0,-1.0795E0,-4.191E0));
#2967=VERTEX_POINT('',#2966);
#2968=CARTESIAN_POINT('',(3.2385E0,1.4605E0,-7.366E0));
#2969=CARTESIAN_POINT('',(3.2385E0,1.0795E0,-7.366E0));
#2970=VERTEX_POINT('',#2968);
#2971=VERTEX_POINT('',#2969);
#2972=CARTESIAN_POINT('',(3.6195E0,1.0795E0,-7.366E0));
#2973=VERTEX_POINT('',#2972);
#2974=CARTESIAN_POINT('',(3.6195E0,1.4605E0,-7.366E0));
#2975=VERTEX_POINT('',#2974);
#2976=CARTESIAN_POINT('',(3.2385E0,-1.0795E0,-7.366E0));
#2977=CARTESIAN_POINT('',(3.2385E0,-1.4605E0,-7.366E0));
#2978=VERTEX_POINT('',#2976);
#2979=VERTEX_POINT('',#2977);
#2980=CARTESIAN_POINT('',(3.6195E0,-1.4605E0,-7.366E0));
#2981=VERTEX_POINT('',#2980);
#2982=CARTESIAN_POINT('',(3.6195E0,-1.0795E0,-7.366E0));
#2983=VERTEX_POINT('',#2982);
#2984=CARTESIAN_POINT('',(1.9685E0,1.4605E0,-4.191E0));
#2985=CARTESIAN_POINT('',(1.9685E0,1.0795E0,-4.191E0));
#2986=VERTEX_POINT('',#2984);
#2987=VERTEX_POINT('',#2985);
#2988=CARTESIAN_POINT('',(2.3495E0,1.0795E0,-4.191E0));
#2989=VERTEX_POINT('',#2988);
#2990=CARTESIAN_POINT('',(2.3495E0,1.4605E0,-4.191E0));
#2991=VERTEX_POINT('',#2990);
#2992=CARTESIAN_POINT('',(1.9685E0,-1.0795E0,-4.191E0));
#2993=CARTESIAN_POINT('',(1.9685E0,-1.4605E0,-4.191E0));
#2994=VERTEX_POINT('',#2992);
#2995=VERTEX_POINT('',#2993);
#2996=CARTESIAN_POINT('',(2.3495E0,-1.4605E0,-4.191E0));
#2997=VERTEX_POINT('',#2996);
#2998=CARTESIAN_POINT('',(2.3495E0,-1.0795E0,-4.191E0));
#2999=VERTEX_POINT('',#2998);
#3000=CARTESIAN_POINT('',(1.9685E0,1.4605E0,-7.366E0));
#3001=CARTESIAN_POINT('',(1.9685E0,1.0795E0,-7.366E0));
#3002=VERTEX_POINT('',#3000);
#3003=VERTEX_POINT('',#3001);
#3004=CARTESIAN_POINT('',(2.3495E0,1.0795E0,-7.366E0));
#3005=VERTEX_POINT('',#3004);
#3006=CARTESIAN_POINT('',(2.3495E0,1.4605E0,-7.366E0));
#3007=VERTEX_POINT('',#3006);
#3008=CARTESIAN_POINT('',(1.9685E0,-1.0795E0,-7.366E0));
#3009=CARTESIAN_POINT('',(1.9685E0,-1.4605E0,-7.366E0));
#3010=VERTEX_POINT('',#3008);
#3011=VERTEX_POINT('',#3009);
#3012=CARTESIAN_POINT('',(2.3495E0,-1.4605E0,-7.366E0));
#3013=VERTEX_POINT('',#3012);
#3014=CARTESIAN_POINT('',(2.3495E0,-1.0795E0,-7.366E0));
#3015=VERTEX_POINT('',#3014);
#3016=CARTESIAN_POINT('',(6.985E-1,1.4605E0,-4.191E0));
#3017=CARTESIAN_POINT('',(6.985E-1,1.0795E0,-4.191E0));
#3018=VERTEX_POINT('',#3016);
#3019=VERTEX_POINT('',#3017);
#3020=CARTESIAN_POINT('',(1.0795E0,1.0795E0,-4.191E0));
#3021=VERTEX_POINT('',#3020);
#3022=CARTESIAN_POINT('',(1.0795E0,1.4605E0,-4.191E0));
#3023=VERTEX_POINT('',#3022);
#3024=CARTESIAN_POINT('',(6.985E-1,-1.0795E0,-4.191E0));
#3025=CARTESIAN_POINT('',(6.985E-1,-1.4605E0,-4.191E0));
#3026=VERTEX_POINT('',#3024);
#3027=VERTEX_POINT('',#3025);
#3028=CARTESIAN_POINT('',(1.0795E0,-1.4605E0,-4.191E0));
#3029=VERTEX_POINT('',#3028);
#3030=CARTESIAN_POINT('',(1.0795E0,-1.0795E0,-4.191E0));
#3031=VERTEX_POINT('',#3030);
#3032=CARTESIAN_POINT('',(6.985E-1,1.4605E0,-7.366E0));
#3033=CARTESIAN_POINT('',(6.985E-1,1.0795E0,-7.366E0));
#3034=VERTEX_POINT('',#3032);
#3035=VERTEX_POINT('',#3033);
#3036=CARTESIAN_POINT('',(1.0795E0,1.0795E0,-7.366E0));
#3037=VERTEX_POINT('',#3036);
#3038=CARTESIAN_POINT('',(1.0795E0,1.4605E0,-7.366E0));
#3039=VERTEX_POINT('',#3038);
#3040=CARTESIAN_POINT('',(6.985E-1,-1.0795E0,-7.366E0));
#3041=CARTESIAN_POINT('',(6.985E-1,-1.4605E0,-7.366E0));
#3042=VERTEX_POINT('',#3040);
#3043=VERTEX_POINT('',#3041);
#3044=CARTESIAN_POINT('',(1.0795E0,-1.4605E0,-7.366E0));
#3045=VERTEX_POINT('',#3044);
#3046=CARTESIAN_POINT('',(1.0795E0,-1.0795E0,-7.366E0));
#3047=VERTEX_POINT('',#3046);
#3048=CARTESIAN_POINT('',(-5.715E-1,1.4605E0,-4.191E0));
#3049=CARTESIAN_POINT('',(-5.715E-1,1.0795E0,-4.191E0));
#3050=VERTEX_POINT('',#3048);
#3051=VERTEX_POINT('',#3049);
#3052=CARTESIAN_POINT('',(-1.905E-1,1.0795E0,-4.191E0));
#3053=VERTEX_POINT('',#3052);
#3054=CARTESIAN_POINT('',(-1.905E-1,1.4605E0,-4.191E0));
#3055=VERTEX_POINT('',#3054);
#3056=CARTESIAN_POINT('',(-5.715E-1,-1.0795E0,-4.191E0));
#3057=CARTESIAN_POINT('',(-5.715E-1,-1.4605E0,-4.191E0));
#3058=VERTEX_POINT('',#3056);
#3059=VERTEX_POINT('',#3057);
#3060=CARTESIAN_POINT('',(-1.905E-1,-1.4605E0,-4.191E0));
#3061=VERTEX_POINT('',#3060);
#3062=CARTESIAN_POINT('',(-1.905E-1,-1.0795E0,-4.191E0));
#3063=VERTEX_POINT('',#3062);
#3064=CARTESIAN_POINT('',(-5.715E-1,1.4605E0,-7.366E0));
#3065=CARTESIAN_POINT('',(-5.715E-1,1.0795E0,-7.366E0));
#3066=VERTEX_POINT('',#3064);
#3067=VERTEX_POINT('',#3065);
#3068=CARTESIAN_POINT('',(-1.905E-1,1.0795E0,-7.366E0));
#3069=VERTEX_POINT('',#3068);
#3070=CARTESIAN_POINT('',(-1.905E-1,1.4605E0,-7.366E0));
#3071=VERTEX_POINT('',#3070);
#3072=CARTESIAN_POINT('',(-5.715E-1,-1.0795E0,-7.366E0));
#3073=CARTESIAN_POINT('',(-5.715E-1,-1.4605E0,-7.366E0));
#3074=VERTEX_POINT('',#3072);
#3075=VERTEX_POINT('',#3073);
#3076=CARTESIAN_POINT('',(-1.905E-1,-1.4605E0,-7.366E0));
#3077=VERTEX_POINT('',#3076);
#3078=CARTESIAN_POINT('',(-1.905E-1,-1.0795E0,-7.366E0));
#3079=VERTEX_POINT('',#3078);
#3080=CARTESIAN_POINT('',(-1.8415E0,1.4605E0,-4.191E0));
#3081=CARTESIAN_POINT('',(-1.8415E0,1.0795E0,-4.191E0));
#3082=VERTEX_POINT('',#3080);
#3083=VERTEX_POINT('',#3081);
#3084=CARTESIAN_POINT('',(-1.4605E0,1.0795E0,-4.191E0));
#3085=VERTEX_POINT('',#3084);
#3086=CARTESIAN_POINT('',(-1.4605E0,1.4605E0,-4.191E0));
#3087=VERTEX_POINT('',#3086);
#3088=CARTESIAN_POINT('',(-1.8415E0,-1.0795E0,-4.191E0));
#3089=CARTESIAN_POINT('',(-1.8415E0,-1.4605E0,-4.191E0));
#3090=VERTEX_POINT('',#3088);
#3091=VERTEX_POINT('',#3089);
#3092=CARTESIAN_POINT('',(-1.4605E0,-1.4605E0,-4.191E0));
#3093=VERTEX_POINT('',#3092);
#3094=CARTESIAN_POINT('',(-1.4605E0,-1.0795E0,-4.191E0));
#3095=VERTEX_POINT('',#3094);
#3096=CARTESIAN_POINT('',(-1.8415E0,1.4605E0,-7.366E0));
#3097=CARTESIAN_POINT('',(-1.8415E0,1.0795E0,-7.366E0));
#3098=VERTEX_POINT('',#3096);
#3099=VERTEX_POINT('',#3097);
#3100=CARTESIAN_POINT('',(-1.4605E0,1.0795E0,-7.366E0));
#3101=VERTEX_POINT('',#3100);
#3102=CARTESIAN_POINT('',(-1.4605E0,1.4605E0,-7.366E0));
#3103=VERTEX_POINT('',#3102);
#3104=CARTESIAN_POINT('',(-1.8415E0,-1.0795E0,-7.366E0));
#3105=CARTESIAN_POINT('',(-1.8415E0,-1.4605E0,-7.366E0));
#3106=VERTEX_POINT('',#3104);
#3107=VERTEX_POINT('',#3105);
#3108=CARTESIAN_POINT('',(-1.4605E0,-1.4605E0,-7.366E0));
#3109=VERTEX_POINT('',#3108);
#3110=CARTESIAN_POINT('',(-1.4605E0,-1.0795E0,-7.366E0));
#3111=VERTEX_POINT('',#3110);
#3112=CARTESIAN_POINT('',(-3.1115E0,1.4605E0,-4.191E0));
#3113=CARTESIAN_POINT('',(-3.1115E0,1.0795E0,-4.191E0));
#3114=VERTEX_POINT('',#3112);
#3115=VERTEX_POINT('',#3113);
#3116=CARTESIAN_POINT('',(-2.7305E0,1.0795E0,-4.191E0));
#3117=VERTEX_POINT('',#3116);
#3118=CARTESIAN_POINT('',(-2.7305E0,1.4605E0,-4.191E0));
#3119=VERTEX_POINT('',#3118);
#3120=CARTESIAN_POINT('',(-3.1115E0,-1.0795E0,-4.191E0));
#3121=CARTESIAN_POINT('',(-3.1115E0,-1.4605E0,-4.191E0));
#3122=VERTEX_POINT('',#3120);
#3123=VERTEX_POINT('',#3121);
#3124=CARTESIAN_POINT('',(-2.7305E0,-1.4605E0,-4.191E0));
#3125=VERTEX_POINT('',#3124);
#3126=CARTESIAN_POINT('',(-2.7305E0,-1.0795E0,-4.191E0));
#3127=VERTEX_POINT('',#3126);
#3128=CARTESIAN_POINT('',(-3.1115E0,1.4605E0,-7.366E0));
#3129=CARTESIAN_POINT('',(-3.1115E0,1.0795E0,-7.366E0));
#3130=VERTEX_POINT('',#3128);
#3131=VERTEX_POINT('',#3129);
#3132=CARTESIAN_POINT('',(-2.7305E0,1.0795E0,-7.366E0));
#3133=VERTEX_POINT('',#3132);
#3134=CARTESIAN_POINT('',(-2.7305E0,1.4605E0,-7.366E0));
#3135=VERTEX_POINT('',#3134);
#3136=CARTESIAN_POINT('',(-3.1115E0,-1.0795E0,-7.366E0));
#3137=CARTESIAN_POINT('',(-3.1115E0,-1.4605E0,-7.366E0));
#3138=VERTEX_POINT('',#3136);
#3139=VERTEX_POINT('',#3137);
#3140=CARTESIAN_POINT('',(-2.7305E0,-1.4605E0,-7.366E0));
#3141=VERTEX_POINT('',#3140);
#3142=CARTESIAN_POINT('',(-2.7305E0,-1.0795E0,-7.366E0));
#3143=VERTEX_POINT('',#3142);
#3144=CARTESIAN_POINT('',(-4.3815E0,1.4605E0,-4.191E0));
#3145=CARTESIAN_POINT('',(-4.3815E0,1.0795E0,-4.191E0));
#3146=VERTEX_POINT('',#3144);
#3147=VERTEX_POINT('',#3145);
#3148=CARTESIAN_POINT('',(-4.0005E0,1.0795E0,-4.191E0));
#3149=VERTEX_POINT('',#3148);
#3150=CARTESIAN_POINT('',(-4.0005E0,1.4605E0,-4.191E0));
#3151=VERTEX_POINT('',#3150);
#3152=CARTESIAN_POINT('',(-4.3815E0,-1.0795E0,-4.191E0));
#3153=CARTESIAN_POINT('',(-4.3815E0,-1.4605E0,-4.191E0));
#3154=VERTEX_POINT('',#3152);
#3155=VERTEX_POINT('',#3153);
#3156=CARTESIAN_POINT('',(-4.0005E0,-1.4605E0,-4.191E0));
#3157=VERTEX_POINT('',#3156);
#3158=CARTESIAN_POINT('',(-4.0005E0,-1.0795E0,-4.191E0));
#3159=VERTEX_POINT('',#3158);
#3160=CARTESIAN_POINT('',(-4.3815E0,1.4605E0,-7.366E0));
#3161=CARTESIAN_POINT('',(-4.3815E0,1.0795E0,-7.366E0));
#3162=VERTEX_POINT('',#3160);
#3163=VERTEX_POINT('',#3161);
#3164=CARTESIAN_POINT('',(-4.0005E0,1.0795E0,-7.366E0));
#3165=VERTEX_POINT('',#3164);
#3166=CARTESIAN_POINT('',(-4.0005E0,1.4605E0,-7.366E0));
#3167=VERTEX_POINT('',#3166);
#3168=CARTESIAN_POINT('',(-4.3815E0,-1.0795E0,-7.366E0));
#3169=CARTESIAN_POINT('',(-4.3815E0,-1.4605E0,-7.366E0));
#3170=VERTEX_POINT('',#3168);
#3171=VERTEX_POINT('',#3169);
#3172=CARTESIAN_POINT('',(-4.0005E0,-1.4605E0,-7.366E0));
#3173=VERTEX_POINT('',#3172);
#3174=CARTESIAN_POINT('',(-4.0005E0,-1.0795E0,-7.366E0));
#3175=VERTEX_POINT('',#3174);
#3176=CARTESIAN_POINT('',(-5.6515E0,1.4605E0,-4.191E0));
#3177=CARTESIAN_POINT('',(-5.6515E0,1.0795E0,-4.191E0));
#3178=VERTEX_POINT('',#3176);
#3179=VERTEX_POINT('',#3177);
#3180=CARTESIAN_POINT('',(-5.2705E0,1.0795E0,-4.191E0));
#3181=VERTEX_POINT('',#3180);
#3182=CARTESIAN_POINT('',(-5.2705E0,1.4605E0,-4.191E0));
#3183=VERTEX_POINT('',#3182);
#3184=CARTESIAN_POINT('',(-5.6515E0,-1.0795E0,-4.191E0));
#3185=CARTESIAN_POINT('',(-5.6515E0,-1.4605E0,-4.191E0));
#3186=VERTEX_POINT('',#3184);
#3187=VERTEX_POINT('',#3185);
#3188=CARTESIAN_POINT('',(-5.2705E0,-1.4605E0,-4.191E0));
#3189=VERTEX_POINT('',#3188);
#3190=CARTESIAN_POINT('',(-5.2705E0,-1.0795E0,-4.191E0));
#3191=VERTEX_POINT('',#3190);
#3192=CARTESIAN_POINT('',(-5.6515E0,1.4605E0,-7.366E0));
#3193=CARTESIAN_POINT('',(-5.6515E0,1.0795E0,-7.366E0));
#3194=VERTEX_POINT('',#3192);
#3195=VERTEX_POINT('',#3193);
#3196=CARTESIAN_POINT('',(-5.2705E0,1.0795E0,-7.366E0));
#3197=VERTEX_POINT('',#3196);
#3198=CARTESIAN_POINT('',(-5.2705E0,1.4605E0,-7.366E0));
#3199=VERTEX_POINT('',#3198);
#3200=CARTESIAN_POINT('',(-5.6515E0,-1.0795E0,-7.366E0));
#3201=CARTESIAN_POINT('',(-5.6515E0,-1.4605E0,-7.366E0));
#3202=VERTEX_POINT('',#3200);
#3203=VERTEX_POINT('',#3201);
#3204=CARTESIAN_POINT('',(-5.2705E0,-1.4605E0,-7.366E0));
#3205=VERTEX_POINT('',#3204);
#3206=CARTESIAN_POINT('',(-5.2705E0,-1.0795E0,-7.366E0));
#3207=VERTEX_POINT('',#3206);
#3208=CARTESIAN_POINT('',(6.1595E0,-1.27E0,-1.245E1));
#3209=CARTESIAN_POINT('',(5.7785E0,-1.27E0,-1.245E1));
#3210=VERTEX_POINT('',#3208);
#3211=VERTEX_POINT('',#3209);
#3212=CARTESIAN_POINT('',(6.1595E0,1.27E0,-1.245E1));
#3213=CARTESIAN_POINT('',(5.7785E0,1.27E0,-1.245E1));
#3214=VERTEX_POINT('',#3212);
#3215=VERTEX_POINT('',#3213);
#3216=CARTESIAN_POINT('',(6.1595E0,-1.27E0,-9.91E0));
#3217=CARTESIAN_POINT('',(5.7785E0,-1.27E0,-9.91E0));
#3218=VERTEX_POINT('',#3216);
#3219=VERTEX_POINT('',#3217);
#3220=CARTESIAN_POINT('',(6.1595E0,1.27E0,-9.91E0));
#3221=CARTESIAN_POINT('',(5.7785E0,1.27E0,-9.91E0));
#3222=VERTEX_POINT('',#3220);
#3223=VERTEX_POINT('',#3221);
#3224=CARTESIAN_POINT('',(4.8895E0,-1.27E0,-1.245E1));
#3225=CARTESIAN_POINT('',(4.5085E0,-1.27E0,-1.245E1));
#3226=VERTEX_POINT('',#3224);
#3227=VERTEX_POINT('',#3225);
#3228=CARTESIAN_POINT('',(4.8895E0,1.27E0,-1.245E1));
#3229=CARTESIAN_POINT('',(4.5085E0,1.27E0,-1.245E1));
#3230=VERTEX_POINT('',#3228);
#3231=VERTEX_POINT('',#3229);
#3232=CARTESIAN_POINT('',(4.8895E0,-1.27E0,-9.91E0));
#3233=CARTESIAN_POINT('',(4.5085E0,-1.27E0,-9.91E0));
#3234=VERTEX_POINT('',#3232);
#3235=VERTEX_POINT('',#3233);
#3236=CARTESIAN_POINT('',(4.8895E0,1.27E0,-9.91E0));
#3237=CARTESIAN_POINT('',(4.5085E0,1.27E0,-9.91E0));
#3238=VERTEX_POINT('',#3236);
#3239=VERTEX_POINT('',#3237);
#3240=CARTESIAN_POINT('',(3.6195E0,-1.27E0,-1.245E1));
#3241=CARTESIAN_POINT('',(3.2385E0,-1.27E0,-1.245E1));
#3242=VERTEX_POINT('',#3240);
#3243=VERTEX_POINT('',#3241);
#3244=CARTESIAN_POINT('',(3.6195E0,1.27E0,-1.245E1));
#3245=CARTESIAN_POINT('',(3.2385E0,1.27E0,-1.245E1));
#3246=VERTEX_POINT('',#3244);
#3247=VERTEX_POINT('',#3245);
#3248=CARTESIAN_POINT('',(3.6195E0,-1.27E0,-9.91E0));
#3249=CARTESIAN_POINT('',(3.2385E0,-1.27E0,-9.91E0));
#3250=VERTEX_POINT('',#3248);
#3251=VERTEX_POINT('',#3249);
#3252=CARTESIAN_POINT('',(3.6195E0,1.27E0,-9.91E0));
#3253=CARTESIAN_POINT('',(3.2385E0,1.27E0,-9.91E0));
#3254=VERTEX_POINT('',#3252);
#3255=VERTEX_POINT('',#3253);
#3256=CARTESIAN_POINT('',(2.3495E0,-1.27E0,-1.245E1));
#3257=CARTESIAN_POINT('',(1.9685E0,-1.27E0,-1.245E1));
#3258=VERTEX_POINT('',#3256);
#3259=VERTEX_POINT('',#3257);
#3260=CARTESIAN_POINT('',(2.3495E0,1.27E0,-1.245E1));
#3261=CARTESIAN_POINT('',(1.9685E0,1.27E0,-1.245E1));
#3262=VERTEX_POINT('',#3260);
#3263=VERTEX_POINT('',#3261);
#3264=CARTESIAN_POINT('',(2.3495E0,-1.27E0,-9.91E0));
#3265=CARTESIAN_POINT('',(1.9685E0,-1.27E0,-9.91E0));
#3266=VERTEX_POINT('',#3264);
#3267=VERTEX_POINT('',#3265);
#3268=CARTESIAN_POINT('',(2.3495E0,1.27E0,-9.91E0));
#3269=CARTESIAN_POINT('',(1.9685E0,1.27E0,-9.91E0));
#3270=VERTEX_POINT('',#3268);
#3271=VERTEX_POINT('',#3269);
#3272=CARTESIAN_POINT('',(1.0795E0,-1.27E0,-1.245E1));
#3273=CARTESIAN_POINT('',(6.985E-1,-1.27E0,-1.245E1));
#3274=VERTEX_POINT('',#3272);
#3275=VERTEX_POINT('',#3273);
#3276=CARTESIAN_POINT('',(1.0795E0,1.27E0,-1.245E1));
#3277=CARTESIAN_POINT('',(6.985E-1,1.27E0,-1.245E1));
#3278=VERTEX_POINT('',#3276);
#3279=VERTEX_POINT('',#3277);
#3280=CARTESIAN_POINT('',(1.0795E0,-1.27E0,-9.91E0));
#3281=CARTESIAN_POINT('',(6.985E-1,-1.27E0,-9.91E0));
#3282=VERTEX_POINT('',#3280);
#3283=VERTEX_POINT('',#3281);
#3284=CARTESIAN_POINT('',(1.0795E0,1.27E0,-9.91E0));
#3285=CARTESIAN_POINT('',(6.985E-1,1.27E0,-9.91E0));
#3286=VERTEX_POINT('',#3284);
#3287=VERTEX_POINT('',#3285);
#3288=CARTESIAN_POINT('',(-1.905E-1,-1.27E0,-1.245E1));
#3289=CARTESIAN_POINT('',(-5.715E-1,-1.27E0,-1.245E1));
#3290=VERTEX_POINT('',#3288);
#3291=VERTEX_POINT('',#3289);
#3292=CARTESIAN_POINT('',(-1.905E-1,1.27E0,-1.245E1));
#3293=CARTESIAN_POINT('',(-5.715E-1,1.27E0,-1.245E1));
#3294=VERTEX_POINT('',#3292);
#3295=VERTEX_POINT('',#3293);
#3296=CARTESIAN_POINT('',(-1.905E-1,-1.27E0,-9.91E0));
#3297=CARTESIAN_POINT('',(-5.715E-1,-1.27E0,-9.91E0));
#3298=VERTEX_POINT('',#3296);
#3299=VERTEX_POINT('',#3297);
#3300=CARTESIAN_POINT('',(-1.905E-1,1.27E0,-9.91E0));
#3301=CARTESIAN_POINT('',(-5.715E-1,1.27E0,-9.91E0));
#3302=VERTEX_POINT('',#3300);
#3303=VERTEX_POINT('',#3301);
#3304=CARTESIAN_POINT('',(-1.4605E0,-1.27E0,-1.245E1));
#3305=CARTESIAN_POINT('',(-1.8415E0,-1.27E0,-1.245E1));
#3306=VERTEX_POINT('',#3304);
#3307=VERTEX_POINT('',#3305);
#3308=CARTESIAN_POINT('',(-1.4605E0,1.27E0,-1.245E1));
#3309=CARTESIAN_POINT('',(-1.8415E0,1.27E0,-1.245E1));
#3310=VERTEX_POINT('',#3308);
#3311=VERTEX_POINT('',#3309);
#3312=CARTESIAN_POINT('',(-1.4605E0,-1.27E0,-9.91E0));
#3313=CARTESIAN_POINT('',(-1.8415E0,-1.27E0,-9.91E0));
#3314=VERTEX_POINT('',#3312);
#3315=VERTEX_POINT('',#3313);
#3316=CARTESIAN_POINT('',(-1.4605E0,1.27E0,-9.91E0));
#3317=CARTESIAN_POINT('',(-1.8415E0,1.27E0,-9.91E0));
#3318=VERTEX_POINT('',#3316);
#3319=VERTEX_POINT('',#3317);
#3320=CARTESIAN_POINT('',(-2.7305E0,-1.27E0,-1.245E1));
#3321=CARTESIAN_POINT('',(-3.1115E0,-1.27E0,-1.245E1));
#3322=VERTEX_POINT('',#3320);
#3323=VERTEX_POINT('',#3321);
#3324=CARTESIAN_POINT('',(-2.7305E0,1.27E0,-1.245E1));
#3325=CARTESIAN_POINT('',(-3.1115E0,1.27E0,-1.245E1));
#3326=VERTEX_POINT('',#3324);
#3327=VERTEX_POINT('',#3325);
#3328=CARTESIAN_POINT('',(-2.7305E0,-1.27E0,-9.91E0));
#3329=CARTESIAN_POINT('',(-3.1115E0,-1.27E0,-9.91E0));
#3330=VERTEX_POINT('',#3328);
#3331=VERTEX_POINT('',#3329);
#3332=CARTESIAN_POINT('',(-2.7305E0,1.27E0,-9.91E0));
#3333=CARTESIAN_POINT('',(-3.1115E0,1.27E0,-9.91E0));
#3334=VERTEX_POINT('',#3332);
#3335=VERTEX_POINT('',#3333);
#3336=CARTESIAN_POINT('',(-4.0005E0,-1.27E0,-1.245E1));
#3337=CARTESIAN_POINT('',(-4.3815E0,-1.27E0,-1.245E1));
#3338=VERTEX_POINT('',#3336);
#3339=VERTEX_POINT('',#3337);
#3340=CARTESIAN_POINT('',(-4.0005E0,1.27E0,-1.245E1));
#3341=CARTESIAN_POINT('',(-4.3815E0,1.27E0,-1.245E1));
#3342=VERTEX_POINT('',#3340);
#3343=VERTEX_POINT('',#3341);
#3344=CARTESIAN_POINT('',(-4.0005E0,-1.27E0,-9.91E0));
#3345=CARTESIAN_POINT('',(-4.3815E0,-1.27E0,-9.91E0));
#3346=VERTEX_POINT('',#3344);
#3347=VERTEX_POINT('',#3345);
#3348=CARTESIAN_POINT('',(-4.0005E0,1.27E0,-9.91E0));
#3349=CARTESIAN_POINT('',(-4.3815E0,1.27E0,-9.91E0));
#3350=VERTEX_POINT('',#3348);
#3351=VERTEX_POINT('',#3349);
#3352=CARTESIAN_POINT('',(-5.2705E0,-1.27E0,-1.245E1));
#3353=CARTESIAN_POINT('',(-5.6515E0,-1.27E0,-1.245E1));
#3354=VERTEX_POINT('',#3352);
#3355=VERTEX_POINT('',#3353);
#3356=CARTESIAN_POINT('',(-5.2705E0,1.27E0,-1.245E1));
#3357=CARTESIAN_POINT('',(-5.6515E0,1.27E0,-1.245E1));
#3358=VERTEX_POINT('',#3356);
#3359=VERTEX_POINT('',#3357);
#3360=CARTESIAN_POINT('',(-5.2705E0,-1.27E0,-9.91E0));
#3361=CARTESIAN_POINT('',(-5.6515E0,-1.27E0,-9.91E0));
#3362=VERTEX_POINT('',#3360);
#3363=VERTEX_POINT('',#3361);
#3364=CARTESIAN_POINT('',(-5.2705E0,1.27E0,-9.91E0));
#3365=CARTESIAN_POINT('',(-5.6515E0,1.27E0,-9.91E0));
#3366=VERTEX_POINT('',#3364);
#3367=VERTEX_POINT('',#3365);
#3368=CARTESIAN_POINT('',(-7.879865859091E0,1.59E0,-7.116E0));
#3369=CARTESIAN_POINT('',(-6.985E0,1.59E0,-7.116E0));
#3370=VERTEX_POINT('',#3368);
#3371=VERTEX_POINT('',#3369);
#3372=CARTESIAN_POINT('',(-7.853589800275E0,1.34E0,-7.366E0));
#3373=CARTESIAN_POINT('',(-6.735E0,1.34E0,-7.366E0));
#3374=VERTEX_POINT('',#3372);
#3375=VERTEX_POINT('',#3373);
#3376=CARTESIAN_POINT('',(-6.985E0,2.59E0,-7.116E0));
#3377=VERTEX_POINT('',#3376);
#3378=CARTESIAN_POINT('',(-6.735E0,2.34E0,-7.366E0));
#3379=VERTEX_POINT('',#3378);
#3380=CARTESIAN_POINT('',(-1.525E0,2.34E0,-7.366E0));
#3381=VERTEX_POINT('',#3380);
#3382=CARTESIAN_POINT('',(-1.525E0,2.59E0,-7.116E0));
#3383=VERTEX_POINT('',#3382);
#3384=CARTESIAN_POINT('',(1.525E0,2.59E0,-7.116E0));
#3385=CARTESIAN_POINT('',(6.985E0,2.59E0,-7.116E0));
#3386=VERTEX_POINT('',#3384);
#3387=VERTEX_POINT('',#3385);
#3388=CARTESIAN_POINT('',(1.525E0,2.34E0,-7.366E0));
#3389=CARTESIAN_POINT('',(6.735E0,2.34E0,-7.366E0));
#3390=VERTEX_POINT('',#3388);
#3391=VERTEX_POINT('',#3389);
#3392=CARTESIAN_POINT('',(6.735E0,1.34E0,-7.366E0));
#3393=VERTEX_POINT('',#3392);
#3394=CARTESIAN_POINT('',(6.985E0,1.59E0,-7.116E0));
#3395=VERTEX_POINT('',#3394);
#3396=CARTESIAN_POINT('',(7.853589800275E0,1.34E0,-7.366E0));
#3397=VERTEX_POINT('',#3396);
#3398=CARTESIAN_POINT('',(7.879865859091E0,1.59E0,-7.116E0));
#3399=VERTEX_POINT('',#3398);
#3400=CARTESIAN_POINT('',(7.879865859091E0,-1.59E0,-7.116E0));
#3401=CARTESIAN_POINT('',(6.985E0,-1.59E0,-7.116E0));
#3402=VERTEX_POINT('',#3400);
#3403=VERTEX_POINT('',#3401);
#3404=CARTESIAN_POINT('',(7.853589800275E0,-1.34E0,-7.366E0));
#3405=CARTESIAN_POINT('',(6.735E0,-1.34E0,-7.366E0));
#3406=VERTEX_POINT('',#3404);
#3407=VERTEX_POINT('',#3405);
#3408=CARTESIAN_POINT('',(6.985E0,-2.59E0,-7.116E0));
#3409=VERTEX_POINT('',#3408);
#3410=CARTESIAN_POINT('',(6.735E0,-2.34E0,-7.366E0));
#3411=VERTEX_POINT('',#3410);
#3412=CARTESIAN_POINT('',(-6.735E0,-2.34E0,-7.366E0));
#3413=VERTEX_POINT('',#3412);
#3414=CARTESIAN_POINT('',(-6.985E0,-2.59E0,-7.116E0));
#3415=VERTEX_POINT('',#3414);
#3416=CARTESIAN_POINT('',(-6.735E0,-1.34E0,-7.366E0));
#3417=VERTEX_POINT('',#3416);
#3418=CARTESIAN_POINT('',(-6.985E0,-1.59E0,-7.116E0));
#3419=VERTEX_POINT('',#3418);
#3420=CARTESIAN_POINT('',(-7.853589800275E0,-1.34E0,-7.366E0));
#3421=VERTEX_POINT('',#3420);
#3422=CARTESIAN_POINT('',(-7.879865859091E0,-1.59E0,-7.116E0));
#3423=VERTEX_POINT('',#3422);
#3424=CARTESIAN_POINT('',(7.131646968374E0,1.59E0,0.E0));
#3425=CARTESIAN_POINT('',(6.985E0,1.59E0,-2.54E-1));
#3426=VERTEX_POINT('',#3424);
#3427=VERTEX_POINT('',#3425);
#3428=CARTESIAN_POINT('',(6.985E0,2.59E0,-2.54E-1));
#3429=VERTEX_POINT('',#3428);
#3430=CARTESIAN_POINT('',(7.131646968374E0,2.736646968374E0,0.E0));
#3431=VERTEX_POINT('',#3430);
#3432=CARTESIAN_POINT('',(2.794E0,2.59E0,-2.54E-1));
#3433=VERTEX_POINT('',#3432);
#3434=CARTESIAN_POINT('',(2.794E0,2.651980301707E0,-1.466469683742E-1));
#3435=VERTEX_POINT('',#3434);
#3436=CARTESIAN_POINT('',(3.048E0,2.736646968374E0,0.E0));
#3437=VERTEX_POINT('',#3436);
#3438=CARTESIAN_POINT('',(3.048E0,4.4188E0,0.E0));
#3439=VERTEX_POINT('',#3438);
#3440=CARTESIAN_POINT('',(2.794E0,4.1648E0,-1.466469683742E-1));
#3441=VERTEX_POINT('',#3440);
#3442=CARTESIAN_POINT('',(-3.048E0,4.4188E0,0.E0));
#3443=VERTEX_POINT('',#3442);
#3444=CARTESIAN_POINT('',(-2.794E0,4.1648E0,-1.466469683742E-1));
#3445=VERTEX_POINT('',#3444);
#3446=CARTESIAN_POINT('',(-2.794E0,2.651980301707E0,-1.466469683742E-1));
#3447=VERTEX_POINT('',#3446);
#3448=CARTESIAN_POINT('',(-3.048E0,2.736646968374E0,0.E0));
#3449=VERTEX_POINT('',#3448);
#3450=CARTESIAN_POINT('',(-6.985E0,1.59E0,-2.54E-1));
#3451=CARTESIAN_POINT('',(-7.131646968374E0,1.59E0,0.E0));
#3452=VERTEX_POINT('',#3450);
#3453=VERTEX_POINT('',#3451);
#3454=CARTESIAN_POINT('',(-7.131646968374E0,2.736646968374E0,0.E0));
#3455=VERTEX_POINT('',#3454);
#3456=CARTESIAN_POINT('',(-6.985E0,2.59E0,-2.54E-1));
#3457=VERTEX_POINT('',#3456);
#3458=CARTESIAN_POINT('',(-2.794E0,2.59E0,-2.54E-1));
#3459=VERTEX_POINT('',#3458);
#3460=CARTESIAN_POINT('',(-1.525E0,2.736646968374E0,-3.81E0));
#3461=CARTESIAN_POINT('',(-2.794E0,2.736646968374E0,-3.81E0));
#3462=VERTEX_POINT('',#3460);
#3463=VERTEX_POINT('',#3461);
#3464=CARTESIAN_POINT('',(-1.525E0,2.59E0,-4.064E0));
#3465=VERTEX_POINT('',#3464);
#3466=CARTESIAN_POINT('',(-2.794E0,2.59E0,-4.064E0));
#3467=VERTEX_POINT('',#3466);
#3468=CARTESIAN_POINT('',(1.525E0,2.59E0,-4.064E0));
#3469=CARTESIAN_POINT('',(1.525E0,2.736646968374E0,-3.81E0));
#3470=VERTEX_POINT('',#3468);
#3471=VERTEX_POINT('',#3469);
#3472=CARTESIAN_POINT('',(2.794E0,2.736646968374E0,-3.81E0));
#3473=VERTEX_POINT('',#3472);
#3474=CARTESIAN_POINT('',(2.794E0,2.59E0,-4.064E0));
#3475=VERTEX_POINT('',#3474);
#3476=CARTESIAN_POINT('',(8.E0,-2.59E0,-1.466469683742E-1));
#3477=CARTESIAN_POINT('',(8.E0,-2.844E0,0.E0));
#3478=VERTEX_POINT('',#3476);
#3479=VERTEX_POINT('',#3477);
#3480=CARTESIAN_POINT('',(-8.E0,-2.844E0,0.E0));
#3481=VERTEX_POINT('',#3480);
#3482=CARTESIAN_POINT('',(-8.E0,-2.59E0,-1.466469683742E-1));
#3483=VERTEX_POINT('',#3482);
#3484=CARTESIAN_POINT('',(-8.E0,-3.605E0,0.E0));
#3485=DIRECTION('',(0.E0,-1.E0,0.E0));
#3486=DIRECTION('',(0.E0,0.E0,-1.E0));
#3487=AXIS2_PLACEMENT_3D('',#3484,#3485,#3486);
#3488=PLANE('',#3487);
#3490=ORIENTED_EDGE('',*,*,#3489,.F.);
#3492=ORIENTED_EDGE('',*,*,#3491,.T.);
#3494=ORIENTED_EDGE('',*,*,#3493,.F.);
#3496=ORIENTED_EDGE('',*,*,#3495,.T.);
#3498=ORIENTED_EDGE('',*,*,#3497,.T.);
#3500=ORIENTED_EDGE('',*,*,#3499,.T.);
#3502=ORIENTED_EDGE('',*,*,#3501,.F.);
#3504=ORIENTED_EDGE('',*,*,#3503,.T.);
#3506=ORIENTED_EDGE('',*,*,#3505,.T.);
#3508=ORIENTED_EDGE('',*,*,#3507,.T.);
#3510=ORIENTED_EDGE('',*,*,#3509,.T.);
#3512=ORIENTED_EDGE('',*,*,#3511,.T.);
#3514=ORIENTED_EDGE('',*,*,#3513,.F.);
#3516=ORIENTED_EDGE('',*,*,#3515,.F.);
#3517=EDGE_LOOP('',(#3490,#3492,#3494,#3496,#3498,#3500,#3502,#3504,#3506,#3508,
#3510,#3512,#3514,#3516));
#3518=FACE_OUTER_BOUND('',#3517,.F.);
#3520=CARTESIAN_POINT('',(7.8476E0,-3.5034E0,-8.894E0));
#3521=DIRECTION('',(0.E0,0.E0,1.E0));
#3522=DIRECTION('',(0.E0,-1.E0,0.E0));
#3523=AXIS2_PLACEMENT_3D('',#3520,#3521,#3522);
#3524=PLANE('',#3523);
#3525=ORIENTED_EDGE('',*,*,#3489,.T.);
#3527=ORIENTED_EDGE('',*,*,#3526,.T.);
#3529=ORIENTED_EDGE('',*,*,#3528,.T.);
#3531=ORIENTED_EDGE('',*,*,#3530,.F.);
#3532=EDGE_LOOP('',(#3525,#3527,#3529,#3531));
#3533=FACE_OUTER_BOUND('',#3532,.F.);
#3535=CARTESIAN_POINT('',(7.8476E0,6.00636E0,-9.91E0));
#3536=DIRECTION('',(-1.E0,0.E0,0.E0));
#3537=DIRECTION('',(0.E0,0.E0,1.E0));
#3538=AXIS2_PLACEMENT_3D('',#3535,#3536,#3537);
#3539=PLANE('',#3538);
#3541=ORIENTED_EDGE('',*,*,#3540,.T.);
#3542=ORIENTED_EDGE('',*,*,#3526,.F.);
#3543=ORIENTED_EDGE('',*,*,#3515,.T.);
#3545=ORIENTED_EDGE('',*,*,#3544,.F.);
#3547=ORIENTED_EDGE('',*,*,#3546,.F.);
#3549=ORIENTED_EDGE('',*,*,#3548,.T.);
#3551=ORIENTED_EDGE('',*,*,#3550,.F.);
#3553=ORIENTED_EDGE('',*,*,#3552,.F.);
#3554=EDGE_LOOP('',(#3541,#3542,#3543,#3545,#3547,#3549,#3551,#3553));
#3555=FACE_OUTER_BOUND('',#3554,.F.);
#3557=CARTESIAN_POINT('',(7.8476E0,-3.5034E0,-9.91E0));
#3558=DIRECTION('',(0.E0,1.E0,0.E0));
#3559=DIRECTION('',(0.E0,0.E0,1.E0));
#3560=AXIS2_PLACEMENT_3D('',#3557,#3558,#3559);
#3561=PLANE('',#3560);
#3563=ORIENTED_EDGE('',*,*,#3562,.F.);
#3565=ORIENTED_EDGE('',*,*,#3564,.T.);
#3566=ORIENTED_EDGE('',*,*,#3528,.F.);
#3567=ORIENTED_EDGE('',*,*,#3540,.F.);
#3568=EDGE_LOOP('',(#3563,#3565,#3566,#3567));
#3569=FACE_OUTER_BOUND('',#3568,.F.);
#3571=CARTESIAN_POINT('',(-8.E0,-3.605E0,-9.91E0));
#3572=DIRECTION('',(0.E0,0.E0,-1.E0));
#3573=DIRECTION('',(0.E0,1.E0,0.E0));
#3574=AXIS2_PLACEMENT_3D('',#3571,#3572,#3573);
#3575=PLANE('',#3574);
#3576=ORIENTED_EDGE('',*,*,#3562,.T.);
#3577=ORIENTED_EDGE('',*,*,#3552,.T.);
#3579=ORIENTED_EDGE('',*,*,#3578,.F.);
#3581=ORIENTED_EDGE('',*,*,#3580,.F.);
#3582=EDGE_LOOP('',(#3576,#3577,#3579,#3581));
#3583=FACE_OUTER_BOUND('',#3582,.F.);
#3585=ORIENTED_EDGE('',*,*,#3584,.T.);
#3587=ORIENTED_EDGE('',*,*,#3586,.T.);
#3588=EDGE_LOOP('',(#3585,#3587));
#3589=FACE_BOUND('',#3588,.F.);
#3591=ORIENTED_EDGE('',*,*,#3590,.T.);
#3593=ORIENTED_EDGE('',*,*,#3592,.T.);
#3594=EDGE_LOOP('',(#3591,#3593));
#3595=FACE_BOUND('',#3594,.F.);
#3597=ORIENTED_EDGE('',*,*,#3596,.T.);
#3599=ORIENTED_EDGE('',*,*,#3598,.T.);
#3600=EDGE_LOOP('',(#3597,#3599));
#3601=FACE_BOUND('',#3600,.F.);
#3603=ORIENTED_EDGE('',*,*,#3602,.T.);
#3605=ORIENTED_EDGE('',*,*,#3604,.T.);
#3606=EDGE_LOOP('',(#3603,#3605));
#3607=FACE_BOUND('',#3606,.F.);
#3609=ORIENTED_EDGE('',*,*,#3608,.T.);
#3611=ORIENTED_EDGE('',*,*,#3610,.T.);
#3612=EDGE_LOOP('',(#3609,#3611));
#3613=FACE_BOUND('',#3612,.F.);
#3615=ORIENTED_EDGE('',*,*,#3614,.T.);
#3617=ORIENTED_EDGE('',*,*,#3616,.T.);
#3618=EDGE_LOOP('',(#3615,#3617));
#3619=FACE_BOUND('',#3618,.F.);
#3621=ORIENTED_EDGE('',*,*,#3620,.T.);
#3623=ORIENTED_EDGE('',*,*,#3622,.T.);
#3624=EDGE_LOOP('',(#3621,#3623));
#3625=FACE_BOUND('',#3624,.F.);
#3627=ORIENTED_EDGE('',*,*,#3626,.T.);
#3629=ORIENTED_EDGE('',*,*,#3628,.T.);
#3630=EDGE_LOOP('',(#3627,#3629));
#3631=FACE_BOUND('',#3630,.F.);
#3633=ORIENTED_EDGE('',*,*,#3632,.T.);
#3635=ORIENTED_EDGE('',*,*,#3634,.T.);
#3636=EDGE_LOOP('',(#3633,#3635));
#3637=FACE_BOUND('',#3636,.F.);
#3639=ORIENTED_EDGE('',*,*,#3638,.T.);
#3641=ORIENTED_EDGE('',*,*,#3640,.T.);
#3642=EDGE_LOOP('',(#3639,#3641));
#3643=FACE_BOUND('',#3642,.F.);
#3645=ORIENTED_EDGE('',*,*,#3644,.T.);
#3647=ORIENTED_EDGE('',*,*,#3646,.T.);
#3648=EDGE_LOOP('',(#3645,#3647));
#3649=FACE_BOUND('',#3648,.F.);
#3651=ORIENTED_EDGE('',*,*,#3650,.T.);
#3653=ORIENTED_EDGE('',*,*,#3652,.T.);
#3654=EDGE_LOOP('',(#3651,#3653));
#3655=FACE_BOUND('',#3654,.F.);
#3657=ORIENTED_EDGE('',*,*,#3656,.T.);
#3659=ORIENTED_EDGE('',*,*,#3658,.T.);
#3660=EDGE_LOOP('',(#3657,#3659));
#3661=FACE_BOUND('',#3660,.F.);
#3663=ORIENTED_EDGE('',*,*,#3662,.T.);
#3665=ORIENTED_EDGE('',*,*,#3664,.T.);
#3666=EDGE_LOOP('',(#3663,#3665));
#3667=FACE_BOUND('',#3666,.F.);
#3669=ORIENTED_EDGE('',*,*,#3668,.T.);
#3671=ORIENTED_EDGE('',*,*,#3670,.T.);
#3672=EDGE_LOOP('',(#3669,#3671));
#3673=FACE_BOUND('',#3672,.F.);
#3675=ORIENTED_EDGE('',*,*,#3674,.T.);
#3677=ORIENTED_EDGE('',*,*,#3676,.T.);
#3678=EDGE_LOOP('',(#3675,#3677));
#3679=FACE_BOUND('',#3678,.F.);
#3681=ORIENTED_EDGE('',*,*,#3680,.T.);
#3683=ORIENTED_EDGE('',*,*,#3682,.T.);
#3684=EDGE_LOOP('',(#3681,#3683));
#3685=FACE_BOUND('',#3684,.F.);
#3687=ORIENTED_EDGE('',*,*,#3686,.T.);
#3689=ORIENTED_EDGE('',*,*,#3688,.T.);
#3690=EDGE_LOOP('',(#3687,#3689));
#3691=FACE_BOUND('',#3690,.F.);
#3693=ORIENTED_EDGE('',*,*,#3692,.T.);
#3695=ORIENTED_EDGE('',*,*,#3694,.T.);
#3696=EDGE_LOOP('',(#3693,#3695));
#3697=FACE_BOUND('',#3696,.F.);
#3699=ORIENTED_EDGE('',*,*,#3698,.T.);
#3701=ORIENTED_EDGE('',*,*,#3700,.T.);
#3702=EDGE_LOOP('',(#3699,#3701));
#3703=FACE_BOUND('',#3702,.F.);
#3705=CARTESIAN_POINT('',(7.8476E0,3.5034E0,-8.894E0));
#3706=DIRECTION('',(0.E0,-1.E0,0.E0));
#3707=DIRECTION('',(0.E0,0.E0,-1.E0));
#3708=AXIS2_PLACEMENT_3D('',#3705,#3706,#3707);
#3709=PLANE('',#3708);
#3710=ORIENTED_EDGE('',*,*,#3578,.T.);
#3711=ORIENTED_EDGE('',*,*,#3550,.T.);
#3713=ORIENTED_EDGE('',*,*,#3712,.T.);
#3715=ORIENTED_EDGE('',*,*,#3714,.F.);
#3716=EDGE_LOOP('',(#3710,#3711,#3713,#3715));
#3717=FACE_OUTER_BOUND('',#3716,.F.);
#3719=CARTESIAN_POINT('',(7.8476E0,3.605E0,-8.894E0));
#3720=DIRECTION('',(0.E0,0.E0,1.E0));
#3721=DIRECTION('',(0.E0,-1.E0,0.E0));
#3722=AXIS2_PLACEMENT_3D('',#3719,#3720,#3721);
#3723=PLANE('',#3722);
#3725=ORIENTED_EDGE('',*,*,#3724,.F.);
#3727=ORIENTED_EDGE('',*,*,#3726,.T.);
#3728=ORIENTED_EDGE('',*,*,#3712,.F.);
#3729=ORIENTED_EDGE('',*,*,#3548,.F.);
#3730=EDGE_LOOP('',(#3725,#3727,#3728,#3729));
#3731=FACE_OUTER_BOUND('',#3730,.F.);
#3733=CARTESIAN_POINT('',(-8.E0,3.605E0,-9.91E0));
#3734=DIRECTION('',(0.E0,1.E0,0.E0));
#3735=DIRECTION('',(0.E0,0.E0,1.E0));
#3736=AXIS2_PLACEMENT_3D('',#3733,#3734,#3735);
#3737=PLANE('',#3736);
#3739=ORIENTED_EDGE('',*,*,#3738,.T.);
#3741=ORIENTED_EDGE('',*,*,#3740,.T.);
#3743=ORIENTED_EDGE('',*,*,#3742,.F.);
#3745=ORIENTED_EDGE('',*,*,#3744,.F.);
#3747=ORIENTED_EDGE('',*,*,#3746,.F.);
#3749=ORIENTED_EDGE('',*,*,#3748,.F.);
#3751=ORIENTED_EDGE('',*,*,#3750,.F.);
#3753=ORIENTED_EDGE('',*,*,#3752,.F.);
#3755=ORIENTED_EDGE('',*,*,#3754,.T.);
#3757=ORIENTED_EDGE('',*,*,#3756,.F.);
#3759=ORIENTED_EDGE('',*,*,#3758,.F.);
#3761=ORIENTED_EDGE('',*,*,#3760,.T.);
#3763=ORIENTED_EDGE('',*,*,#3762,.F.);
#3765=ORIENTED_EDGE('',*,*,#3764,.F.);
#3767=ORIENTED_EDGE('',*,*,#3766,.F.);
#3769=ORIENTED_EDGE('',*,*,#3768,.F.);
#3771=ORIENTED_EDGE('',*,*,#3770,.F.);
#3773=ORIENTED_EDGE('',*,*,#3772,.T.);
#3775=ORIENTED_EDGE('',*,*,#3774,.F.);
#3776=ORIENTED_EDGE('',*,*,#3724,.T.);
#3777=ORIENTED_EDGE('',*,*,#3546,.T.);
#3779=ORIENTED_EDGE('',*,*,#3778,.T.);
#3781=ORIENTED_EDGE('',*,*,#3780,.F.);
#3783=ORIENTED_EDGE('',*,*,#3782,.F.);
#3785=ORIENTED_EDGE('',*,*,#3784,.F.);
#3787=ORIENTED_EDGE('',*,*,#3786,.T.);
#3789=ORIENTED_EDGE('',*,*,#3788,.F.);
#3790=EDGE_LOOP('',(#3739,#3741,#3743,#3745,#3747,#3749,#3751,#3753,#3755,#3757,
#3759,#3761,#3763,#3765,#3767,#3769,#3771,#3773,#3775,#3776,#3777,#3779,#3781,
#3783,#3785,#3787,#3789));
#3791=FACE_OUTER_BOUND('',#3790,.F.);
#3793=CARTESIAN_POINT('',(6.095E0,3.605E0,0.E0));
#3794=DIRECTION('',(9.659258262891E-1,0.E0,-2.588190451025E-1));
#3795=DIRECTION('',(-2.588190451025E-1,0.E0,-9.659258262891E-1));
#3796=AXIS2_PLACEMENT_3D('',#3793,#3794,#3795);
#3797=PLANE('',#3796);
#3799=ORIENTED_EDGE('',*,*,#3798,.F.);
#3801=ORIENTED_EDGE('',*,*,#3800,.T.);
#3803=ORIENTED_EDGE('',*,*,#3802,.F.);
#3804=ORIENTED_EDGE('',*,*,#3738,.F.);
#3805=EDGE_LOOP('',(#3799,#3801,#3803,#3804));
#3806=FACE_OUTER_BOUND('',#3805,.F.);
#3808=CARTESIAN_POINT('',(-8.E0,3.605E0,0.E0));
#3809=DIRECTION('',(0.E0,0.E0,1.E0));
#3810=DIRECTION('',(0.E0,-1.E0,0.E0));
#3811=AXIS2_PLACEMENT_3D('',#3808,#3809,#3810);
#3812=PLANE('',#3811);
#3814=ORIENTED_EDGE('',*,*,#3813,.T.);
#3816=ORIENTED_EDGE('',*,*,#3815,.T.);
#3817=ORIENTED_EDGE('',*,*,#3503,.F.);
#3819=ORIENTED_EDGE('',*,*,#3818,.F.);
#3820=EDGE_LOOP('',(#3814,#3816,#3817,#3819));
#3821=FACE_OUTER_BOUND('',#3820,.F.);
#3823=CARTESIAN_POINT('',(-8.E0,3.605E0,0.E0));
#3824=DIRECTION('',(0.E0,0.E0,1.E0));
#3825=DIRECTION('',(0.E0,-1.E0,0.E0));
#3826=AXIS2_PLACEMENT_3D('',#3823,#3824,#3825);
#3827=PLANE('',#3826);
#3829=ORIENTED_EDGE('',*,*,#3828,.T.);
#3830=ORIENTED_EDGE('',*,*,#3798,.T.);
#3831=ORIENTED_EDGE('',*,*,#3788,.T.);
#3833=ORIENTED_EDGE('',*,*,#3832,.T.);
#3835=ORIENTED_EDGE('',*,*,#3834,.T.);
#3837=ORIENTED_EDGE('',*,*,#3836,.F.);
#3839=ORIENTED_EDGE('',*,*,#3838,.F.);
#3841=ORIENTED_EDGE('',*,*,#3840,.F.);
#3843=ORIENTED_EDGE('',*,*,#3842,.F.);
#3845=ORIENTED_EDGE('',*,*,#3844,.F.);
#3847=ORIENTED_EDGE('',*,*,#3846,.F.);
#3849=ORIENTED_EDGE('',*,*,#3848,.F.);
#3851=ORIENTED_EDGE('',*,*,#3850,.F.);
#3853=ORIENTED_EDGE('',*,*,#3852,.F.);
#3854=ORIENTED_EDGE('',*,*,#3762,.T.);
#3856=ORIENTED_EDGE('',*,*,#3855,.F.);
#3858=ORIENTED_EDGE('',*,*,#3857,.F.);
#3860=ORIENTED_EDGE('',*,*,#3859,.F.);
#3861=ORIENTED_EDGE('',*,*,#3742,.T.);
#3863=ORIENTED_EDGE('',*,*,#3862,.F.);
#3864=EDGE_LOOP('',(#3829,#3830,#3831,#3833,#3835,#3837,#3839,#3841,#3843,#3845,
#3847,#3849,#3851,#3853,#3854,#3856,#3858,#3860,#3861,#3863));
#3865=FACE_OUTER_BOUND('',#3864,.F.);
#3867=CARTESIAN_POINT('',(0.E0,-2.717E0,-7.332348418708E-2));
#3868=DIRECTION('',(0.E0,5.E-1,8.660254037844E-1));
#3869=DIRECTION('',(0.E0,-8.660254037844E-1,5.E-1));
#3870=AXIS2_PLACEMENT_3D('',#3867,#3868,#3869);
#3871=PLANE('',#3870);
#3873=ORIENTED_EDGE('',*,*,#3872,.T.);
#3874=ORIENTED_EDGE('',*,*,#3813,.F.);
#3876=ORIENTED_EDGE('',*,*,#3875,.T.);
#3878=ORIENTED_EDGE('',*,*,#3877,.T.);
#3879=EDGE_LOOP('',(#3873,#3874,#3876,#3878));
#3880=FACE_OUTER_BOUND('',#3879,.F.);
#3882=CARTESIAN_POINT('',(8.E0,0.E0,0.E0));
#3883=DIRECTION('',(1.E0,0.E0,0.E0));
#3884=DIRECTION('',(0.E0,0.E0,1.E0));
#3885=AXIS2_PLACEMENT_3D('',#3882,#3883,#3884);
#3886=PLANE('',#3885);
#3888=ORIENTED_EDGE('',*,*,#3887,.F.);
#3889=ORIENTED_EDGE('',*,*,#3832,.F.);
#3890=ORIENTED_EDGE('',*,*,#3786,.F.);
#3892=ORIENTED_EDGE('',*,*,#3891,.T.);
#3893=EDGE_LOOP('',(#3888,#3889,#3890,#3892));
#3894=FACE_OUTER_BOUND('',#3893,.F.);
#3896=CARTESIAN_POINT('',(8.E0,0.E0,0.E0));
#3897=DIRECTION('',(1.E0,0.E0,0.E0));
#3898=DIRECTION('',(0.E0,0.E0,1.E0));
#3899=AXIS2_PLACEMENT_3D('',#3896,#3897,#3898);
#3900=PLANE('',#3899);
#3901=ORIENTED_EDGE('',*,*,#3872,.F.);
#3903=ORIENTED_EDGE('',*,*,#3902,.T.);
#3905=ORIENTED_EDGE('',*,*,#3904,.T.);
#3907=ORIENTED_EDGE('',*,*,#3906,.F.);
#3909=ORIENTED_EDGE('',*,*,#3908,.T.);
#3911=ORIENTED_EDGE('',*,*,#3910,.T.);
#3912=ORIENTED_EDGE('',*,*,#3505,.F.);
#3913=ORIENTED_EDGE('',*,*,#3815,.F.);
#3914=EDGE_LOOP('',(#3901,#3903,#3905,#3907,#3909,#3911,#3912,#3913));
#3915=FACE_OUTER_BOUND('',#3914,.F.);
#3917=CARTESIAN_POINT('',(-8.E0,1.59E0,0.E0));
#3918=DIRECTION('',(0.E0,1.E0,0.E0));
#3919=DIRECTION('',(1.E0,0.E0,0.E0));
#3920=AXIS2_PLACEMENT_3D('',#3917,#3918,#3919);
#3921=PLANE('',#3920);
#3923=ORIENTED_EDGE('',*,*,#3922,.F.);
#3924=ORIENTED_EDGE('',*,*,#3834,.F.);
#3925=ORIENTED_EDGE('',*,*,#3887,.T.);
#3927=ORIENTED_EDGE('',*,*,#3926,.T.);
#3929=ORIENTED_EDGE('',*,*,#3928,.T.);
#3931=ORIENTED_EDGE('',*,*,#3930,.T.);
#3933=ORIENTED_EDGE('',*,*,#3932,.T.);
#3935=ORIENTED_EDGE('',*,*,#3934,.F.);
#3937=ORIENTED_EDGE('',*,*,#3936,.F.);
#3939=ORIENTED_EDGE('',*,*,#3938,.F.);
#3941=ORIENTED_EDGE('',*,*,#3940,.F.);
#3942=EDGE_LOOP('',(#3923,#3924,#3925,#3927,#3929,#3931,#3933,#3935,#3937,#3939,
#3941));
#3943=FACE_OUTER_BOUND('',#3942,.F.);
#3945=CARTESIAN_POINT('',(-8.E0,1.59E0,0.E0));
#3946=DIRECTION('',(0.E0,1.E0,0.E0));
#3947=DIRECTION('',(1.E0,0.E0,0.E0));
#3948=AXIS2_PLACEMENT_3D('',#3945,#3946,#3947);
#3949=PLANE('',#3948);
#3951=ORIENTED_EDGE('',*,*,#3950,.F.);
#3953=ORIENTED_EDGE('',*,*,#3952,.T.);
#3955=ORIENTED_EDGE('',*,*,#3954,.F.);
#3957=ORIENTED_EDGE('',*,*,#3956,.F.);
#3959=ORIENTED_EDGE('',*,*,#3958,.T.);
#3961=ORIENTED_EDGE('',*,*,#3960,.T.);
#3963=ORIENTED_EDGE('',*,*,#3962,.T.);
#3965=ORIENTED_EDGE('',*,*,#3964,.T.);
#3967=ORIENTED_EDGE('',*,*,#3966,.F.);
#3969=ORIENTED_EDGE('',*,*,#3968,.F.);
#3970=ORIENTED_EDGE('',*,*,#3850,.T.);
#3971=EDGE_LOOP('',(#3951,#3953,#3955,#3957,#3959,#3961,#3963,#3965,#3967,#3969,
#3970));
#3972=FACE_OUTER_BOUND('',#3971,.F.);
#3974=CARTESIAN_POINT('',(7.058323484187E0,2.09E0,-1.27E-1));
#3975=DIRECTION('',(-8.660254037844E-1,0.E0,5.E-1));
#3976=DIRECTION('',(-5.E-1,0.E0,-8.660254037844E-1));
#3977=AXIS2_PLACEMENT_3D('',#3974,#3975,#3976);
#3978=PLANE('',#3977);
#3979=ORIENTED_EDGE('',*,*,#3922,.T.);
#3981=ORIENTED_EDGE('',*,*,#3980,.F.);
#3983=ORIENTED_EDGE('',*,*,#3982,.T.);
#3984=ORIENTED_EDGE('',*,*,#3836,.T.);
#3985=EDGE_LOOP('',(#3979,#3981,#3983,#3984));
#3986=FACE_OUTER_BOUND('',#3985,.F.);
#3988=CARTESIAN_POINT('',(6.985E0,2.59E0,0.E0));
#3989=DIRECTION('',(1.E0,0.E0,0.E0));
#3990=DIRECTION('',(0.E0,-1.E0,0.E0));
#3991=AXIS2_PLACEMENT_3D('',#3988,#3989,#3990);
#3992=PLANE('',#3991);
#3993=ORIENTED_EDGE('',*,*,#3980,.T.);
#3994=ORIENTED_EDGE('',*,*,#3940,.T.);
#3996=ORIENTED_EDGE('',*,*,#3995,.F.);
#3998=ORIENTED_EDGE('',*,*,#3997,.F.);
#3999=EDGE_LOOP('',(#3993,#3994,#3996,#3998));
#4000=FACE_OUTER_BOUND('',#3999,.F.);
#4002=CARTESIAN_POINT('',(6.735E0,1.652293536E1,-7.116E0));
#4003=DIRECTION('',(0.E0,-1.E0,0.E0));
#4004=DIRECTION('',(0.E0,0.E0,-1.E0));
#4005=AXIS2_PLACEMENT_3D('',#4002,#4003,#4004);
#4006=CYLINDRICAL_SURFACE('',#4005,2.5E-1);
#4008=ORIENTED_EDGE('',*,*,#4007,.F.);
#4010=ORIENTED_EDGE('',*,*,#4009,.F.);
#4011=ORIENTED_EDGE('',*,*,#3995,.T.);
#4013=ORIENTED_EDGE('',*,*,#4012,.T.);
#4014=EDGE_LOOP('',(#4008,#4010,#4011,#4013));
#4015=FACE_OUTER_BOUND('',#4014,.F.);
#4017=CARTESIAN_POINT('',(-8.E0,3.605E0,-7.366E0));
#4018=DIRECTION('',(0.E0,0.E0,-1.E0));
#4019=DIRECTION('',(-1.E0,0.E0,0.E0));
#4020=AXIS2_PLACEMENT_3D('',#4017,#4018,#4019);
#4021=PLANE('',#4020);
#4023=ORIENTED_EDGE('',*,*,#4022,.T.);
#4025=ORIENTED_EDGE('',*,*,#4024,.T.);
#4027=ORIENTED_EDGE('',*,*,#4026,.T.);
#4029=ORIENTED_EDGE('',*,*,#4028,.F.);
#4030=ORIENTED_EDGE('',*,*,#3752,.T.);
#4032=ORIENTED_EDGE('',*,*,#4031,.F.);
#4034=ORIENTED_EDGE('',*,*,#4033,.T.);
#4035=ORIENTED_EDGE('',*,*,#4007,.T.);
#4037=ORIENTED_EDGE('',*,*,#4036,.T.);
#4039=ORIENTED_EDGE('',*,*,#4038,.F.);
#4041=ORIENTED_EDGE('',*,*,#4040,.T.);
#4043=ORIENTED_EDGE('',*,*,#4042,.T.);
#4045=ORIENTED_EDGE('',*,*,#4044,.T.);
#4047=ORIENTED_EDGE('',*,*,#4046,.T.);
#4049=ORIENTED_EDGE('',*,*,#4048,.T.);
#4051=ORIENTED_EDGE('',*,*,#4050,.T.);
#4052=EDGE_LOOP('',(#4023,#4025,#4027,#4029,#4030,#4032,#4034,#4035,#4037,#4039,
#4041,#4043,#4045,#4047,#4049,#4051));
#4053=FACE_OUTER_BOUND('',#4052,.F.);
#4055=ORIENTED_EDGE('',*,*,#4054,.T.);
#4057=ORIENTED_EDGE('',*,*,#4056,.T.);
#4059=ORIENTED_EDGE('',*,*,#4058,.T.);
#4061=ORIENTED_EDGE('',*,*,#4060,.T.);
#4062=EDGE_LOOP('',(#4055,#4057,#4059,#4061));
#4063=FACE_BOUND('',#4062,.F.);
#4065=ORIENTED_EDGE('',*,*,#4064,.T.);
#4067=ORIENTED_EDGE('',*,*,#4066,.T.);
#4069=ORIENTED_EDGE('',*,*,#4068,.T.);
#4071=ORIENTED_EDGE('',*,*,#4070,.T.);
#4072=EDGE_LOOP('',(#4065,#4067,#4069,#4071));
#4073=FACE_BOUND('',#4072,.F.);
#4075=ORIENTED_EDGE('',*,*,#4074,.T.);
#4077=ORIENTED_EDGE('',*,*,#4076,.T.);
#4079=ORIENTED_EDGE('',*,*,#4078,.T.);
#4081=ORIENTED_EDGE('',*,*,#4080,.T.);
#4082=EDGE_LOOP('',(#4075,#4077,#4079,#4081));
#4083=FACE_BOUND('',#4082,.F.);
#4085=ORIENTED_EDGE('',*,*,#4084,.T.);
#4087=ORIENTED_EDGE('',*,*,#4086,.T.);
#4089=ORIENTED_EDGE('',*,*,#4088,.T.);
#4091=ORIENTED_EDGE('',*,*,#4090,.T.);
#4092=EDGE_LOOP('',(#4085,#4087,#4089,#4091));
#4093=FACE_BOUND('',#4092,.F.);
#4095=ORIENTED_EDGE('',*,*,#4094,.T.);
#4097=ORIENTED_EDGE('',*,*,#4096,.T.);
#4099=ORIENTED_EDGE('',*,*,#4098,.T.);
#4101=ORIENTED_EDGE('',*,*,#4100,.T.);
#4102=EDGE_LOOP('',(#4095,#4097,#4099,#4101));
#4103=FACE_BOUND('',#4102,.F.);
#4105=ORIENTED_EDGE('',*,*,#4104,.T.);
#4107=ORIENTED_EDGE('',*,*,#4106,.T.);
#4109=ORIENTED_EDGE('',*,*,#4108,.T.);
#4111=ORIENTED_EDGE('',*,*,#4110,.T.);
#4112=EDGE_LOOP('',(#4105,#4107,#4109,#4111));
#4113=FACE_BOUND('',#4112,.F.);
#4115=ORIENTED_EDGE('',*,*,#4114,.T.);
#4117=ORIENTED_EDGE('',*,*,#4116,.T.);
#4119=ORIENTED_EDGE('',*,*,#4118,.T.);
#4121=ORIENTED_EDGE('',*,*,#4120,.T.);
#4122=EDGE_LOOP('',(#4115,#4117,#4119,#4121));
#4123=FACE_BOUND('',#4122,.F.);
#4125=ORIENTED_EDGE('',*,*,#4124,.T.);
#4127=ORIENTED_EDGE('',*,*,#4126,.T.);
#4129=ORIENTED_EDGE('',*,*,#4128,.T.);
#4131=ORIENTED_EDGE('',*,*,#4130,.T.);
#4132=EDGE_LOOP('',(#4125,#4127,#4129,#4131));
#4133=FACE_BOUND('',#4132,.F.);
#4135=ORIENTED_EDGE('',*,*,#4134,.T.);
#4137=ORIENTED_EDGE('',*,*,#4136,.T.);
#4139=ORIENTED_EDGE('',*,*,#4138,.T.);
#4141=ORIENTED_EDGE('',*,*,#4140,.T.);
#4142=EDGE_LOOP('',(#4135,#4137,#4139,#4141));
#4143=FACE_BOUND('',#4142,.F.);
#4145=ORIENTED_EDGE('',*,*,#4144,.T.);
#4147=ORIENTED_EDGE('',*,*,#4146,.T.);
#4149=ORIENTED_EDGE('',*,*,#4148,.T.);
#4151=ORIENTED_EDGE('',*,*,#4150,.T.);
#4152=EDGE_LOOP('',(#4145,#4147,#4149,#4151));
#4153=FACE_BOUND('',#4152,.F.);
#4155=ORIENTED_EDGE('',*,*,#4154,.T.);
#4157=ORIENTED_EDGE('',*,*,#4156,.T.);
#4159=ORIENTED_EDGE('',*,*,#4158,.T.);
#4161=ORIENTED_EDGE('',*,*,#4160,.T.);
#4162=EDGE_LOOP('',(#4155,#4157,#4159,#4161));
#4163=FACE_BOUND('',#4162,.F.);
#4165=ORIENTED_EDGE('',*,*,#4164,.T.);
#4167=ORIENTED_EDGE('',*,*,#4166,.T.);
#4169=ORIENTED_EDGE('',*,*,#4168,.T.);
#4171=ORIENTED_EDGE('',*,*,#4170,.T.);
#4172=EDGE_LOOP('',(#4165,#4167,#4169,#4171));
#4173=FACE_BOUND('',#4172,.F.);
#4175=ORIENTED_EDGE('',*,*,#4174,.T.);
#4177=ORIENTED_EDGE('',*,*,#4176,.T.);
#4179=ORIENTED_EDGE('',*,*,#4178,.T.);
#4181=ORIENTED_EDGE('',*,*,#4180,.T.);
#4182=EDGE_LOOP('',(#4175,#4177,#4179,#4181));
#4183=FACE_BOUND('',#4182,.F.);
#4185=ORIENTED_EDGE('',*,*,#4184,.T.);
#4187=ORIENTED_EDGE('',*,*,#4186,.T.);
#4189=ORIENTED_EDGE('',*,*,#4188,.T.);
#4191=ORIENTED_EDGE('',*,*,#4190,.T.);
#4192=EDGE_LOOP('',(#4185,#4187,#4189,#4191));
#4193=FACE_BOUND('',#4192,.F.);
#4195=ORIENTED_EDGE('',*,*,#4194,.T.);
#4197=ORIENTED_EDGE('',*,*,#4196,.T.);
#4199=ORIENTED_EDGE('',*,*,#4198,.T.);
#4201=ORIENTED_EDGE('',*,*,#4200,.T.);
#4202=EDGE_LOOP('',(#4195,#4197,#4199,#4201));
#4203=FACE_BOUND('',#4202,.F.);
#4205=ORIENTED_EDGE('',*,*,#4204,.T.);
#4207=ORIENTED_EDGE('',*,*,#4206,.T.);
#4209=ORIENTED_EDGE('',*,*,#4208,.T.);
#4211=ORIENTED_EDGE('',*,*,#4210,.T.);
#4212=EDGE_LOOP('',(#4205,#4207,#4209,#4211));
#4213=FACE_BOUND('',#4212,.F.);
#4215=ORIENTED_EDGE('',*,*,#4214,.T.);
#4217=ORIENTED_EDGE('',*,*,#4216,.T.);
#4219=ORIENTED_EDGE('',*,*,#4218,.T.);
#4221=ORIENTED_EDGE('',*,*,#4220,.T.);
#4222=EDGE_LOOP('',(#4215,#4217,#4219,#4221));
#4223=FACE_BOUND('',#4222,.F.);
#4225=ORIENTED_EDGE('',*,*,#4224,.T.);
#4227=ORIENTED_EDGE('',*,*,#4226,.T.);
#4229=ORIENTED_EDGE('',*,*,#4228,.T.);
#4231=ORIENTED_EDGE('',*,*,#4230,.T.);
#4232=EDGE_LOOP('',(#4225,#4227,#4229,#4231));
#4233=FACE_BOUND('',#4232,.F.);
#4235=ORIENTED_EDGE('',*,*,#4234,.T.);
#4237=ORIENTED_EDGE('',*,*,#4236,.T.);
#4239=ORIENTED_EDGE('',*,*,#4238,.T.);
#4241=ORIENTED_EDGE('',*,*,#4240,.T.);
#4242=EDGE_LOOP('',(#4235,#4237,#4239,#4241));
#4243=FACE_BOUND('',#4242,.F.);
#4245=ORIENTED_EDGE('',*,*,#4244,.T.);
#4247=ORIENTED_EDGE('',*,*,#4246,.T.);
#4249=ORIENTED_EDGE('',*,*,#4248,.T.);
#4251=ORIENTED_EDGE('',*,*,#4250,.T.);
#4252=EDGE_LOOP('',(#4245,#4247,#4249,#4251));
#4253=FACE_BOUND('',#4252,.F.);
#4255=CARTESIAN_POINT('',(-3.408010416E1,1.34E0,-7.116E0));
#4256=DIRECTION('',(1.E0,0.E0,0.E0));
#4257=DIRECTION('',(0.E0,0.E0,-1.E0));
#4258=AXIS2_PLACEMENT_3D('',#4255,#4256,#4257);
#4259=CYLINDRICAL_SURFACE('',#4258,2.5E-1);
#4260=ORIENTED_EDGE('',*,*,#3954,.T.);
#4262=ORIENTED_EDGE('',*,*,#4261,.T.);
#4263=ORIENTED_EDGE('',*,*,#4022,.F.);
#4265=ORIENTED_EDGE('',*,*,#4264,.T.);
#4266=EDGE_LOOP('',(#4260,#4262,#4263,#4265));
#4267=FACE_OUTER_BOUND('',#4266,.F.);
#4269=CARTESIAN_POINT('',(-6.735E0,-1.499533536E1,-7.116E0));
#4270=DIRECTION('',(0.E0,1.E0,0.E0));
#4271=DIRECTION('',(0.E0,0.E0,-1.E0));
#4272=AXIS2_PLACEMENT_3D('',#4269,#4270,#4271);
#4273=CYLINDRICAL_SURFACE('',#4272,2.5E-1);
#4275=ORIENTED_EDGE('',*,*,#4274,.T.);
#4277=ORIENTED_EDGE('',*,*,#4276,.T.);
#4278=ORIENTED_EDGE('',*,*,#4024,.F.);
#4279=ORIENTED_EDGE('',*,*,#4261,.F.);
#4280=EDGE_LOOP('',(#4275,#4277,#4278,#4279));
#4281=FACE_OUTER_BOUND('',#4280,.F.);
#4283=CARTESIAN_POINT('',(-6.985E0,1.59E0,0.E0));
#4284=DIRECTION('',(-1.E0,0.E0,0.E0));
#4285=DIRECTION('',(0.E0,1.E0,0.E0));
#4286=AXIS2_PLACEMENT_3D('',#4283,#4284,#4285);
#4287=PLANE('',#4286);
#4289=ORIENTED_EDGE('',*,*,#4288,.T.);
#4291=ORIENTED_EDGE('',*,*,#4290,.T.);
#4292=ORIENTED_EDGE('',*,*,#4274,.F.);
#4293=ORIENTED_EDGE('',*,*,#3952,.F.);
#4294=EDGE_LOOP('',(#4289,#4291,#4292,#4293));
#4295=FACE_OUTER_BOUND('',#4294,.F.);
#4297=CARTESIAN_POINT('',(-7.058323484187E0,2.09E0,-1.27E-1));
#4298=DIRECTION('',(8.660254037844E-1,0.E0,5.E-1));
#4299=DIRECTION('',(5.E-1,0.E0,-8.660254037844E-1));
#4300=AXIS2_PLACEMENT_3D('',#4297,#4298,#4299);
#4301=PLANE('',#4300);
#4302=ORIENTED_EDGE('',*,*,#3950,.T.);
#4303=ORIENTED_EDGE('',*,*,#3848,.T.);
#4305=ORIENTED_EDGE('',*,*,#4304,.F.);
#4306=ORIENTED_EDGE('',*,*,#4288,.F.);
#4307=EDGE_LOOP('',(#4302,#4303,#4305,#4306));
#4308=FACE_OUTER_BOUND('',#4307,.F.);
#4310=CARTESIAN_POINT('',(-4.8895E0,2.663323484187E0,-1.27E-1));
#4311=DIRECTION('',(0.E0,-8.660254037844E-1,5.E-1));
#4312=DIRECTION('',(0.E0,-5.E-1,-8.660254037844E-1));
#4313=AXIS2_PLACEMENT_3D('',#4310,#4311,#4312);
#4314=PLANE('',#4313);
#4316=ORIENTED_EDGE('',*,*,#4315,.T.);
#4318=ORIENTED_EDGE('',*,*,#4317,.F.);
#4319=ORIENTED_EDGE('',*,*,#4304,.T.);
#4320=ORIENTED_EDGE('',*,*,#3846,.T.);
#4322=ORIENTED_EDGE('',*,*,#4321,.F.);
#4323=EDGE_LOOP('',(#4316,#4318,#4319,#4320,#4322));
#4324=FACE_OUTER_BOUND('',#4323,.F.);
#4326=CARTESIAN_POINT('',(-2.794E0,4.1648E0,0.E0));
#4327=DIRECTION('',(-1.E0,0.E0,0.E0));
#4328=DIRECTION('',(0.E0,-1.E0,0.E0));
#4329=AXIS2_PLACEMENT_3D('',#4326,#4327,#4328);
#4330=PLANE('',#4329);
#4332=ORIENTED_EDGE('',*,*,#4331,.T.);
#4334=ORIENTED_EDGE('',*,*,#4333,.F.);
#4336=ORIENTED_EDGE('',*,*,#4335,.T.);
#4337=ORIENTED_EDGE('',*,*,#4315,.F.);
#4339=ORIENTED_EDGE('',*,*,#4338,.T.);
#4341=ORIENTED_EDGE('',*,*,#4340,.T.);
#4343=ORIENTED_EDGE('',*,*,#4342,.T.);
#4345=ORIENTED_EDGE('',*,*,#4344,.T.);
#4346=EDGE_LOOP('',(#4332,#4334,#4336,#4337,#4339,#4341,#4343,#4345));
#4347=FACE_OUTER_BOUND('',#4346,.F.);
#4349=CARTESIAN_POINT('',(-8.E0,0.E0,-3.81E0));
#4350=DIRECTION('',(0.E0,0.E0,1.E0));
#4351=DIRECTION('',(1.E0,0.E0,0.E0));
#4352=AXIS2_PLACEMENT_3D('',#4349,#4350,#4351);
#4353=PLANE('',#4352);
#4355=ORIENTED_EDGE('',*,*,#4354,.T.);
#4356=ORIENTED_EDGE('',*,*,#4331,.F.);
#4357=ORIENTED_EDGE('',*,*,#3756,.T.);
#4359=ORIENTED_EDGE('',*,*,#4358,.T.);
#4360=EDGE_LOOP('',(#4355,#4356,#4357,#4359));
#4361=FACE_OUTER_BOUND('',#4360,.F.);
#4363=CARTESIAN_POINT('',(-8.E0,0.E0,-3.81E0));
#4364=DIRECTION('',(0.E0,0.E0,1.E0));
#4365=DIRECTION('',(1.E0,0.E0,0.E0));
#4366=AXIS2_PLACEMENT_3D('',#4363,#4364,#4365);
#4367=PLANE('',#4366);
#4369=ORIENTED_EDGE('',*,*,#4368,.T.);
#4371=ORIENTED_EDGE('',*,*,#4370,.T.);
#4372=ORIENTED_EDGE('',*,*,#3748,.T.);
#4374=ORIENTED_EDGE('',*,*,#4373,.F.);
#4375=EDGE_LOOP('',(#4369,#4371,#4372,#4374));
#4376=FACE_OUTER_BOUND('',#4375,.F.);
#4378=CARTESIAN_POINT('',(-2.1595E0,2.663323484187E0,-3.937E0));
#4379=DIRECTION('',(0.E0,-8.660254037844E-1,5.E-1));
#4380=DIRECTION('',(0.E0,5.E-1,8.660254037844E-1));
#4381=AXIS2_PLACEMENT_3D('',#4378,#4379,#4380);
#4382=PLANE('',#4381);
#4383=ORIENTED_EDGE('',*,*,#4354,.F.);
#4385=ORIENTED_EDGE('',*,*,#4384,.T.);
#4387=ORIENTED_EDGE('',*,*,#4386,.T.);
#4388=ORIENTED_EDGE('',*,*,#4333,.T.);
#4389=EDGE_LOOP('',(#4383,#4385,#4387,#4388));
#4390=FACE_OUTER_BOUND('',#4389,.F.);
#4392=CARTESIAN_POINT('',(-1.525E0,3.605E0,0.E0));
#4393=DIRECTION('',(-1.E0,0.E0,0.E0));
#4394=DIRECTION('',(0.E0,-1.E0,0.E0));
#4395=AXIS2_PLACEMENT_3D('',#4392,#4393,#4394);
#4396=PLANE('',#4395);
#4397=ORIENTED_EDGE('',*,*,#4384,.F.);
#4398=ORIENTED_EDGE('',*,*,#4358,.F.);
#4399=ORIENTED_EDGE('',*,*,#3754,.F.);
#4400=ORIENTED_EDGE('',*,*,#4028,.T.);
#4402=ORIENTED_EDGE('',*,*,#4401,.F.);
#4404=ORIENTED_EDGE('',*,*,#4403,.F.);
#4405=EDGE_LOOP('',(#4397,#4398,#4399,#4400,#4402,#4404));
#4406=FACE_OUTER_BOUND('',#4405,.F.);
#4408=CARTESIAN_POINT('',(-3.408010416E1,2.34E0,-7.116E0));
#4409=DIRECTION('',(1.E0,0.E0,0.E0));
#4410=DIRECTION('',(0.E0,0.E0,-1.E0));
#4411=AXIS2_PLACEMENT_3D('',#4408,#4409,#4410);
#4412=CYLINDRICAL_SURFACE('',#4411,2.5E-1);
#4413=ORIENTED_EDGE('',*,*,#4026,.F.);
#4414=ORIENTED_EDGE('',*,*,#4276,.F.);
#4416=ORIENTED_EDGE('',*,*,#4415,.T.);
#4417=ORIENTED_EDGE('',*,*,#4401,.T.);
#4418=EDGE_LOOP('',(#4413,#4414,#4416,#4417));
#4419=FACE_OUTER_BOUND('',#4418,.F.);
#4421=CARTESIAN_POINT('',(-6.985E0,2.59E0,0.E0));
#4422=DIRECTION('',(0.E0,1.E0,0.E0));
#4423=DIRECTION('',(1.E0,0.E0,0.E0));
#4424=AXIS2_PLACEMENT_3D('',#4421,#4422,#4423);
#4425=PLANE('',#4424);
#4427=ORIENTED_EDGE('',*,*,#4426,.T.);
#4428=ORIENTED_EDGE('',*,*,#3997,.T.);
#4430=ORIENTED_EDGE('',*,*,#4429,.F.);
#4432=ORIENTED_EDGE('',*,*,#4431,.F.);
#4434=ORIENTED_EDGE('',*,*,#4433,.F.);
#4436=ORIENTED_EDGE('',*,*,#4435,.F.);
#4437=EDGE_LOOP('',(#4427,#4428,#4430,#4432,#4434,#4436));
#4438=FACE_OUTER_BOUND('',#4437,.F.);
#4440=CARTESIAN_POINT('',(-6.985E0,2.59E0,0.E0));
#4441=DIRECTION('',(0.E0,1.E0,0.E0));
#4442=DIRECTION('',(1.E0,0.E0,0.E0));
#4443=AXIS2_PLACEMENT_3D('',#4440,#4441,#4442);
#4444=PLANE('',#4443);
#4445=ORIENTED_EDGE('',*,*,#4317,.T.);
#4446=ORIENTED_EDGE('',*,*,#4335,.F.);
#4447=ORIENTED_EDGE('',*,*,#4386,.F.);
#4448=ORIENTED_EDGE('',*,*,#4403,.T.);
#4449=ORIENTED_EDGE('',*,*,#4415,.F.);
#4450=ORIENTED_EDGE('',*,*,#4290,.F.);
#4451=EDGE_LOOP('',(#4445,#4446,#4447,#4448,#4449,#4450));
#4452=FACE_OUTER_BOUND('',#4451,.F.);
#4454=CARTESIAN_POINT('',(4.8895E0,2.663323484187E0,-1.27E-1));
#4455=DIRECTION('',(0.E0,-8.660254037844E-1,5.E-1));
#4456=DIRECTION('',(0.E0,-5.E-1,-8.660254037844E-1));
#4457=AXIS2_PLACEMENT_3D('',#4454,#4455,#4456);
#4458=PLANE('',#4457);
#4459=ORIENTED_EDGE('',*,*,#4426,.F.);
#4461=ORIENTED_EDGE('',*,*,#4460,.T.);
#4463=ORIENTED_EDGE('',*,*,#4462,.T.);
#4464=ORIENTED_EDGE('',*,*,#3838,.T.);
#4465=ORIENTED_EDGE('',*,*,#3982,.F.);
#4466=EDGE_LOOP('',(#4459,#4461,#4463,#4464,#4465));
#4467=FACE_OUTER_BOUND('',#4466,.F.);
#4469=CARTESIAN_POINT('',(2.794E0,2.59E0,0.E0));
#4470=DIRECTION('',(1.E0,0.E0,0.E0));
#4471=DIRECTION('',(0.E0,1.E0,0.E0));
#4472=AXIS2_PLACEMENT_3D('',#4469,#4470,#4471);
#4473=PLANE('',#4472);
#4474=ORIENTED_EDGE('',*,*,#4435,.T.);
#4476=ORIENTED_EDGE('',*,*,#4475,.F.);
#4477=ORIENTED_EDGE('',*,*,#4373,.T.);
#4479=ORIENTED_EDGE('',*,*,#4478,.T.);
#4481=ORIENTED_EDGE('',*,*,#4480,.T.);
#4483=ORIENTED_EDGE('',*,*,#4482,.F.);
#4485=ORIENTED_EDGE('',*,*,#4484,.T.);
#4486=ORIENTED_EDGE('',*,*,#4460,.F.);
#4487=EDGE_LOOP('',(#4474,#4476,#4477,#4479,#4481,#4483,#4485,#4486));
#4488=FACE_OUTER_BOUND('',#4487,.F.);
#4490=CARTESIAN_POINT('',(2.1595E0,2.663323484187E0,-3.937E0));
#4491=DIRECTION('',(0.E0,-8.660254037844E-1,5.E-1));
#4492=DIRECTION('',(0.E0,5.E-1,8.660254037844E-1));
#4493=AXIS2_PLACEMENT_3D('',#4490,#4491,#4492);
#4494=PLANE('',#4493);
#4496=ORIENTED_EDGE('',*,*,#4495,.T.);
#4497=ORIENTED_EDGE('',*,*,#4368,.F.);
#4498=ORIENTED_EDGE('',*,*,#4475,.T.);
#4499=ORIENTED_EDGE('',*,*,#4433,.T.);
#4500=EDGE_LOOP('',(#4496,#4497,#4498,#4499));
#4501=FACE_OUTER_BOUND('',#4500,.F.);
#4503=CARTESIAN_POINT('',(1.525E0,2.59E0,0.E0));
#4504=DIRECTION('',(1.E0,0.E0,0.E0));
#4505=DIRECTION('',(0.E0,1.E0,0.E0));
#4506=AXIS2_PLACEMENT_3D('',#4503,#4504,#4505);
#4507=PLANE('',#4506);
#4508=ORIENTED_EDGE('',*,*,#4495,.F.);
#4509=ORIENTED_EDGE('',*,*,#4431,.T.);
#4511=ORIENTED_EDGE('',*,*,#4510,.F.);
#4512=ORIENTED_EDGE('',*,*,#4031,.T.);
#4513=ORIENTED_EDGE('',*,*,#3750,.T.);
#4514=ORIENTED_EDGE('',*,*,#4370,.F.);
#4515=EDGE_LOOP('',(#4508,#4509,#4511,#4512,#4513,#4514));
#4516=FACE_OUTER_BOUND('',#4515,.F.);
#4518=CARTESIAN_POINT('',(-3.408010416E1,2.34E0,-7.116E0));
#4519=DIRECTION('',(1.E0,0.E0,0.E0));
#4520=DIRECTION('',(0.E0,0.E0,-1.E0));
#4521=AXIS2_PLACEMENT_3D('',#4518,#4519,#4520);
#4522=CYLINDRICAL_SURFACE('',#4521,2.5E-1);
#4523=ORIENTED_EDGE('',*,*,#4429,.T.);
#4524=ORIENTED_EDGE('',*,*,#4009,.T.);
#4525=ORIENTED_EDGE('',*,*,#4033,.F.);
#4526=ORIENTED_EDGE('',*,*,#4510,.T.);
#4527=EDGE_LOOP('',(#4523,#4524,#4525,#4526));
#4528=FACE_OUTER_BOUND('',#4527,.F.);
#4530=CARTESIAN_POINT('',(3.81E0,3.605E0,-3.81E0));
#4531=DIRECTION('',(0.E0,8.290375725550E-1,-5.591929034707E-1));
#4532=DIRECTION('',(0.E0,5.591929034707E-1,8.290375725550E-1));
#4533=AXIS2_PLACEMENT_3D('',#4530,#4531,#4532);
#4534=PLANE('',#4533);
#4535=ORIENTED_EDGE('',*,*,#4344,.F.);
#4537=ORIENTED_EDGE('',*,*,#4536,.F.);
#4539=ORIENTED_EDGE('',*,*,#4538,.T.);
#4540=ORIENTED_EDGE('',*,*,#3758,.T.);
#4541=EDGE_LOOP('',(#4535,#4537,#4539,#4540));
#4542=FACE_OUTER_BOUND('',#4541,.F.);
#4544=CARTESIAN_POINT('',(3.81E0,3.605E0,-3.81E0));
#4545=DIRECTION('',(0.E0,8.290375725550E-1,-5.591929034707E-1));
#4546=DIRECTION('',(0.E0,5.591929034707E-1,8.290375725550E-1));
#4547=AXIS2_PLACEMENT_3D('',#4544,#4545,#4546);
#4548=PLANE('',#4547);
#4549=ORIENTED_EDGE('',*,*,#4478,.F.);
#4550=ORIENTED_EDGE('',*,*,#3746,.T.);
#4552=ORIENTED_EDGE('',*,*,#4551,.F.);
#4554=ORIENTED_EDGE('',*,*,#4553,.F.);
#4555=EDGE_LOOP('',(#4549,#4550,#4552,#4554));
#4556=FACE_OUTER_BOUND('',#4555,.F.);
#4558=CARTESIAN_POINT('',(3.81E0,5.1326E0,-1.545239864500E0));
#4559=DIRECTION('',(0.E0,1.E0,0.E0));
#4560=DIRECTION('',(0.E0,0.E0,1.E0));
#4561=AXIS2_PLACEMENT_3D('',#4558,#4559,#4560);
#4562=PLANE('',#4561);
#4564=ORIENTED_EDGE('',*,*,#4563,.F.);
#4565=ORIENTED_EDGE('',*,*,#4553,.T.);
#4567=ORIENTED_EDGE('',*,*,#4566,.F.);
#4568=ORIENTED_EDGE('',*,*,#3857,.T.);
#4570=ORIENTED_EDGE('',*,*,#4569,.T.);
#4571=ORIENTED_EDGE('',*,*,#4536,.T.);
#4572=EDGE_LOOP('',(#4564,#4565,#4567,#4568,#4570,#4571));
#4573=FACE_OUTER_BOUND('',#4572,.F.);
#4575=CARTESIAN_POINT('',(-8.E0,0.E0,-1.545239864500E0));
#4576=DIRECTION('',(0.E0,0.E0,-1.E0));
#4577=DIRECTION('',(-1.E0,0.E0,0.E0));
#4578=AXIS2_PLACEMENT_3D('',#4575,#4576,#4577);
#4579=PLANE('',#4578);
#4580=ORIENTED_EDGE('',*,*,#4563,.T.);
#4581=ORIENTED_EDGE('',*,*,#4342,.F.);
#4583=ORIENTED_EDGE('',*,*,#4582,.F.);
#4584=ORIENTED_EDGE('',*,*,#4480,.F.);
#4585=EDGE_LOOP('',(#4580,#4581,#4583,#4584));
#4586=FACE_OUTER_BOUND('',#4585,.F.);
#4588=CARTESIAN_POINT('',(2.794E0,4.1648E0,0.E0));
#4589=DIRECTION('',(0.E0,1.E0,0.E0));
#4590=DIRECTION('',(-1.E0,0.E0,0.E0));
#4591=AXIS2_PLACEMENT_3D('',#4588,#4589,#4590);
#4592=PLANE('',#4591);
#4594=ORIENTED_EDGE('',*,*,#4593,.T.);
#4595=ORIENTED_EDGE('',*,*,#4482,.T.);
#4596=ORIENTED_EDGE('',*,*,#4582,.T.);
#4597=ORIENTED_EDGE('',*,*,#4340,.F.);
#4598=EDGE_LOOP('',(#4594,#4595,#4596,#4597));
#4599=FACE_OUTER_BOUND('',#4598,.F.);
#4601=CARTESIAN_POINT('',(0.E0,4.2918E0,-7.332348418708E-2));
#4602=DIRECTION('',(0.E0,-5.E-1,8.660254037844E-1));
#4603=DIRECTION('',(0.E0,-8.660254037844E-1,-5.E-1));
#4604=AXIS2_PLACEMENT_3D('',#4601,#4602,#4603);
#4605=PLANE('',#4604);
#4606=ORIENTED_EDGE('',*,*,#3842,.T.);
#4608=ORIENTED_EDGE('',*,*,#4607,.F.);
#4609=ORIENTED_EDGE('',*,*,#4593,.F.);
#4611=ORIENTED_EDGE('',*,*,#4610,.T.);
#4612=EDGE_LOOP('',(#4606,#4608,#4609,#4611));
#4613=FACE_OUTER_BOUND('',#4612,.F.);
#4615=CARTESIAN_POINT('',(2.921E0,3.3774E0,-7.332348418708E-2));
#4616=DIRECTION('',(-5.E-1,0.E0,8.660254037844E-1));
#4617=DIRECTION('',(-8.660254037844E-1,0.E0,-5.E-1));
#4618=AXIS2_PLACEMENT_3D('',#4615,#4616,#4617);
#4619=PLANE('',#4618);
#4620=ORIENTED_EDGE('',*,*,#3840,.T.);
#4621=ORIENTED_EDGE('',*,*,#4462,.F.);
#4622=ORIENTED_EDGE('',*,*,#4484,.F.);
#4623=ORIENTED_EDGE('',*,*,#4607,.T.);
#4624=EDGE_LOOP('',(#4620,#4621,#4622,#4623));
#4625=FACE_OUTER_BOUND('',#4624,.F.);
#4627=CARTESIAN_POINT('',(-2.921E0,3.3774E0,-7.332348418708E-2));
#4628=DIRECTION('',(5.E-1,0.E0,8.660254037844E-1));
#4629=DIRECTION('',(8.660254037844E-1,0.E0,-5.E-1));
#4630=AXIS2_PLACEMENT_3D('',#4627,#4628,#4629);
#4631=PLANE('',#4630);
#4632=ORIENTED_EDGE('',*,*,#4338,.F.);
#4633=ORIENTED_EDGE('',*,*,#4321,.T.);
#4634=ORIENTED_EDGE('',*,*,#3844,.T.);
#4635=ORIENTED_EDGE('',*,*,#4610,.F.);
#4636=EDGE_LOOP('',(#4632,#4633,#4634,#4635));
#4637=FACE_OUTER_BOUND('',#4636,.F.);
#4639=CARTESIAN_POINT('',(3.81E0,0.E0,0.E0));
#4640=DIRECTION('',(1.E0,0.E0,0.E0));
#4641=DIRECTION('',(0.E0,0.E0,-1.E0));
#4642=AXIS2_PLACEMENT_3D('',#4639,#4640,#4641);
#4643=PLANE('',#4642);
#4644=ORIENTED_EDGE('',*,*,#3744,.T.);
#4645=ORIENTED_EDGE('',*,*,#3859,.T.);
#4646=ORIENTED_EDGE('',*,*,#4566,.T.);
#4647=ORIENTED_EDGE('',*,*,#4551,.T.);
#4648=EDGE_LOOP('',(#4644,#4645,#4646,#4647));
#4649=FACE_OUTER_BOUND('',#4648,.F.);
#4651=CARTESIAN_POINT('',(-3.81E0,0.E0,0.E0));
#4652=DIRECTION('',(1.E0,0.E0,0.E0));
#4653=DIRECTION('',(0.E0,0.E0,-1.E0));
#4654=AXIS2_PLACEMENT_3D('',#4651,#4652,#4653);
#4655=PLANE('',#4654);
#4656=ORIENTED_EDGE('',*,*,#3760,.F.);
#4657=ORIENTED_EDGE('',*,*,#4538,.F.);
#4658=ORIENTED_EDGE('',*,*,#4569,.F.);
#4659=ORIENTED_EDGE('',*,*,#3855,.T.);
#4660=EDGE_LOOP('',(#4656,#4657,#4658,#4659));
#4661=FACE_OUTER_BOUND('',#4660,.F.);
#4663=CARTESIAN_POINT('',(-8.E0,6.00636E0,-5.973E0));
#4664=DIRECTION('',(9.945218953683E-1,0.E0,1.045284632677E-1));
#4665=DIRECTION('',(1.045284632677E-1,0.E0,-9.945218953683E-1));
#4666=AXIS2_PLACEMENT_3D('',#4663,#4664,#4665);
#4667=PLANE('',#4666);
#4668=ORIENTED_EDGE('',*,*,#4050,.F.);
#4670=ORIENTED_EDGE('',*,*,#4669,.F.);
#4672=ORIENTED_EDGE('',*,*,#4671,.F.);
#4674=ORIENTED_EDGE('',*,*,#4673,.T.);
#4675=ORIENTED_EDGE('',*,*,#3493,.T.);
#4677=ORIENTED_EDGE('',*,*,#4676,.F.);
#4678=ORIENTED_EDGE('',*,*,#3772,.F.);
#4680=ORIENTED_EDGE('',*,*,#4679,.T.);
#4681=ORIENTED_EDGE('',*,*,#3956,.T.);
#4682=ORIENTED_EDGE('',*,*,#4264,.F.);
#4683=EDGE_LOOP('',(#4668,#4670,#4672,#4674,#4675,#4677,#4678,#4680,#4681,
#4682));
#4684=FACE_OUTER_BOUND('',#4683,.F.);
#4686=CARTESIAN_POINT('',(3.408010416E1,-1.34E0,-7.116E0));
#4687=DIRECTION('',(-1.E0,0.E0,0.E0));
#4688=DIRECTION('',(0.E0,0.E0,-1.E0));
#4689=AXIS2_PLACEMENT_3D('',#4686,#4687,#4688);
#4690=CYLINDRICAL_SURFACE('',#4689,2.5E-1);
#4691=ORIENTED_EDGE('',*,*,#4048,.F.);
#4693=ORIENTED_EDGE('',*,*,#4692,.F.);
#4695=ORIENTED_EDGE('',*,*,#4694,.T.);
#4696=ORIENTED_EDGE('',*,*,#4669,.T.);
#4697=EDGE_LOOP('',(#4691,#4693,#4695,#4696));
#4698=FACE_OUTER_BOUND('',#4697,.F.);
#4700=CARTESIAN_POINT('',(-6.735E0,-1.499533536E1,-7.116E0));
#4701=DIRECTION('',(0.E0,1.E0,0.E0));
#4702=DIRECTION('',(0.E0,0.E0,-1.E0));
#4703=AXIS2_PLACEMENT_3D('',#4700,#4701,#4702);
#4704=CYLINDRICAL_SURFACE('',#4703,2.5E-1);
#4705=ORIENTED_EDGE('',*,*,#4046,.F.);
#4707=ORIENTED_EDGE('',*,*,#4706,.F.);
#4709=ORIENTED_EDGE('',*,*,#4708,.T.);
#4710=ORIENTED_EDGE('',*,*,#4692,.T.);
#4711=EDGE_LOOP('',(#4705,#4707,#4709,#4710));
#4712=FACE_OUTER_BOUND('',#4711,.F.);
#4714=CARTESIAN_POINT('',(3.408010416E1,-2.34E0,-7.116E0));
#4715=DIRECTION('',(-1.E0,0.E0,0.E0));
#4716=DIRECTION('',(0.E0,0.E0,-1.E0));
#4717=AXIS2_PLACEMENT_3D('',#4714,#4715,#4716);
#4718=CYLINDRICAL_SURFACE('',#4717,2.5E-1);
#4719=ORIENTED_EDGE('',*,*,#4044,.F.);
#4721=ORIENTED_EDGE('',*,*,#4720,.F.);
#4723=ORIENTED_EDGE('',*,*,#4722,.T.);
#4724=ORIENTED_EDGE('',*,*,#4706,.T.);
#4725=EDGE_LOOP('',(#4719,#4721,#4723,#4724));
#4726=FACE_OUTER_BOUND('',#4725,.F.);
#4728=CARTESIAN_POINT('',(6.735E0,1.652293536E1,-7.116E0));
#4729=DIRECTION('',(0.E0,-1.E0,0.E0));
#4730=DIRECTION('',(0.E0,0.E0,-1.E0));
#4731=AXIS2_PLACEMENT_3D('',#4728,#4729,#4730);
#4732=CYLINDRICAL_SURFACE('',#4731,2.5E-1);
#4734=ORIENTED_EDGE('',*,*,#4733,.T.);
#4735=ORIENTED_EDGE('',*,*,#4720,.T.);
#4736=ORIENTED_EDGE('',*,*,#4042,.F.);
#4738=ORIENTED_EDGE('',*,*,#4737,.F.);
#4739=EDGE_LOOP('',(#4734,#4735,#4736,#4738));
#4740=FACE_OUTER_BOUND('',#4739,.F.);
#4742=CARTESIAN_POINT('',(6.985E0,-1.59E0,0.E0));
#4743=DIRECTION('',(1.E0,0.E0,0.E0));
#4744=DIRECTION('',(0.E0,-1.E0,0.E0));
#4745=AXIS2_PLACEMENT_3D('',#4742,#4743,#4744);
#4746=PLANE('',#4745);
#4747=ORIENTED_EDGE('',*,*,#4733,.F.);
#4749=ORIENTED_EDGE('',*,*,#4748,.F.);
#4751=ORIENTED_EDGE('',*,*,#4750,.F.);
#4753=ORIENTED_EDGE('',*,*,#4752,.T.);
#4755=ORIENTED_EDGE('',*,*,#4754,.T.);
#4756=EDGE_LOOP('',(#4747,#4749,#4751,#4753,#4755));
#4757=FACE_OUTER_BOUND('',#4756,.F.);
#4759=CARTESIAN_POINT('',(-6.985E0,-1.59E0,0.E0));
#4760=DIRECTION('',(0.E0,-1.E0,0.E0));
#4761=DIRECTION('',(-1.E0,0.E0,0.E0));
#4762=AXIS2_PLACEMENT_3D('',#4759,#4760,#4761);
#4763=PLANE('',#4762);
#4765=ORIENTED_EDGE('',*,*,#4764,.F.);
#4767=ORIENTED_EDGE('',*,*,#4766,.T.);
#4769=ORIENTED_EDGE('',*,*,#4768,.T.);
#4771=ORIENTED_EDGE('',*,*,#4770,.F.);
#4773=ORIENTED_EDGE('',*,*,#4772,.F.);
#4775=ORIENTED_EDGE('',*,*,#4774,.F.);
#4777=ORIENTED_EDGE('',*,*,#4776,.F.);
#4778=ORIENTED_EDGE('',*,*,#3908,.F.);
#4780=ORIENTED_EDGE('',*,*,#4779,.F.);
#4781=ORIENTED_EDGE('',*,*,#4748,.T.);
#4782=EDGE_LOOP('',(#4765,#4767,#4769,#4771,#4773,#4775,#4777,#4778,#4780,
#4781));
#4783=FACE_OUTER_BOUND('',#4782,.F.);
#4785=CARTESIAN_POINT('',(-6.985E0,-1.59E0,0.E0));
#4786=DIRECTION('',(0.E0,-1.E0,0.E0));
#4787=DIRECTION('',(-1.E0,0.E0,0.E0));
#4788=AXIS2_PLACEMENT_3D('',#4785,#4786,#4787);
#4789=PLANE('',#4788);
#4790=ORIENTED_EDGE('',*,*,#4694,.F.);
#4792=ORIENTED_EDGE('',*,*,#4791,.F.);
#4794=ORIENTED_EDGE('',*,*,#4793,.F.);
#4796=ORIENTED_EDGE('',*,*,#4795,.T.);
#4798=ORIENTED_EDGE('',*,*,#4797,.T.);
#4800=ORIENTED_EDGE('',*,*,#4799,.F.);
#4802=ORIENTED_EDGE('',*,*,#4801,.F.);
#4804=ORIENTED_EDGE('',*,*,#4803,.F.);
#4806=ORIENTED_EDGE('',*,*,#4805,.F.);
#4807=ORIENTED_EDGE('',*,*,#4671,.T.);
#4808=EDGE_LOOP('',(#4790,#4792,#4794,#4796,#4798,#4800,#4802,#4804,#4806,
#4807));
#4809=FACE_OUTER_BOUND('',#4808,.F.);
#4811=CARTESIAN_POINT('',(3.408010416E1,-1.34E0,-7.116E0));
#4812=DIRECTION('',(-1.E0,0.E0,0.E0));
#4813=DIRECTION('',(0.E0,0.E0,-1.E0));
#4814=AXIS2_PLACEMENT_3D('',#4811,#4812,#4813);
#4815=CYLINDRICAL_SURFACE('',#4814,2.5E-1);
#4816=ORIENTED_EDGE('',*,*,#4764,.T.);
#4817=ORIENTED_EDGE('',*,*,#4737,.T.);
#4818=ORIENTED_EDGE('',*,*,#4040,.F.);
#4820=ORIENTED_EDGE('',*,*,#4819,.T.);
#4821=EDGE_LOOP('',(#4816,#4817,#4818,#4820));
#4822=FACE_OUTER_BOUND('',#4821,.F.);
#4824=CARTESIAN_POINT('',(7.8476E0,6.00636E0,-7.422989142824E0));
#4825=DIRECTION('',(-9.945218953683E-1,0.E0,1.045284632677E-1));
#4826=DIRECTION('',(1.045284632677E-1,0.E0,9.945218953683E-1));
#4827=AXIS2_PLACEMENT_3D('',#4824,#4825,#4826);
#4828=PLANE('',#4827);
#4829=ORIENTED_EDGE('',*,*,#4766,.F.);
#4830=ORIENTED_EDGE('',*,*,#4819,.F.);
#4831=ORIENTED_EDGE('',*,*,#4038,.T.);
#4833=ORIENTED_EDGE('',*,*,#4832,.F.);
#4834=ORIENTED_EDGE('',*,*,#3936,.T.);
#4836=ORIENTED_EDGE('',*,*,#4835,.F.);
#4837=ORIENTED_EDGE('',*,*,#3778,.F.);
#4838=ORIENTED_EDGE('',*,*,#3544,.T.);
#4839=ORIENTED_EDGE('',*,*,#3513,.T.);
#4841=ORIENTED_EDGE('',*,*,#4840,.F.);
#4842=EDGE_LOOP('',(#4829,#4830,#4831,#4833,#4834,#4836,#4837,#4838,#4839,
#4841));
#4843=FACE_OUTER_BOUND('',#4842,.F.);
#4845=CARTESIAN_POINT('',(-3.408010416E1,1.34E0,-7.116E0));
#4846=DIRECTION('',(1.E0,0.E0,0.E0));
#4847=DIRECTION('',(0.E0,0.E0,-1.E0));
#4848=AXIS2_PLACEMENT_3D('',#4845,#4846,#4847);
#4849=CYLINDRICAL_SURFACE('',#4848,2.5E-1);
#4850=ORIENTED_EDGE('',*,*,#4036,.F.);
#4851=ORIENTED_EDGE('',*,*,#4012,.F.);
#4852=ORIENTED_EDGE('',*,*,#3938,.T.);
#4853=ORIENTED_EDGE('',*,*,#4832,.T.);
#4854=EDGE_LOOP('',(#4850,#4851,#4852,#4853));
#4855=FACE_OUTER_BOUND('',#4854,.F.);
#4857=CARTESIAN_POINT('',(9.4478E0,-3.605E0,-5.973E0));
#4858=DIRECTION('',(0.E0,0.E0,-1.E0));
#4859=DIRECTION('',(-1.E0,0.E0,0.E0));
#4860=AXIS2_PLACEMENT_3D('',#4857,#4858,#4859);
#4861=PLANE('',#4860);
#4862=ORIENTED_EDGE('',*,*,#4768,.F.);
#4863=ORIENTED_EDGE('',*,*,#4840,.T.);
#4864=ORIENTED_EDGE('',*,*,#3511,.F.);
#4866=ORIENTED_EDGE('',*,*,#4865,.T.);
#4867=ORIENTED_EDGE('',*,*,#3780,.T.);
#4868=ORIENTED_EDGE('',*,*,#4835,.T.);
#4869=ORIENTED_EDGE('',*,*,#3934,.T.);
#4871=ORIENTED_EDGE('',*,*,#4870,.F.);
#4872=EDGE_LOOP('',(#4862,#4863,#4864,#4866,#4867,#4868,#4869,#4871));
#4873=FACE_OUTER_BOUND('',#4872,.F.);
#4875=CARTESIAN_POINT('',(9.4478E0,-3.605E0,-4.449E0));
#4876=DIRECTION('',(1.E0,0.E0,0.E0));
#4877=DIRECTION('',(0.E0,0.E0,-1.E0));
#4878=AXIS2_PLACEMENT_3D('',#4875,#4876,#4877);
#4879=PLANE('',#4878);
#4880=ORIENTED_EDGE('',*,*,#3509,.F.);
#4882=ORIENTED_EDGE('',*,*,#4881,.T.);
#4883=ORIENTED_EDGE('',*,*,#3782,.T.);
#4884=ORIENTED_EDGE('',*,*,#4865,.F.);
#4885=EDGE_LOOP('',(#4880,#4882,#4883,#4884));
#4886=FACE_OUTER_BOUND('',#4885,.F.);
#4888=CARTESIAN_POINT('',(8.E0,-3.605E0,-4.449E0));
#4889=DIRECTION('',(0.E0,0.E0,1.E0));
#4890=DIRECTION('',(1.E0,0.E0,0.E0));
#4891=AXIS2_PLACEMENT_3D('',#4888,#4889,#4890);
#4892=PLANE('',#4891);
#4893=ORIENTED_EDGE('',*,*,#4776,.T.);
#4895=ORIENTED_EDGE('',*,*,#4894,.T.);
#4896=ORIENTED_EDGE('',*,*,#3926,.F.);
#4897=ORIENTED_EDGE('',*,*,#3891,.F.);
#4898=ORIENTED_EDGE('',*,*,#3784,.T.);
#4899=ORIENTED_EDGE('',*,*,#4881,.F.);
#4900=ORIENTED_EDGE('',*,*,#3507,.F.);
#4901=ORIENTED_EDGE('',*,*,#3910,.F.);
#4902=EDGE_LOOP('',(#4893,#4895,#4896,#4897,#4898,#4899,#4900,#4901));
#4903=FACE_OUTER_BOUND('',#4902,.F.);
#4905=CARTESIAN_POINT('',(9.1938E0,-1.59E0,-4.449E0));
#4906=DIRECTION('',(7.660444431190E-1,0.E0,-6.427876096865E-1));
#4907=DIRECTION('',(-6.427876096865E-1,0.E0,-7.660444431190E-1));
#4908=AXIS2_PLACEMENT_3D('',#4905,#4906,#4907);
#4909=PLANE('',#4908);
#4910=ORIENTED_EDGE('',*,*,#4894,.F.);
#4911=ORIENTED_EDGE('',*,*,#4774,.T.);
#4913=ORIENTED_EDGE('',*,*,#4912,.T.);
#4914=ORIENTED_EDGE('',*,*,#3928,.F.);
#4915=EDGE_LOOP('',(#4910,#4911,#4913,#4914));
#4916=FACE_OUTER_BOUND('',#4915,.F.);
#4918=CARTESIAN_POINT('',(8.623128347238E0,-1.59E0,-5.6428E0));
#4919=DIRECTION('',(0.E0,1.E0,0.E0));
#4920=DIRECTION('',(-1.E0,0.E0,0.E0));
#4921=AXIS2_PLACEMENT_3D('',#4918,#4919,#4920);
#4922=CYLINDRICAL_SURFACE('',#4921,3.302E-1);
#4923=ORIENTED_EDGE('',*,*,#4772,.T.);
#4925=ORIENTED_EDGE('',*,*,#4924,.T.);
#4926=ORIENTED_EDGE('',*,*,#3930,.F.);
#4927=ORIENTED_EDGE('',*,*,#4912,.F.);
#4928=EDGE_LOOP('',(#4923,#4925,#4926,#4927));
#4929=FACE_OUTER_BOUND('',#4928,.F.);
#4931=CARTESIAN_POINT('',(8.292928347238E0,-1.59E0,-5.6428E0));
#4932=DIRECTION('',(1.E0,0.E0,0.E0));
#4933=DIRECTION('',(0.E0,0.E0,-1.E0));
#4934=AXIS2_PLACEMENT_3D('',#4931,#4932,#4933);
#4935=PLANE('',#4934);
#4936=ORIENTED_EDGE('',*,*,#4870,.T.);
#4937=ORIENTED_EDGE('',*,*,#3932,.F.);
#4938=ORIENTED_EDGE('',*,*,#4924,.F.);
#4939=ORIENTED_EDGE('',*,*,#4770,.T.);
#4940=EDGE_LOOP('',(#4936,#4937,#4938,#4939));
#4941=FACE_OUTER_BOUND('',#4940,.F.);
#4943=CARTESIAN_POINT('',(7.4925E0,-1.736646968374E0,-1.778E0));
#4944=DIRECTION('',(0.E0,8.660254037844E-1,5.E-1));
#4945=DIRECTION('',(-1.E0,0.E0,0.E0));
#4946=AXIS2_PLACEMENT_3D('',#4943,#4944,#4945);
#4947=PLANE('',#4946);
#4948=ORIENTED_EDGE('',*,*,#3906,.T.);
#4950=ORIENTED_EDGE('',*,*,#4949,.F.);
#4951=ORIENTED_EDGE('',*,*,#4750,.T.);
#4952=ORIENTED_EDGE('',*,*,#4779,.T.);
#4953=EDGE_LOOP('',(#4948,#4950,#4951,#4952));
#4954=FACE_OUTER_BOUND('',#4953,.F.);
#4956=CARTESIAN_POINT('',(-8.E0,-3.605E0,-1.524E0));
#4957=DIRECTION('',(0.E0,0.E0,1.E0));
#4958=DIRECTION('',(1.E0,0.E0,0.E0));
#4959=AXIS2_PLACEMENT_3D('',#4956,#4957,#4958);
#4960=PLANE('',#4959);
#4961=ORIENTED_EDGE('',*,*,#4949,.T.);
#4962=ORIENTED_EDGE('',*,*,#3904,.F.);
#4964=ORIENTED_EDGE('',*,*,#4963,.F.);
#4965=ORIENTED_EDGE('',*,*,#4752,.F.);
#4966=EDGE_LOOP('',(#4961,#4962,#4964,#4965));
#4967=FACE_OUTER_BOUND('',#4966,.F.);
#4969=CARTESIAN_POINT('',(-8.E0,-3.605E0,-1.524E0));
#4970=DIRECTION('',(0.E0,0.E0,1.E0));
#4971=DIRECTION('',(1.E0,0.E0,0.E0));
#4972=AXIS2_PLACEMENT_3D('',#4969,#4970,#4971);
#4973=PLANE('',#4972);
#4975=ORIENTED_EDGE('',*,*,#4974,.T.);
#4977=ORIENTED_EDGE('',*,*,#4976,.F.);
#4979=ORIENTED_EDGE('',*,*,#4978,.F.);
#4981=ORIENTED_EDGE('',*,*,#4980,.T.);
#4982=EDGE_LOOP('',(#4975,#4977,#4979,#4981));
#4983=FACE_OUTER_BOUND('',#4982,.F.);
#4985=CARTESIAN_POINT('',(6.985E0,-2.59E0,0.E0));
#4986=DIRECTION('',(0.E0,-1.E0,0.E0));
#4987=DIRECTION('',(-1.E0,0.E0,0.E0));
#4988=AXIS2_PLACEMENT_3D('',#4985,#4986,#4987);
#4989=PLANE('',#4988);
#4990=ORIENTED_EDGE('',*,*,#3877,.F.);
#4992=ORIENTED_EDGE('',*,*,#4991,.T.);
#4993=ORIENTED_EDGE('',*,*,#4978,.T.);
#4995=ORIENTED_EDGE('',*,*,#4994,.T.);
#4996=ORIENTED_EDGE('',*,*,#4722,.F.);
#4997=ORIENTED_EDGE('',*,*,#4754,.F.);
#4998=ORIENTED_EDGE('',*,*,#4963,.T.);
#4999=ORIENTED_EDGE('',*,*,#3902,.F.);
#5000=EDGE_LOOP('',(#4990,#4992,#4993,#4995,#4996,#4997,#4998,#4999));
#5001=FACE_OUTER_BOUND('',#5000,.F.);
#5003=CARTESIAN_POINT('',(-8.E0,0.E0,0.E0));
#5004=DIRECTION('',(1.E0,0.E0,0.E0));
#5005=DIRECTION('',(0.E0,0.E0,1.E0));
#5006=AXIS2_PLACEMENT_3D('',#5003,#5004,#5005);
#5007=PLANE('',#5006);
#5008=ORIENTED_EDGE('',*,*,#3968,.T.);
#5010=ORIENTED_EDGE('',*,*,#5009,.F.);
#5011=ORIENTED_EDGE('',*,*,#3764,.T.);
#5012=ORIENTED_EDGE('',*,*,#3852,.T.);
#5013=EDGE_LOOP('',(#5008,#5010,#5011,#5012));
#5014=FACE_OUTER_BOUND('',#5013,.F.);
#5016=CARTESIAN_POINT('',(-8.E0,0.E0,0.E0));
#5017=DIRECTION('',(1.E0,0.E0,0.E0));
#5018=DIRECTION('',(0.E0,0.E0,1.E0));
#5019=AXIS2_PLACEMENT_3D('',#5016,#5017,#5018);
#5020=PLANE('',#5019);
#5021=ORIENTED_EDGE('',*,*,#3875,.F.);
#5022=ORIENTED_EDGE('',*,*,#3818,.T.);
#5023=ORIENTED_EDGE('',*,*,#3501,.T.);
#5025=ORIENTED_EDGE('',*,*,#5024,.F.);
#5026=ORIENTED_EDGE('',*,*,#4795,.F.);
#5028=ORIENTED_EDGE('',*,*,#5027,.F.);
#5029=ORIENTED_EDGE('',*,*,#4980,.F.);
#5030=ORIENTED_EDGE('',*,*,#4991,.F.);
#5031=EDGE_LOOP('',(#5021,#5022,#5023,#5025,#5026,#5028,#5029,#5030));
#5032=FACE_OUTER_BOUND('',#5031,.F.);
#5034=CARTESIAN_POINT('',(-9.4478E0,-3.605E0,-4.449E0));
#5035=DIRECTION('',(0.E0,0.E0,1.E0));
#5036=DIRECTION('',(1.E0,0.E0,0.E0));
#5037=AXIS2_PLACEMENT_3D('',#5034,#5035,#5036);
#5038=PLANE('',#5037);
#5039=ORIENTED_EDGE('',*,*,#4797,.F.);
#5040=ORIENTED_EDGE('',*,*,#5024,.T.);
#5041=ORIENTED_EDGE('',*,*,#3499,.F.);
#5043=ORIENTED_EDGE('',*,*,#5042,.T.);
#5044=ORIENTED_EDGE('',*,*,#3766,.T.);
#5045=ORIENTED_EDGE('',*,*,#5009,.T.);
#5046=ORIENTED_EDGE('',*,*,#3966,.T.);
#5048=ORIENTED_EDGE('',*,*,#5047,.F.);
#5049=EDGE_LOOP('',(#5039,#5040,#5041,#5043,#5044,#5045,#5046,#5048));
#5050=FACE_OUTER_BOUND('',#5049,.F.);
#5052=CARTESIAN_POINT('',(-9.4478E0,-3.605E0,-5.973E0));
#5053=DIRECTION('',(-1.E0,0.E0,0.E0));
#5054=DIRECTION('',(0.E0,0.E0,1.E0));
#5055=AXIS2_PLACEMENT_3D('',#5052,#5053,#5054);
#5056=PLANE('',#5055);
#5057=ORIENTED_EDGE('',*,*,#3497,.F.);
#5059=ORIENTED_EDGE('',*,*,#5058,.T.);
#5060=ORIENTED_EDGE('',*,*,#3768,.T.);
#5061=ORIENTED_EDGE('',*,*,#5042,.F.);
#5062=EDGE_LOOP('',(#5057,#5059,#5060,#5061));
#5063=FACE_OUTER_BOUND('',#5062,.F.);
#5065=CARTESIAN_POINT('',(-8.E0,-3.605E0,-5.973E0));
#5066=DIRECTION('',(0.E0,0.E0,-1.E0));
#5067=DIRECTION('',(-1.E0,0.E0,0.E0));
#5068=AXIS2_PLACEMENT_3D('',#5065,#5066,#5067);
#5069=PLANE('',#5068);
#5070=ORIENTED_EDGE('',*,*,#4805,.T.);
#5072=ORIENTED_EDGE('',*,*,#5071,.T.);
#5073=ORIENTED_EDGE('',*,*,#3958,.F.);
#5074=ORIENTED_EDGE('',*,*,#4679,.F.);
#5075=ORIENTED_EDGE('',*,*,#3770,.T.);
#5076=ORIENTED_EDGE('',*,*,#5058,.F.);
#5077=ORIENTED_EDGE('',*,*,#3495,.F.);
#5078=ORIENTED_EDGE('',*,*,#4673,.F.);
#5079=EDGE_LOOP('',(#5070,#5072,#5073,#5074,#5075,#5076,#5077,#5078));
#5080=FACE_OUTER_BOUND('',#5079,.F.);
#5082=CARTESIAN_POINT('',(-8.292928347238E0,-1.59E0,-5.973E0));
#5083=DIRECTION('',(-1.E0,0.E0,0.E0));
#5084=DIRECTION('',(0.E0,0.E0,1.E0));
#5085=AXIS2_PLACEMENT_3D('',#5082,#5083,#5084);
#5086=PLANE('',#5085);
#5087=ORIENTED_EDGE('',*,*,#5071,.F.);
#5088=ORIENTED_EDGE('',*,*,#4803,.T.);
#5090=ORIENTED_EDGE('',*,*,#5089,.T.);
#5091=ORIENTED_EDGE('',*,*,#3960,.F.);
#5092=EDGE_LOOP('',(#5087,#5088,#5090,#5091));
#5093=FACE_OUTER_BOUND('',#5092,.F.);
#5095=CARTESIAN_POINT('',(-8.623128347238E0,-1.59E0,-5.6428E0));
#5096=DIRECTION('',(0.E0,1.E0,0.E0));
#5097=DIRECTION('',(-1.E0,0.E0,0.E0));
#5098=AXIS2_PLACEMENT_3D('',#5095,#5096,#5097);
#5099=CYLINDRICAL_SURFACE('',#5098,3.302E-1);
#5100=ORIENTED_EDGE('',*,*,#4801,.T.);
#5102=ORIENTED_EDGE('',*,*,#5101,.T.);
#5103=ORIENTED_EDGE('',*,*,#3962,.F.);
#5104=ORIENTED_EDGE('',*,*,#5089,.F.);
#5105=EDGE_LOOP('',(#5100,#5102,#5103,#5104));
#5106=FACE_OUTER_BOUND('',#5105,.F.);
#5108=CARTESIAN_POINT('',(-8.370180472120E0,-1.59E0,-5.430551531282E0));
#5109=DIRECTION('',(-7.660444431190E-1,0.E0,-6.427876096865E-1));
#5110=DIRECTION('',(-6.427876096865E-1,0.E0,7.660444431190E-1));
#5111=AXIS2_PLACEMENT_3D('',#5108,#5109,#5110);
#5112=PLANE('',#5111);
#5113=ORIENTED_EDGE('',*,*,#5047,.T.);
#5114=ORIENTED_EDGE('',*,*,#3964,.F.);
#5115=ORIENTED_EDGE('',*,*,#5101,.F.);
#5116=ORIENTED_EDGE('',*,*,#4799,.T.);
#5117=EDGE_LOOP('',(#5113,#5114,#5115,#5116));
#5118=FACE_OUTER_BOUND('',#5117,.F.);
#5120=CARTESIAN_POINT('',(-7.4925E0,-1.736646968374E0,-1.778E0));
#5121=DIRECTION('',(0.E0,8.660254037844E-1,5.E-1));
#5122=DIRECTION('',(-1.E0,0.E0,0.E0));
#5123=AXIS2_PLACEMENT_3D('',#5120,#5121,#5122);
#5124=PLANE('',#5123);
#5126=ORIENTED_EDGE('',*,*,#5125,.T.);
#5127=ORIENTED_EDGE('',*,*,#4974,.F.);
#5128=ORIENTED_EDGE('',*,*,#5027,.T.);
#5129=ORIENTED_EDGE('',*,*,#4793,.T.);
#5130=EDGE_LOOP('',(#5126,#5127,#5128,#5129));
#5131=FACE_OUTER_BOUND('',#5130,.F.);
#5133=CARTESIAN_POINT('',(-6.985E0,-2.59E0,0.E0));
#5134=DIRECTION('',(-1.E0,0.E0,0.E0));
#5135=DIRECTION('',(0.E0,1.E0,0.E0));
#5136=AXIS2_PLACEMENT_3D('',#5133,#5134,#5135);
#5137=PLANE('',#5136);
#5138=ORIENTED_EDGE('',*,*,#4708,.F.);
#5139=ORIENTED_EDGE('',*,*,#4994,.F.);
#5140=ORIENTED_EDGE('',*,*,#4976,.T.);
#5141=ORIENTED_EDGE('',*,*,#5125,.F.);
#5142=ORIENTED_EDGE('',*,*,#4791,.T.);
#5143=EDGE_LOOP('',(#5138,#5139,#5140,#5141,#5142));
#5144=FACE_OUTER_BOUND('',#5143,.F.);
#5146=CARTESIAN_POINT('',(-7.8476E0,6.00636E0,-7.422989142824E0));
#5147=DIRECTION('',(1.E0,0.E0,0.E0));
#5148=DIRECTION('',(0.E0,0.E0,-1.E0));
#5149=AXIS2_PLACEMENT_3D('',#5146,#5147,#5148);
#5150=PLANE('',#5149);
#5151=ORIENTED_EDGE('',*,*,#3564,.F.);
#5152=ORIENTED_EDGE('',*,*,#3580,.T.);
#5153=ORIENTED_EDGE('',*,*,#3714,.T.);
#5154=ORIENTED_EDGE('',*,*,#3726,.F.);
#5155=ORIENTED_EDGE('',*,*,#3774,.T.);
#5156=ORIENTED_EDGE('',*,*,#4676,.T.);
#5157=ORIENTED_EDGE('',*,*,#3491,.F.);
#5158=ORIENTED_EDGE('',*,*,#3530,.T.);
#5159=EDGE_LOOP('',(#5151,#5152,#5153,#5154,#5155,#5156,#5157,#5158));
#5160=FACE_OUTER_BOUND('',#5159,.F.);
#5162=CARTESIAN_POINT('',(5.7785E0,1.4605E0,-7.366E0));
#5163=DIRECTION('',(-1.E0,0.E0,0.E0));
#5164=DIRECTION('',(0.E0,-1.E0,0.E0));
#5165=AXIS2_PLACEMENT_3D('',#5162,#5163,#5164);
#5166=PLANE('',#5165);
#5167=ORIENTED_EDGE('',*,*,#4054,.F.);
#5169=ORIENTED_EDGE('',*,*,#5168,.T.);
#5171=ORIENTED_EDGE('',*,*,#5170,.T.);
#5173=ORIENTED_EDGE('',*,*,#5172,.F.);
#5174=EDGE_LOOP('',(#5167,#5169,#5171,#5173));
#5175=FACE_OUTER_BOUND('',#5174,.F.);
#5177=CARTESIAN_POINT('',(6.1595E0,1.4605E0,-7.366E0));
#5178=DIRECTION('',(0.E0,1.E0,0.E0));
#5179=DIRECTION('',(-1.E0,0.E0,0.E0));
#5180=AXIS2_PLACEMENT_3D('',#5177,#5178,#5179);
#5181=PLANE('',#5180);
#5182=ORIENTED_EDGE('',*,*,#4060,.F.);
#5184=ORIENTED_EDGE('',*,*,#5183,.T.);
#5186=ORIENTED_EDGE('',*,*,#5185,.T.);
#5187=ORIENTED_EDGE('',*,*,#5168,.F.);
#5188=EDGE_LOOP('',(#5182,#5184,#5186,#5187));
#5189=FACE_OUTER_BOUND('',#5188,.F.);
#5191=CARTESIAN_POINT('',(6.1595E0,1.0795E0,-7.366E0));
#5192=DIRECTION('',(1.E0,0.E0,0.E0));
#5193=DIRECTION('',(0.E0,1.E0,0.E0));
#5194=AXIS2_PLACEMENT_3D('',#5191,#5192,#5193);
#5195=PLANE('',#5194);
#5196=ORIENTED_EDGE('',*,*,#4058,.F.);
#5198=ORIENTED_EDGE('',*,*,#5197,.T.);
#5200=ORIENTED_EDGE('',*,*,#5199,.T.);
#5201=ORIENTED_EDGE('',*,*,#5183,.F.);
#5202=EDGE_LOOP('',(#5196,#5198,#5200,#5201));
#5203=FACE_OUTER_BOUND('',#5202,.F.);
#5205=CARTESIAN_POINT('',(5.7785E0,1.0795E0,-7.366E0));
#5206=DIRECTION('',(0.E0,-1.E0,0.E0));
#5207=DIRECTION('',(1.E0,0.E0,0.E0));
#5208=AXIS2_PLACEMENT_3D('',#5205,#5206,#5207);
#5209=PLANE('',#5208);
#5210=ORIENTED_EDGE('',*,*,#4056,.F.);
#5211=ORIENTED_EDGE('',*,*,#5172,.T.);
#5213=ORIENTED_EDGE('',*,*,#5212,.T.);
#5214=ORIENTED_EDGE('',*,*,#5197,.F.);
#5215=EDGE_LOOP('',(#5210,#5211,#5213,#5214));
#5216=FACE_OUTER_BOUND('',#5215,.F.);
#5218=CARTESIAN_POINT('',(-8.E0,-3.605E0,-4.191E0));
#5219=DIRECTION('',(0.E0,0.E0,1.E0));
#5220=DIRECTION('',(1.E0,0.E0,0.E0));
#5221=AXIS2_PLACEMENT_3D('',#5218,#5219,#5220);
#5222=PLANE('',#5221);
#5223=ORIENTED_EDGE('',*,*,#5170,.F.);
#5224=ORIENTED_EDGE('',*,*,#5185,.F.);
#5225=ORIENTED_EDGE('',*,*,#5199,.F.);
#5226=ORIENTED_EDGE('',*,*,#5212,.F.);
#5227=EDGE_LOOP('',(#5223,#5224,#5225,#5226));
#5228=FACE_OUTER_BOUND('',#5227,.F.);
#5230=CARTESIAN_POINT('',(-8.E0,-3.605E0,-4.191E0));
#5231=DIRECTION('',(0.E0,0.E0,1.E0));
#5232=DIRECTION('',(1.E0,0.E0,0.E0));
#5233=AXIS2_PLACEMENT_3D('',#5230,#5231,#5232);
#5234=PLANE('',#5233);
#5236=ORIENTED_EDGE('',*,*,#5235,.F.);
#5238=ORIENTED_EDGE('',*,*,#5237,.F.);
#5240=ORIENTED_EDGE('',*,*,#5239,.F.);
#5242=ORIENTED_EDGE('',*,*,#5241,.F.);
#5243=EDGE_LOOP('',(#5236,#5238,#5240,#5242));
#5244=FACE_OUTER_BOUND('',#5243,.F.);
#5246=CARTESIAN_POINT('',(5.7785E0,-1.0795E0,-7.366E0));
#5247=DIRECTION('',(-1.E0,0.E0,0.E0));
#5248=DIRECTION('',(0.E0,-1.E0,0.E0));
#5249=AXIS2_PLACEMENT_3D('',#5246,#5247,#5248);
#5250=PLANE('',#5249);
#5251=ORIENTED_EDGE('',*,*,#4064,.F.);
#5253=ORIENTED_EDGE('',*,*,#5252,.T.);
#5254=ORIENTED_EDGE('',*,*,#5235,.T.);
#5256=ORIENTED_EDGE('',*,*,#5255,.F.);
#5257=EDGE_LOOP('',(#5251,#5253,#5254,#5256));
#5258=FACE_OUTER_BOUND('',#5257,.F.);
#5260=CARTESIAN_POINT('',(6.1595E0,-1.0795E0,-7.366E0));
#5261=DIRECTION('',(0.E0,1.E0,0.E0));
#5262=DIRECTION('',(-1.E0,0.E0,0.E0));
#5263=AXIS2_PLACEMENT_3D('',#5260,#5261,#5262);
#5264=PLANE('',#5263);
#5265=ORIENTED_EDGE('',*,*,#4070,.F.);
#5267=ORIENTED_EDGE('',*,*,#5266,.T.);
#5268=ORIENTED_EDGE('',*,*,#5237,.T.);
#5269=ORIENTED_EDGE('',*,*,#5252,.F.);
#5270=EDGE_LOOP('',(#5265,#5267,#5268,#5269));
#5271=FACE_OUTER_BOUND('',#5270,.F.);
#5273=CARTESIAN_POINT('',(6.1595E0,-1.4605E0,-7.366E0));
#5274=DIRECTION('',(1.E0,0.E0,0.E0));
#5275=DIRECTION('',(0.E0,1.E0,0.E0));
#5276=AXIS2_PLACEMENT_3D('',#5273,#5274,#5275);
#5277=PLANE('',#5276);
#5278=ORIENTED_EDGE('',*,*,#4068,.F.);
#5280=ORIENTED_EDGE('',*,*,#5279,.T.);
#5281=ORIENTED_EDGE('',*,*,#5239,.T.);
#5282=ORIENTED_EDGE('',*,*,#5266,.F.);
#5283=EDGE_LOOP('',(#5278,#5280,#5281,#5282));
#5284=FACE_OUTER_BOUND('',#5283,.F.);
#5286=CARTESIAN_POINT('',(5.7785E0,-1.4605E0,-7.366E0));
#5287=DIRECTION('',(0.E0,-1.E0,0.E0));
#5288=DIRECTION('',(1.E0,0.E0,0.E0));
#5289=AXIS2_PLACEMENT_3D('',#5286,#5287,#5288);
#5290=PLANE('',#5289);
#5291=ORIENTED_EDGE('',*,*,#4066,.F.);
#5292=ORIENTED_EDGE('',*,*,#5255,.T.);
#5293=ORIENTED_EDGE('',*,*,#5241,.T.);
#5294=ORIENTED_EDGE('',*,*,#5279,.F.);
#5295=EDGE_LOOP('',(#5291,#5292,#5293,#5294));
#5296=FACE_OUTER_BOUND('',#5295,.F.);
#5298=CARTESIAN_POINT('',(4.5085E0,1.4605E0,-7.366E0));
#5299=DIRECTION('',(-1.E0,0.E0,0.E0));
#5300=DIRECTION('',(0.E0,-1.E0,0.E0));
#5301=AXIS2_PLACEMENT_3D('',#5298,#5299,#5300);
#5302=PLANE('',#5301);
#5303=ORIENTED_EDGE('',*,*,#4074,.F.);
#5305=ORIENTED_EDGE('',*,*,#5304,.T.);
#5307=ORIENTED_EDGE('',*,*,#5306,.T.);
#5309=ORIENTED_EDGE('',*,*,#5308,.F.);
#5310=EDGE_LOOP('',(#5303,#5305,#5307,#5309));
#5311=FACE_OUTER_BOUND('',#5310,.F.);
#5313=CARTESIAN_POINT('',(4.8895E0,1.4605E0,-7.366E0));
#5314=DIRECTION('',(0.E0,1.E0,0.E0));
#5315=DIRECTION('',(-1.E0,0.E0,0.E0));
#5316=AXIS2_PLACEMENT_3D('',#5313,#5314,#5315);
#5317=PLANE('',#5316);
#5318=ORIENTED_EDGE('',*,*,#4080,.F.);
#5320=ORIENTED_EDGE('',*,*,#5319,.T.);
#5322=ORIENTED_EDGE('',*,*,#5321,.T.);
#5323=ORIENTED_EDGE('',*,*,#5304,.F.);
#5324=EDGE_LOOP('',(#5318,#5320,#5322,#5323));
#5325=FACE_OUTER_BOUND('',#5324,.F.);
#5327=CARTESIAN_POINT('',(4.8895E0,1.0795E0,-7.366E0));
#5328=DIRECTION('',(1.E0,0.E0,0.E0));
#5329=DIRECTION('',(0.E0,1.E0,0.E0));
#5330=AXIS2_PLACEMENT_3D('',#5327,#5328,#5329);
#5331=PLANE('',#5330);
#5332=ORIENTED_EDGE('',*,*,#4078,.F.);
#5334=ORIENTED_EDGE('',*,*,#5333,.T.);
#5336=ORIENTED_EDGE('',*,*,#5335,.T.);
#5337=ORIENTED_EDGE('',*,*,#5319,.F.);
#5338=EDGE_LOOP('',(#5332,#5334,#5336,#5337));
#5339=FACE_OUTER_BOUND('',#5338,.F.);
#5341=CARTESIAN_POINT('',(4.5085E0,1.0795E0,-7.366E0));
#5342=DIRECTION('',(0.E0,-1.E0,0.E0));
#5343=DIRECTION('',(1.E0,0.E0,0.E0));
#5344=AXIS2_PLACEMENT_3D('',#5341,#5342,#5343);
#5345=PLANE('',#5344);
#5346=ORIENTED_EDGE('',*,*,#4076,.F.);
#5347=ORIENTED_EDGE('',*,*,#5308,.T.);
#5349=ORIENTED_EDGE('',*,*,#5348,.T.);
#5350=ORIENTED_EDGE('',*,*,#5333,.F.);
#5351=EDGE_LOOP('',(#5346,#5347,#5349,#5350));
#5352=FACE_OUTER_BOUND('',#5351,.F.);
#5354=CARTESIAN_POINT('',(-9.27E0,-3.605E0,-4.191E0));
#5355=DIRECTION('',(0.E0,0.E0,1.E0));
#5356=DIRECTION('',(1.E0,0.E0,0.E0));
#5357=AXIS2_PLACEMENT_3D('',#5354,#5355,#5356);
#5358=PLANE('',#5357);
#5359=ORIENTED_EDGE('',*,*,#5306,.F.);
#5360=ORIENTED_EDGE('',*,*,#5321,.F.);
#5361=ORIENTED_EDGE('',*,*,#5335,.F.);
#5362=ORIENTED_EDGE('',*,*,#5348,.F.);
#5363=EDGE_LOOP('',(#5359,#5360,#5361,#5362));
#5364=FACE_OUTER_BOUND('',#5363,.F.);
#5366=CARTESIAN_POINT('',(-9.27E0,-3.605E0,-4.191E0));
#5367=DIRECTION('',(0.E0,0.E0,1.E0));
#5368=DIRECTION('',(1.E0,0.E0,0.E0));
#5369=AXIS2_PLACEMENT_3D('',#5366,#5367,#5368);
#5370=PLANE('',#5369);
#5372=ORIENTED_EDGE('',*,*,#5371,.F.);
#5374=ORIENTED_EDGE('',*,*,#5373,.F.);
#5376=ORIENTED_EDGE('',*,*,#5375,.F.);
#5378=ORIENTED_EDGE('',*,*,#5377,.F.);
#5379=EDGE_LOOP('',(#5372,#5374,#5376,#5378));
#5380=FACE_OUTER_BOUND('',#5379,.F.);
#5382=CARTESIAN_POINT('',(4.5085E0,-1.0795E0,-7.366E0));
#5383=DIRECTION('',(-1.E0,0.E0,0.E0));
#5384=DIRECTION('',(0.E0,-1.E0,0.E0));
#5385=AXIS2_PLACEMENT_3D('',#5382,#5383,#5384);
#5386=PLANE('',#5385);
#5387=ORIENTED_EDGE('',*,*,#4084,.F.);
#5389=ORIENTED_EDGE('',*,*,#5388,.T.);
#5390=ORIENTED_EDGE('',*,*,#5371,.T.);
#5392=ORIENTED_EDGE('',*,*,#5391,.F.);
#5393=EDGE_LOOP('',(#5387,#5389,#5390,#5392));
#5394=FACE_OUTER_BOUND('',#5393,.F.);
#5396=CARTESIAN_POINT('',(4.8895E0,-1.0795E0,-7.366E0));
#5397=DIRECTION('',(0.E0,1.E0,0.E0));
#5398=DIRECTION('',(-1.E0,0.E0,0.E0));
#5399=AXIS2_PLACEMENT_3D('',#5396,#5397,#5398);
#5400=PLANE('',#5399);
#5401=ORIENTED_EDGE('',*,*,#4090,.F.);
#5403=ORIENTED_EDGE('',*,*,#5402,.T.);
#5404=ORIENTED_EDGE('',*,*,#5373,.T.);
#5405=ORIENTED_EDGE('',*,*,#5388,.F.);
#5406=EDGE_LOOP('',(#5401,#5403,#5404,#5405));
#5407=FACE_OUTER_BOUND('',#5406,.F.);
#5409=CARTESIAN_POINT('',(4.8895E0,-1.4605E0,-7.366E0));
#5410=DIRECTION('',(1.E0,0.E0,0.E0));
#5411=DIRECTION('',(0.E0,1.E0,0.E0));
#5412=AXIS2_PLACEMENT_3D('',#5409,#5410,#5411);
#5413=PLANE('',#5412);
#5414=ORIENTED_EDGE('',*,*,#4088,.F.);
#5416=ORIENTED_EDGE('',*,*,#5415,.T.);
#5417=ORIENTED_EDGE('',*,*,#5375,.T.);
#5418=ORIENTED_EDGE('',*,*,#5402,.F.);
#5419=EDGE_LOOP('',(#5414,#5416,#5417,#5418));
#5420=FACE_OUTER_BOUND('',#5419,.F.);
#5422=CARTESIAN_POINT('',(4.5085E0,-1.4605E0,-7.366E0));
#5423=DIRECTION('',(0.E0,-1.E0,0.E0));
#5424=DIRECTION('',(1.E0,0.E0,0.E0));
#5425=AXIS2_PLACEMENT_3D('',#5422,#5423,#5424);
#5426=PLANE('',#5425);
#5427=ORIENTED_EDGE('',*,*,#4086,.F.);
#5428=ORIENTED_EDGE('',*,*,#5391,.T.);
#5429=ORIENTED_EDGE('',*,*,#5377,.T.);
#5430=ORIENTED_EDGE('',*,*,#5415,.F.);
#5431=EDGE_LOOP('',(#5427,#5428,#5429,#5430));
#5432=FACE_OUTER_BOUND('',#5431,.F.);
#5434=CARTESIAN_POINT('',(3.2385E0,1.4605E0,-7.366E0));
#5435=DIRECTION('',(-1.E0,0.E0,0.E0));
#5436=DIRECTION('',(0.E0,-1.E0,0.E0));
#5437=AXIS2_PLACEMENT_3D('',#5434,#5435,#5436);
#5438=PLANE('',#5437);
#5439=ORIENTED_EDGE('',*,*,#4094,.F.);
#5441=ORIENTED_EDGE('',*,*,#5440,.T.);
#5443=ORIENTED_EDGE('',*,*,#5442,.T.);
#5445=ORIENTED_EDGE('',*,*,#5444,.F.);
#5446=EDGE_LOOP('',(#5439,#5441,#5443,#5445));
#5447=FACE_OUTER_BOUND('',#5446,.F.);
#5449=CARTESIAN_POINT('',(3.6195E0,1.4605E0,-7.366E0));
#5450=DIRECTION('',(0.E0,1.E0,0.E0));
#5451=DIRECTION('',(-1.E0,0.E0,0.E0));
#5452=AXIS2_PLACEMENT_3D('',#5449,#5450,#5451);
#5453=PLANE('',#5452);
#5454=ORIENTED_EDGE('',*,*,#4100,.F.);
#5456=ORIENTED_EDGE('',*,*,#5455,.T.);
#5458=ORIENTED_EDGE('',*,*,#5457,.T.);
#5459=ORIENTED_EDGE('',*,*,#5440,.F.);
#5460=EDGE_LOOP('',(#5454,#5456,#5458,#5459));
#5461=FACE_OUTER_BOUND('',#5460,.F.);
#5463=CARTESIAN_POINT('',(3.6195E0,1.0795E0,-7.366E0));
#5464=DIRECTION('',(1.E0,0.E0,0.E0));
#5465=DIRECTION('',(0.E0,1.E0,0.E0));
#5466=AXIS2_PLACEMENT_3D('',#5463,#5464,#5465);
#5467=PLANE('',#5466);
#5468=ORIENTED_EDGE('',*,*,#4098,.F.);
#5470=ORIENTED_EDGE('',*,*,#5469,.T.);
#5472=ORIENTED_EDGE('',*,*,#5471,.T.);
#5473=ORIENTED_EDGE('',*,*,#5455,.F.);
#5474=EDGE_LOOP('',(#5468,#5470,#5472,#5473));
#5475=FACE_OUTER_BOUND('',#5474,.F.);
#5477=CARTESIAN_POINT('',(3.2385E0,1.0795E0,-7.366E0));
#5478=DIRECTION('',(0.E0,-1.E0,0.E0));
#5479=DIRECTION('',(1.E0,0.E0,0.E0));
#5480=AXIS2_PLACEMENT_3D('',#5477,#5478,#5479);
#5481=PLANE('',#5480);
#5482=ORIENTED_EDGE('',*,*,#4096,.F.);
#5483=ORIENTED_EDGE('',*,*,#5444,.T.);
#5485=ORIENTED_EDGE('',*,*,#5484,.T.);
#5486=ORIENTED_EDGE('',*,*,#5469,.F.);
#5487=EDGE_LOOP('',(#5482,#5483,#5485,#5486));
#5488=FACE_OUTER_BOUND('',#5487,.F.);
#5490=CARTESIAN_POINT('',(-1.054E1,-3.605E0,-4.191E0));
#5491=DIRECTION('',(0.E0,0.E0,1.E0));
#5492=DIRECTION('',(1.E0,0.E0,0.E0));
#5493=AXIS2_PLACEMENT_3D('',#5490,#5491,#5492);
#5494=PLANE('',#5493);
#5495=ORIENTED_EDGE('',*,*,#5442,.F.);
#5496=ORIENTED_EDGE('',*,*,#5457,.F.);
#5497=ORIENTED_EDGE('',*,*,#5471,.F.);
#5498=ORIENTED_EDGE('',*,*,#5484,.F.);
#5499=EDGE_LOOP('',(#5495,#5496,#5497,#5498));
#5500=FACE_OUTER_BOUND('',#5499,.F.);
#5502=CARTESIAN_POINT('',(-1.054E1,-3.605E0,-4.191E0));
#5503=DIRECTION('',(0.E0,0.E0,1.E0));
#5504=DIRECTION('',(1.E0,0.E0,0.E0));
#5505=AXIS2_PLACEMENT_3D('',#5502,#5503,#5504);
#5506=PLANE('',#5505);
#5508=ORIENTED_EDGE('',*,*,#5507,.F.);
#5510=ORIENTED_EDGE('',*,*,#5509,.F.);
#5512=ORIENTED_EDGE('',*,*,#5511,.F.);
#5514=ORIENTED_EDGE('',*,*,#5513,.F.);
#5515=EDGE_LOOP('',(#5508,#5510,#5512,#5514));
#5516=FACE_OUTER_BOUND('',#5515,.F.);
#5518=CARTESIAN_POINT('',(3.2385E0,-1.0795E0,-7.366E0));
#5519=DIRECTION('',(-1.E0,0.E0,0.E0));
#5520=DIRECTION('',(0.E0,-1.E0,0.E0));
#5521=AXIS2_PLACEMENT_3D('',#5518,#5519,#5520);
#5522=PLANE('',#5521);
#5523=ORIENTED_EDGE('',*,*,#4104,.F.);
#5525=ORIENTED_EDGE('',*,*,#5524,.T.);
#5526=ORIENTED_EDGE('',*,*,#5507,.T.);
#5528=ORIENTED_EDGE('',*,*,#5527,.F.);
#5529=EDGE_LOOP('',(#5523,#5525,#5526,#5528));
#5530=FACE_OUTER_BOUND('',#5529,.F.);
#5532=CARTESIAN_POINT('',(3.6195E0,-1.0795E0,-7.366E0));
#5533=DIRECTION('',(0.E0,1.E0,0.E0));
#5534=DIRECTION('',(-1.E0,0.E0,0.E0));
#5535=AXIS2_PLACEMENT_3D('',#5532,#5533,#5534);
#5536=PLANE('',#5535);
#5537=ORIENTED_EDGE('',*,*,#4110,.F.);
#5539=ORIENTED_EDGE('',*,*,#5538,.T.);
#5540=ORIENTED_EDGE('',*,*,#5509,.T.);
#5541=ORIENTED_EDGE('',*,*,#5524,.F.);
#5542=EDGE_LOOP('',(#5537,#5539,#5540,#5541));
#5543=FACE_OUTER_BOUND('',#5542,.F.);
#5545=CARTESIAN_POINT('',(3.6195E0,-1.4605E0,-7.366E0));
#5546=DIRECTION('',(1.E0,0.E0,0.E0));
#5547=DIRECTION('',(0.E0,1.E0,0.E0));
#5548=AXIS2_PLACEMENT_3D('',#5545,#5546,#5547);
#5549=PLANE('',#5548);
#5550=ORIENTED_EDGE('',*,*,#4108,.F.);
#5552=ORIENTED_EDGE('',*,*,#5551,.T.);
#5553=ORIENTED_EDGE('',*,*,#5511,.T.);
#5554=ORIENTED_EDGE('',*,*,#5538,.F.);
#5555=EDGE_LOOP('',(#5550,#5552,#5553,#5554));
#5556=FACE_OUTER_BOUND('',#5555,.F.);
#5558=CARTESIAN_POINT('',(3.2385E0,-1.4605E0,-7.366E0));
#5559=DIRECTION('',(0.E0,-1.E0,0.E0));
#5560=DIRECTION('',(1.E0,0.E0,0.E0));
#5561=AXIS2_PLACEMENT_3D('',#5558,#5559,#5560);
#5562=PLANE('',#5561);
#5563=ORIENTED_EDGE('',*,*,#4106,.F.);
#5564=ORIENTED_EDGE('',*,*,#5527,.T.);
#5565=ORIENTED_EDGE('',*,*,#5513,.T.);
#5566=ORIENTED_EDGE('',*,*,#5551,.F.);
#5567=EDGE_LOOP('',(#5563,#5564,#5565,#5566));
#5568=FACE_OUTER_BOUND('',#5567,.F.);
#5570=CARTESIAN_POINT('',(1.9685E0,1.4605E0,-7.366E0));
#5571=DIRECTION('',(-1.E0,0.E0,0.E0));
#5572=DIRECTION('',(0.E0,-1.E0,0.E0));
#5573=AXIS2_PLACEMENT_3D('',#5570,#5571,#5572);
#5574=PLANE('',#5573);
#5575=ORIENTED_EDGE('',*,*,#4114,.F.);
#5577=ORIENTED_EDGE('',*,*,#5576,.T.);
#5579=ORIENTED_EDGE('',*,*,#5578,.T.);
#5581=ORIENTED_EDGE('',*,*,#5580,.F.);
#5582=EDGE_LOOP('',(#5575,#5577,#5579,#5581));
#5583=FACE_OUTER_BOUND('',#5582,.F.);
#5585=CARTESIAN_POINT('',(2.3495E0,1.4605E0,-7.366E0));
#5586=DIRECTION('',(0.E0,1.E0,0.E0));
#5587=DIRECTION('',(-1.E0,0.E0,0.E0));
#5588=AXIS2_PLACEMENT_3D('',#5585,#5586,#5587);
#5589=PLANE('',#5588);
#5590=ORIENTED_EDGE('',*,*,#4120,.F.);
#5592=ORIENTED_EDGE('',*,*,#5591,.T.);
#5594=ORIENTED_EDGE('',*,*,#5593,.T.);
#5595=ORIENTED_EDGE('',*,*,#5576,.F.);
#5596=EDGE_LOOP('',(#5590,#5592,#5594,#5595));
#5597=FACE_OUTER_BOUND('',#5596,.F.);
#5599=CARTESIAN_POINT('',(2.3495E0,1.0795E0,-7.366E0));
#5600=DIRECTION('',(1.E0,0.E0,0.E0));
#5601=DIRECTION('',(0.E0,1.E0,0.E0));
#5602=AXIS2_PLACEMENT_3D('',#5599,#5600,#5601);
#5603=PLANE('',#5602);
#5604=ORIENTED_EDGE('',*,*,#4118,.F.);
#5606=ORIENTED_EDGE('',*,*,#5605,.T.);
#5608=ORIENTED_EDGE('',*,*,#5607,.T.);
#5609=ORIENTED_EDGE('',*,*,#5591,.F.);
#5610=EDGE_LOOP('',(#5604,#5606,#5608,#5609));
#5611=FACE_OUTER_BOUND('',#5610,.F.);
#5613=CARTESIAN_POINT('',(1.9685E0,1.0795E0,-7.366E0));
#5614=DIRECTION('',(0.E0,-1.E0,0.E0));
#5615=DIRECTION('',(1.E0,0.E0,0.E0));
#5616=AXIS2_PLACEMENT_3D('',#5613,#5614,#5615);
#5617=PLANE('',#5616);
#5618=ORIENTED_EDGE('',*,*,#4116,.F.);
#5619=ORIENTED_EDGE('',*,*,#5580,.T.);
#5621=ORIENTED_EDGE('',*,*,#5620,.T.);
#5622=ORIENTED_EDGE('',*,*,#5605,.F.);
#5623=EDGE_LOOP('',(#5618,#5619,#5621,#5622));
#5624=FACE_OUTER_BOUND('',#5623,.F.);
#5626=CARTESIAN_POINT('',(-1.181E1,-3.605E0,-4.191E0));
#5627=DIRECTION('',(0.E0,0.E0,1.E0));
#5628=DIRECTION('',(1.E0,0.E0,0.E0));
#5629=AXIS2_PLACEMENT_3D('',#5626,#5627,#5628);
#5630=PLANE('',#5629);
#5631=ORIENTED_EDGE('',*,*,#5578,.F.);
#5632=ORIENTED_EDGE('',*,*,#5593,.F.);
#5633=ORIENTED_EDGE('',*,*,#5607,.F.);
#5634=ORIENTED_EDGE('',*,*,#5620,.F.);
#5635=EDGE_LOOP('',(#5631,#5632,#5633,#5634));
#5636=FACE_OUTER_BOUND('',#5635,.F.);
#5638=CARTESIAN_POINT('',(-1.181E1,-3.605E0,-4.191E0));
#5639=DIRECTION('',(0.E0,0.E0,1.E0));
#5640=DIRECTION('',(1.E0,0.E0,0.E0));
#5641=AXIS2_PLACEMENT_3D('',#5638,#5639,#5640);
#5642=PLANE('',#5641);
#5644=ORIENTED_EDGE('',*,*,#5643,.F.);
#5646=ORIENTED_EDGE('',*,*,#5645,.F.);
#5648=ORIENTED_EDGE('',*,*,#5647,.F.);
#5650=ORIENTED_EDGE('',*,*,#5649,.F.);
#5651=EDGE_LOOP('',(#5644,#5646,#5648,#5650));
#5652=FACE_OUTER_BOUND('',#5651,.F.);
#5654=CARTESIAN_POINT('',(1.9685E0,-1.0795E0,-7.366E0));
#5655=DIRECTION('',(-1.E0,0.E0,0.E0));
#5656=DIRECTION('',(0.E0,-1.E0,0.E0));
#5657=AXIS2_PLACEMENT_3D('',#5654,#5655,#5656);
#5658=PLANE('',#5657);
#5659=ORIENTED_EDGE('',*,*,#4124,.F.);
#5661=ORIENTED_EDGE('',*,*,#5660,.T.);
#5662=ORIENTED_EDGE('',*,*,#5643,.T.);
#5664=ORIENTED_EDGE('',*,*,#5663,.F.);
#5665=EDGE_LOOP('',(#5659,#5661,#5662,#5664));
#5666=FACE_OUTER_BOUND('',#5665,.F.);
#5668=CARTESIAN_POINT('',(2.3495E0,-1.0795E0,-7.366E0));
#5669=DIRECTION('',(0.E0,1.E0,0.E0));
#5670=DIRECTION('',(-1.E0,0.E0,0.E0));
#5671=AXIS2_PLACEMENT_3D('',#5668,#5669,#5670);
#5672=PLANE('',#5671);
#5673=ORIENTED_EDGE('',*,*,#4130,.F.);
#5675=ORIENTED_EDGE('',*,*,#5674,.T.);
#5676=ORIENTED_EDGE('',*,*,#5645,.T.);
#5677=ORIENTED_EDGE('',*,*,#5660,.F.);
#5678=EDGE_LOOP('',(#5673,#5675,#5676,#5677));
#5679=FACE_OUTER_BOUND('',#5678,.F.);
#5681=CARTESIAN_POINT('',(2.3495E0,-1.4605E0,-7.366E0));
#5682=DIRECTION('',(1.E0,0.E0,0.E0));
#5683=DIRECTION('',(0.E0,1.E0,0.E0));
#5684=AXIS2_PLACEMENT_3D('',#5681,#5682,#5683);
#5685=PLANE('',#5684);
#5686=ORIENTED_EDGE('',*,*,#4128,.F.);
#5688=ORIENTED_EDGE('',*,*,#5687,.T.);
#5689=ORIENTED_EDGE('',*,*,#5647,.T.);
#5690=ORIENTED_EDGE('',*,*,#5674,.F.);
#5691=EDGE_LOOP('',(#5686,#5688,#5689,#5690));
#5692=FACE_OUTER_BOUND('',#5691,.F.);
#5694=CARTESIAN_POINT('',(1.9685E0,-1.4605E0,-7.366E0));
#5695=DIRECTION('',(0.E0,-1.E0,0.E0));
#5696=DIRECTION('',(1.E0,0.E0,0.E0));
#5697=AXIS2_PLACEMENT_3D('',#5694,#5695,#5696);
#5698=PLANE('',#5697);
#5699=ORIENTED_EDGE('',*,*,#4126,.F.);
#5700=ORIENTED_EDGE('',*,*,#5663,.T.);
#5701=ORIENTED_EDGE('',*,*,#5649,.T.);
#5702=ORIENTED_EDGE('',*,*,#5687,.F.);
#5703=EDGE_LOOP('',(#5699,#5700,#5701,#5702));
#5704=FACE_OUTER_BOUND('',#5703,.F.);
#5706=CARTESIAN_POINT('',(6.985E-1,1.4605E0,-7.366E0));
#5707=DIRECTION('',(-1.E0,0.E0,0.E0));
#5708=DIRECTION('',(0.E0,-1.E0,0.E0));
#5709=AXIS2_PLACEMENT_3D('',#5706,#5707,#5708);
#5710=PLANE('',#5709);
#5711=ORIENTED_EDGE('',*,*,#4134,.F.);
#5713=ORIENTED_EDGE('',*,*,#5712,.T.);
#5715=ORIENTED_EDGE('',*,*,#5714,.T.);
#5717=ORIENTED_EDGE('',*,*,#5716,.F.);
#5718=EDGE_LOOP('',(#5711,#5713,#5715,#5717));
#5719=FACE_OUTER_BOUND('',#5718,.F.);
#5721=CARTESIAN_POINT('',(1.0795E0,1.4605E0,-7.366E0));
#5722=DIRECTION('',(0.E0,1.E0,0.E0));
#5723=DIRECTION('',(-1.E0,0.E0,0.E0));
#5724=AXIS2_PLACEMENT_3D('',#5721,#5722,#5723);
#5725=PLANE('',#5724);
#5726=ORIENTED_EDGE('',*,*,#4140,.F.);
#5728=ORIENTED_EDGE('',*,*,#5727,.T.);
#5730=ORIENTED_EDGE('',*,*,#5729,.T.);
#5731=ORIENTED_EDGE('',*,*,#5712,.F.);
#5732=EDGE_LOOP('',(#5726,#5728,#5730,#5731));
#5733=FACE_OUTER_BOUND('',#5732,.F.);
#5735=CARTESIAN_POINT('',(1.0795E0,1.0795E0,-7.366E0));
#5736=DIRECTION('',(1.E0,0.E0,0.E0));
#5737=DIRECTION('',(0.E0,1.E0,0.E0));
#5738=AXIS2_PLACEMENT_3D('',#5735,#5736,#5737);
#5739=PLANE('',#5738);
#5740=ORIENTED_EDGE('',*,*,#4138,.F.);
#5742=ORIENTED_EDGE('',*,*,#5741,.T.);
#5744=ORIENTED_EDGE('',*,*,#5743,.T.);
#5745=ORIENTED_EDGE('',*,*,#5727,.F.);
#5746=EDGE_LOOP('',(#5740,#5742,#5744,#5745));
#5747=FACE_OUTER_BOUND('',#5746,.F.);
#5749=CARTESIAN_POINT('',(6.985E-1,1.0795E0,-7.366E0));
#5750=DIRECTION('',(0.E0,-1.E0,0.E0));
#5751=DIRECTION('',(1.E0,0.E0,0.E0));
#5752=AXIS2_PLACEMENT_3D('',#5749,#5750,#5751);
#5753=PLANE('',#5752);
#5754=ORIENTED_EDGE('',*,*,#4136,.F.);
#5755=ORIENTED_EDGE('',*,*,#5716,.T.);
#5757=ORIENTED_EDGE('',*,*,#5756,.T.);
#5758=ORIENTED_EDGE('',*,*,#5741,.F.);
#5759=EDGE_LOOP('',(#5754,#5755,#5757,#5758));
#5760=FACE_OUTER_BOUND('',#5759,.F.);
#5762=CARTESIAN_POINT('',(-1.308E1,-3.605E0,-4.191E0));
#5763=DIRECTION('',(0.E0,0.E0,1.E0));
#5764=DIRECTION('',(1.E0,0.E0,0.E0));
#5765=AXIS2_PLACEMENT_3D('',#5762,#5763,#5764);
#5766=PLANE('',#5765);
#5767=ORIENTED_EDGE('',*,*,#5714,.F.);
#5768=ORIENTED_EDGE('',*,*,#5729,.F.);
#5769=ORIENTED_EDGE('',*,*,#5743,.F.);
#5770=ORIENTED_EDGE('',*,*,#5756,.F.);
#5771=EDGE_LOOP('',(#5767,#5768,#5769,#5770));
#5772=FACE_OUTER_BOUND('',#5771,.F.);
#5774=CARTESIAN_POINT('',(-1.308E1,-3.605E0,-4.191E0));
#5775=DIRECTION('',(0.E0,0.E0,1.E0));
#5776=DIRECTION('',(1.E0,0.E0,0.E0));
#5777=AXIS2_PLACEMENT_3D('',#5774,#5775,#5776);
#5778=PLANE('',#5777);
#5780=ORIENTED_EDGE('',*,*,#5779,.F.);
#5782=ORIENTED_EDGE('',*,*,#5781,.F.);
#5784=ORIENTED_EDGE('',*,*,#5783,.F.);
#5786=ORIENTED_EDGE('',*,*,#5785,.F.);
#5787=EDGE_LOOP('',(#5780,#5782,#5784,#5786));
#5788=FACE_OUTER_BOUND('',#5787,.F.);
#5790=CARTESIAN_POINT('',(6.985E-1,-1.0795E0,-7.366E0));
#5791=DIRECTION('',(-1.E0,0.E0,0.E0));
#5792=DIRECTION('',(0.E0,-1.E0,0.E0));
#5793=AXIS2_PLACEMENT_3D('',#5790,#5791,#5792);
#5794=PLANE('',#5793);
#5795=ORIENTED_EDGE('',*,*,#4144,.F.);
#5797=ORIENTED_EDGE('',*,*,#5796,.T.);
#5798=ORIENTED_EDGE('',*,*,#5779,.T.);
#5800=ORIENTED_EDGE('',*,*,#5799,.F.);
#5801=EDGE_LOOP('',(#5795,#5797,#5798,#5800));
#5802=FACE_OUTER_BOUND('',#5801,.F.);
#5804=CARTESIAN_POINT('',(1.0795E0,-1.0795E0,-7.366E0));
#5805=DIRECTION('',(0.E0,1.E0,0.E0));
#5806=DIRECTION('',(-1.E0,0.E0,0.E0));
#5807=AXIS2_PLACEMENT_3D('',#5804,#5805,#5806);
#5808=PLANE('',#5807);
#5809=ORIENTED_EDGE('',*,*,#4150,.F.);
#5811=ORIENTED_EDGE('',*,*,#5810,.T.);
#5812=ORIENTED_EDGE('',*,*,#5781,.T.);
#5813=ORIENTED_EDGE('',*,*,#5796,.F.);
#5814=EDGE_LOOP('',(#5809,#5811,#5812,#5813));
#5815=FACE_OUTER_BOUND('',#5814,.F.);
#5817=CARTESIAN_POINT('',(1.0795E0,-1.4605E0,-7.366E0));
#5818=DIRECTION('',(1.E0,0.E0,0.E0));
#5819=DIRECTION('',(0.E0,1.E0,0.E0));
#5820=AXIS2_PLACEMENT_3D('',#5817,#5818,#5819);
#5821=PLANE('',#5820);
#5822=ORIENTED_EDGE('',*,*,#4148,.F.);
#5824=ORIENTED_EDGE('',*,*,#5823,.T.);
#5825=ORIENTED_EDGE('',*,*,#5783,.T.);
#5826=ORIENTED_EDGE('',*,*,#5810,.F.);
#5827=EDGE_LOOP('',(#5822,#5824,#5825,#5826));
#5828=FACE_OUTER_BOUND('',#5827,.F.);
#5830=CARTESIAN_POINT('',(6.985E-1,-1.4605E0,-7.366E0));
#5831=DIRECTION('',(0.E0,-1.E0,0.E0));
#5832=DIRECTION('',(1.E0,0.E0,0.E0));
#5833=AXIS2_PLACEMENT_3D('',#5830,#5831,#5832);
#5834=PLANE('',#5833);
#5835=ORIENTED_EDGE('',*,*,#4146,.F.);
#5836=ORIENTED_EDGE('',*,*,#5799,.T.);
#5837=ORIENTED_EDGE('',*,*,#5785,.T.);
#5838=ORIENTED_EDGE('',*,*,#5823,.F.);
#5839=EDGE_LOOP('',(#5835,#5836,#5837,#5838));
#5840=FACE_OUTER_BOUND('',#5839,.F.);
#5842=CARTESIAN_POINT('',(-5.715E-1,1.4605E0,-7.366E0));
#5843=DIRECTION('',(-1.E0,0.E0,0.E0));
#5844=DIRECTION('',(0.E0,-1.E0,0.E0));
#5845=AXIS2_PLACEMENT_3D('',#5842,#5843,#5844);
#5846=PLANE('',#5845);
#5847=ORIENTED_EDGE('',*,*,#4154,.F.);
#5849=ORIENTED_EDGE('',*,*,#5848,.T.);
#5851=ORIENTED_EDGE('',*,*,#5850,.T.);
#5853=ORIENTED_EDGE('',*,*,#5852,.F.);
#5854=EDGE_LOOP('',(#5847,#5849,#5851,#5853));
#5855=FACE_OUTER_BOUND('',#5854,.F.);
#5857=CARTESIAN_POINT('',(-1.905E-1,1.4605E0,-7.366E0));
#5858=DIRECTION('',(0.E0,1.E0,0.E0));
#5859=DIRECTION('',(-1.E0,0.E0,0.E0));
#5860=AXIS2_PLACEMENT_3D('',#5857,#5858,#5859);
#5861=PLANE('',#5860);
#5862=ORIENTED_EDGE('',*,*,#4160,.F.);
#5864=ORIENTED_EDGE('',*,*,#5863,.T.);
#5866=ORIENTED_EDGE('',*,*,#5865,.T.);
#5867=ORIENTED_EDGE('',*,*,#5848,.F.);
#5868=EDGE_LOOP('',(#5862,#5864,#5866,#5867));
#5869=FACE_OUTER_BOUND('',#5868,.F.);
#5871=CARTESIAN_POINT('',(-1.905E-1,1.0795E0,-7.366E0));
#5872=DIRECTION('',(1.E0,0.E0,0.E0));
#5873=DIRECTION('',(0.E0,1.E0,0.E0));
#5874=AXIS2_PLACEMENT_3D('',#5871,#5872,#5873);
#5875=PLANE('',#5874);
#5876=ORIENTED_EDGE('',*,*,#4158,.F.);
#5878=ORIENTED_EDGE('',*,*,#5877,.T.);
#5880=ORIENTED_EDGE('',*,*,#5879,.T.);
#5881=ORIENTED_EDGE('',*,*,#5863,.F.);
#5882=EDGE_LOOP('',(#5876,#5878,#5880,#5881));
#5883=FACE_OUTER_BOUND('',#5882,.F.);
#5885=CARTESIAN_POINT('',(-5.715E-1,1.0795E0,-7.366E0));
#5886=DIRECTION('',(0.E0,-1.E0,0.E0));
#5887=DIRECTION('',(1.E0,0.E0,0.E0));
#5888=AXIS2_PLACEMENT_3D('',#5885,#5886,#5887);
#5889=PLANE('',#5888);
#5890=ORIENTED_EDGE('',*,*,#4156,.F.);
#5891=ORIENTED_EDGE('',*,*,#5852,.T.);
#5893=ORIENTED_EDGE('',*,*,#5892,.T.);
#5894=ORIENTED_EDGE('',*,*,#5877,.F.);
#5895=EDGE_LOOP('',(#5890,#5891,#5893,#5894));
#5896=FACE_OUTER_BOUND('',#5895,.F.);
#5898=CARTESIAN_POINT('',(-1.435E1,-3.605E0,-4.191E0));
#5899=DIRECTION('',(0.E0,0.E0,1.E0));
#5900=DIRECTION('',(1.E0,0.E0,0.E0));
#5901=AXIS2_PLACEMENT_3D('',#5898,#5899,#5900);
#5902=PLANE('',#5901);
#5903=ORIENTED_EDGE('',*,*,#5850,.F.);
#5904=ORIENTED_EDGE('',*,*,#5865,.F.);
#5905=ORIENTED_EDGE('',*,*,#5879,.F.);
#5906=ORIENTED_EDGE('',*,*,#5892,.F.);
#5907=EDGE_LOOP('',(#5903,#5904,#5905,#5906));
#5908=FACE_OUTER_BOUND('',#5907,.F.);
#5910=CARTESIAN_POINT('',(-1.435E1,-3.605E0,-4.191E0));
#5911=DIRECTION('',(0.E0,0.E0,1.E0));
#5912=DIRECTION('',(1.E0,0.E0,0.E0));
#5913=AXIS2_PLACEMENT_3D('',#5910,#5911,#5912);
#5914=PLANE('',#5913);
#5916=ORIENTED_EDGE('',*,*,#5915,.F.);
#5918=ORIENTED_EDGE('',*,*,#5917,.F.);
#5920=ORIENTED_EDGE('',*,*,#5919,.F.);
#5922=ORIENTED_EDGE('',*,*,#5921,.F.);
#5923=EDGE_LOOP('',(#5916,#5918,#5920,#5922));
#5924=FACE_OUTER_BOUND('',#5923,.F.);
#5926=CARTESIAN_POINT('',(-5.715E-1,-1.0795E0,-7.366E0));
#5927=DIRECTION('',(-1.E0,0.E0,0.E0));
#5928=DIRECTION('',(0.E0,-1.E0,0.E0));
#5929=AXIS2_PLACEMENT_3D('',#5926,#5927,#5928);
#5930=PLANE('',#5929);
#5931=ORIENTED_EDGE('',*,*,#4164,.F.);
#5933=ORIENTED_EDGE('',*,*,#5932,.T.);
#5934=ORIENTED_EDGE('',*,*,#5915,.T.);
#5936=ORIENTED_EDGE('',*,*,#5935,.F.);
#5937=EDGE_LOOP('',(#5931,#5933,#5934,#5936));
#5938=FACE_OUTER_BOUND('',#5937,.F.);
#5940=CARTESIAN_POINT('',(-1.905E-1,-1.0795E0,-7.366E0));
#5941=DIRECTION('',(0.E0,1.E0,0.E0));
#5942=DIRECTION('',(-1.E0,0.E0,0.E0));
#5943=AXIS2_PLACEMENT_3D('',#5940,#5941,#5942);
#5944=PLANE('',#5943);
#5945=ORIENTED_EDGE('',*,*,#4170,.F.);
#5947=ORIENTED_EDGE('',*,*,#5946,.T.);
#5948=ORIENTED_EDGE('',*,*,#5917,.T.);
#5949=ORIENTED_EDGE('',*,*,#5932,.F.);
#5950=EDGE_LOOP('',(#5945,#5947,#5948,#5949));
#5951=FACE_OUTER_BOUND('',#5950,.F.);
#5953=CARTESIAN_POINT('',(-1.905E-1,-1.4605E0,-7.366E0));
#5954=DIRECTION('',(1.E0,0.E0,0.E0));
#5955=DIRECTION('',(0.E0,1.E0,0.E0));
#5956=AXIS2_PLACEMENT_3D('',#5953,#5954,#5955);
#5957=PLANE('',#5956);
#5958=ORIENTED_EDGE('',*,*,#4168,.F.);
#5960=ORIENTED_EDGE('',*,*,#5959,.T.);
#5961=ORIENTED_EDGE('',*,*,#5919,.T.);
#5962=ORIENTED_EDGE('',*,*,#5946,.F.);
#5963=EDGE_LOOP('',(#5958,#5960,#5961,#5962));
#5964=FACE_OUTER_BOUND('',#5963,.F.);
#5966=CARTESIAN_POINT('',(-5.715E-1,-1.4605E0,-7.366E0));
#5967=DIRECTION('',(0.E0,-1.E0,0.E0));
#5968=DIRECTION('',(1.E0,0.E0,0.E0));
#5969=AXIS2_PLACEMENT_3D('',#5966,#5967,#5968);
#5970=PLANE('',#5969);
#5971=ORIENTED_EDGE('',*,*,#4166,.F.);
#5972=ORIENTED_EDGE('',*,*,#5935,.T.);
#5973=ORIENTED_EDGE('',*,*,#5921,.T.);
#5974=ORIENTED_EDGE('',*,*,#5959,.F.);
#5975=EDGE_LOOP('',(#5971,#5972,#5973,#5974));
#5976=FACE_OUTER_BOUND('',#5975,.F.);
#5978=CARTESIAN_POINT('',(-1.8415E0,1.4605E0,-7.366E0));
#5979=DIRECTION('',(-1.E0,0.E0,0.E0));
#5980=DIRECTION('',(0.E0,-1.E0,0.E0));
#5981=AXIS2_PLACEMENT_3D('',#5978,#5979,#5980);
#5982=PLANE('',#5981);
#5983=ORIENTED_EDGE('',*,*,#4174,.F.);
#5985=ORIENTED_EDGE('',*,*,#5984,.T.);
#5987=ORIENTED_EDGE('',*,*,#5986,.T.);
#5989=ORIENTED_EDGE('',*,*,#5988,.F.);
#5990=EDGE_LOOP('',(#5983,#5985,#5987,#5989));
#5991=FACE_OUTER_BOUND('',#5990,.F.);
#5993=CARTESIAN_POINT('',(-1.4605E0,1.4605E0,-7.366E0));
#5994=DIRECTION('',(0.E0,1.E0,0.E0));
#5995=DIRECTION('',(-1.E0,0.E0,0.E0));
#5996=AXIS2_PLACEMENT_3D('',#5993,#5994,#5995);
#5997=PLANE('',#5996);
#5998=ORIENTED_EDGE('',*,*,#4180,.F.);
#6000=ORIENTED_EDGE('',*,*,#5999,.T.);
#6002=ORIENTED_EDGE('',*,*,#6001,.T.);
#6003=ORIENTED_EDGE('',*,*,#5984,.F.);
#6004=EDGE_LOOP('',(#5998,#6000,#6002,#6003));
#6005=FACE_OUTER_BOUND('',#6004,.F.);
#6007=CARTESIAN_POINT('',(-1.4605E0,1.0795E0,-7.366E0));
#6008=DIRECTION('',(1.E0,0.E0,0.E0));
#6009=DIRECTION('',(0.E0,1.E0,0.E0));
#6010=AXIS2_PLACEMENT_3D('',#6007,#6008,#6009);
#6011=PLANE('',#6010);
#6012=ORIENTED_EDGE('',*,*,#4178,.F.);
#6014=ORIENTED_EDGE('',*,*,#6013,.T.);
#6016=ORIENTED_EDGE('',*,*,#6015,.T.);
#6017=ORIENTED_EDGE('',*,*,#5999,.F.);
#6018=EDGE_LOOP('',(#6012,#6014,#6016,#6017));
#6019=FACE_OUTER_BOUND('',#6018,.F.);
#6021=CARTESIAN_POINT('',(-1.8415E0,1.0795E0,-7.366E0));
#6022=DIRECTION('',(0.E0,-1.E0,0.E0));
#6023=DIRECTION('',(1.E0,0.E0,0.E0));
#6024=AXIS2_PLACEMENT_3D('',#6021,#6022,#6023);
#6025=PLANE('',#6024);
#6026=ORIENTED_EDGE('',*,*,#4176,.F.);
#6027=ORIENTED_EDGE('',*,*,#5988,.T.);
#6029=ORIENTED_EDGE('',*,*,#6028,.T.);
#6030=ORIENTED_EDGE('',*,*,#6013,.F.);
#6031=EDGE_LOOP('',(#6026,#6027,#6029,#6030));
#6032=FACE_OUTER_BOUND('',#6031,.F.);
#6034=CARTESIAN_POINT('',(-1.562E1,-3.605E0,-4.191E0));
#6035=DIRECTION('',(0.E0,0.E0,1.E0));
#6036=DIRECTION('',(1.E0,0.E0,0.E0));
#6037=AXIS2_PLACEMENT_3D('',#6034,#6035,#6036);
#6038=PLANE('',#6037);
#6039=ORIENTED_EDGE('',*,*,#5986,.F.);
#6040=ORIENTED_EDGE('',*,*,#6001,.F.);
#6041=ORIENTED_EDGE('',*,*,#6015,.F.);
#6042=ORIENTED_EDGE('',*,*,#6028,.F.);
#6043=EDGE_LOOP('',(#6039,#6040,#6041,#6042));
#6044=FACE_OUTER_BOUND('',#6043,.F.);
#6046=CARTESIAN_POINT('',(-1.562E1,-3.605E0,-4.191E0));
#6047=DIRECTION('',(0.E0,0.E0,1.E0));
#6048=DIRECTION('',(1.E0,0.E0,0.E0));
#6049=AXIS2_PLACEMENT_3D('',#6046,#6047,#6048);
#6050=PLANE('',#6049);
#6052=ORIENTED_EDGE('',*,*,#6051,.F.);
#6054=ORIENTED_EDGE('',*,*,#6053,.F.);
#6056=ORIENTED_EDGE('',*,*,#6055,.F.);
#6058=ORIENTED_EDGE('',*,*,#6057,.F.);
#6059=EDGE_LOOP('',(#6052,#6054,#6056,#6058));
#6060=FACE_OUTER_BOUND('',#6059,.F.);
#6062=CARTESIAN_POINT('',(-1.8415E0,-1.0795E0,-7.366E0));
#6063=DIRECTION('',(-1.E0,0.E0,0.E0));
#6064=DIRECTION('',(0.E0,-1.E0,0.E0));
#6065=AXIS2_PLACEMENT_3D('',#6062,#6063,#6064);
#6066=PLANE('',#6065);
#6067=ORIENTED_EDGE('',*,*,#4184,.F.);
#6069=ORIENTED_EDGE('',*,*,#6068,.T.);
#6070=ORIENTED_EDGE('',*,*,#6051,.T.);
#6072=ORIENTED_EDGE('',*,*,#6071,.F.);
#6073=EDGE_LOOP('',(#6067,#6069,#6070,#6072));
#6074=FACE_OUTER_BOUND('',#6073,.F.);
#6076=CARTESIAN_POINT('',(-1.4605E0,-1.0795E0,-7.366E0));
#6077=DIRECTION('',(0.E0,1.E0,0.E0));
#6078=DIRECTION('',(-1.E0,0.E0,0.E0));
#6079=AXIS2_PLACEMENT_3D('',#6076,#6077,#6078);
#6080=PLANE('',#6079);
#6081=ORIENTED_EDGE('',*,*,#4190,.F.);
#6083=ORIENTED_EDGE('',*,*,#6082,.T.);
#6084=ORIENTED_EDGE('',*,*,#6053,.T.);
#6085=ORIENTED_EDGE('',*,*,#6068,.F.);
#6086=EDGE_LOOP('',(#6081,#6083,#6084,#6085));
#6087=FACE_OUTER_BOUND('',#6086,.F.);
#6089=CARTESIAN_POINT('',(-1.4605E0,-1.4605E0,-7.366E0));
#6090=DIRECTION('',(1.E0,0.E0,0.E0));
#6091=DIRECTION('',(0.E0,1.E0,0.E0));
#6092=AXIS2_PLACEMENT_3D('',#6089,#6090,#6091);
#6093=PLANE('',#6092);
#6094=ORIENTED_EDGE('',*,*,#4188,.F.);
#6096=ORIENTED_EDGE('',*,*,#6095,.T.);
#6097=ORIENTED_EDGE('',*,*,#6055,.T.);
#6098=ORIENTED_EDGE('',*,*,#6082,.F.);
#6099=EDGE_LOOP('',(#6094,#6096,#6097,#6098));
#6100=FACE_OUTER_BOUND('',#6099,.F.);
#6102=CARTESIAN_POINT('',(-1.8415E0,-1.4605E0,-7.366E0));
#6103=DIRECTION('',(0.E0,-1.E0,0.E0));
#6104=DIRECTION('',(1.E0,0.E0,0.E0));
#6105=AXIS2_PLACEMENT_3D('',#6102,#6103,#6104);
#6106=PLANE('',#6105);
#6107=ORIENTED_EDGE('',*,*,#4186,.F.);
#6108=ORIENTED_EDGE('',*,*,#6071,.T.);
#6109=ORIENTED_EDGE('',*,*,#6057,.T.);
#6110=ORIENTED_EDGE('',*,*,#6095,.F.);
#6111=EDGE_LOOP('',(#6107,#6108,#6109,#6110));
#6112=FACE_OUTER_BOUND('',#6111,.F.);
#6114=CARTESIAN_POINT('',(-3.1115E0,1.4605E0,-7.366E0));
#6115=DIRECTION('',(-1.E0,0.E0,0.E0));
#6116=DIRECTION('',(0.E0,-1.E0,0.E0));
#6117=AXIS2_PLACEMENT_3D('',#6114,#6115,#6116);
#6118=PLANE('',#6117);
#6119=ORIENTED_EDGE('',*,*,#4194,.F.);
#6121=ORIENTED_EDGE('',*,*,#6120,.T.);
#6123=ORIENTED_EDGE('',*,*,#6122,.T.);
#6125=ORIENTED_EDGE('',*,*,#6124,.F.);
#6126=EDGE_LOOP('',(#6119,#6121,#6123,#6125));
#6127=FACE_OUTER_BOUND('',#6126,.F.);
#6129=CARTESIAN_POINT('',(-2.7305E0,1.4605E0,-7.366E0));
#6130=DIRECTION('',(0.E0,1.E0,0.E0));
#6131=DIRECTION('',(-1.E0,0.E0,0.E0));
#6132=AXIS2_PLACEMENT_3D('',#6129,#6130,#6131);
#6133=PLANE('',#6132);
#6134=ORIENTED_EDGE('',*,*,#4200,.F.);
#6136=ORIENTED_EDGE('',*,*,#6135,.T.);
#6138=ORIENTED_EDGE('',*,*,#6137,.T.);
#6139=ORIENTED_EDGE('',*,*,#6120,.F.);
#6140=EDGE_LOOP('',(#6134,#6136,#6138,#6139));
#6141=FACE_OUTER_BOUND('',#6140,.F.);
#6143=CARTESIAN_POINT('',(-2.7305E0,1.0795E0,-7.366E0));
#6144=DIRECTION('',(1.E0,0.E0,0.E0));
#6145=DIRECTION('',(0.E0,1.E0,0.E0));
#6146=AXIS2_PLACEMENT_3D('',#6143,#6144,#6145);
#6147=PLANE('',#6146);
#6148=ORIENTED_EDGE('',*,*,#4198,.F.);
#6150=ORIENTED_EDGE('',*,*,#6149,.T.);
#6152=ORIENTED_EDGE('',*,*,#6151,.T.);
#6153=ORIENTED_EDGE('',*,*,#6135,.F.);
#6154=EDGE_LOOP('',(#6148,#6150,#6152,#6153));
#6155=FACE_OUTER_BOUND('',#6154,.F.);
#6157=CARTESIAN_POINT('',(-3.1115E0,1.0795E0,-7.366E0));
#6158=DIRECTION('',(0.E0,-1.E0,0.E0));
#6159=DIRECTION('',(1.E0,0.E0,0.E0));
#6160=AXIS2_PLACEMENT_3D('',#6157,#6158,#6159);
#6161=PLANE('',#6160);
#6162=ORIENTED_EDGE('',*,*,#4196,.F.);
#6163=ORIENTED_EDGE('',*,*,#6124,.T.);
#6165=ORIENTED_EDGE('',*,*,#6164,.T.);
#6166=ORIENTED_EDGE('',*,*,#6149,.F.);
#6167=EDGE_LOOP('',(#6162,#6163,#6165,#6166));
#6168=FACE_OUTER_BOUND('',#6167,.F.);
#6170=CARTESIAN_POINT('',(-1.689E1,-3.605E0,-4.191E0));
#6171=DIRECTION('',(0.E0,0.E0,1.E0));
#6172=DIRECTION('',(1.E0,0.E0,0.E0));
#6173=AXIS2_PLACEMENT_3D('',#6170,#6171,#6172);
#6174=PLANE('',#6173);
#6175=ORIENTED_EDGE('',*,*,#6122,.F.);
#6176=ORIENTED_EDGE('',*,*,#6137,.F.);
#6177=ORIENTED_EDGE('',*,*,#6151,.F.);
#6178=ORIENTED_EDGE('',*,*,#6164,.F.);
#6179=EDGE_LOOP('',(#6175,#6176,#6177,#6178));
#6180=FACE_OUTER_BOUND('',#6179,.F.);
#6182=CARTESIAN_POINT('',(-1.689E1,-3.605E0,-4.191E0));
#6183=DIRECTION('',(0.E0,0.E0,1.E0));
#6184=DIRECTION('',(1.E0,0.E0,0.E0));
#6185=AXIS2_PLACEMENT_3D('',#6182,#6183,#6184);
#6186=PLANE('',#6185);
#6188=ORIENTED_EDGE('',*,*,#6187,.F.);
#6190=ORIENTED_EDGE('',*,*,#6189,.F.);
#6192=ORIENTED_EDGE('',*,*,#6191,.F.);
#6194=ORIENTED_EDGE('',*,*,#6193,.F.);
#6195=EDGE_LOOP('',(#6188,#6190,#6192,#6194));
#6196=FACE_OUTER_BOUND('',#6195,.F.);
#6198=CARTESIAN_POINT('',(-3.1115E0,-1.0795E0,-7.366E0));
#6199=DIRECTION('',(-1.E0,0.E0,0.E0));
#6200=DIRECTION('',(0.E0,-1.E0,0.E0));
#6201=AXIS2_PLACEMENT_3D('',#6198,#6199,#6200);
#6202=PLANE('',#6201);
#6203=ORIENTED_EDGE('',*,*,#4204,.F.);
#6205=ORIENTED_EDGE('',*,*,#6204,.T.);
#6206=ORIENTED_EDGE('',*,*,#6187,.T.);
#6208=ORIENTED_EDGE('',*,*,#6207,.F.);
#6209=EDGE_LOOP('',(#6203,#6205,#6206,#6208));
#6210=FACE_OUTER_BOUND('',#6209,.F.);
#6212=CARTESIAN_POINT('',(-2.7305E0,-1.0795E0,-7.366E0));
#6213=DIRECTION('',(0.E0,1.E0,0.E0));
#6214=DIRECTION('',(-1.E0,0.E0,0.E0));
#6215=AXIS2_PLACEMENT_3D('',#6212,#6213,#6214);
#6216=PLANE('',#6215);
#6217=ORIENTED_EDGE('',*,*,#4210,.F.);
#6219=ORIENTED_EDGE('',*,*,#6218,.T.);
#6220=ORIENTED_EDGE('',*,*,#6189,.T.);
#6221=ORIENTED_EDGE('',*,*,#6204,.F.);
#6222=EDGE_LOOP('',(#6217,#6219,#6220,#6221));
#6223=FACE_OUTER_BOUND('',#6222,.F.);
#6225=CARTESIAN_POINT('',(-2.7305E0,-1.4605E0,-7.366E0));
#6226=DIRECTION('',(1.E0,0.E0,0.E0));
#6227=DIRECTION('',(0.E0,1.E0,0.E0));
#6228=AXIS2_PLACEMENT_3D('',#6225,#6226,#6227);
#6229=PLANE('',#6228);
#6230=ORIENTED_EDGE('',*,*,#4208,.F.);
#6232=ORIENTED_EDGE('',*,*,#6231,.T.);
#6233=ORIENTED_EDGE('',*,*,#6191,.T.);
#6234=ORIENTED_EDGE('',*,*,#6218,.F.);
#6235=EDGE_LOOP('',(#6230,#6232,#6233,#6234));
#6236=FACE_OUTER_BOUND('',#6235,.F.);
#6238=CARTESIAN_POINT('',(-3.1115E0,-1.4605E0,-7.366E0));
#6239=DIRECTION('',(0.E0,-1.E0,0.E0));
#6240=DIRECTION('',(1.E0,0.E0,0.E0));
#6241=AXIS2_PLACEMENT_3D('',#6238,#6239,#6240);
#6242=PLANE('',#6241);
#6243=ORIENTED_EDGE('',*,*,#4206,.F.);
#6244=ORIENTED_EDGE('',*,*,#6207,.T.);
#6245=ORIENTED_EDGE('',*,*,#6193,.T.);
#6246=ORIENTED_EDGE('',*,*,#6231,.F.);
#6247=EDGE_LOOP('',(#6243,#6244,#6245,#6246));
#6248=FACE_OUTER_BOUND('',#6247,.F.);
#6250=CARTESIAN_POINT('',(-4.3815E0,1.4605E0,-7.366E0));
#6251=DIRECTION('',(-1.E0,0.E0,0.E0));
#6252=DIRECTION('',(0.E0,-1.E0,0.E0));
#6253=AXIS2_PLACEMENT_3D('',#6250,#6251,#6252);
#6254=PLANE('',#6253);
#6255=ORIENTED_EDGE('',*,*,#4214,.F.);
#6257=ORIENTED_EDGE('',*,*,#6256,.T.);
#6259=ORIENTED_EDGE('',*,*,#6258,.T.);
#6261=ORIENTED_EDGE('',*,*,#6260,.F.);
#6262=EDGE_LOOP('',(#6255,#6257,#6259,#6261));
#6263=FACE_OUTER_BOUND('',#6262,.F.);
#6265=CARTESIAN_POINT('',(-4.0005E0,1.4605E0,-7.366E0));
#6266=DIRECTION('',(0.E0,1.E0,0.E0));
#6267=DIRECTION('',(-1.E0,0.E0,0.E0));
#6268=AXIS2_PLACEMENT_3D('',#6265,#6266,#6267);
#6269=PLANE('',#6268);
#6270=ORIENTED_EDGE('',*,*,#4220,.F.);
#6272=ORIENTED_EDGE('',*,*,#6271,.T.);
#6274=ORIENTED_EDGE('',*,*,#6273,.T.);
#6275=ORIENTED_EDGE('',*,*,#6256,.F.);
#6276=EDGE_LOOP('',(#6270,#6272,#6274,#6275));
#6277=FACE_OUTER_BOUND('',#6276,.F.);
#6279=CARTESIAN_POINT('',(-4.0005E0,1.0795E0,-7.366E0));
#6280=DIRECTION('',(1.E0,0.E0,0.E0));
#6281=DIRECTION('',(0.E0,1.E0,0.E0));
#6282=AXIS2_PLACEMENT_3D('',#6279,#6280,#6281);
#6283=PLANE('',#6282);
#6284=ORIENTED_EDGE('',*,*,#4218,.F.);
#6286=ORIENTED_EDGE('',*,*,#6285,.T.);
#6288=ORIENTED_EDGE('',*,*,#6287,.T.);
#6289=ORIENTED_EDGE('',*,*,#6271,.F.);
#6290=EDGE_LOOP('',(#6284,#6286,#6288,#6289));
#6291=FACE_OUTER_BOUND('',#6290,.F.);
#6293=CARTESIAN_POINT('',(-4.3815E0,1.0795E0,-7.366E0));
#6294=DIRECTION('',(0.E0,-1.E0,0.E0));
#6295=DIRECTION('',(1.E0,0.E0,0.E0));
#6296=AXIS2_PLACEMENT_3D('',#6293,#6294,#6295);
#6297=PLANE('',#6296);
#6298=ORIENTED_EDGE('',*,*,#4216,.F.);
#6299=ORIENTED_EDGE('',*,*,#6260,.T.);
#6301=ORIENTED_EDGE('',*,*,#6300,.T.);
#6302=ORIENTED_EDGE('',*,*,#6285,.F.);
#6303=EDGE_LOOP('',(#6298,#6299,#6301,#6302));
#6304=FACE_OUTER_BOUND('',#6303,.F.);
#6306=CARTESIAN_POINT('',(-1.816E1,-3.605E0,-4.191E0));
#6307=DIRECTION('',(0.E0,0.E0,1.E0));
#6308=DIRECTION('',(1.E0,0.E0,0.E0));
#6309=AXIS2_PLACEMENT_3D('',#6306,#6307,#6308);
#6310=PLANE('',#6309);
#6311=ORIENTED_EDGE('',*,*,#6258,.F.);
#6312=ORIENTED_EDGE('',*,*,#6273,.F.);
#6313=ORIENTED_EDGE('',*,*,#6287,.F.);
#6314=ORIENTED_EDGE('',*,*,#6300,.F.);
#6315=EDGE_LOOP('',(#6311,#6312,#6313,#6314));
#6316=FACE_OUTER_BOUND('',#6315,.F.);
#6318=CARTESIAN_POINT('',(-1.816E1,-3.605E0,-4.191E0));
#6319=DIRECTION('',(0.E0,0.E0,1.E0));
#6320=DIRECTION('',(1.E0,0.E0,0.E0));
#6321=AXIS2_PLACEMENT_3D('',#6318,#6319,#6320);
#6322=PLANE('',#6321);
#6324=ORIENTED_EDGE('',*,*,#6323,.F.);
#6326=ORIENTED_EDGE('',*,*,#6325,.F.);
#6328=ORIENTED_EDGE('',*,*,#6327,.F.);
#6330=ORIENTED_EDGE('',*,*,#6329,.F.);
#6331=EDGE_LOOP('',(#6324,#6326,#6328,#6330));
#6332=FACE_OUTER_BOUND('',#6331,.F.);
#6334=CARTESIAN_POINT('',(-4.3815E0,-1.0795E0,-7.366E0));
#6335=DIRECTION('',(-1.E0,0.E0,0.E0));
#6336=DIRECTION('',(0.E0,-1.E0,0.E0));
#6337=AXIS2_PLACEMENT_3D('',#6334,#6335,#6336);
#6338=PLANE('',#6337);
#6339=ORIENTED_EDGE('',*,*,#4224,.F.);
#6341=ORIENTED_EDGE('',*,*,#6340,.T.);
#6342=ORIENTED_EDGE('',*,*,#6323,.T.);
#6344=ORIENTED_EDGE('',*,*,#6343,.F.);
#6345=EDGE_LOOP('',(#6339,#6341,#6342,#6344));
#6346=FACE_OUTER_BOUND('',#6345,.F.);
#6348=CARTESIAN_POINT('',(-4.0005E0,-1.0795E0,-7.366E0));
#6349=DIRECTION('',(0.E0,1.E0,0.E0));
#6350=DIRECTION('',(-1.E0,0.E0,0.E0));
#6351=AXIS2_PLACEMENT_3D('',#6348,#6349,#6350);
#6352=PLANE('',#6351);
#6353=ORIENTED_EDGE('',*,*,#4230,.F.);
#6355=ORIENTED_EDGE('',*,*,#6354,.T.);
#6356=ORIENTED_EDGE('',*,*,#6325,.T.);
#6357=ORIENTED_EDGE('',*,*,#6340,.F.);
#6358=EDGE_LOOP('',(#6353,#6355,#6356,#6357));
#6359=FACE_OUTER_BOUND('',#6358,.F.);
#6361=CARTESIAN_POINT('',(-4.0005E0,-1.4605E0,-7.366E0));
#6362=DIRECTION('',(1.E0,0.E0,0.E0));
#6363=DIRECTION('',(0.E0,1.E0,0.E0));
#6364=AXIS2_PLACEMENT_3D('',#6361,#6362,#6363);
#6365=PLANE('',#6364);
#6366=ORIENTED_EDGE('',*,*,#4228,.F.);
#6368=ORIENTED_EDGE('',*,*,#6367,.T.);
#6369=ORIENTED_EDGE('',*,*,#6327,.T.);
#6370=ORIENTED_EDGE('',*,*,#6354,.F.);
#6371=EDGE_LOOP('',(#6366,#6368,#6369,#6370));
#6372=FACE_OUTER_BOUND('',#6371,.F.);
#6374=CARTESIAN_POINT('',(-4.3815E0,-1.4605E0,-7.366E0));
#6375=DIRECTION('',(0.E0,-1.E0,0.E0));
#6376=DIRECTION('',(1.E0,0.E0,0.E0));
#6377=AXIS2_PLACEMENT_3D('',#6374,#6375,#6376);
#6378=PLANE('',#6377);
#6379=ORIENTED_EDGE('',*,*,#4226,.F.);
#6380=ORIENTED_EDGE('',*,*,#6343,.T.);
#6381=ORIENTED_EDGE('',*,*,#6329,.T.);
#6382=ORIENTED_EDGE('',*,*,#6367,.F.);
#6383=EDGE_LOOP('',(#6379,#6380,#6381,#6382));
#6384=FACE_OUTER_BOUND('',#6383,.F.);
#6386=CARTESIAN_POINT('',(-5.6515E0,1.4605E0,-7.366E0));
#6387=DIRECTION('',(-1.E0,0.E0,0.E0));
#6388=DIRECTION('',(0.E0,-1.E0,0.E0));
#6389=AXIS2_PLACEMENT_3D('',#6386,#6387,#6388);
#6390=PLANE('',#6389);
#6391=ORIENTED_EDGE('',*,*,#4234,.F.);
#6393=ORIENTED_EDGE('',*,*,#6392,.T.);
#6395=ORIENTED_EDGE('',*,*,#6394,.T.);
#6397=ORIENTED_EDGE('',*,*,#6396,.F.);
#6398=EDGE_LOOP('',(#6391,#6393,#6395,#6397));
#6399=FACE_OUTER_BOUND('',#6398,.F.);
#6401=CARTESIAN_POINT('',(-5.2705E0,1.4605E0,-7.366E0));
#6402=DIRECTION('',(0.E0,1.E0,0.E0));
#6403=DIRECTION('',(-1.E0,0.E0,0.E0));
#6404=AXIS2_PLACEMENT_3D('',#6401,#6402,#6403);
#6405=PLANE('',#6404);
#6406=ORIENTED_EDGE('',*,*,#4240,.F.);
#6408=ORIENTED_EDGE('',*,*,#6407,.T.);
#6410=ORIENTED_EDGE('',*,*,#6409,.T.);
#6411=ORIENTED_EDGE('',*,*,#6392,.F.);
#6412=EDGE_LOOP('',(#6406,#6408,#6410,#6411));
#6413=FACE_OUTER_BOUND('',#6412,.F.);
#6415=CARTESIAN_POINT('',(-5.2705E0,1.0795E0,-7.366E0));
#6416=DIRECTION('',(1.E0,0.E0,0.E0));
#6417=DIRECTION('',(0.E0,1.E0,0.E0));
#6418=AXIS2_PLACEMENT_3D('',#6415,#6416,#6417);
#6419=PLANE('',#6418);
#6420=ORIENTED_EDGE('',*,*,#4238,.F.);
#6422=ORIENTED_EDGE('',*,*,#6421,.T.);
#6424=ORIENTED_EDGE('',*,*,#6423,.T.);
#6425=ORIENTED_EDGE('',*,*,#6407,.F.);
#6426=EDGE_LOOP('',(#6420,#6422,#6424,#6425));
#6427=FACE_OUTER_BOUND('',#6426,.F.);
#6429=CARTESIAN_POINT('',(-5.6515E0,1.0795E0,-7.366E0));
#6430=DIRECTION('',(0.E0,-1.E0,0.E0));
#6431=DIRECTION('',(1.E0,0.E0,0.E0));
#6432=AXIS2_PLACEMENT_3D('',#6429,#6430,#6431);
#6433=PLANE('',#6432);
#6434=ORIENTED_EDGE('',*,*,#4236,.F.);
#6435=ORIENTED_EDGE('',*,*,#6396,.T.);
#6437=ORIENTED_EDGE('',*,*,#6436,.T.);
#6438=ORIENTED_EDGE('',*,*,#6421,.F.);
#6439=EDGE_LOOP('',(#6434,#6435,#6437,#6438));
#6440=FACE_OUTER_BOUND('',#6439,.F.);
#6442=CARTESIAN_POINT('',(-1.943E1,-3.605E0,-4.191E0));
#6443=DIRECTION('',(0.E0,0.E0,1.E0));
#6444=DIRECTION('',(1.E0,0.E0,0.E0));
#6445=AXIS2_PLACEMENT_3D('',#6442,#6443,#6444);
#6446=PLANE('',#6445);
#6447=ORIENTED_EDGE('',*,*,#6394,.F.);
#6448=ORIENTED_EDGE('',*,*,#6409,.F.);
#6449=ORIENTED_EDGE('',*,*,#6423,.F.);
#6450=ORIENTED_EDGE('',*,*,#6436,.F.);
#6451=EDGE_LOOP('',(#6447,#6448,#6449,#6450));
#6452=FACE_OUTER_BOUND('',#6451,.F.);
#6454=CARTESIAN_POINT('',(-1.943E1,-3.605E0,-4.191E0));
#6455=DIRECTION('',(0.E0,0.E0,1.E0));
#6456=DIRECTION('',(1.E0,0.E0,0.E0));
#6457=AXIS2_PLACEMENT_3D('',#6454,#6455,#6456);
#6458=PLANE('',#6457);
#6460=ORIENTED_EDGE('',*,*,#6459,.F.);
#6462=ORIENTED_EDGE('',*,*,#6461,.F.);
#6464=ORIENTED_EDGE('',*,*,#6463,.F.);
#6466=ORIENTED_EDGE('',*,*,#6465,.F.);
#6467=EDGE_LOOP('',(#6460,#6462,#6464,#6466));
#6468=FACE_OUTER_BOUND('',#6467,.F.);
#6470=CARTESIAN_POINT('',(-5.6515E0,-1.0795E0,-7.366E0));
#6471=DIRECTION('',(-1.E0,0.E0,0.E0));
#6472=DIRECTION('',(0.E0,-1.E0,0.E0));
#6473=AXIS2_PLACEMENT_3D('',#6470,#6471,#6472);
#6474=PLANE('',#6473);
#6475=ORIENTED_EDGE('',*,*,#4244,.F.);
#6477=ORIENTED_EDGE('',*,*,#6476,.T.);
#6478=ORIENTED_EDGE('',*,*,#6459,.T.);
#6480=ORIENTED_EDGE('',*,*,#6479,.F.);
#6481=EDGE_LOOP('',(#6475,#6477,#6478,#6480));
#6482=FACE_OUTER_BOUND('',#6481,.F.);
#6484=CARTESIAN_POINT('',(-5.2705E0,-1.0795E0,-7.366E0));
#6485=DIRECTION('',(0.E0,1.E0,0.E0));
#6486=DIRECTION('',(-1.E0,0.E0,0.E0));
#6487=AXIS2_PLACEMENT_3D('',#6484,#6485,#6486);
#6488=PLANE('',#6487);
#6489=ORIENTED_EDGE('',*,*,#4250,.F.);
#6491=ORIENTED_EDGE('',*,*,#6490,.T.);
#6492=ORIENTED_EDGE('',*,*,#6461,.T.);
#6493=ORIENTED_EDGE('',*,*,#6476,.F.);
#6494=EDGE_LOOP('',(#6489,#6491,#6492,#6493));
#6495=FACE_OUTER_BOUND('',#6494,.F.);
#6497=CARTESIAN_POINT('',(-5.2705E0,-1.4605E0,-7.366E0));
#6498=DIRECTION('',(1.E0,0.E0,0.E0));
#6499=DIRECTION('',(0.E0,1.E0,0.E0));
#6500=AXIS2_PLACEMENT_3D('',#6497,#6498,#6499);
#6501=PLANE('',#6500);
#6502=ORIENTED_EDGE('',*,*,#4248,.F.);
#6504=ORIENTED_EDGE('',*,*,#6503,.T.);
#6505=ORIENTED_EDGE('',*,*,#6463,.T.);
#6506=ORIENTED_EDGE('',*,*,#6490,.F.);
#6507=EDGE_LOOP('',(#6502,#6504,#6505,#6506));
#6508=FACE_OUTER_BOUND('',#6507,.F.);
#6510=CARTESIAN_POINT('',(-5.6515E0,-1.4605E0,-7.366E0));
#6511=DIRECTION('',(0.E0,-1.E0,0.E0));
#6512=DIRECTION('',(1.E0,0.E0,0.E0));
#6513=AXIS2_PLACEMENT_3D('',#6510,#6511,#6512);
#6514=PLANE('',#6513);
#6515=ORIENTED_EDGE('',*,*,#4246,.F.);
#6516=ORIENTED_EDGE('',*,*,#6479,.T.);
#6517=ORIENTED_EDGE('',*,*,#6465,.T.);
#6518=ORIENTED_EDGE('',*,*,#6503,.F.);
#6519=EDGE_LOOP('',(#6515,#6516,#6517,#6518));
#6520=FACE_OUTER_BOUND('',#6519,.F.);
#6522=CARTESIAN_POINT('',(-8.E0,3.351E0,0.E0));
#6523=DIRECTION('',(0.E0,1.E0,0.E0));
#6524=DIRECTION('',(1.E0,0.E0,0.E0));
#6525=AXIS2_PLACEMENT_3D('',#6522,#6523,#6524);
#6526=PLANE('',#6525);
#6527=ORIENTED_EDGE('',*,*,#3828,.F.);
#6529=ORIENTED_EDGE('',*,*,#6528,.F.);
#6530=ORIENTED_EDGE('',*,*,#3800,.F.);
#6531=EDGE_LOOP('',(#6527,#6529,#6530));
#6532=FACE_OUTER_BOUND('',#6531,.F.);
#6534=CARTESIAN_POINT('',(5.714E0,3.605E0,-1.421911357684E0));
#6535=DIRECTION('',(-9.659258262891E-1,0.E0,-2.588190451025E-1));
#6536=DIRECTION('',(-2.588190451025E-1,0.E0,9.659258262891E-1));
#6537=AXIS2_PLACEMENT_3D('',#6534,#6535,#6536);
#6538=PLANE('',#6537);
#6539=ORIENTED_EDGE('',*,*,#3862,.T.);
#6540=ORIENTED_EDGE('',*,*,#3740,.F.);
#6541=ORIENTED_EDGE('',*,*,#3802,.T.);
#6542=ORIENTED_EDGE('',*,*,#6528,.T.);
#6543=EDGE_LOOP('',(#6539,#6540,#6541,#6542));
#6544=FACE_OUTER_BOUND('',#6543,.F.);
#6546=CARTESIAN_POINT('',(5.969E0,-1.27E0,-9.91E0));
#6547=DIRECTION('',(0.E0,0.E0,-1.E0));
#6548=DIRECTION('',(1.E0,0.E0,0.E0));
#6549=AXIS2_PLACEMENT_3D('',#6546,#6547,#6548);
#6550=CYLINDRICAL_SURFACE('',#6549,1.905E-1);
#6551=ORIENTED_EDGE('',*,*,#3584,.F.);
#6553=ORIENTED_EDGE('',*,*,#6552,.T.);
#6555=ORIENTED_EDGE('',*,*,#6554,.T.);
#6557=ORIENTED_EDGE('',*,*,#6556,.F.);
#6558=EDGE_LOOP('',(#6551,#6553,#6555,#6557));
#6559=FACE_OUTER_BOUND('',#6558,.F.);
#6561=CARTESIAN_POINT('',(5.969E0,-1.27E0,-9.91E0));
#6562=DIRECTION('',(0.E0,0.E0,-1.E0));
#6563=DIRECTION('',(1.E0,0.E0,0.E0));
#6564=AXIS2_PLACEMENT_3D('',#6561,#6562,#6563);
#6565=CYLINDRICAL_SURFACE('',#6564,1.905E-1);
#6566=ORIENTED_EDGE('',*,*,#3586,.F.);
#6567=ORIENTED_EDGE('',*,*,#6556,.T.);
#6569=ORIENTED_EDGE('',*,*,#6568,.T.);
#6570=ORIENTED_EDGE('',*,*,#6552,.F.);
#6571=EDGE_LOOP('',(#6566,#6567,#6569,#6570));
#6572=FACE_OUTER_BOUND('',#6571,.F.);
#6574=CARTESIAN_POINT('',(-8.E0,0.E0,-1.245E1));
#6575=DIRECTION('',(0.E0,0.E0,-1.E0));
#6576=DIRECTION('',(1.E0,0.E0,0.E0));
#6577=AXIS2_PLACEMENT_3D('',#6574,#6575,#6576);
#6578=PLANE('',#6577);
#6579=ORIENTED_EDGE('',*,*,#6554,.F.);
#6580=ORIENTED_EDGE('',*,*,#6568,.F.);
#6581=EDGE_LOOP('',(#6579,#6580));
#6582=FACE_OUTER_BOUND('',#6581,.F.);
#6584=CARTESIAN_POINT('',(-8.E0,0.E0,-1.245E1));
#6585=DIRECTION('',(0.E0,0.E0,-1.E0));
#6586=DIRECTION('',(1.E0,0.E0,0.E0));
#6587=AXIS2_PLACEMENT_3D('',#6584,#6585,#6586);
#6588=PLANE('',#6587);
#6590=ORIENTED_EDGE('',*,*,#6589,.F.);
#6592=ORIENTED_EDGE('',*,*,#6591,.F.);
#6593=EDGE_LOOP('',(#6590,#6592));
#6594=FACE_OUTER_BOUND('',#6593,.F.);
#6596=CARTESIAN_POINT('',(5.969E0,1.27E0,-9.91E0));
#6597=DIRECTION('',(0.E0,0.E0,-1.E0));
#6598=DIRECTION('',(1.E0,0.E0,0.E0));
#6599=AXIS2_PLACEMENT_3D('',#6596,#6597,#6598);
#6600=CYLINDRICAL_SURFACE('',#6599,1.905E-1);
#6601=ORIENTED_EDGE('',*,*,#3590,.F.);
#6603=ORIENTED_EDGE('',*,*,#6602,.T.);
#6604=ORIENTED_EDGE('',*,*,#6589,.T.);
#6606=ORIENTED_EDGE('',*,*,#6605,.F.);
#6607=EDGE_LOOP('',(#6601,#6603,#6604,#6606));
#6608=FACE_OUTER_BOUND('',#6607,.F.);
#6610=CARTESIAN_POINT('',(5.969E0,1.27E0,-9.91E0));
#6611=DIRECTION('',(0.E0,0.E0,-1.E0));
#6612=DIRECTION('',(1.E0,0.E0,0.E0));
#6613=AXIS2_PLACEMENT_3D('',#6610,#6611,#6612);
#6614=CYLINDRICAL_SURFACE('',#6613,1.905E-1);
#6615=ORIENTED_EDGE('',*,*,#3592,.F.);
#6616=ORIENTED_EDGE('',*,*,#6605,.T.);
#6617=ORIENTED_EDGE('',*,*,#6591,.T.);
#6618=ORIENTED_EDGE('',*,*,#6602,.F.);
#6619=EDGE_LOOP('',(#6615,#6616,#6617,#6618));
#6620=FACE_OUTER_BOUND('',#6619,.F.);
#6622=CARTESIAN_POINT('',(4.699E0,-1.27E0,-9.91E0));
#6623=DIRECTION('',(0.E0,0.E0,-1.E0));
#6624=DIRECTION('',(1.E0,0.E0,0.E0));
#6625=AXIS2_PLACEMENT_3D('',#6622,#6623,#6624);
#6626=CYLINDRICAL_SURFACE('',#6625,1.905E-1);
#6627=ORIENTED_EDGE('',*,*,#3596,.F.);
#6629=ORIENTED_EDGE('',*,*,#6628,.T.);
#6631=ORIENTED_EDGE('',*,*,#6630,.T.);
#6633=ORIENTED_EDGE('',*,*,#6632,.F.);
#6634=EDGE_LOOP('',(#6627,#6629,#6631,#6633));
#6635=FACE_OUTER_BOUND('',#6634,.F.);
#6637=CARTESIAN_POINT('',(4.699E0,-1.27E0,-9.91E0));
#6638=DIRECTION('',(0.E0,0.E0,-1.E0));
#6639=DIRECTION('',(1.E0,0.E0,0.E0));
#6640=AXIS2_PLACEMENT_3D('',#6637,#6638,#6639);
#6641=CYLINDRICAL_SURFACE('',#6640,1.905E-1);
#6642=ORIENTED_EDGE('',*,*,#3598,.F.);
#6643=ORIENTED_EDGE('',*,*,#6632,.T.);
#6645=ORIENTED_EDGE('',*,*,#6644,.T.);
#6646=ORIENTED_EDGE('',*,*,#6628,.F.);
#6647=EDGE_LOOP('',(#6642,#6643,#6645,#6646));
#6648=FACE_OUTER_BOUND('',#6647,.F.);
#6650=CARTESIAN_POINT('',(-8.E0,0.E0,-1.245E1));
#6651=DIRECTION('',(0.E0,0.E0,-1.E0));
#6652=DIRECTION('',(1.E0,0.E0,0.E0));
#6653=AXIS2_PLACEMENT_3D('',#6650,#6651,#6652);
#6654=PLANE('',#6653);
#6655=ORIENTED_EDGE('',*,*,#6630,.F.);
#6656=ORIENTED_EDGE('',*,*,#6644,.F.);
#6657=EDGE_LOOP('',(#6655,#6656));
#6658=FACE_OUTER_BOUND('',#6657,.F.);
#6660=CARTESIAN_POINT('',(-8.E0,0.E0,-1.245E1));
#6661=DIRECTION('',(0.E0,0.E0,-1.E0));
#6662=DIRECTION('',(1.E0,0.E0,0.E0));
#6663=AXIS2_PLACEMENT_3D('',#6660,#6661,#6662);
#6664=PLANE('',#6663);
#6666=ORIENTED_EDGE('',*,*,#6665,.F.);
#6668=ORIENTED_EDGE('',*,*,#6667,.F.);
#6669=EDGE_LOOP('',(#6666,#6668));
#6670=FACE_OUTER_BOUND('',#6669,.F.);
#6672=CARTESIAN_POINT('',(4.699E0,1.27E0,-9.91E0));
#6673=DIRECTION('',(0.E0,0.E0,-1.E0));
#6674=DIRECTION('',(1.E0,0.E0,0.E0));
#6675=AXIS2_PLACEMENT_3D('',#6672,#6673,#6674);
#6676=CYLINDRICAL_SURFACE('',#6675,1.905E-1);
#6677=ORIENTED_EDGE('',*,*,#3602,.F.);
#6679=ORIENTED_EDGE('',*,*,#6678,.T.);
#6680=ORIENTED_EDGE('',*,*,#6665,.T.);
#6682=ORIENTED_EDGE('',*,*,#6681,.F.);
#6683=EDGE_LOOP('',(#6677,#6679,#6680,#6682));
#6684=FACE_OUTER_BOUND('',#6683,.F.);
#6686=CARTESIAN_POINT('',(4.699E0,1.27E0,-9.91E0));
#6687=DIRECTION('',(0.E0,0.E0,-1.E0));
#6688=DIRECTION('',(1.E0,0.E0,0.E0));
#6689=AXIS2_PLACEMENT_3D('',#6686,#6687,#6688);
#6690=CYLINDRICAL_SURFACE('',#6689,1.905E-1);
#6691=ORIENTED_EDGE('',*,*,#3604,.F.);
#6692=ORIENTED_EDGE('',*,*,#6681,.T.);
#6693=ORIENTED_EDGE('',*,*,#6667,.T.);
#6694=ORIENTED_EDGE('',*,*,#6678,.F.);
#6695=EDGE_LOOP('',(#6691,#6692,#6693,#6694));
#6696=FACE_OUTER_BOUND('',#6695,.F.);
#6698=CARTESIAN_POINT('',(3.429E0,-1.27E0,-9.91E0));
#6699=DIRECTION('',(0.E0,0.E0,-1.E0));
#6700=DIRECTION('',(1.E0,0.E0,0.E0));
#6701=AXIS2_PLACEMENT_3D('',#6698,#6699,#6700);
#6702=CYLINDRICAL_SURFACE('',#6701,1.905E-1);
#6703=ORIENTED_EDGE('',*,*,#3608,.F.);
#6705=ORIENTED_EDGE('',*,*,#6704,.T.);
#6707=ORIENTED_EDGE('',*,*,#6706,.T.);
#6709=ORIENTED_EDGE('',*,*,#6708,.F.);
#6710=EDGE_LOOP('',(#6703,#6705,#6707,#6709));
#6711=FACE_OUTER_BOUND('',#6710,.F.);
#6713=CARTESIAN_POINT('',(3.429E0,-1.27E0,-9.91E0));
#6714=DIRECTION('',(0.E0,0.E0,-1.E0));
#6715=DIRECTION('',(1.E0,0.E0,0.E0));
#6716=AXIS2_PLACEMENT_3D('',#6713,#6714,#6715);
#6717=CYLINDRICAL_SURFACE('',#6716,1.905E-1);
#6718=ORIENTED_EDGE('',*,*,#3610,.F.);
#6719=ORIENTED_EDGE('',*,*,#6708,.T.);
#6721=ORIENTED_EDGE('',*,*,#6720,.T.);
#6722=ORIENTED_EDGE('',*,*,#6704,.F.);
#6723=EDGE_LOOP('',(#6718,#6719,#6721,#6722));
#6724=FACE_OUTER_BOUND('',#6723,.F.);
#6726=CARTESIAN_POINT('',(-8.E0,0.E0,-1.245E1));
#6727=DIRECTION('',(0.E0,0.E0,-1.E0));
#6728=DIRECTION('',(1.E0,0.E0,0.E0));
#6729=AXIS2_PLACEMENT_3D('',#6726,#6727,#6728);
#6730=PLANE('',#6729);
#6731=ORIENTED_EDGE('',*,*,#6706,.F.);
#6732=ORIENTED_EDGE('',*,*,#6720,.F.);
#6733=EDGE_LOOP('',(#6731,#6732));
#6734=FACE_OUTER_BOUND('',#6733,.F.);
#6736=CARTESIAN_POINT('',(-8.E0,0.E0,-1.245E1));
#6737=DIRECTION('',(0.E0,0.E0,-1.E0));
#6738=DIRECTION('',(1.E0,0.E0,0.E0));
#6739=AXIS2_PLACEMENT_3D('',#6736,#6737,#6738);
#6740=PLANE('',#6739);
#6742=ORIENTED_EDGE('',*,*,#6741,.F.);
#6744=ORIENTED_EDGE('',*,*,#6743,.F.);
#6745=EDGE_LOOP('',(#6742,#6744));
#6746=FACE_OUTER_BOUND('',#6745,.F.);
#6748=CARTESIAN_POINT('',(3.429E0,1.27E0,-9.91E0));
#6749=DIRECTION('',(0.E0,0.E0,-1.E0));
#6750=DIRECTION('',(1.E0,0.E0,0.E0));
#6751=AXIS2_PLACEMENT_3D('',#6748,#6749,#6750);
#6752=CYLINDRICAL_SURFACE('',#6751,1.905E-1);
#6753=ORIENTED_EDGE('',*,*,#3614,.F.);
#6755=ORIENTED_EDGE('',*,*,#6754,.T.);
#6756=ORIENTED_EDGE('',*,*,#6741,.T.);
#6758=ORIENTED_EDGE('',*,*,#6757,.F.);
#6759=EDGE_LOOP('',(#6753,#6755,#6756,#6758));
#6760=FACE_OUTER_BOUND('',#6759,.F.);
#6762=CARTESIAN_POINT('',(3.429E0,1.27E0,-9.91E0));
#6763=DIRECTION('',(0.E0,0.E0,-1.E0));
#6764=DIRECTION('',(1.E0,0.E0,0.E0));
#6765=AXIS2_PLACEMENT_3D('',#6762,#6763,#6764);
#6766=CYLINDRICAL_SURFACE('',#6765,1.905E-1);
#6767=ORIENTED_EDGE('',*,*,#3616,.F.);
#6768=ORIENTED_EDGE('',*,*,#6757,.T.);
#6769=ORIENTED_EDGE('',*,*,#6743,.T.);
#6770=ORIENTED_EDGE('',*,*,#6754,.F.);
#6771=EDGE_LOOP('',(#6767,#6768,#6769,#6770));
#6772=FACE_OUTER_BOUND('',#6771,.F.);
#6774=CARTESIAN_POINT('',(2.159E0,-1.27E0,-9.91E0));
#6775=DIRECTION('',(0.E0,0.E0,-1.E0));
#6776=DIRECTION('',(1.E0,0.E0,0.E0));
#6777=AXIS2_PLACEMENT_3D('',#6774,#6775,#6776);
#6778=CYLINDRICAL_SURFACE('',#6777,1.905E-1);
#6779=ORIENTED_EDGE('',*,*,#3620,.F.);
#6781=ORIENTED_EDGE('',*,*,#6780,.T.);
#6783=ORIENTED_EDGE('',*,*,#6782,.T.);
#6785=ORIENTED_EDGE('',*,*,#6784,.F.);
#6786=EDGE_LOOP('',(#6779,#6781,#6783,#6785));
#6787=FACE_OUTER_BOUND('',#6786,.F.);
#6789=CARTESIAN_POINT('',(2.159E0,-1.27E0,-9.91E0));
#6790=DIRECTION('',(0.E0,0.E0,-1.E0));
#6791=DIRECTION('',(1.E0,0.E0,0.E0));
#6792=AXIS2_PLACEMENT_3D('',#6789,#6790,#6791);
#6793=CYLINDRICAL_SURFACE('',#6792,1.905E-1);
#6794=ORIENTED_EDGE('',*,*,#3622,.F.);
#6795=ORIENTED_EDGE('',*,*,#6784,.T.);
#6797=ORIENTED_EDGE('',*,*,#6796,.T.);
#6798=ORIENTED_EDGE('',*,*,#6780,.F.);
#6799=EDGE_LOOP('',(#6794,#6795,#6797,#6798));
#6800=FACE_OUTER_BOUND('',#6799,.F.);
#6802=CARTESIAN_POINT('',(-8.E0,0.E0,-1.245E1));
#6803=DIRECTION('',(0.E0,0.E0,-1.E0));
#6804=DIRECTION('',(1.E0,0.E0,0.E0));
#6805=AXIS2_PLACEMENT_3D('',#6802,#6803,#6804);
#6806=PLANE('',#6805);
#6807=ORIENTED_EDGE('',*,*,#6782,.F.);
#6808=ORIENTED_EDGE('',*,*,#6796,.F.);
#6809=EDGE_LOOP('',(#6807,#6808));
#6810=FACE_OUTER_BOUND('',#6809,.F.);
#6812=CARTESIAN_POINT('',(-8.E0,0.E0,-1.245E1));
#6813=DIRECTION('',(0.E0,0.E0,-1.E0));
#6814=DIRECTION('',(1.E0,0.E0,0.E0));
#6815=AXIS2_PLACEMENT_3D('',#6812,#6813,#6814);
#6816=PLANE('',#6815);
#6818=ORIENTED_EDGE('',*,*,#6817,.F.);
#6820=ORIENTED_EDGE('',*,*,#6819,.F.);
#6821=EDGE_LOOP('',(#6818,#6820));
#6822=FACE_OUTER_BOUND('',#6821,.F.);
#6824=CARTESIAN_POINT('',(2.159E0,1.27E0,-9.91E0));
#6825=DIRECTION('',(0.E0,0.E0,-1.E0));
#6826=DIRECTION('',(1.E0,0.E0,0.E0));
#6827=AXIS2_PLACEMENT_3D('',#6824,#6825,#6826);
#6828=CYLINDRICAL_SURFACE('',#6827,1.905E-1);
#6829=ORIENTED_EDGE('',*,*,#3626,.F.);
#6831=ORIENTED_EDGE('',*,*,#6830,.T.);
#6832=ORIENTED_EDGE('',*,*,#6817,.T.);
#6834=ORIENTED_EDGE('',*,*,#6833,.F.);
#6835=EDGE_LOOP('',(#6829,#6831,#6832,#6834));
#6836=FACE_OUTER_BOUND('',#6835,.F.);
#6838=CARTESIAN_POINT('',(2.159E0,1.27E0,-9.91E0));
#6839=DIRECTION('',(0.E0,0.E0,-1.E0));
#6840=DIRECTION('',(1.E0,0.E0,0.E0));
#6841=AXIS2_PLACEMENT_3D('',#6838,#6839,#6840);
#6842=CYLINDRICAL_SURFACE('',#6841,1.905E-1);
#6843=ORIENTED_EDGE('',*,*,#3628,.F.);
#6844=ORIENTED_EDGE('',*,*,#6833,.T.);
#6845=ORIENTED_EDGE('',*,*,#6819,.T.);
#6846=ORIENTED_EDGE('',*,*,#6830,.F.);
#6847=EDGE_LOOP('',(#6843,#6844,#6845,#6846));
#6848=FACE_OUTER_BOUND('',#6847,.F.);
#6850=CARTESIAN_POINT('',(8.89E-1,-1.27E0,-9.91E0));
#6851=DIRECTION('',(0.E0,0.E0,-1.E0));
#6852=DIRECTION('',(1.E0,0.E0,0.E0));
#6853=AXIS2_PLACEMENT_3D('',#6850,#6851,#6852);
#6854=CYLINDRICAL_SURFACE('',#6853,1.905E-1);
#6855=ORIENTED_EDGE('',*,*,#3632,.F.);
#6857=ORIENTED_EDGE('',*,*,#6856,.T.);
#6859=ORIENTED_EDGE('',*,*,#6858,.T.);
#6861=ORIENTED_EDGE('',*,*,#6860,.F.);
#6862=EDGE_LOOP('',(#6855,#6857,#6859,#6861));
#6863=FACE_OUTER_BOUND('',#6862,.F.);
#6865=CARTESIAN_POINT('',(8.89E-1,-1.27E0,-9.91E0));
#6866=DIRECTION('',(0.E0,0.E0,-1.E0));
#6867=DIRECTION('',(1.E0,0.E0,0.E0));
#6868=AXIS2_PLACEMENT_3D('',#6865,#6866,#6867);
#6869=CYLINDRICAL_SURFACE('',#6868,1.905E-1);
#6870=ORIENTED_EDGE('',*,*,#3634,.F.);
#6871=ORIENTED_EDGE('',*,*,#6860,.T.);
#6873=ORIENTED_EDGE('',*,*,#6872,.T.);
#6874=ORIENTED_EDGE('',*,*,#6856,.F.);
#6875=EDGE_LOOP('',(#6870,#6871,#6873,#6874));
#6876=FACE_OUTER_BOUND('',#6875,.F.);
#6878=CARTESIAN_POINT('',(-8.E0,0.E0,-1.245E1));
#6879=DIRECTION('',(0.E0,0.E0,-1.E0));
#6880=DIRECTION('',(1.E0,0.E0,0.E0));
#6881=AXIS2_PLACEMENT_3D('',#6878,#6879,#6880);
#6882=PLANE('',#6881);
#6883=ORIENTED_EDGE('',*,*,#6858,.F.);
#6884=ORIENTED_EDGE('',*,*,#6872,.F.);
#6885=EDGE_LOOP('',(#6883,#6884));
#6886=FACE_OUTER_BOUND('',#6885,.F.);
#6888=CARTESIAN_POINT('',(-8.E0,0.E0,-1.245E1));
#6889=DIRECTION('',(0.E0,0.E0,-1.E0));
#6890=DIRECTION('',(1.E0,0.E0,0.E0));
#6891=AXIS2_PLACEMENT_3D('',#6888,#6889,#6890);
#6892=PLANE('',#6891);
#6894=ORIENTED_EDGE('',*,*,#6893,.F.);
#6896=ORIENTED_EDGE('',*,*,#6895,.F.);
#6897=EDGE_LOOP('',(#6894,#6896));
#6898=FACE_OUTER_BOUND('',#6897,.F.);
#6900=CARTESIAN_POINT('',(8.89E-1,1.27E0,-9.91E0));
#6901=DIRECTION('',(0.E0,0.E0,-1.E0));
#6902=DIRECTION('',(1.E0,0.E0,0.E0));
#6903=AXIS2_PLACEMENT_3D('',#6900,#6901,#6902);
#6904=CYLINDRICAL_SURFACE('',#6903,1.905E-1);
#6905=ORIENTED_EDGE('',*,*,#3638,.F.);
#6907=ORIENTED_EDGE('',*,*,#6906,.T.);
#6908=ORIENTED_EDGE('',*,*,#6893,.T.);
#6910=ORIENTED_EDGE('',*,*,#6909,.F.);
#6911=EDGE_LOOP('',(#6905,#6907,#6908,#6910));
#6912=FACE_OUTER_BOUND('',#6911,.F.);
#6914=CARTESIAN_POINT('',(8.89E-1,1.27E0,-9.91E0));
#6915=DIRECTION('',(0.E0,0.E0,-1.E0));
#6916=DIRECTION('',(1.E0,0.E0,0.E0));
#6917=AXIS2_PLACEMENT_3D('',#6914,#6915,#6916);
#6918=CYLINDRICAL_SURFACE('',#6917,1.905E-1);
#6919=ORIENTED_EDGE('',*,*,#3640,.F.);
#6920=ORIENTED_EDGE('',*,*,#6909,.T.);
#6921=ORIENTED_EDGE('',*,*,#6895,.T.);
#6922=ORIENTED_EDGE('',*,*,#6906,.F.);
#6923=EDGE_LOOP('',(#6919,#6920,#6921,#6922));
#6924=FACE_OUTER_BOUND('',#6923,.F.);
#6926=CARTESIAN_POINT('',(-3.81E-1,-1.27E0,-9.91E0));
#6927=DIRECTION('',(0.E0,0.E0,-1.E0));
#6928=DIRECTION('',(1.E0,0.E0,0.E0));
#6929=AXIS2_PLACEMENT_3D('',#6926,#6927,#6928);
#6930=CYLINDRICAL_SURFACE('',#6929,1.905E-1);
#6931=ORIENTED_EDGE('',*,*,#3644,.F.);
#6933=ORIENTED_EDGE('',*,*,#6932,.T.);
#6935=ORIENTED_EDGE('',*,*,#6934,.T.);
#6937=ORIENTED_EDGE('',*,*,#6936,.F.);
#6938=EDGE_LOOP('',(#6931,#6933,#6935,#6937));
#6939=FACE_OUTER_BOUND('',#6938,.F.);
#6941=CARTESIAN_POINT('',(-3.81E-1,-1.27E0,-9.91E0));
#6942=DIRECTION('',(0.E0,0.E0,-1.E0));
#6943=DIRECTION('',(1.E0,0.E0,0.E0));
#6944=AXIS2_PLACEMENT_3D('',#6941,#6942,#6943);
#6945=CYLINDRICAL_SURFACE('',#6944,1.905E-1);
#6946=ORIENTED_EDGE('',*,*,#3646,.F.);
#6947=ORIENTED_EDGE('',*,*,#6936,.T.);
#6949=ORIENTED_EDGE('',*,*,#6948,.T.);
#6950=ORIENTED_EDGE('',*,*,#6932,.F.);
#6951=EDGE_LOOP('',(#6946,#6947,#6949,#6950));
#6952=FACE_OUTER_BOUND('',#6951,.F.);
#6954=CARTESIAN_POINT('',(-8.E0,0.E0,-1.245E1));
#6955=DIRECTION('',(0.E0,0.E0,-1.E0));
#6956=DIRECTION('',(1.E0,0.E0,0.E0));
#6957=AXIS2_PLACEMENT_3D('',#6954,#6955,#6956);
#6958=PLANE('',#6957);
#6959=ORIENTED_EDGE('',*,*,#6934,.F.);
#6960=ORIENTED_EDGE('',*,*,#6948,.F.);
#6961=EDGE_LOOP('',(#6959,#6960));
#6962=FACE_OUTER_BOUND('',#6961,.F.);
#6964=CARTESIAN_POINT('',(-8.E0,0.E0,-1.245E1));
#6965=DIRECTION('',(0.E0,0.E0,-1.E0));
#6966=DIRECTION('',(1.E0,0.E0,0.E0));
#6967=AXIS2_PLACEMENT_3D('',#6964,#6965,#6966);
#6968=PLANE('',#6967);
#6970=ORIENTED_EDGE('',*,*,#6969,.F.);
#6972=ORIENTED_EDGE('',*,*,#6971,.F.);
#6973=EDGE_LOOP('',(#6970,#6972));
#6974=FACE_OUTER_BOUND('',#6973,.F.);
#6976=CARTESIAN_POINT('',(-3.81E-1,1.27E0,-9.91E0));
#6977=DIRECTION('',(0.E0,0.E0,-1.E0));
#6978=DIRECTION('',(1.E0,0.E0,0.E0));
#6979=AXIS2_PLACEMENT_3D('',#6976,#6977,#6978);
#6980=CYLINDRICAL_SURFACE('',#6979,1.905E-1);
#6981=ORIENTED_EDGE('',*,*,#3650,.F.);
#6983=ORIENTED_EDGE('',*,*,#6982,.T.);
#6984=ORIENTED_EDGE('',*,*,#6969,.T.);
#6986=ORIENTED_EDGE('',*,*,#6985,.F.);
#6987=EDGE_LOOP('',(#6981,#6983,#6984,#6986));
#6988=FACE_OUTER_BOUND('',#6987,.F.);
#6990=CARTESIAN_POINT('',(-3.81E-1,1.27E0,-9.91E0));
#6991=DIRECTION('',(0.E0,0.E0,-1.E0));
#6992=DIRECTION('',(1.E0,0.E0,0.E0));
#6993=AXIS2_PLACEMENT_3D('',#6990,#6991,#6992);
#6994=CYLINDRICAL_SURFACE('',#6993,1.905E-1);
#6995=ORIENTED_EDGE('',*,*,#3652,.F.);
#6996=ORIENTED_EDGE('',*,*,#6985,.T.);
#6997=ORIENTED_EDGE('',*,*,#6971,.T.);
#6998=ORIENTED_EDGE('',*,*,#6982,.F.);
#6999=EDGE_LOOP('',(#6995,#6996,#6997,#6998));
#7000=FACE_OUTER_BOUND('',#6999,.F.);
#7002=CARTESIAN_POINT('',(-1.651E0,-1.27E0,-9.91E0));
#7003=DIRECTION('',(0.E0,0.E0,-1.E0));
#7004=DIRECTION('',(1.E0,0.E0,0.E0));
#7005=AXIS2_PLACEMENT_3D('',#7002,#7003,#7004);
#7006=CYLINDRICAL_SURFACE('',#7005,1.905E-1);
#7007=ORIENTED_EDGE('',*,*,#3656,.F.);
#7009=ORIENTED_EDGE('',*,*,#7008,.T.);
#7011=ORIENTED_EDGE('',*,*,#7010,.T.);
#7013=ORIENTED_EDGE('',*,*,#7012,.F.);
#7014=EDGE_LOOP('',(#7007,#7009,#7011,#7013));
#7015=FACE_OUTER_BOUND('',#7014,.F.);
#7017=CARTESIAN_POINT('',(-1.651E0,-1.27E0,-9.91E0));
#7018=DIRECTION('',(0.E0,0.E0,-1.E0));
#7019=DIRECTION('',(1.E0,0.E0,0.E0));
#7020=AXIS2_PLACEMENT_3D('',#7017,#7018,#7019);
#7021=CYLINDRICAL_SURFACE('',#7020,1.905E-1);
#7022=ORIENTED_EDGE('',*,*,#3658,.F.);
#7023=ORIENTED_EDGE('',*,*,#7012,.T.);
#7025=ORIENTED_EDGE('',*,*,#7024,.T.);
#7026=ORIENTED_EDGE('',*,*,#7008,.F.);
#7027=EDGE_LOOP('',(#7022,#7023,#7025,#7026));
#7028=FACE_OUTER_BOUND('',#7027,.F.);
#7030=CARTESIAN_POINT('',(-8.E0,0.E0,-1.245E1));
#7031=DIRECTION('',(0.E0,0.E0,-1.E0));
#7032=DIRECTION('',(1.E0,0.E0,0.E0));
#7033=AXIS2_PLACEMENT_3D('',#7030,#7031,#7032);
#7034=PLANE('',#7033);
#7035=ORIENTED_EDGE('',*,*,#7010,.F.);
#7036=ORIENTED_EDGE('',*,*,#7024,.F.);
#7037=EDGE_LOOP('',(#7035,#7036));
#7038=FACE_OUTER_BOUND('',#7037,.F.);
#7040=CARTESIAN_POINT('',(-8.E0,0.E0,-1.245E1));
#7041=DIRECTION('',(0.E0,0.E0,-1.E0));
#7042=DIRECTION('',(1.E0,0.E0,0.E0));
#7043=AXIS2_PLACEMENT_3D('',#7040,#7041,#7042);
#7044=PLANE('',#7043);
#7046=ORIENTED_EDGE('',*,*,#7045,.F.);
#7048=ORIENTED_EDGE('',*,*,#7047,.F.);
#7049=EDGE_LOOP('',(#7046,#7048));
#7050=FACE_OUTER_BOUND('',#7049,.F.);
#7052=CARTESIAN_POINT('',(-1.651E0,1.27E0,-9.91E0));
#7053=DIRECTION('',(0.E0,0.E0,-1.E0));
#7054=DIRECTION('',(1.E0,0.E0,0.E0));
#7055=AXIS2_PLACEMENT_3D('',#7052,#7053,#7054);
#7056=CYLINDRICAL_SURFACE('',#7055,1.905E-1);
#7057=ORIENTED_EDGE('',*,*,#3662,.F.);
#7059=ORIENTED_EDGE('',*,*,#7058,.T.);
#7060=ORIENTED_EDGE('',*,*,#7045,.T.);
#7062=ORIENTED_EDGE('',*,*,#7061,.F.);
#7063=EDGE_LOOP('',(#7057,#7059,#7060,#7062));
#7064=FACE_OUTER_BOUND('',#7063,.F.);
#7066=CARTESIAN_POINT('',(-1.651E0,1.27E0,-9.91E0));
#7067=DIRECTION('',(0.E0,0.E0,-1.E0));
#7068=DIRECTION('',(1.E0,0.E0,0.E0));
#7069=AXIS2_PLACEMENT_3D('',#7066,#7067,#7068);
#7070=CYLINDRICAL_SURFACE('',#7069,1.905E-1);
#7071=ORIENTED_EDGE('',*,*,#3664,.F.);
#7072=ORIENTED_EDGE('',*,*,#7061,.T.);
#7073=ORIENTED_EDGE('',*,*,#7047,.T.);
#7074=ORIENTED_EDGE('',*,*,#7058,.F.);
#7075=EDGE_LOOP('',(#7071,#7072,#7073,#7074));
#7076=FACE_OUTER_BOUND('',#7075,.F.);
#7078=CARTESIAN_POINT('',(-2.921E0,-1.27E0,-9.91E0));
#7079=DIRECTION('',(0.E0,0.E0,-1.E0));
#7080=DIRECTION('',(1.E0,0.E0,0.E0));
#7081=AXIS2_PLACEMENT_3D('',#7078,#7079,#7080);
#7082=CYLINDRICAL_SURFACE('',#7081,1.905E-1);
#7083=ORIENTED_EDGE('',*,*,#3668,.F.);
#7085=ORIENTED_EDGE('',*,*,#7084,.T.);
#7087=ORIENTED_EDGE('',*,*,#7086,.T.);
#7089=ORIENTED_EDGE('',*,*,#7088,.F.);
#7090=EDGE_LOOP('',(#7083,#7085,#7087,#7089));
#7091=FACE_OUTER_BOUND('',#7090,.F.);
#7093=CARTESIAN_POINT('',(-2.921E0,-1.27E0,-9.91E0));
#7094=DIRECTION('',(0.E0,0.E0,-1.E0));
#7095=DIRECTION('',(1.E0,0.E0,0.E0));
#7096=AXIS2_PLACEMENT_3D('',#7093,#7094,#7095);
#7097=CYLINDRICAL_SURFACE('',#7096,1.905E-1);
#7098=ORIENTED_EDGE('',*,*,#3670,.F.);
#7099=ORIENTED_EDGE('',*,*,#7088,.T.);
#7101=ORIENTED_EDGE('',*,*,#7100,.T.);
#7102=ORIENTED_EDGE('',*,*,#7084,.F.);
#7103=EDGE_LOOP('',(#7098,#7099,#7101,#7102));
#7104=FACE_OUTER_BOUND('',#7103,.F.);
#7106=CARTESIAN_POINT('',(-8.E0,0.E0,-1.245E1));
#7107=DIRECTION('',(0.E0,0.E0,-1.E0));
#7108=DIRECTION('',(1.E0,0.E0,0.E0));
#7109=AXIS2_PLACEMENT_3D('',#7106,#7107,#7108);
#7110=PLANE('',#7109);
#7111=ORIENTED_EDGE('',*,*,#7086,.F.);
#7112=ORIENTED_EDGE('',*,*,#7100,.F.);
#7113=EDGE_LOOP('',(#7111,#7112));
#7114=FACE_OUTER_BOUND('',#7113,.F.);
#7116=CARTESIAN_POINT('',(-8.E0,0.E0,-1.245E1));
#7117=DIRECTION('',(0.E0,0.E0,-1.E0));
#7118=DIRECTION('',(1.E0,0.E0,0.E0));
#7119=AXIS2_PLACEMENT_3D('',#7116,#7117,#7118);
#7120=PLANE('',#7119);
#7122=ORIENTED_EDGE('',*,*,#7121,.F.);
#7124=ORIENTED_EDGE('',*,*,#7123,.F.);
#7125=EDGE_LOOP('',(#7122,#7124));
#7126=FACE_OUTER_BOUND('',#7125,.F.);
#7128=CARTESIAN_POINT('',(-2.921E0,1.27E0,-9.91E0));
#7129=DIRECTION('',(0.E0,0.E0,-1.E0));
#7130=DIRECTION('',(1.E0,0.E0,0.E0));
#7131=AXIS2_PLACEMENT_3D('',#7128,#7129,#7130);
#7132=CYLINDRICAL_SURFACE('',#7131,1.905E-1);
#7133=ORIENTED_EDGE('',*,*,#3674,.F.);
#7135=ORIENTED_EDGE('',*,*,#7134,.T.);
#7136=ORIENTED_EDGE('',*,*,#7121,.T.);
#7138=ORIENTED_EDGE('',*,*,#7137,.F.);
#7139=EDGE_LOOP('',(#7133,#7135,#7136,#7138));
#7140=FACE_OUTER_BOUND('',#7139,.F.);
#7142=CARTESIAN_POINT('',(-2.921E0,1.27E0,-9.91E0));
#7143=DIRECTION('',(0.E0,0.E0,-1.E0));
#7144=DIRECTION('',(1.E0,0.E0,0.E0));
#7145=AXIS2_PLACEMENT_3D('',#7142,#7143,#7144);
#7146=CYLINDRICAL_SURFACE('',#7145,1.905E-1);
#7147=ORIENTED_EDGE('',*,*,#3676,.F.);
#7148=ORIENTED_EDGE('',*,*,#7137,.T.);
#7149=ORIENTED_EDGE('',*,*,#7123,.T.);
#7150=ORIENTED_EDGE('',*,*,#7134,.F.);
#7151=EDGE_LOOP('',(#7147,#7148,#7149,#7150));
#7152=FACE_OUTER_BOUND('',#7151,.F.);
#7154=CARTESIAN_POINT('',(-4.191E0,-1.27E0,-9.91E0));
#7155=DIRECTION('',(0.E0,0.E0,-1.E0));
#7156=DIRECTION('',(1.E0,0.E0,0.E0));
#7157=AXIS2_PLACEMENT_3D('',#7154,#7155,#7156);
#7158=CYLINDRICAL_SURFACE('',#7157,1.905E-1);
#7159=ORIENTED_EDGE('',*,*,#3680,.F.);
#7161=ORIENTED_EDGE('',*,*,#7160,.T.);
#7163=ORIENTED_EDGE('',*,*,#7162,.T.);
#7165=ORIENTED_EDGE('',*,*,#7164,.F.);
#7166=EDGE_LOOP('',(#7159,#7161,#7163,#7165));
#7167=FACE_OUTER_BOUND('',#7166,.F.);
#7169=CARTESIAN_POINT('',(-4.191E0,-1.27E0,-9.91E0));
#7170=DIRECTION('',(0.E0,0.E0,-1.E0));
#7171=DIRECTION('',(1.E0,0.E0,0.E0));
#7172=AXIS2_PLACEMENT_3D('',#7169,#7170,#7171);
#7173=CYLINDRICAL_SURFACE('',#7172,1.905E-1);
#7174=ORIENTED_EDGE('',*,*,#3682,.F.);
#7175=ORIENTED_EDGE('',*,*,#7164,.T.);
#7177=ORIENTED_EDGE('',*,*,#7176,.T.);
#7178=ORIENTED_EDGE('',*,*,#7160,.F.);
#7179=EDGE_LOOP('',(#7174,#7175,#7177,#7178));
#7180=FACE_OUTER_BOUND('',#7179,.F.);
#7182=CARTESIAN_POINT('',(-8.E0,0.E0,-1.245E1));
#7183=DIRECTION('',(0.E0,0.E0,-1.E0));
#7184=DIRECTION('',(1.E0,0.E0,0.E0));
#7185=AXIS2_PLACEMENT_3D('',#7182,#7183,#7184);
#7186=PLANE('',#7185);
#7187=ORIENTED_EDGE('',*,*,#7162,.F.);
#7188=ORIENTED_EDGE('',*,*,#7176,.F.);
#7189=EDGE_LOOP('',(#7187,#7188));
#7190=FACE_OUTER_BOUND('',#7189,.F.);
#7192=CARTESIAN_POINT('',(-8.E0,0.E0,-1.245E1));
#7193=DIRECTION('',(0.E0,0.E0,-1.E0));
#7194=DIRECTION('',(1.E0,0.E0,0.E0));
#7195=AXIS2_PLACEMENT_3D('',#7192,#7193,#7194);
#7196=PLANE('',#7195);
#7198=ORIENTED_EDGE('',*,*,#7197,.F.);
#7200=ORIENTED_EDGE('',*,*,#7199,.F.);
#7201=EDGE_LOOP('',(#7198,#7200));
#7202=FACE_OUTER_BOUND('',#7201,.F.);
#7204=CARTESIAN_POINT('',(-4.191E0,1.27E0,-9.91E0));
#7205=DIRECTION('',(0.E0,0.E0,-1.E0));
#7206=DIRECTION('',(1.E0,0.E0,0.E0));
#7207=AXIS2_PLACEMENT_3D('',#7204,#7205,#7206);
#7208=CYLINDRICAL_SURFACE('',#7207,1.905E-1);
#7209=ORIENTED_EDGE('',*,*,#3686,.F.);
#7211=ORIENTED_EDGE('',*,*,#7210,.T.);
#7212=ORIENTED_EDGE('',*,*,#7197,.T.);
#7214=ORIENTED_EDGE('',*,*,#7213,.F.);
#7215=EDGE_LOOP('',(#7209,#7211,#7212,#7214));
#7216=FACE_OUTER_BOUND('',#7215,.F.);
#7218=CARTESIAN_POINT('',(-4.191E0,1.27E0,-9.91E0));
#7219=DIRECTION('',(0.E0,0.E0,-1.E0));
#7220=DIRECTION('',(1.E0,0.E0,0.E0));
#7221=AXIS2_PLACEMENT_3D('',#7218,#7219,#7220);
#7222=CYLINDRICAL_SURFACE('',#7221,1.905E-1);
#7223=ORIENTED_EDGE('',*,*,#3688,.F.);
#7224=ORIENTED_EDGE('',*,*,#7213,.T.);
#7225=ORIENTED_EDGE('',*,*,#7199,.T.);
#7226=ORIENTED_EDGE('',*,*,#7210,.F.);
#7227=EDGE_LOOP('',(#7223,#7224,#7225,#7226));
#7228=FACE_OUTER_BOUND('',#7227,.F.);
#7230=CARTESIAN_POINT('',(-5.461E0,-1.27E0,-9.91E0));
#7231=DIRECTION('',(0.E0,0.E0,-1.E0));
#7232=DIRECTION('',(1.E0,0.E0,0.E0));
#7233=AXIS2_PLACEMENT_3D('',#7230,#7231,#7232);
#7234=CYLINDRICAL_SURFACE('',#7233,1.905E-1);
#7235=ORIENTED_EDGE('',*,*,#3692,.F.);
#7237=ORIENTED_EDGE('',*,*,#7236,.T.);
#7239=ORIENTED_EDGE('',*,*,#7238,.T.);
#7241=ORIENTED_EDGE('',*,*,#7240,.F.);
#7242=EDGE_LOOP('',(#7235,#7237,#7239,#7241));
#7243=FACE_OUTER_BOUND('',#7242,.F.);
#7245=CARTESIAN_POINT('',(-5.461E0,-1.27E0,-9.91E0));
#7246=DIRECTION('',(0.E0,0.E0,-1.E0));
#7247=DIRECTION('',(1.E0,0.E0,0.E0));
#7248=AXIS2_PLACEMENT_3D('',#7245,#7246,#7247);
#7249=CYLINDRICAL_SURFACE('',#7248,1.905E-1);
#7250=ORIENTED_EDGE('',*,*,#3694,.F.);
#7251=ORIENTED_EDGE('',*,*,#7240,.T.);
#7253=ORIENTED_EDGE('',*,*,#7252,.T.);
#7254=ORIENTED_EDGE('',*,*,#7236,.F.);
#7255=EDGE_LOOP('',(#7250,#7251,#7253,#7254));
#7256=FACE_OUTER_BOUND('',#7255,.F.);
#7258=CARTESIAN_POINT('',(-8.E0,0.E0,-1.245E1));
#7259=DIRECTION('',(0.E0,0.E0,-1.E0));
#7260=DIRECTION('',(1.E0,0.E0,0.E0));
#7261=AXIS2_PLACEMENT_3D('',#7258,#7259,#7260);
#7262=PLANE('',#7261);
#7263=ORIENTED_EDGE('',*,*,#7238,.F.);
#7264=ORIENTED_EDGE('',*,*,#7252,.F.);
#7265=EDGE_LOOP('',(#7263,#7264));
#7266=FACE_OUTER_BOUND('',#7265,.F.);
#7268=CARTESIAN_POINT('',(-8.E0,0.E0,-1.245E1));
#7269=DIRECTION('',(0.E0,0.E0,-1.E0));
#7270=DIRECTION('',(1.E0,0.E0,0.E0));
#7271=AXIS2_PLACEMENT_3D('',#7268,#7269,#7270);
#7272=PLANE('',#7271);
#7274=ORIENTED_EDGE('',*,*,#7273,.F.);
#7276=ORIENTED_EDGE('',*,*,#7275,.F.);
#7277=EDGE_LOOP('',(#7274,#7276));
#7278=FACE_OUTER_BOUND('',#7277,.F.);
#7280=CARTESIAN_POINT('',(-5.461E0,1.27E0,-9.91E0));
#7281=DIRECTION('',(0.E0,0.E0,-1.E0));
#7282=DIRECTION('',(1.E0,0.E0,0.E0));
#7283=AXIS2_PLACEMENT_3D('',#7280,#7281,#7282);
#7284=CYLINDRICAL_SURFACE('',#7283,1.905E-1);
#7285=ORIENTED_EDGE('',*,*,#3698,.F.);
#7287=ORIENTED_EDGE('',*,*,#7286,.T.);
#7288=ORIENTED_EDGE('',*,*,#7273,.T.);
#7290=ORIENTED_EDGE('',*,*,#7289,.F.);
#7291=EDGE_LOOP('',(#7285,#7287,#7288,#7290));
#7292=FACE_OUTER_BOUND('',#7291,.F.);
#7294=CARTESIAN_POINT('',(-5.461E0,1.27E0,-9.91E0));
#7295=DIRECTION('',(0.E0,0.E0,-1.E0));
#7296=DIRECTION('',(1.E0,0.E0,0.E0));
#7297=AXIS2_PLACEMENT_3D('',#7294,#7295,#7296);
#7298=CYLINDRICAL_SURFACE('',#7297,1.905E-1);
#7299=ORIENTED_EDGE('',*,*,#3700,.F.);
#7300=ORIENTED_EDGE('',*,*,#7289,.T.);
#7301=ORIENTED_EDGE('',*,*,#7275,.T.);
#7302=ORIENTED_EDGE('',*,*,#7286,.F.);
#7303=EDGE_LOOP('',(#7299,#7300,#7301,#7302));
#7304=FACE_OUTER_BOUND('',#7303,.F.);
#7306=CLOSED_SHELL('',(#3519,#3534,#3556,#3570,#3704,#3718,#3732,#3792,#3807,
#3822,#3866,#3881,#3895,#3916,#3944,#3973,#3987,#4001,#4016,#4254,#4268,#4282,
#4296,#4309,#4325,#4348,#4362,#4377,#4391,#4407,#4420,#4439,#4453,#4468,#4489,
#4502,#4517,#4529,#4543,#4557,#4574,#4587,#4600,#4614,#4626,#4638,#4650,#4662,
#4685,#4699,#4713,#4727,#4741,#4758,#4784,#4810,#4823,#4844,#4856,#4874,#4887,
#4904,#4917,#4930,#4942,#4955,#4968,#4984,#5002,#5015,#5033,#5051,#5064,#5081,
#5094,#5107,#5119,#5132,#5145,#5161,#5176,#5190,#5204,#5217,#5229,#5245,#5259,
#5272,#5285,#5297,#5312,#5326,#5340,#5353,#5365,#5381,#5395,#5408,#5421,#5433,
#5448,#5462,#5476,#5489,#5501,#5517,#5531,#5544,#5557,#5569,#5584,#5598,#5612,
#5625,#5637,#5653,#5667,#5680,#5693,#5705,#5720,#5734,#5748,#5761,#5773,#5789,
#5803,#5816,#5829,#5841,#5856,#5870,#5884,#5897,#5909,#5925,#5939,#5952,#5965,
#5977,#5992,#6006,#6020,#6033,#6045,#6061,#6075,#6088,#6101,#6113,#6128,#6142,
#6156,#6169,#6181,#6197,#6211,#6224,#6237,#6249,#6264,#6278,#6292,#6305,#6317,
#6333,#6347,#6360,#6373,#6385,#6400,#6414,#6428,#6441,#6453,#6469,#6483,#6496,
#6509,#6521,#6533,#6545,#6560,#6573,#6583,#6595,#6609,#6621,#6636,#6649,#6659,
#6671,#6685,#6697,#6712,#6725,#6735,#6747,#6761,#6773,#6788,#6801,#6811,#6823,
#6837,#6849,#6864,#6877,#6887,#6899,#6913,#6925,#6940,#6953,#6963,#6975,#6989,
#7001,#7016,#7029,#7039,#7051,#7065,#7077,#7092,#7105,#7115,#7127,#7141,#7153,
#7168,#7181,#7191,#7203,#7217,#7229,#7244,#7257,#7267,#7279,#7293,#7305));
#7307=MANIFOLD_SOLID_BREP('',#7306);
#7310=PLANE_ANGLE_MEASURE_WITH_UNIT(PLANE_ANGLE_MEASURE(1.745329251994E-2),
#7309);
#7311=(CONVERSION_BASED_UNIT('DEGREE',#7310)NAMED_UNIT(*)PLANE_ANGLE_UNIT());
#7313=UNCERTAINTY_MEASURE_WITH_UNIT(LENGTH_MEASURE(2.425581956383E-3),#7308,
'distance_accuracy_value',
'Maximum model space distance between geometric entities at asserted connectivities');
#7316=APPLICATION_CONTEXT('automotive_design');
#7317=APPLICATION_PROTOCOL_DEFINITION('international standard',
'automotive_design',2001,#7316);
#7318=PRODUCT_DEFINITION_CONTEXT('part definition',#7316,'design');
#7319=PRODUCT_CONTEXT('',#7316,'mechanical');
#7320=PRODUCT('C-5-104068-1','C-5-104068-1','NOT SPECIFIED',(#7319));
#7321=PRODUCT_DEFINITION_FORMATION('1','LAST_VERSION',#7320);
#7329=DERIVED_UNIT_ELEMENT(#7328,2.E0);
#7330=DERIVED_UNIT((#7329));
#7331=MEASURE_REPRESENTATION_ITEM('surface area measure',AREA_MEASURE(
1.109501330005E3),#7330);
#7336=DERIVED_UNIT_ELEMENT(#7335,3.E0);
#7337=DERIVED_UNIT((#7336));
#7338=MEASURE_REPRESENTATION_ITEM('volume measure',VOLUME_MEASURE(
5.742754318328E2),#7337);
#7342=CARTESIAN_POINT('centre point',(5.269108268947E-3,-3.676624640735E-2,
-6.289564120446E0));
#7347=DERIVED_UNIT_ELEMENT(#7346,2.E0);
#7348=DERIVED_UNIT((#7347));
#7349=MEASURE_REPRESENTATION_ITEM('surface area measure',AREA_MEASURE(
1.109501330005E3),#7348);
#7354=DERIVED_UNIT_ELEMENT(#7353,3.E0);
#7355=DERIVED_UNIT((#7354));
#7356=MEASURE_REPRESENTATION_ITEM('volume measure',VOLUME_MEASURE(
5.742754318328E2),#7355);
#7360=CARTESIAN_POINT('centre point',(5.269108268947E-3,-3.676624640735E-2,
-6.289564120446E0));
#7365=PRODUCT_RELATED_PRODUCT_CATEGORY('part','',(#7320));
#1=DRAUGHTING_PRE_DEFINED_COLOUR('black');
#2=COLOUR_RGB('',0.E0,0.E0,3.6E-1);
#3=COLOUR_RGB('',0.E0,0.E0,4.8E-1);
#4=DRAUGHTING_PRE_DEFINED_COLOUR('blue');
#5=COLOUR_RGB('',0.E0,5.8824E-2,4.58824E-1);
#6=COLOUR_RGB('',0.E0,1.80392E-1,4.78431E-1);
#7=COLOUR_RGB('',0.E0,3.6E-1,9.E-2);
#8=COLOUR_RGB('',0.E0,3.6E-1,2.7E-1);
#9=COLOUR_RGB('',0.E0,5.6E-1,6.4E-1);
#10=COLOUR_RGB('',0.E0,5.8E-1,8.E-1);
#11=COLOUR_RGB('',0.E0,7.1E-1,6.6E-1);
#12=COLOUR_RGB('',0.E0,7.13E-1,0.E0);
#13=COLOUR_RGB('',0.E0,9.5E-1,8.4E-1);
#14=DRAUGHTING_PRE_DEFINED_COLOUR('green');
#15=DRAUGHTING_PRE_DEFINED_COLOUR('cyan');
#16=COLOUR_RGB('',1.1765E-2,1.9608E-2,3.9216E-2);
#17=COLOUR_RGB('',4.E-2,0.E0,1.6E-1);
#18=COLOUR_RGB('',3.9216E-2,2.19608E-1,1.21569E-1);
#19=COLOUR_RGB('',3.9216E-2,3.60784E-1,2.E-1);
#20=COLOUR_RGB('',5.098E-2,7.0588E-2,1.01961E-1);
#21=COLOUR_RGB('',9.E-2,0.E0,1.2E-1);
#22=COLOUR_RGB('',9.0196E-2,1.60784E-1,1.09804E-1);
#23=COLOUR_RGB('',9.0196E-2,3.80392E-1,6.70588E-1);
#24=COLOUR_RGB('',1.E-1,0.E0,2.5E-1);
#25=COLOUR_RGB('',1.01961E-1,4.78431E-1,3.88235E-1);
#26=COLOUR_RGB('',1.09804E-1,1.4902E-1,9.0196E-2);
#27=COLOUR_RGB('',1.4902E-1,3.09804E-1,5.29412E-1);
#28=COLOUR_RGB('',1.4902E-1,4.E-1,1.60784E-1);
#29=COLOUR_RGB('',1.6E-1,3.2E-2,0.E0);
#30=COLOUR_RGB('',1.60784E-1,4.5098E-1,7.21569E-1);
#31=COLOUR_RGB('',1.6E-1,4.6E-1,6.5E-1);
#32=COLOUR_RGB('',1.6E-1,1.E0,1.6E-1);
#33=COLOUR_RGB('',2.E-1,3.2E-2,0.E0);
#34=COLOUR_RGB('',2.11765E-1,4.11765E-1,1.4902E-1);
#35=COLOUR_RGB('',2.39216E-1,2.39216E-1,2.31373E-1);
#36=COLOUR_RGB('',2.39216E-1,2.70588E-1,1.80392E-1);
#37=COLOUR_RGB('',2.5098E-1,2.90196E-1,3.29412E-1);
#38=COLOUR_RGB('',2.90196E-1,4.31373E-1,2.E-1);
#39=COLOUR_RGB('',3.1E-1,3.1E-1,5.6E-1);
#40=COLOUR_RGB('',3.09804E-1,6.58824E-1,2.E-1);
#41=COLOUR_RGB('',3.2E-1,1.5E-1,0.E0);
#42=COLOUR_RGB('',3.60784E-1,3.1373E-2,1.68627E-1);
#43=COLOUR_RGB('',3.68627E-1,2.E-1,1.21569E-1);
#44=COLOUR_RGB('',3.88235E-1,2.39216E-1,6.11765E-1);
#45=COLOUR_RGB('',4.E-1,4.E-1,4.E-1);
#46=COLOUR_RGB('',4.11765E-1,5.8824E-2,7.8431E-2);
#47=COLOUR_RGB('',4.11765E-1,3.29412E-1,2.19608E-1);
#48=COLOUR_RGB('',4.2E-1,4.2E-1,1.E0);
#49=COLOUR_RGB('',4.4E-1,8.5E-1,1.E0);
#50=COLOUR_RGB('',4.58824E-1,4.5098E-1,3.09804E-1);
#51=COLOUR_RGB('',4.70588E-1,5.09804E-1,5.4902E-1);
#52=COLOUR_RGB('',4.78431E-1,4.90196E-1,4.58824E-1);
#53=COLOUR_RGB('',4.90196E-1,3.60784E-1,2.19608E-1);
#54=COLOUR_RGB('',4.9E-1,4.9E-1,0.E0);
#55=COLOUR_RGB('',4.9E-1,1.E0,0.E0);
#56=COLOUR_RGB('',5.E-1,0.E0,0.E0);
#57=COLOUR_RGB('',5.E-1,0.E0,2.3E-1);
#58=COLOUR_RGB('',5.E-1,5.E-1,5.E-1);
#59=COLOUR_RGB('',5.21569E-1,2.19608E-1,1.68627E-1);
#60=COLOUR_RGB('',5.3E-1,0.E0,0.E0);
#61=COLOUR_RGB('',5.29412E-1,5.80392E-1,6.5098E-1);
#62=COLOUR_RGB('',5.4E-1,0.E0,4.4E-1);
#63=COLOUR_RGB('',5.5E-1,3.E-1,0.E0);
#64=COLOUR_RGB('',5.6E-1,1.E-1,5.E-2);
#65=COLOUR_RGB('',5.60784E-1,5.80392E-1,6.19608E-1);
#66=COLOUR_RGB('',5.68627E-1,5.8824E-2,4.E-1);
#67=COLOUR_RGB('',5.8E-1,2.2E-1,1.E-2);
#68=COLOUR_RGB('',5.88235E-1,1.21569E-1,1.09804E-1);
#69=COLOUR_RGB('',6.E-1,6.E-1,6.E-1);
#70=COLOUR_RGB('',6.11765E-1,5.60784E-1,3.80392E-1);
#71=COLOUR_RGB('',6.11765E-1,6.11765E-1,6.5098E-1);
#72=COLOUR_RGB('',6.2E-1,0.E0,5.5E-1);
#73=COLOUR_RGB('',6.19608E-1,6.39216E-1,6.90196E-1);
#74=COLOUR_RGB('',6.4E-1,0.E0,2.5E-1);
#75=COLOUR_RGB('',6.4E-1,1.E-2,0.E0);
#76=COLOUR_RGB('',6.39216E-1,5.4902E-1,4.78431E-1);
#77=COLOUR_RGB('',6.5098E-1,6.70588E-1,7.09804E-1);
#78=COLOUR_RGB('',6.70588E-1,1.21569E-1,1.09804E-1);
#79=COLOUR_RGB('',6.78431E-1,4.78431E-1,3.09804E-1);
#80=COLOUR_RGB('',6.8E-1,7.5E-1,1.E0);
#81=COLOUR_RGB('',6.952E-1,7.426E-1,7.9E-1);
#82=COLOUR_RGB('',7.09804E-1,7.0588E-2,2.E-1);
#83=COLOUR_RGB('',7.1E-1,3.1E-1,0.E0);
#84=COLOUR_RGB('',7.2E-1,7.2E-1,7.2E-1);
#85=COLOUR_RGB('',7.29412E-1,7.41176E-1,7.29412E-1);
#86=COLOUR_RGB('',7.41176E-1,7.29412E-1,6.70588E-1);
#87=COLOUR_RGB('',7.4E-1,1.E0,2.6E-1);
#88=COLOUR_RGB('',7.5E-1,3.E-2,0.E0);
#89=COLOUR_RGB('',7.4902E-1,8.90196E-1,7.29412E-1);
#90=COLOUR_RGB('',7.6E-1,0.E0,4.7E-1);
#91=COLOUR_RGB('',7.80392E-1,9.0196E-2,7.0588E-2);
#92=COLOUR_RGB('',7.88235E-1,2.19608E-1,5.4902E-1);
#93=COLOUR_RGB('',8.1E-1,4.E-2,0.E0);
#94=COLOUR_RGB('',8.1E-1,6.1E-1,0.E0);
#95=COLOUR_RGB('',8.2E-1,4.E-2,6.6E-1);
#96=COLOUR_RGB('',8.31373E-1,8.5098E-1,8.58824E-1);
#97=COLOUR_RGB('',8.5098E-1,7.29412E-1,5.4902E-1);
#98=COLOUR_RGB('',8.5E-1,8.5E-1,8.5E-1);
#99=COLOUR_RGB('',8.78431E-1,3.68627E-1,1.21569E-1);
#100=COLOUR_RGB('',8.784E-1,9.49E-1,1.E0);
#101=COLOUR_RGB('',8.90196E-1,5.88235E-1,1.41176E-1);
#102=COLOUR_RGB('',9.E-1,1.E0,0.E0);
#103=COLOUR_RGB('',9.09804E-1,6.11765E-1,7.09804E-1);
#104=COLOUR_RGB('',9.37E-1,7.85E-1,0.E0);
#105=COLOUR_RGB('',9.41176E-1,9.29412E-1,9.01961E-1);
#106=COLOUR_RGB('',9.5E-1,2.2E-1,8.1E-1);
#107=COLOUR_RGB('',9.6E-1,3.7E-1,3.E-1);
#108=COLOUR_RGB('',9.6E-1,7.1E-1,3.75E-1);
#109=COLOUR_RGB('',9.80392E-1,1.E0,1.E0);
#110=COLOUR_RGB('',9.88235E-1,1.09804E-1,7.8431E-2);
#111=COLOUR_RGB('',9.88235E-1,7.21569E-1,1.29412E-1);
#112=COLOUR_RGB('',9.88235E-1,9.21569E-1,8.E-1);
#113=DRAUGHTING_PRE_DEFINED_COLOUR('red');
#114=COLOUR_RGB('',1.E0,0.E0,6.1E-1);
#115=COLOUR_RGB('',1.E0,4.E-2,0.E0);
#116=COLOUR_RGB('',1.E0,2.3E-1,0.E0);
#117=COLOUR_RGB('',1.E0,3.5E-1,5.2E-1);
#118=COLOUR_RGB('',1.E0,3.6E-1,0.E0);
#119=COLOUR_RGB('',1.E0,3.88235E-1,2.11765E-1);
#120=COLOUR_RGB('',1.E0,4.9E-1,3.7E-1);
#121=COLOUR_RGB('',1.E0,5.E-1,0.E0);
#122=COLOUR_RGB('',1.E0,5.6E-1,7.8E-1);
#123=COLOUR_RGB('',1.E0,6.4E-1,4.9E-1);
#124=COLOUR_RGB('',1.E0,6.7E-1,0.E0);
#125=COLOUR_RGB('',1.E0,7.6E-1,6.5E-1);
#126=COLOUR_RGB('',1.E0,8.39216E-1,3.01961E-1);
#127=COLOUR_RGB('',1.E0,8.6E-1,4.E-2);
#128=COLOUR_RGB('',1.E0,9.60784E-1,2.58824E-1);
#129=COLOUR_RGB('',1.E0,9.60784E-1,8.90196E-1);
#130=COLOUR_RGB('',1.E0,9.8E-1,7.2E-1);
#131=DRAUGHTING_PRE_DEFINED_COLOUR('yellow');
#132=COLOUR_RGB('',1.E0,1.E0,3.9216E-2);
#133=DRAUGHTING_PRE_DEFINED_COLOUR('white');
#222=CIRCLE('',#221,1.905E-1);
#227=CIRCLE('',#226,1.905E-1);
#232=CIRCLE('',#231,1.905E-1);
#237=CIRCLE('',#236,1.905E-1);
#242=CIRCLE('',#241,1.905E-1);
#247=CIRCLE('',#246,1.905E-1);
#252=CIRCLE('',#251,1.905E-1);
#257=CIRCLE('',#256,1.905E-1);
#262=CIRCLE('',#261,1.905E-1);
#267=CIRCLE('',#266,1.905E-1);
#272=CIRCLE('',#271,1.905E-1);
#277=CIRCLE('',#276,1.905E-1);
#282=CIRCLE('',#281,1.905E-1);
#287=CIRCLE('',#286,1.905E-1);
#292=CIRCLE('',#291,1.905E-1);
#297=CIRCLE('',#296,1.905E-1);
#302=CIRCLE('',#301,1.905E-1);
#307=CIRCLE('',#306,1.905E-1);
#312=CIRCLE('',#311,1.905E-1);
#317=CIRCLE('',#316,1.905E-1);
#322=CIRCLE('',#321,1.905E-1);
#327=CIRCLE('',#326,1.905E-1);
#332=CIRCLE('',#331,1.905E-1);
#337=CIRCLE('',#336,1.905E-1);
#342=CIRCLE('',#341,1.905E-1);
#347=CIRCLE('',#346,1.905E-1);
#352=CIRCLE('',#351,1.905E-1);
#357=CIRCLE('',#356,1.905E-1);
#362=CIRCLE('',#361,1.905E-1);
#367=CIRCLE('',#366,1.905E-1);
#372=CIRCLE('',#371,1.905E-1);
#377=CIRCLE('',#376,1.905E-1);
#382=CIRCLE('',#381,1.905E-1);
#387=CIRCLE('',#386,1.905E-1);
#392=CIRCLE('',#391,1.905E-1);
#397=CIRCLE('',#396,1.905E-1);
#402=CIRCLE('',#401,1.905E-1);
#407=CIRCLE('',#406,1.905E-1);
#412=CIRCLE('',#411,1.905E-1);
#417=CIRCLE('',#416,1.905E-1);
#638=CIRCLE('',#637,3.302E-1);
#675=CIRCLE('',#674,3.302E-1);
#701=B_SPLINE_CURVE_WITH_KNOTS('',3,(#692,#693,#694,#695,#696,#697,#698,#699,
#700),.UNSPECIFIED.,.F.,.F.,(4,1,1,1,1,1,4),(0.E0,1.666666666667E-1,
3.333333333333E-1,5.E-1,6.666666666667E-1,8.333333333333E-1,1.E0),
.UNSPECIFIED.);
#1081=B_SPLINE_CURVE_WITH_KNOTS('',3,(#1074,#1075,#1076,#1077,#1078,#1079,
#1080),.UNSPECIFIED.,.F.,.F.,(4,1,1,1,4),(0.E0,2.5E-1,5.E-1,7.5E-1,1.E0),
.UNSPECIFIED.);
#1091=B_SPLINE_CURVE_WITH_KNOTS('',3,(#1082,#1083,#1084,#1085,#1086,#1087,#1088,
#1089,#1090),.UNSPECIFIED.,.F.,.F.,(4,1,1,1,1,1,4),(0.E0,1.666666666667E-1,
3.333333333333E-1,5.E-1,6.666666666667E-1,8.333333333333E-1,1.E0),
.UNSPECIFIED.);
#1169=B_SPLINE_CURVE_WITH_KNOTS('',3,(#1160,#1161,#1162,#1163,#1164,#1165,#1166,
#1167,#1168),.UNSPECIFIED.,.F.,.F.,(4,1,1,1,1,1,4),(0.E0,1.666666666667E-1,
3.333333333333E-1,5.E-1,6.666666666667E-1,8.333333333333E-1,1.E0),
.UNSPECIFIED.);
#1174=CIRCLE('',#1173,2.5E-1);
#1255=CIRCLE('',#1254,2.5E-1);
#1333=B_SPLINE_CURVE_WITH_KNOTS('',3,(#1324,#1325,#1326,#1327,#1328,#1329,#1330,
#1331,#1332),.UNSPECIFIED.,.F.,.F.,(4,1,1,1,1,1,4),(0.E0,1.666666666667E-1,
3.333333333333E-1,5.E-1,6.666666666667E-1,8.333333333333E-1,1.E0),
.UNSPECIFIED.);
#1341=B_SPLINE_CURVE_WITH_KNOTS('',3,(#1334,#1335,#1336,#1337,#1338,#1339,
#1340),.UNSPECIFIED.,.F.,.F.,(4,1,1,1,4),(0.E0,2.5E-1,5.E-1,7.5E-1,1.E0),
.UNSPECIFIED.);
#1351=B_SPLINE_CURVE_WITH_KNOTS('',3,(#1342,#1343,#1344,#1345,#1346,#1347,#1348,
#1349,#1350),.UNSPECIFIED.,.F.,.F.,(4,1,1,1,1,1,4),(0.E0,1.666666666667E-1,
3.333333333333E-1,5.E-1,6.666666666667E-1,8.333333333333E-1,1.E0),
.UNSPECIFIED.);
#1361=B_SPLINE_CURVE_WITH_KNOTS('',3,(#1352,#1353,#1354,#1355,#1356,#1357,#1358,
#1359,#1360),.UNSPECIFIED.,.F.,.F.,(4,1,1,1,1,1,4),(0.E0,1.666666666667E-1,
3.333333333333E-1,5.E-1,6.666666666667E-1,8.333333333333E-1,1.E0),
.UNSPECIFIED.);
#1371=B_SPLINE_CURVE_WITH_KNOTS('',3,(#1362,#1363,#1364,#1365,#1366,#1367,#1368,
#1369,#1370),.UNSPECIFIED.,.F.,.F.,(4,1,1,1,1,1,4),(0.E0,1.666666666667E-1,
3.333333333333E-1,5.E-1,6.666666666667E-1,8.333333333333E-1,1.E0),
.UNSPECIFIED.);
#1404=CIRCLE('',#1403,3.302E-1);
#1433=CIRCLE('',#1432,3.302E-1);
#1449=B_SPLINE_CURVE_WITH_KNOTS('',3,(#1442,#1443,#1444,#1445,#1446,#1447,
#1448),.UNSPECIFIED.,.F.,.F.,(4,1,1,1,4),(0.E0,2.5E-1,5.E-1,7.5E-1,1.E0),
.UNSPECIFIED.);
#1463=B_SPLINE_CURVE_WITH_KNOTS('',3,(#1454,#1455,#1456,#1457,#1458,#1459,#1460,
#1461,#1462),.UNSPECIFIED.,.F.,.F.,(4,1,1,1,1,1,4),(0.E0,1.666666666667E-1,
3.333333333333E-1,5.E-1,6.666666666667E-1,8.333333333333E-1,1.E0),
.UNSPECIFIED.);
#1471=B_SPLINE_CURVE_WITH_KNOTS('',3,(#1464,#1465,#1466,#1467,#1468,#1469,
#1470),.UNSPECIFIED.,.F.,.F.,(4,1,1,1,4),(0.E0,2.5E-1,5.E-1,7.5E-1,1.E0),
.UNSPECIFIED.);
#2344=CIRCLE('',#2343,1.905E-1);
#2349=CIRCLE('',#2348,1.905E-1);
#2354=CIRCLE('',#2353,1.905E-1);
#2359=CIRCLE('',#2358,1.905E-1);
#2380=CIRCLE('',#2379,1.905E-1);
#2385=CIRCLE('',#2384,1.905E-1);
#2390=CIRCLE('',#2389,1.905E-1);
#2395=CIRCLE('',#2394,1.905E-1);
#2416=CIRCLE('',#2415,1.905E-1);
#2421=CIRCLE('',#2420,1.905E-1);
#2426=CIRCLE('',#2425,1.905E-1);
#2431=CIRCLE('',#2430,1.905E-1);
#2452=CIRCLE('',#2451,1.905E-1);
#2457=CIRCLE('',#2456,1.905E-1);
#2462=CIRCLE('',#2461,1.905E-1);
#2467=CIRCLE('',#2466,1.905E-1);
#2488=CIRCLE('',#2487,1.905E-1);
#2493=CIRCLE('',#2492,1.905E-1);
#2498=CIRCLE('',#2497,1.905E-1);
#2503=CIRCLE('',#2502,1.905E-1);
#2524=CIRCLE('',#2523,1.905E-1);
#2529=CIRCLE('',#2528,1.905E-1);
#2534=CIRCLE('',#2533,1.905E-1);
#2539=CIRCLE('',#2538,1.905E-1);
#2560=CIRCLE('',#2559,1.905E-1);
#2565=CIRCLE('',#2564,1.905E-1);
#2570=CIRCLE('',#2569,1.905E-1);
#2575=CIRCLE('',#2574,1.905E-1);
#2596=CIRCLE('',#2595,1.905E-1);
#2601=CIRCLE('',#2600,1.905E-1);
#2606=CIRCLE('',#2605,1.905E-1);
#2611=CIRCLE('',#2610,1.905E-1);
#2632=CIRCLE('',#2631,1.905E-1);
#2637=CIRCLE('',#2636,1.905E-1);
#2642=CIRCLE('',#2641,1.905E-1);
#2647=CIRCLE('',#2646,1.905E-1);
#2668=CIRCLE('',#2667,1.905E-1);
#2673=CIRCLE('',#2672,1.905E-1);
#2678=CIRCLE('',#2677,1.905E-1);
#2683=CIRCLE('',#2682,1.905E-1);
#3489=EDGE_CURVE('',#2850,#2851,#137,.T.);
#3491=EDGE_CURVE('',#2850,#2759,#141,.T.);
#3493=EDGE_CURVE('',#2758,#2759,#145,.T.);
#3495=EDGE_CURVE('',#2758,#2738,#149,.T.);
#3497=EDGE_CURVE('',#2738,#2739,#153,.T.);
#3499=EDGE_CURVE('',#2739,#2715,#157,.T.);
#3501=EDGE_CURVE('',#2714,#2715,#1575,.T.);
#3503=EDGE_CURVE('',#2714,#2722,#161,.T.);
#3505=EDGE_CURVE('',#2722,#2723,#621,.T.);
#3507=EDGE_CURVE('',#2723,#2734,#165,.T.);
#3509=EDGE_CURVE('',#2734,#2735,#169,.T.);
#3511=EDGE_CURVE('',#2735,#2763,#173,.T.);
#3513=EDGE_CURVE('',#2762,#2763,#177,.T.);
#3515=EDGE_CURVE('',#2851,#2762,#181,.T.);
#3519=ADVANCED_FACE('',(#3518),#3488,.T.);
#3526=EDGE_CURVE('',#2851,#2857,#193,.T.);
#3528=EDGE_CURVE('',#2857,#2853,#185,.T.);
#3530=EDGE_CURVE('',#2850,#2853,#1679,.T.);
#3534=ADVANCED_FACE('',(#3533),#3524,.F.);
#3540=EDGE_CURVE('',#2843,#2857,#189,.T.);
#3544=EDGE_CURVE('',#2754,#2762,#1453,.T.);
#3546=EDGE_CURVE('',#2839,#2754,#493,.T.);
#3548=EDGE_CURVE('',#2839,#2859,#197,.T.);
#3550=EDGE_CURVE('',#2847,#2859,#201,.T.);
#3552=EDGE_CURVE('',#2843,#2847,#209,.T.);
#3556=ADVANCED_FACE('',(#3555),#3539,.F.);
#3562=EDGE_CURVE('',#2842,#2843,#205,.T.);
#3564=EDGE_CURVE('',#2842,#2853,#1663,.T.);
#3570=ADVANCED_FACE('',(#3569),#3561,.F.);
#3578=EDGE_CURVE('',#2846,#2847,#213,.T.);
#3580=EDGE_CURVE('',#2842,#2846,#217,.T.);
#3584=EDGE_CURVE('',#3218,#3219,#222,.T.);
#3586=EDGE_CURVE('',#3219,#3218,#227,.T.);
#3590=EDGE_CURVE('',#3222,#3223,#232,.T.);
#3592=EDGE_CURVE('',#3223,#3222,#237,.T.);
#3596=EDGE_CURVE('',#3234,#3235,#242,.T.);
#3598=EDGE_CURVE('',#3235,#3234,#247,.T.);
#3602=EDGE_CURVE('',#3238,#3239,#252,.T.);
#3604=EDGE_CURVE('',#3239,#3238,#257,.T.);
#3608=EDGE_CURVE('',#3250,#3251,#262,.T.);
#3610=EDGE_CURVE('',#3251,#3250,#267,.T.);
#3614=EDGE_CURVE('',#3254,#3255,#272,.T.);
#3616=EDGE_CURVE('',#3255,#3254,#277,.T.);
#3620=EDGE_CURVE('',#3266,#3267,#282,.T.);
#3622=EDGE_CURVE('',#3267,#3266,#287,.T.);
#3626=EDGE_CURVE('',#3270,#3271,#292,.T.);
#3628=EDGE_CURVE('',#3271,#3270,#297,.T.);
#3632=EDGE_CURVE('',#3282,#3283,#302,.T.);
#3634=EDGE_CURVE('',#3283,#3282,#307,.T.);
#3638=EDGE_CURVE('',#3286,#3287,#312,.T.);
#3640=EDGE_CURVE('',#3287,#3286,#317,.T.);
#3644=EDGE_CURVE('',#3298,#3299,#322,.T.);
#3646=EDGE_CURVE('',#3299,#3298,#327,.T.);
#3650=EDGE_CURVE('',#3302,#3303,#332,.T.);
#3652=EDGE_CURVE('',#3303,#3302,#337,.T.);
#3656=EDGE_CURVE('',#3314,#3315,#342,.T.);
#3658=EDGE_CURVE('',#3315,#3314,#347,.T.);
#3662=EDGE_CURVE('',#3318,#3319,#352,.T.);
#3664=EDGE_CURVE('',#3319,#3318,#357,.T.);
#3668=EDGE_CURVE('',#3330,#3331,#362,.T.);
#3670=EDGE_CURVE('',#3331,#3330,#367,.T.);
#3674=EDGE_CURVE('',#3334,#3335,#372,.T.);
#3676=EDGE_CURVE('',#3335,#3334,#377,.T.);
#3680=EDGE_CURVE('',#3346,#3347,#382,.T.);
#3682=EDGE_CURVE('',#3347,#3346,#387,.T.);
#3686=EDGE_CURVE('',#3350,#3351,#392,.T.);
#3688=EDGE_CURVE('',#3351,#3350,#397,.T.);
#3692=EDGE_CURVE('',#3362,#3363,#402,.T.);
#3694=EDGE_CURVE('',#3363,#3362,#407,.T.);
#3698=EDGE_CURVE('',#3366,#3367,#412,.T.);
#3700=EDGE_CURVE('',#3367,#3366,#417,.T.);
#3704=ADVANCED_FACE('',(#3583,#3589,#3595,#3601,#3607,#3613,#3619,#3625,#3631,
#3637,#3643,#3649,#3655,#3661,#3667,#3673,#3679,#3685,#3691,#3697,#3703),#3575,
.T.);
#3712=EDGE_CURVE('',#2859,#2855,#421,.T.);
#3714=EDGE_CURVE('',#2846,#2855,#1667,.T.);
#3718=ADVANCED_FACE('',(#3717),#3709,.F.);
#3724=EDGE_CURVE('',#2838,#2839,#489,.T.);
#3726=EDGE_CURVE('',#2838,#2855,#1671,.T.);
#3732=ADVANCED_FACE('',(#3731),#3723,.F.);
#3738=EDGE_CURVE('',#2881,#2885,#425,.T.);
#3740=EDGE_CURVE('',#2885,#2883,#429,.T.);
#3742=EDGE_CURVE('',#2703,#2883,#573,.T.);
#3744=EDGE_CURVE('',#2702,#2703,#433,.T.);
#3746=EDGE_CURVE('',#2771,#2702,#437,.T.);
#3748=EDGE_CURVE('',#2770,#2771,#441,.T.);
#3750=EDGE_CURVE('',#2727,#2770,#445,.T.);
#3752=EDGE_CURVE('',#2726,#2727,#449,.T.);
#3754=EDGE_CURVE('',#2726,#2767,#453,.T.);
#3756=EDGE_CURVE('',#2766,#2767,#457,.T.);
#3758=EDGE_CURVE('',#2706,#2766,#461,.T.);
#3760=EDGE_CURVE('',#2706,#2707,#465,.T.);
#3762=EDGE_CURVE('',#2711,#2707,#565,.T.);
#3764=EDGE_CURVE('',#2710,#2711,#1559,.T.);
#3766=EDGE_CURVE('',#2747,#2710,#469,.T.);
#3768=EDGE_CURVE('',#2746,#2747,#473,.T.);
#3770=EDGE_CURVE('',#2750,#2746,#477,.T.);
#3772=EDGE_CURVE('',#2750,#2751,#481,.T.);
#3774=EDGE_CURVE('',#2838,#2751,#485,.T.);
#3778=EDGE_CURVE('',#2754,#2755,#497,.T.);
#3780=EDGE_CURVE('',#2743,#2755,#501,.T.);
#3782=EDGE_CURVE('',#2742,#2743,#505,.T.);
#3784=EDGE_CURVE('',#2718,#2742,#509,.T.);
#3786=EDGE_CURVE('',#2718,#2719,#589,.T.);
#3788=EDGE_CURVE('',#2881,#2719,#525,.T.);
#3792=ADVANCED_FACE('',(#3791),#3737,.T.);
#3798=EDGE_CURVE('',#2879,#2881,#521,.T.);
#3800=EDGE_CURVE('',#2879,#2887,#2327,.T.);
#3802=EDGE_CURVE('',#2885,#2887,#2331,.T.);
#3807=ADVANCED_FACE('',(#3806),#3797,.F.);
#3813=EDGE_CURVE('',#3481,#3479,#513,.T.);
#3815=EDGE_CURVE('',#3479,#2722,#625,.T.);
#3818=EDGE_CURVE('',#3481,#2714,#1571,.T.);
#3822=ADVANCED_FACE('',(#3821),#3812,.T.);
#3828=EDGE_CURVE('',#2878,#2879,#517,.T.);
#3832=EDGE_CURVE('',#2719,#2731,#585,.T.);
#3834=EDGE_CURVE('',#2731,#3426,#529,.T.);
#3836=EDGE_CURVE('',#3431,#3426,#533,.T.);
#3838=EDGE_CURVE('',#3437,#3431,#537,.T.);
#3840=EDGE_CURVE('',#3439,#3437,#541,.T.);
#3842=EDGE_CURVE('',#3443,#3439,#545,.T.);
#3844=EDGE_CURVE('',#3449,#3443,#549,.T.);
#3846=EDGE_CURVE('',#3455,#3449,#553,.T.);
#3848=EDGE_CURVE('',#3453,#3455,#557,.T.);
#3850=EDGE_CURVE('',#2729,#3453,#561,.T.);
#3852=EDGE_CURVE('',#2711,#2729,#1563,.T.);
#3855=EDGE_CURVE('',#2698,#2707,#1323,.T.);
#3857=EDGE_CURVE('',#2694,#2698,#569,.T.);
#3859=EDGE_CURVE('',#2703,#2694,#1303,.T.);
#3862=EDGE_CURVE('',#2878,#2883,#577,.T.);
#3866=ADVANCED_FACE('',(#3865),#3827,.T.);
#3872=EDGE_CURVE('',#3478,#3479,#597,.T.);
#3875=EDGE_CURVE('',#3481,#3483,#1567,.T.);
#3877=EDGE_CURVE('',#3483,#3478,#1539,.T.);
#3881=ADVANCED_FACE('',(#3880),#3871,.T.);
#3887=EDGE_CURVE('',#2731,#2826,#581,.T.);
#3891=EDGE_CURVE('',#2718,#2826,#593,.T.);
#3895=ADVANCED_FACE('',(#3894),#3886,.T.);
#3902=EDGE_CURVE('',#3478,#2783,#601,.T.);
#3904=EDGE_CURVE('',#2783,#2863,#605,.T.);
#3906=EDGE_CURVE('',#2862,#2863,#609,.T.);
#3908=EDGE_CURVE('',#2862,#2822,#613,.T.);
#3910=EDGE_CURVE('',#2822,#2723,#617,.T.);
#3916=ADVANCED_FACE('',(#3915),#3900,.T.);
#3922=EDGE_CURVE('',#3426,#3427,#629,.T.);
#3926=EDGE_CURVE('',#2826,#2827,#1511,.T.);
#3928=EDGE_CURVE('',#2827,#2818,#633,.T.);
#3930=EDGE_CURVE('',#2818,#2819,#638,.T.);
#3932=EDGE_CURVE('',#2819,#2835,#642,.T.);
#3934=EDGE_CURVE('',#2834,#2835,#1491,.T.);
#3936=EDGE_CURVE('',#3399,#2834,#646,.T.);
#3938=EDGE_CURVE('',#3395,#3399,#650,.T.);
#3940=EDGE_CURVE('',#3427,#3395,#654,.T.);
#3944=ADVANCED_FACE('',(#3943),#3921,.F.);
#3950=EDGE_CURVE('',#3452,#3453,#658,.T.);
#3952=EDGE_CURVE('',#3452,#3371,#1103,.T.);
#3954=EDGE_CURVE('',#3370,#3371,#662,.T.);
#3956=EDGE_CURVE('',#2802,#3370,#666,.T.);
#3958=EDGE_CURVE('',#2802,#2803,#1627,.T.);
#3960=EDGE_CURVE('',#2803,#2794,#670,.T.);
#3962=EDGE_CURVE('',#2794,#2795,#675,.T.);
#3964=EDGE_CURVE('',#2795,#2811,#679,.T.);
#3966=EDGE_CURVE('',#2810,#2811,#1607,.T.);
#3968=EDGE_CURVE('',#2729,#2810,#1551,.T.);
#3973=ADVANCED_FACE('',(#3972),#3949,.F.);
#3980=EDGE_CURVE('',#3429,#3427,#683,.T.);
#3982=EDGE_CURVE('',#3429,#3431,#1218,.T.);
#3987=ADVANCED_FACE('',(#3986),#3978,.T.);
#3995=EDGE_CURVE('',#3387,#3395,#687,.T.);
#3997=EDGE_CURVE('',#3429,#3387,#691,.T.);
#4001=ADVANCED_FACE('',(#4000),#3992,.F.);
#4007=EDGE_CURVE('',#3391,#3393,#721,.T.);
#4009=EDGE_CURVE('',#3387,#3391,#701,.T.);
#4012=EDGE_CURVE('',#3395,#3393,#1463,.T.);
#4016=ADVANCED_FACE('',(#4015),#4006,.F.);
#4022=EDGE_CURVE('',#3374,#3375,#705,.T.);
#4024=EDGE_CURVE('',#3375,#3379,#709,.T.);
#4026=EDGE_CURVE('',#3379,#3381,#713,.T.);
#4028=EDGE_CURVE('',#2726,#3381,#1159,.T.);
#4031=EDGE_CURVE('',#3390,#2727,#1246,.T.);
#4033=EDGE_CURVE('',#3390,#3391,#717,.T.);
#4036=EDGE_CURVE('',#3393,#3397,#725,.T.);
#4038=EDGE_CURVE('',#3406,#3397,#729,.T.);
#4040=EDGE_CURVE('',#3406,#3407,#733,.T.);
#4042=EDGE_CURVE('',#3407,#3411,#737,.T.);
#4044=EDGE_CURVE('',#3411,#3413,#741,.T.);
#4046=EDGE_CURVE('',#3413,#3417,#745,.T.);
#4048=EDGE_CURVE('',#3417,#3421,#749,.T.);
#4050=EDGE_CURVE('',#3421,#3374,#753,.T.);
#4054=EDGE_CURVE('',#2906,#2907,#757,.T.);
#4056=EDGE_CURVE('',#2907,#2909,#761,.T.);
#4058=EDGE_CURVE('',#2909,#2911,#765,.T.);
#4060=EDGE_CURVE('',#2911,#2906,#769,.T.);
#4064=EDGE_CURVE('',#2914,#2915,#773,.T.);
#4066=EDGE_CURVE('',#2915,#2917,#777,.T.);
#4068=EDGE_CURVE('',#2917,#2919,#781,.T.);
#4070=EDGE_CURVE('',#2919,#2914,#785,.T.);
#4074=EDGE_CURVE('',#2938,#2939,#789,.T.);
#4076=EDGE_CURVE('',#2939,#2941,#793,.T.);
#4078=EDGE_CURVE('',#2941,#2943,#797,.T.);
#4080=EDGE_CURVE('',#2943,#2938,#801,.T.);
#4084=EDGE_CURVE('',#2946,#2947,#805,.T.);
#4086=EDGE_CURVE('',#2947,#2949,#809,.T.);
#4088=EDGE_CURVE('',#2949,#2951,#813,.T.);
#4090=EDGE_CURVE('',#2951,#2946,#817,.T.);
#4094=EDGE_CURVE('',#2970,#2971,#821,.T.);
#4096=EDGE_CURVE('',#2971,#2973,#825,.T.);
#4098=EDGE_CURVE('',#2973,#2975,#829,.T.);
#4100=EDGE_CURVE('',#2975,#2970,#833,.T.);
#4104=EDGE_CURVE('',#2978,#2979,#837,.T.);
#4106=EDGE_CURVE('',#2979,#2981,#841,.T.);
#4108=EDGE_CURVE('',#2981,#2983,#845,.T.);
#4110=EDGE_CURVE('',#2983,#2978,#849,.T.);
#4114=EDGE_CURVE('',#3002,#3003,#853,.T.);
#4116=EDGE_CURVE('',#3003,#3005,#857,.T.);
#4118=EDGE_CURVE('',#3005,#3007,#861,.T.);
#4120=EDGE_CURVE('',#3007,#3002,#865,.T.);
#4124=EDGE_CURVE('',#3010,#3011,#869,.T.);
#4126=EDGE_CURVE('',#3011,#3013,#873,.T.);
#4128=EDGE_CURVE('',#3013,#3015,#877,.T.);
#4130=EDGE_CURVE('',#3015,#3010,#881,.T.);
#4134=EDGE_CURVE('',#3034,#3035,#885,.T.);
#4136=EDGE_CURVE('',#3035,#3037,#889,.T.);
#4138=EDGE_CURVE('',#3037,#3039,#893,.T.);
#4140=EDGE_CURVE('',#3039,#3034,#897,.T.);
#4144=EDGE_CURVE('',#3042,#3043,#901,.T.);
#4146=EDGE_CURVE('',#3043,#3045,#905,.T.);
#4148=EDGE_CURVE('',#3045,#3047,#909,.T.);
#4150=EDGE_CURVE('',#3047,#3042,#913,.T.);
#4154=EDGE_CURVE('',#3066,#3067,#917,.T.);
#4156=EDGE_CURVE('',#3067,#3069,#921,.T.);
#4158=EDGE_CURVE('',#3069,#3071,#925,.T.);
#4160=EDGE_CURVE('',#3071,#3066,#929,.T.);
#4164=EDGE_CURVE('',#3074,#3075,#933,.T.);
#4166=EDGE_CURVE('',#3075,#3077,#937,.T.);
#4168=EDGE_CURVE('',#3077,#3079,#941,.T.);
#4170=EDGE_CURVE('',#3079,#3074,#945,.T.);
#4174=EDGE_CURVE('',#3098,#3099,#949,.T.);
#4176=EDGE_CURVE('',#3099,#3101,#953,.T.);
#4178=EDGE_CURVE('',#3101,#3103,#957,.T.);
#4180=EDGE_CURVE('',#3103,#3098,#961,.T.);
#4184=EDGE_CURVE('',#3106,#3107,#965,.T.);
#4186=EDGE_CURVE('',#3107,#3109,#969,.T.);
#4188=EDGE_CURVE('',#3109,#3111,#973,.T.);
#4190=EDGE_CURVE('',#3111,#3106,#977,.T.);
#4194=EDGE_CURVE('',#3130,#3131,#981,.T.);
#4196=EDGE_CURVE('',#3131,#3133,#985,.T.);
#4198=EDGE_CURVE('',#3133,#3135,#989,.T.);
#4200=EDGE_CURVE('',#3135,#3130,#993,.T.);
#4204=EDGE_CURVE('',#3138,#3139,#997,.T.);
#4206=EDGE_CURVE('',#3139,#3141,#1001,.T.);
#4208=EDGE_CURVE('',#3141,#3143,#1005,.T.);
#4210=EDGE_CURVE('',#3143,#3138,#1009,.T.);
#4214=EDGE_CURVE('',#3162,#3163,#1013,.T.);
#4216=EDGE_CURVE('',#3163,#3165,#1017,.T.);
#4218=EDGE_CURVE('',#3165,#3167,#1021,.T.);
#4220=EDGE_CURVE('',#3167,#3162,#1025,.T.);
#4224=EDGE_CURVE('',#3170,#3171,#1029,.T.);
#4226=EDGE_CURVE('',#3171,#3173,#1033,.T.);
#4228=EDGE_CURVE('',#3173,#3175,#1037,.T.);
#4230=EDGE_CURVE('',#3175,#3170,#1041,.T.);
#4234=EDGE_CURVE('',#3194,#3195,#1045,.T.);
#4236=EDGE_CURVE('',#3195,#3197,#1049,.T.);
#4238=EDGE_CURVE('',#3197,#3199,#1053,.T.);
#4240=EDGE_CURVE('',#3199,#3194,#1057,.T.);
#4244=EDGE_CURVE('',#3202,#3203,#1061,.T.);
#4246=EDGE_CURVE('',#3203,#3205,#1065,.T.);
#4248=EDGE_CURVE('',#3205,#3207,#1069,.T.);
#4250=EDGE_CURVE('',#3207,#3202,#1073,.T.);
#4254=ADVANCED_FACE('',(#4053,#4063,#4073,#4083,#4093,#4103,#4113,#4123,#4133,
#4143,#4153,#4163,#4173,#4183,#4193,#4203,#4213,#4223,#4233,#4243,#4253),#4021,
.F.);
#4261=EDGE_CURVE('',#3371,#3375,#1091,.T.);
#4264=EDGE_CURVE('',#3374,#3370,#1081,.T.);
#4268=ADVANCED_FACE('',(#4267),#4259,.F.);
#4274=EDGE_CURVE('',#3371,#3377,#1099,.T.);
#4276=EDGE_CURVE('',#3377,#3379,#1169,.T.);
#4282=ADVANCED_FACE('',(#4281),#4273,.F.);
#4288=EDGE_CURVE('',#3452,#3457,#1095,.T.);
#4290=EDGE_CURVE('',#3457,#3377,#1210,.T.);
#4296=ADVANCED_FACE('',(#4295),#4287,.F.);
#4304=EDGE_CURVE('',#3457,#3455,#1107,.T.);
#4309=ADVANCED_FACE('',(#4308),#4301,.T.);
#4315=EDGE_CURVE('',#3447,#3459,#1115,.T.);
#4317=EDGE_CURVE('',#3457,#3459,#1194,.T.);
#4321=EDGE_CURVE('',#3447,#3449,#1295,.T.);
#4325=ADVANCED_FACE('',(#4324),#4314,.T.);
#4331=EDGE_CURVE('',#2766,#3463,#1135,.T.);
#4333=EDGE_CURVE('',#3467,#3463,#1147,.T.);
#4335=EDGE_CURVE('',#3467,#3459,#1111,.T.);
#4338=EDGE_CURVE('',#3447,#3445,#1119,.T.);
#4340=EDGE_CURVE('',#3445,#2779,#1123,.T.);
#4342=EDGE_CURVE('',#2779,#2775,#1271,.T.);
#4344=EDGE_CURVE('',#2775,#2766,#1127,.T.);
#4348=ADVANCED_FACE('',(#4347),#4330,.F.);
#4354=EDGE_CURVE('',#3462,#3463,#1131,.T.);
#4358=EDGE_CURVE('',#2767,#3462,#1155,.T.);
#4362=ADVANCED_FACE('',(#4361),#4353,.T.);
#4368=EDGE_CURVE('',#3473,#3471,#1139,.T.);
#4370=EDGE_CURVE('',#3471,#2770,#1250,.T.);
#4373=EDGE_CURVE('',#3473,#2771,#1143,.T.);
#4377=ADVANCED_FACE('',(#4376),#4367,.T.);
#4384=EDGE_CURVE('',#3462,#3465,#1151,.T.);
#4386=EDGE_CURVE('',#3465,#3467,#1198,.T.);
#4391=ADVANCED_FACE('',(#4390),#4382,.T.);
#4401=EDGE_CURVE('',#3383,#3381,#1174,.T.);
#4403=EDGE_CURVE('',#3465,#3383,#1202,.T.);
#4407=ADVANCED_FACE('',(#4406),#4396,.F.);
#4415=EDGE_CURVE('',#3377,#3383,#1206,.T.);
#4420=ADVANCED_FACE('',(#4419),#4412,.F.);
#4426=EDGE_CURVE('',#3433,#3429,#1178,.T.);
#4429=EDGE_CURVE('',#3386,#3387,#1182,.T.);
#4431=EDGE_CURVE('',#3470,#3386,#1186,.T.);
#4433=EDGE_CURVE('',#3475,#3470,#1190,.T.);
#4435=EDGE_CURVE('',#3433,#3475,#1222,.T.);
#4439=ADVANCED_FACE('',(#4438),#4425,.F.);
#4453=ADVANCED_FACE('',(#4452),#4444,.F.);
#4460=EDGE_CURVE('',#3433,#3435,#1234,.T.);
#4462=EDGE_CURVE('',#3435,#3437,#1214,.T.);
#4468=ADVANCED_FACE('',(#4467),#4458,.T.);
#4475=EDGE_CURVE('',#3473,#3475,#1238,.T.);
#4478=EDGE_CURVE('',#2771,#2774,#1226,.T.);
#4480=EDGE_CURVE('',#2774,#2778,#1275,.T.);
#4482=EDGE_CURVE('',#3441,#2778,#1283,.T.);
#4484=EDGE_CURVE('',#3441,#3435,#1230,.T.);
#4489=ADVANCED_FACE('',(#4488),#4473,.F.);
#4495=EDGE_CURVE('',#3470,#3471,#1242,.T.);
#4502=ADVANCED_FACE('',(#4501),#4494,.T.);
#4510=EDGE_CURVE('',#3390,#3386,#1255,.T.);
#4517=ADVANCED_FACE('',(#4516),#4507,.F.);
#4529=ADVANCED_FACE('',(#4528),#4522,.F.);
#4536=EDGE_CURVE('',#2699,#2775,#1267,.T.);
#4538=EDGE_CURVE('',#2699,#2706,#1315,.T.);
#4543=ADVANCED_FACE('',(#4542),#4534,.T.);
#4551=EDGE_CURVE('',#2695,#2702,#1311,.T.);
#4553=EDGE_CURVE('',#2774,#2695,#1263,.T.);
#4557=ADVANCED_FACE('',(#4556),#4548,.T.);
#4563=EDGE_CURVE('',#2774,#2775,#1259,.T.);
#4566=EDGE_CURVE('',#2694,#2695,#1307,.T.);
#4569=EDGE_CURVE('',#2698,#2699,#1319,.T.);
#4574=ADVANCED_FACE('',(#4573),#4562,.T.);
#4582=EDGE_CURVE('',#2778,#2779,#1287,.T.);
#4587=ADVANCED_FACE('',(#4586),#4579,.T.);
#4593=EDGE_CURVE('',#3445,#3441,#1279,.T.);
#4600=ADVANCED_FACE('',(#4599),#4592,.F.);
#4607=EDGE_CURVE('',#3441,#3439,#1291,.T.);
#4610=EDGE_CURVE('',#3445,#3443,#1299,.T.);
#4614=ADVANCED_FACE('',(#4613),#4605,.T.);
#4626=ADVANCED_FACE('',(#4625),#4619,.T.);
#4638=ADVANCED_FACE('',(#4637),#4631,.T.);
#4650=ADVANCED_FACE('',(#4649),#4643,.T.);
#4662=ADVANCED_FACE('',(#4661),#4655,.F.);
#4669=EDGE_CURVE('',#3423,#3421,#1341,.T.);
#4671=EDGE_CURVE('',#2798,#3423,#1441,.T.);
#4673=EDGE_CURVE('',#2798,#2758,#1635,.T.);
#4676=EDGE_CURVE('',#2751,#2759,#1675,.T.);
#4679=EDGE_CURVE('',#2750,#2802,#1631,.T.);
#4685=ADVANCED_FACE('',(#4684),#4667,.F.);
#4692=EDGE_CURVE('',#3419,#3417,#1333,.T.);
#4694=EDGE_CURVE('',#3419,#3423,#1416,.T.);
#4699=ADVANCED_FACE('',(#4698),#4690,.F.);
#4706=EDGE_CURVE('',#3415,#3413,#1351,.T.);
#4708=EDGE_CURVE('',#3415,#3419,#1647,.T.);
#4713=ADVANCED_FACE('',(#4712),#4704,.F.);
#4720=EDGE_CURVE('',#3409,#3411,#1361,.T.);
#4722=EDGE_CURVE('',#3409,#3415,#1543,.T.);
#4727=ADVANCED_FACE('',(#4726),#4718,.F.);
#4733=EDGE_CURVE('',#3403,#3409,#1375,.T.);
#4737=EDGE_CURVE('',#3403,#3407,#1371,.T.);
#4741=ADVANCED_FACE('',(#4740),#4732,.F.);
#4748=EDGE_CURVE('',#2867,#3403,#1379,.T.);
#4750=EDGE_CURVE('',#2865,#2867,#1383,.T.);
#4752=EDGE_CURVE('',#2865,#2782,#1387,.T.);
#4754=EDGE_CURVE('',#2782,#3409,#1547,.T.);
#4758=ADVANCED_FACE('',(#4757),#4746,.F.);
#4764=EDGE_CURVE('',#3402,#3403,#1391,.T.);
#4766=EDGE_CURVE('',#3402,#2830,#1395,.T.);
#4768=EDGE_CURVE('',#2830,#2831,#1475,.T.);
#4770=EDGE_CURVE('',#2815,#2831,#1399,.T.);
#4772=EDGE_CURVE('',#2814,#2815,#1404,.T.);
#4774=EDGE_CURVE('',#2823,#2814,#1408,.T.);
#4776=EDGE_CURVE('',#2822,#2823,#1503,.T.);
#4779=EDGE_CURVE('',#2867,#2862,#1412,.T.);
#4784=ADVANCED_FACE('',(#4783),#4763,.F.);
#4791=EDGE_CURVE('',#2870,#3419,#1420,.T.);
#4793=EDGE_CURVE('',#2875,#2870,#1424,.T.);
#4795=EDGE_CURVE('',#2875,#2806,#1583,.T.);
#4797=EDGE_CURVE('',#2806,#2807,#1599,.T.);
#4799=EDGE_CURVE('',#2791,#2807,#1428,.T.);
#4801=EDGE_CURVE('',#2790,#2791,#1433,.T.);
#4803=EDGE_CURVE('',#2799,#2790,#1437,.T.);
#4805=EDGE_CURVE('',#2798,#2799,#1619,.T.);
#4810=ADVANCED_FACE('',(#4809),#4789,.F.);
#4819=EDGE_CURVE('',#3406,#3402,#1449,.T.);
#4823=ADVANCED_FACE('',(#4822),#4815,.F.);
#4832=EDGE_CURVE('',#3399,#3397,#1471,.T.);
#4835=EDGE_CURVE('',#2755,#2834,#1487,.T.);
#4840=EDGE_CURVE('',#2830,#2763,#1479,.T.);
#4844=ADVANCED_FACE('',(#4843),#4828,.F.);
#4856=ADVANCED_FACE('',(#4855),#4849,.F.);
#4865=EDGE_CURVE('',#2735,#2743,#1483,.T.);
#4870=EDGE_CURVE('',#2831,#2835,#1495,.T.);
#4874=ADVANCED_FACE('',(#4873),#4861,.T.);
#4881=EDGE_CURVE('',#2734,#2742,#1499,.T.);
#4887=ADVANCED_FACE('',(#4886),#4879,.T.);
#4894=EDGE_CURVE('',#2823,#2827,#1507,.T.);
#4904=ADVANCED_FACE('',(#4903),#4892,.T.);
#4912=EDGE_CURVE('',#2814,#2818,#1515,.T.);
#4917=ADVANCED_FACE('',(#4916),#4909,.F.);
#4924=EDGE_CURVE('',#2815,#2819,#1519,.T.);
#4930=ADVANCED_FACE('',(#4929),#4922,.T.);
#4942=ADVANCED_FACE('',(#4941),#4935,.F.);
#4949=EDGE_CURVE('',#2865,#2863,#1523,.T.);
#4955=ADVANCED_FACE('',(#4954),#4947,.T.);
#4963=EDGE_CURVE('',#2782,#2783,#1527,.T.);
#4968=ADVANCED_FACE('',(#4967),#4960,.T.);
#4974=EDGE_CURVE('',#2873,#2871,#1531,.T.);
#4976=EDGE_CURVE('',#2787,#2871,#1655,.T.);
#4978=EDGE_CURVE('',#2786,#2787,#1535,.T.);
#4980=EDGE_CURVE('',#2786,#2873,#1591,.T.);
#4984=ADVANCED_FACE('',(#4983),#4973,.T.);
#4991=EDGE_CURVE('',#3483,#2786,#1595,.T.);
#4994=EDGE_CURVE('',#2787,#3415,#1651,.T.);
#5002=ADVANCED_FACE('',(#5001),#4989,.F.);
#5009=EDGE_CURVE('',#2710,#2810,#1555,.T.);
#5015=ADVANCED_FACE('',(#5014),#5007,.F.);
#5024=EDGE_CURVE('',#2806,#2715,#1579,.T.);
#5027=EDGE_CURVE('',#2873,#2875,#1587,.T.);
#5033=ADVANCED_FACE('',(#5032),#5020,.F.);
#5042=EDGE_CURVE('',#2739,#2747,#1603,.T.);
#5047=EDGE_CURVE('',#2807,#2811,#1611,.T.);
#5051=ADVANCED_FACE('',(#5050),#5038,.T.);
#5058=EDGE_CURVE('',#2738,#2746,#1615,.T.);
#5064=ADVANCED_FACE('',(#5063),#5056,.T.);
#5071=EDGE_CURVE('',#2799,#2803,#1623,.T.);
#5081=ADVANCED_FACE('',(#5080),#5069,.T.);
#5089=EDGE_CURVE('',#2790,#2794,#1639,.T.);
#5094=ADVANCED_FACE('',(#5093),#5086,.F.);
#5101=EDGE_CURVE('',#2791,#2795,#1643,.T.);
#5107=ADVANCED_FACE('',(#5106),#5099,.T.);
#5119=ADVANCED_FACE('',(#5118),#5112,.F.);
#5125=EDGE_CURVE('',#2870,#2871,#1659,.T.);
#5132=ADVANCED_FACE('',(#5131),#5124,.T.);
#5145=ADVANCED_FACE('',(#5144),#5137,.F.);
#5161=ADVANCED_FACE('',(#5160),#5150,.F.);
#5168=EDGE_CURVE('',#2906,#2890,#1683,.T.);
#5170=EDGE_CURVE('',#2890,#2891,#1699,.T.);
#5172=EDGE_CURVE('',#2907,#2891,#1695,.T.);
#5176=ADVANCED_FACE('',(#5175),#5166,.T.);
#5183=EDGE_CURVE('',#2911,#2895,#1687,.T.);
#5185=EDGE_CURVE('',#2895,#2890,#1703,.T.);
#5190=ADVANCED_FACE('',(#5189),#5181,.T.);
#5197=EDGE_CURVE('',#2909,#2893,#1691,.T.);
#5199=EDGE_CURVE('',#2893,#2895,#1707,.T.);
#5204=ADVANCED_FACE('',(#5203),#5195,.T.);
#5212=EDGE_CURVE('',#2891,#2893,#1711,.T.);
#5217=ADVANCED_FACE('',(#5216),#5209,.T.);
#5229=ADVANCED_FACE('',(#5228),#5222,.T.);
#5235=EDGE_CURVE('',#2898,#2899,#1715,.T.);
#5237=EDGE_CURVE('',#2903,#2898,#1719,.T.);
#5239=EDGE_CURVE('',#2901,#2903,#1723,.T.);
#5241=EDGE_CURVE('',#2899,#2901,#1727,.T.);
#5245=ADVANCED_FACE('',(#5244),#5234,.T.);
#5252=EDGE_CURVE('',#2914,#2898,#1731,.T.);
#5255=EDGE_CURVE('',#2915,#2899,#1743,.T.);
#5259=ADVANCED_FACE('',(#5258),#5250,.T.);
#5266=EDGE_CURVE('',#2919,#2903,#1735,.T.);
#5272=ADVANCED_FACE('',(#5271),#5264,.T.);
#5279=EDGE_CURVE('',#2917,#2901,#1739,.T.);
#5285=ADVANCED_FACE('',(#5284),#5277,.T.);
#5297=ADVANCED_FACE('',(#5296),#5290,.T.);
#5304=EDGE_CURVE('',#2938,#2922,#1747,.T.);
#5306=EDGE_CURVE('',#2922,#2923,#1763,.T.);
#5308=EDGE_CURVE('',#2939,#2923,#1759,.T.);
#5312=ADVANCED_FACE('',(#5311),#5302,.T.);
#5319=EDGE_CURVE('',#2943,#2927,#1751,.T.);
#5321=EDGE_CURVE('',#2927,#2922,#1767,.T.);
#5326=ADVANCED_FACE('',(#5325),#5317,.T.);
#5333=EDGE_CURVE('',#2941,#2925,#1755,.T.);
#5335=EDGE_CURVE('',#2925,#2927,#1771,.T.);
#5340=ADVANCED_FACE('',(#5339),#5331,.T.);
#5348=EDGE_CURVE('',#2923,#2925,#1775,.T.);
#5353=ADVANCED_FACE('',(#5352),#5345,.T.);
#5365=ADVANCED_FACE('',(#5364),#5358,.T.);
#5371=EDGE_CURVE('',#2930,#2931,#1779,.T.);
#5373=EDGE_CURVE('',#2935,#2930,#1783,.T.);
#5375=EDGE_CURVE('',#2933,#2935,#1787,.T.);
#5377=EDGE_CURVE('',#2931,#2933,#1791,.T.);
#5381=ADVANCED_FACE('',(#5380),#5370,.T.);
#5388=EDGE_CURVE('',#2946,#2930,#1795,.T.);
#5391=EDGE_CURVE('',#2947,#2931,#1807,.T.);
#5395=ADVANCED_FACE('',(#5394),#5386,.T.);
#5402=EDGE_CURVE('',#2951,#2935,#1799,.T.);
#5408=ADVANCED_FACE('',(#5407),#5400,.T.);
#5415=EDGE_CURVE('',#2949,#2933,#1803,.T.);
#5421=ADVANCED_FACE('',(#5420),#5413,.T.);
#5433=ADVANCED_FACE('',(#5432),#5426,.T.);
#5440=EDGE_CURVE('',#2970,#2954,#1811,.T.);
#5442=EDGE_CURVE('',#2954,#2955,#1827,.T.);
#5444=EDGE_CURVE('',#2971,#2955,#1823,.T.);
#5448=ADVANCED_FACE('',(#5447),#5438,.T.);
#5455=EDGE_CURVE('',#2975,#2959,#1815,.T.);
#5457=EDGE_CURVE('',#2959,#2954,#1831,.T.);
#5462=ADVANCED_FACE('',(#5461),#5453,.T.);
#5469=EDGE_CURVE('',#2973,#2957,#1819,.T.);
#5471=EDGE_CURVE('',#2957,#2959,#1835,.T.);
#5476=ADVANCED_FACE('',(#5475),#5467,.T.);
#5484=EDGE_CURVE('',#2955,#2957,#1839,.T.);
#5489=ADVANCED_FACE('',(#5488),#5481,.T.);
#5501=ADVANCED_FACE('',(#5500),#5494,.T.);
#5507=EDGE_CURVE('',#2962,#2963,#1843,.T.);
#5509=EDGE_CURVE('',#2967,#2962,#1847,.T.);
#5511=EDGE_CURVE('',#2965,#2967,#1851,.T.);
#5513=EDGE_CURVE('',#2963,#2965,#1855,.T.);
#5517=ADVANCED_FACE('',(#5516),#5506,.T.);
#5524=EDGE_CURVE('',#2978,#2962,#1859,.T.);
#5527=EDGE_CURVE('',#2979,#2963,#1871,.T.);
#5531=ADVANCED_FACE('',(#5530),#5522,.T.);
#5538=EDGE_CURVE('',#2983,#2967,#1863,.T.);
#5544=ADVANCED_FACE('',(#5543),#5536,.T.);
#5551=EDGE_CURVE('',#2981,#2965,#1867,.T.);
#5557=ADVANCED_FACE('',(#5556),#5549,.T.);
#5569=ADVANCED_FACE('',(#5568),#5562,.T.);
#5576=EDGE_CURVE('',#3002,#2986,#1875,.T.);
#5578=EDGE_CURVE('',#2986,#2987,#1891,.T.);
#5580=EDGE_CURVE('',#3003,#2987,#1887,.T.);
#5584=ADVANCED_FACE('',(#5583),#5574,.T.);
#5591=EDGE_CURVE('',#3007,#2991,#1879,.T.);
#5593=EDGE_CURVE('',#2991,#2986,#1895,.T.);
#5598=ADVANCED_FACE('',(#5597),#5589,.T.);
#5605=EDGE_CURVE('',#3005,#2989,#1883,.T.);
#5607=EDGE_CURVE('',#2989,#2991,#1899,.T.);
#5612=ADVANCED_FACE('',(#5611),#5603,.T.);
#5620=EDGE_CURVE('',#2987,#2989,#1903,.T.);
#5625=ADVANCED_FACE('',(#5624),#5617,.T.);
#5637=ADVANCED_FACE('',(#5636),#5630,.T.);
#5643=EDGE_CURVE('',#2994,#2995,#1907,.T.);
#5645=EDGE_CURVE('',#2999,#2994,#1911,.T.);
#5647=EDGE_CURVE('',#2997,#2999,#1915,.T.);
#5649=EDGE_CURVE('',#2995,#2997,#1919,.T.);
#5653=ADVANCED_FACE('',(#5652),#5642,.T.);
#5660=EDGE_CURVE('',#3010,#2994,#1923,.T.);
#5663=EDGE_CURVE('',#3011,#2995,#1935,.T.);
#5667=ADVANCED_FACE('',(#5666),#5658,.T.);
#5674=EDGE_CURVE('',#3015,#2999,#1927,.T.);
#5680=ADVANCED_FACE('',(#5679),#5672,.T.);
#5687=EDGE_CURVE('',#3013,#2997,#1931,.T.);
#5693=ADVANCED_FACE('',(#5692),#5685,.T.);
#5705=ADVANCED_FACE('',(#5704),#5698,.T.);
#5712=EDGE_CURVE('',#3034,#3018,#1939,.T.);
#5714=EDGE_CURVE('',#3018,#3019,#1955,.T.);
#5716=EDGE_CURVE('',#3035,#3019,#1951,.T.);
#5720=ADVANCED_FACE('',(#5719),#5710,.T.);
#5727=EDGE_CURVE('',#3039,#3023,#1943,.T.);
#5729=EDGE_CURVE('',#3023,#3018,#1959,.T.);
#5734=ADVANCED_FACE('',(#5733),#5725,.T.);
#5741=EDGE_CURVE('',#3037,#3021,#1947,.T.);
#5743=EDGE_CURVE('',#3021,#3023,#1963,.T.);
#5748=ADVANCED_FACE('',(#5747),#5739,.T.);
#5756=EDGE_CURVE('',#3019,#3021,#1967,.T.);
#5761=ADVANCED_FACE('',(#5760),#5753,.T.);
#5773=ADVANCED_FACE('',(#5772),#5766,.T.);
#5779=EDGE_CURVE('',#3026,#3027,#1971,.T.);
#5781=EDGE_CURVE('',#3031,#3026,#1975,.T.);
#5783=EDGE_CURVE('',#3029,#3031,#1979,.T.);
#5785=EDGE_CURVE('',#3027,#3029,#1983,.T.);
#5789=ADVANCED_FACE('',(#5788),#5778,.T.);
#5796=EDGE_CURVE('',#3042,#3026,#1987,.T.);
#5799=EDGE_CURVE('',#3043,#3027,#1999,.T.);
#5803=ADVANCED_FACE('',(#5802),#5794,.T.);
#5810=EDGE_CURVE('',#3047,#3031,#1991,.T.);
#5816=ADVANCED_FACE('',(#5815),#5808,.T.);
#5823=EDGE_CURVE('',#3045,#3029,#1995,.T.);
#5829=ADVANCED_FACE('',(#5828),#5821,.T.);
#5841=ADVANCED_FACE('',(#5840),#5834,.T.);
#5848=EDGE_CURVE('',#3066,#3050,#2003,.T.);
#5850=EDGE_CURVE('',#3050,#3051,#2019,.T.);
#5852=EDGE_CURVE('',#3067,#3051,#2015,.T.);
#5856=ADVANCED_FACE('',(#5855),#5846,.T.);
#5863=EDGE_CURVE('',#3071,#3055,#2007,.T.);
#5865=EDGE_CURVE('',#3055,#3050,#2023,.T.);
#5870=ADVANCED_FACE('',(#5869),#5861,.T.);
#5877=EDGE_CURVE('',#3069,#3053,#2011,.T.);
#5879=EDGE_CURVE('',#3053,#3055,#2027,.T.);
#5884=ADVANCED_FACE('',(#5883),#5875,.T.);
#5892=EDGE_CURVE('',#3051,#3053,#2031,.T.);
#5897=ADVANCED_FACE('',(#5896),#5889,.T.);
#5909=ADVANCED_FACE('',(#5908),#5902,.T.);
#5915=EDGE_CURVE('',#3058,#3059,#2035,.T.);
#5917=EDGE_CURVE('',#3063,#3058,#2039,.T.);
#5919=EDGE_CURVE('',#3061,#3063,#2043,.T.);
#5921=EDGE_CURVE('',#3059,#3061,#2047,.T.);
#5925=ADVANCED_FACE('',(#5924),#5914,.T.);
#5932=EDGE_CURVE('',#3074,#3058,#2051,.T.);
#5935=EDGE_CURVE('',#3075,#3059,#2063,.T.);
#5939=ADVANCED_FACE('',(#5938),#5930,.T.);
#5946=EDGE_CURVE('',#3079,#3063,#2055,.T.);
#5952=ADVANCED_FACE('',(#5951),#5944,.T.);
#5959=EDGE_CURVE('',#3077,#3061,#2059,.T.);
#5965=ADVANCED_FACE('',(#5964),#5957,.T.);
#5977=ADVANCED_FACE('',(#5976),#5970,.T.);
#5984=EDGE_CURVE('',#3098,#3082,#2067,.T.);
#5986=EDGE_CURVE('',#3082,#3083,#2083,.T.);
#5988=EDGE_CURVE('',#3099,#3083,#2079,.T.);
#5992=ADVANCED_FACE('',(#5991),#5982,.T.);
#5999=EDGE_CURVE('',#3103,#3087,#2071,.T.);
#6001=EDGE_CURVE('',#3087,#3082,#2087,.T.);
#6006=ADVANCED_FACE('',(#6005),#5997,.T.);
#6013=EDGE_CURVE('',#3101,#3085,#2075,.T.);
#6015=EDGE_CURVE('',#3085,#3087,#2091,.T.);
#6020=ADVANCED_FACE('',(#6019),#6011,.T.);
#6028=EDGE_CURVE('',#3083,#3085,#2095,.T.);
#6033=ADVANCED_FACE('',(#6032),#6025,.T.);
#6045=ADVANCED_FACE('',(#6044),#6038,.T.);
#6051=EDGE_CURVE('',#3090,#3091,#2099,.T.);
#6053=EDGE_CURVE('',#3095,#3090,#2103,.T.);
#6055=EDGE_CURVE('',#3093,#3095,#2107,.T.);
#6057=EDGE_CURVE('',#3091,#3093,#2111,.T.);
#6061=ADVANCED_FACE('',(#6060),#6050,.T.);
#6068=EDGE_CURVE('',#3106,#3090,#2115,.T.);
#6071=EDGE_CURVE('',#3107,#3091,#2127,.T.);
#6075=ADVANCED_FACE('',(#6074),#6066,.T.);
#6082=EDGE_CURVE('',#3111,#3095,#2119,.T.);
#6088=ADVANCED_FACE('',(#6087),#6080,.T.);
#6095=EDGE_CURVE('',#3109,#3093,#2123,.T.);
#6101=ADVANCED_FACE('',(#6100),#6093,.T.);
#6113=ADVANCED_FACE('',(#6112),#6106,.T.);
#6120=EDGE_CURVE('',#3130,#3114,#2131,.T.);
#6122=EDGE_CURVE('',#3114,#3115,#2147,.T.);
#6124=EDGE_CURVE('',#3131,#3115,#2143,.T.);
#6128=ADVANCED_FACE('',(#6127),#6118,.T.);
#6135=EDGE_CURVE('',#3135,#3119,#2135,.T.);
#6137=EDGE_CURVE('',#3119,#3114,#2151,.T.);
#6142=ADVANCED_FACE('',(#6141),#6133,.T.);
#6149=EDGE_CURVE('',#3133,#3117,#2139,.T.);
#6151=EDGE_CURVE('',#3117,#3119,#2155,.T.);
#6156=ADVANCED_FACE('',(#6155),#6147,.T.);
#6164=EDGE_CURVE('',#3115,#3117,#2159,.T.);
#6169=ADVANCED_FACE('',(#6168),#6161,.T.);
#6181=ADVANCED_FACE('',(#6180),#6174,.T.);
#6187=EDGE_CURVE('',#3122,#3123,#2163,.T.);
#6189=EDGE_CURVE('',#3127,#3122,#2167,.T.);
#6191=EDGE_CURVE('',#3125,#3127,#2171,.T.);
#6193=EDGE_CURVE('',#3123,#3125,#2175,.T.);
#6197=ADVANCED_FACE('',(#6196),#6186,.T.);
#6204=EDGE_CURVE('',#3138,#3122,#2179,.T.);
#6207=EDGE_CURVE('',#3139,#3123,#2191,.T.);
#6211=ADVANCED_FACE('',(#6210),#6202,.T.);
#6218=EDGE_CURVE('',#3143,#3127,#2183,.T.);
#6224=ADVANCED_FACE('',(#6223),#6216,.T.);
#6231=EDGE_CURVE('',#3141,#3125,#2187,.T.);
#6237=ADVANCED_FACE('',(#6236),#6229,.T.);
#6249=ADVANCED_FACE('',(#6248),#6242,.T.);
#6256=EDGE_CURVE('',#3162,#3146,#2195,.T.);
#6258=EDGE_CURVE('',#3146,#3147,#2211,.T.);
#6260=EDGE_CURVE('',#3163,#3147,#2207,.T.);
#6264=ADVANCED_FACE('',(#6263),#6254,.T.);
#6271=EDGE_CURVE('',#3167,#3151,#2199,.T.);
#6273=EDGE_CURVE('',#3151,#3146,#2215,.T.);
#6278=ADVANCED_FACE('',(#6277),#6269,.T.);
#6285=EDGE_CURVE('',#3165,#3149,#2203,.T.);
#6287=EDGE_CURVE('',#3149,#3151,#2219,.T.);
#6292=ADVANCED_FACE('',(#6291),#6283,.T.);
#6300=EDGE_CURVE('',#3147,#3149,#2223,.T.);
#6305=ADVANCED_FACE('',(#6304),#6297,.T.);
#6317=ADVANCED_FACE('',(#6316),#6310,.T.);
#6323=EDGE_CURVE('',#3154,#3155,#2227,.T.);
#6325=EDGE_CURVE('',#3159,#3154,#2231,.T.);
#6327=EDGE_CURVE('',#3157,#3159,#2235,.T.);
#6329=EDGE_CURVE('',#3155,#3157,#2239,.T.);
#6333=ADVANCED_FACE('',(#6332),#6322,.T.);
#6340=EDGE_CURVE('',#3170,#3154,#2243,.T.);
#6343=EDGE_CURVE('',#3171,#3155,#2255,.T.);
#6347=ADVANCED_FACE('',(#6346),#6338,.T.);
#6354=EDGE_CURVE('',#3175,#3159,#2247,.T.);
#6360=ADVANCED_FACE('',(#6359),#6352,.T.);
#6367=EDGE_CURVE('',#3173,#3157,#2251,.T.);
#6373=ADVANCED_FACE('',(#6372),#6365,.T.);
#6385=ADVANCED_FACE('',(#6384),#6378,.T.);
#6392=EDGE_CURVE('',#3194,#3178,#2259,.T.);
#6394=EDGE_CURVE('',#3178,#3179,#2275,.T.);
#6396=EDGE_CURVE('',#3195,#3179,#2271,.T.);
#6400=ADVANCED_FACE('',(#6399),#6390,.T.);
#6407=EDGE_CURVE('',#3199,#3183,#2263,.T.);
#6409=EDGE_CURVE('',#3183,#3178,#2279,.T.);
#6414=ADVANCED_FACE('',(#6413),#6405,.T.);
#6421=EDGE_CURVE('',#3197,#3181,#2267,.T.);
#6423=EDGE_CURVE('',#3181,#3183,#2283,.T.);
#6428=ADVANCED_FACE('',(#6427),#6419,.T.);
#6436=EDGE_CURVE('',#3179,#3181,#2287,.T.);
#6441=ADVANCED_FACE('',(#6440),#6433,.T.);
#6453=ADVANCED_FACE('',(#6452),#6446,.T.);
#6459=EDGE_CURVE('',#3186,#3187,#2291,.T.);
#6461=EDGE_CURVE('',#3191,#3186,#2295,.T.);
#6463=EDGE_CURVE('',#3189,#3191,#2299,.T.);
#6465=EDGE_CURVE('',#3187,#3189,#2303,.T.);
#6469=ADVANCED_FACE('',(#6468),#6458,.T.);
#6476=EDGE_CURVE('',#3202,#3186,#2307,.T.);
#6479=EDGE_CURVE('',#3203,#3187,#2319,.T.);
#6483=ADVANCED_FACE('',(#6482),#6474,.T.);
#6490=EDGE_CURVE('',#3207,#3191,#2311,.T.);
#6496=ADVANCED_FACE('',(#6495),#6488,.T.);
#6503=EDGE_CURVE('',#3205,#3189,#2315,.T.);
#6509=ADVANCED_FACE('',(#6508),#6501,.T.);
#6521=ADVANCED_FACE('',(#6520),#6514,.T.);
#6528=EDGE_CURVE('',#2887,#2878,#2323,.T.);
#6533=ADVANCED_FACE('',(#6532),#6526,.T.);
#6545=ADVANCED_FACE('',(#6544),#6538,.F.);
#6552=EDGE_CURVE('',#3218,#3210,#2335,.T.);
#6554=EDGE_CURVE('',#3210,#3211,#2344,.T.);
#6556=EDGE_CURVE('',#3219,#3211,#2339,.T.);
#6560=ADVANCED_FACE('',(#6559),#6550,.T.);
#6568=EDGE_CURVE('',#3211,#3210,#2349,.T.);
#6573=ADVANCED_FACE('',(#6572),#6565,.T.);
#6583=ADVANCED_FACE('',(#6582),#6578,.T.);
#6589=EDGE_CURVE('',#3214,#3215,#2354,.T.);
#6591=EDGE_CURVE('',#3215,#3214,#2359,.T.);
#6595=ADVANCED_FACE('',(#6594),#6588,.T.);
#6602=EDGE_CURVE('',#3222,#3214,#2363,.T.);
#6605=EDGE_CURVE('',#3223,#3215,#2367,.T.);
#6609=ADVANCED_FACE('',(#6608),#6600,.T.);
#6621=ADVANCED_FACE('',(#6620),#6614,.T.);
#6628=EDGE_CURVE('',#3234,#3226,#2371,.T.);
#6630=EDGE_CURVE('',#3226,#3227,#2380,.T.);
#6632=EDGE_CURVE('',#3235,#3227,#2375,.T.);
#6636=ADVANCED_FACE('',(#6635),#6626,.T.);
#6644=EDGE_CURVE('',#3227,#3226,#2385,.T.);
#6649=ADVANCED_FACE('',(#6648),#6641,.T.);
#6659=ADVANCED_FACE('',(#6658),#6654,.T.);
#6665=EDGE_CURVE('',#3230,#3231,#2390,.T.);
#6667=EDGE_CURVE('',#3231,#3230,#2395,.T.);
#6671=ADVANCED_FACE('',(#6670),#6664,.T.);
#6678=EDGE_CURVE('',#3238,#3230,#2399,.T.);
#6681=EDGE_CURVE('',#3239,#3231,#2403,.T.);
#6685=ADVANCED_FACE('',(#6684),#6676,.T.);
#6697=ADVANCED_FACE('',(#6696),#6690,.T.);
#6704=EDGE_CURVE('',#3250,#3242,#2407,.T.);
#6706=EDGE_CURVE('',#3242,#3243,#2416,.T.);
#6708=EDGE_CURVE('',#3251,#3243,#2411,.T.);
#6712=ADVANCED_FACE('',(#6711),#6702,.T.);
#6720=EDGE_CURVE('',#3243,#3242,#2421,.T.);
#6725=ADVANCED_FACE('',(#6724),#6717,.T.);
#6735=ADVANCED_FACE('',(#6734),#6730,.T.);
#6741=EDGE_CURVE('',#3246,#3247,#2426,.T.);
#6743=EDGE_CURVE('',#3247,#3246,#2431,.T.);
#6747=ADVANCED_FACE('',(#6746),#6740,.T.);
#6754=EDGE_CURVE('',#3254,#3246,#2435,.T.);
#6757=EDGE_CURVE('',#3255,#3247,#2439,.T.);
#6761=ADVANCED_FACE('',(#6760),#6752,.T.);
#6773=ADVANCED_FACE('',(#6772),#6766,.T.);
#6780=EDGE_CURVE('',#3266,#3258,#2443,.T.);
#6782=EDGE_CURVE('',#3258,#3259,#2452,.T.);
#6784=EDGE_CURVE('',#3267,#3259,#2447,.T.);
#6788=ADVANCED_FACE('',(#6787),#6778,.T.);
#6796=EDGE_CURVE('',#3259,#3258,#2457,.T.);
#6801=ADVANCED_FACE('',(#6800),#6793,.T.);
#6811=ADVANCED_FACE('',(#6810),#6806,.T.);
#6817=EDGE_CURVE('',#3262,#3263,#2462,.T.);
#6819=EDGE_CURVE('',#3263,#3262,#2467,.T.);
#6823=ADVANCED_FACE('',(#6822),#6816,.T.);
#6830=EDGE_CURVE('',#3270,#3262,#2471,.T.);
#6833=EDGE_CURVE('',#3271,#3263,#2475,.T.);
#6837=ADVANCED_FACE('',(#6836),#6828,.T.);
#6849=ADVANCED_FACE('',(#6848),#6842,.T.);
#6856=EDGE_CURVE('',#3282,#3274,#2479,.T.);
#6858=EDGE_CURVE('',#3274,#3275,#2488,.T.);
#6860=EDGE_CURVE('',#3283,#3275,#2483,.T.);
#6864=ADVANCED_FACE('',(#6863),#6854,.T.);
#6872=EDGE_CURVE('',#3275,#3274,#2493,.T.);
#6877=ADVANCED_FACE('',(#6876),#6869,.T.);
#6887=ADVANCED_FACE('',(#6886),#6882,.T.);
#6893=EDGE_CURVE('',#3278,#3279,#2498,.T.);
#6895=EDGE_CURVE('',#3279,#3278,#2503,.T.);
#6899=ADVANCED_FACE('',(#6898),#6892,.T.);
#6906=EDGE_CURVE('',#3286,#3278,#2507,.T.);
#6909=EDGE_CURVE('',#3287,#3279,#2511,.T.);
#6913=ADVANCED_FACE('',(#6912),#6904,.T.);
#6925=ADVANCED_FACE('',(#6924),#6918,.T.);
#6932=EDGE_CURVE('',#3298,#3290,#2515,.T.);
#6934=EDGE_CURVE('',#3290,#3291,#2524,.T.);
#6936=EDGE_CURVE('',#3299,#3291,#2519,.T.);
#6940=ADVANCED_FACE('',(#6939),#6930,.T.);
#6948=EDGE_CURVE('',#3291,#3290,#2529,.T.);
#6953=ADVANCED_FACE('',(#6952),#6945,.T.);
#6963=ADVANCED_FACE('',(#6962),#6958,.T.);
#6969=EDGE_CURVE('',#3294,#3295,#2534,.T.);
#6971=EDGE_CURVE('',#3295,#3294,#2539,.T.);
#6975=ADVANCED_FACE('',(#6974),#6968,.T.);
#6982=EDGE_CURVE('',#3302,#3294,#2543,.T.);
#6985=EDGE_CURVE('',#3303,#3295,#2547,.T.);
#6989=ADVANCED_FACE('',(#6988),#6980,.T.);
#7001=ADVANCED_FACE('',(#7000),#6994,.T.);
#7008=EDGE_CURVE('',#3314,#3306,#2551,.T.);
#7010=EDGE_CURVE('',#3306,#3307,#2560,.T.);
#7012=EDGE_CURVE('',#3315,#3307,#2555,.T.);
#7016=ADVANCED_FACE('',(#7015),#7006,.T.);
#7024=EDGE_CURVE('',#3307,#3306,#2565,.T.);
#7029=ADVANCED_FACE('',(#7028),#7021,.T.);
#7039=ADVANCED_FACE('',(#7038),#7034,.T.);
#7045=EDGE_CURVE('',#3310,#3311,#2570,.T.);
#7047=EDGE_CURVE('',#3311,#3310,#2575,.T.);
#7051=ADVANCED_FACE('',(#7050),#7044,.T.);
#7058=EDGE_CURVE('',#3318,#3310,#2579,.T.);
#7061=EDGE_CURVE('',#3319,#3311,#2583,.T.);
#7065=ADVANCED_FACE('',(#7064),#7056,.T.);
#7077=ADVANCED_FACE('',(#7076),#7070,.T.);
#7084=EDGE_CURVE('',#3330,#3322,#2587,.T.);
#7086=EDGE_CURVE('',#3322,#3323,#2596,.T.);
#7088=EDGE_CURVE('',#3331,#3323,#2591,.T.);
#7092=ADVANCED_FACE('',(#7091),#7082,.T.);
#7100=EDGE_CURVE('',#3323,#3322,#2601,.T.);
#7105=ADVANCED_FACE('',(#7104),#7097,.T.);
#7115=ADVANCED_FACE('',(#7114),#7110,.T.);
#7121=EDGE_CURVE('',#3326,#3327,#2606,.T.);
#7123=EDGE_CURVE('',#3327,#3326,#2611,.T.);
#7127=ADVANCED_FACE('',(#7126),#7120,.T.);
#7134=EDGE_CURVE('',#3334,#3326,#2615,.T.);
#7137=EDGE_CURVE('',#3335,#3327,#2619,.T.);
#7141=ADVANCED_FACE('',(#7140),#7132,.T.);
#7153=ADVANCED_FACE('',(#7152),#7146,.T.);
#7160=EDGE_CURVE('',#3346,#3338,#2623,.T.);
#7162=EDGE_CURVE('',#3338,#3339,#2632,.T.);
#7164=EDGE_CURVE('',#3347,#3339,#2627,.T.);
#7168=ADVANCED_FACE('',(#7167),#7158,.T.);
#7176=EDGE_CURVE('',#3339,#3338,#2637,.T.);
#7181=ADVANCED_FACE('',(#7180),#7173,.T.);
#7191=ADVANCED_FACE('',(#7190),#7186,.T.);
#7197=EDGE_CURVE('',#3342,#3343,#2642,.T.);
#7199=EDGE_CURVE('',#3343,#3342,#2647,.T.);
#7203=ADVANCED_FACE('',(#7202),#7196,.T.);
#7210=EDGE_CURVE('',#3350,#3342,#2651,.T.);
#7213=EDGE_CURVE('',#3351,#3343,#2655,.T.);
#7217=ADVANCED_FACE('',(#7216),#7208,.T.);
#7229=ADVANCED_FACE('',(#7228),#7222,.T.);
#7236=EDGE_CURVE('',#3362,#3354,#2659,.T.);
#7238=EDGE_CURVE('',#3354,#3355,#2668,.T.);
#7240=EDGE_CURVE('',#3363,#3355,#2663,.T.);
#7244=ADVANCED_FACE('',(#7243),#7234,.T.);
#7252=EDGE_CURVE('',#3355,#3354,#2673,.T.);
#7257=ADVANCED_FACE('',(#7256),#7249,.T.);
#7267=ADVANCED_FACE('',(#7266),#7262,.T.);
#7273=EDGE_CURVE('',#3358,#3359,#2678,.T.);
#7275=EDGE_CURVE('',#3359,#3358,#2683,.T.);
#7279=ADVANCED_FACE('',(#7278),#7272,.T.);
#7286=EDGE_CURVE('',#3366,#3358,#2687,.T.);
#7289=EDGE_CURVE('',#3367,#3359,#2691,.T.);
#7293=ADVANCED_FACE('',(#7292),#7284,.T.);
#7305=ADVANCED_FACE('',(#7304),#7298,.T.);
#7308=(LENGTH_UNIT()NAMED_UNIT(*)SI_UNIT(.MILLI.,.METRE.));
#7309=(NAMED_UNIT(*)PLANE_ANGLE_UNIT()SI_UNIT($,.RADIAN.));
#7312=(NAMED_UNIT(*)SI_UNIT($,.STERADIAN.)SOLID_ANGLE_UNIT());
#7314=(GEOMETRIC_REPRESENTATION_CONTEXT(3)GLOBAL_UNCERTAINTY_ASSIGNED_CONTEXT((
#7313))GLOBAL_UNIT_ASSIGNED_CONTEXT((#7308,#7311,#7312))REPRESENTATION_CONTEXT(
'ID1','3'));
#7315=ADVANCED_BREP_SHAPE_REPRESENTATION('',(#7307),#7314);
#7322=PRODUCT_DEFINITION('part definition','',#7321,#7318);
#7323=PRODUCT_DEFINITION_SHAPE('','SHAPE FOR C-5-104068-1.',#7322);
#7324=SHAPE_ASPECT('','solid data associated with C-5-104068-1',#7323,.F.);
#7325=PROPERTY_DEFINITION('',
'shape for solid data with which properties are associated',#7324);
#7326=SHAPE_REPRESENTATION('',(#7307),#7314);
#7327=SHAPE_DEFINITION_REPRESENTATION(#7325,#7326);
#7328=(LENGTH_UNIT()NAMED_UNIT(*)SI_UNIT(.MILLI.,.METRE.));
#7332=PROPERTY_DEFINITION('geometric validation property',
'area of C-5-104068-1',#7324);
#7333=REPRESENTATION('surface area',(#7331),#7314);
#7334=PROPERTY_DEFINITION_REPRESENTATION(#7332,#7333);
#7335=(LENGTH_UNIT()NAMED_UNIT(*)SI_UNIT(.MILLI.,.METRE.));
#7339=PROPERTY_DEFINITION('geometric validation property',
'volume of C-5-104068-1',#7324);
#7340=REPRESENTATION('volume',(#7338),#7314);
#7341=PROPERTY_DEFINITION_REPRESENTATION(#7339,#7340);
#7343=PROPERTY_DEFINITION('geometric validation property',
'centroid of C-5-104068-1',#7324);
#7344=REPRESENTATION('centroid',(#7342),#7314);
#7345=PROPERTY_DEFINITION_REPRESENTATION(#7343,#7344);
#7346=(LENGTH_UNIT()NAMED_UNIT(*)SI_UNIT(.MILLI.,.METRE.));
#7350=PROPERTY_DEFINITION('geometric validation property',
'area of C-5-104068-1',#7323);
#7351=REPRESENTATION('surface area',(#7349),#7314);
#7352=PROPERTY_DEFINITION_REPRESENTATION(#7350,#7351);
#7353=(LENGTH_UNIT()NAMED_UNIT(*)SI_UNIT(.MILLI.,.METRE.));
#7357=PROPERTY_DEFINITION('geometric validation property',
'volume of C-5-104068-1',#7323);
#7358=REPRESENTATION('volume',(#7356),#7314);
#7359=PROPERTY_DEFINITION_REPRESENTATION(#7357,#7358);
#7361=PROPERTY_DEFINITION('geometric validation property',
'centroid of C-5-104068-1',#7323);
#7362=REPRESENTATION('centroid',(#7360),#7314);
#7363=PROPERTY_DEFINITION_REPRESENTATION(#7361,#7362);
#7364=SHAPE_DEFINITION_REPRESENTATION(#7323,#7315);
ENDSEC;
END-ISO-10303-21;
