#VRML V2.0 utf8
# 3D model generated by easyeda2kicad.py (https://github.com/uPesy/easyeda2kicad.py)

Shape{
    appearance Appearance {
        material  Material 	{
            diffuseColor 0.8431372549019608 0.8156862745098039 0.7529411764705882
            specularColor 0.4235294117647059 0.40784313725490196 0.3764705882352941
            ambientIntensity 0.8167
            transparency 0.0
            shininess 0.5
        }
    }
    geometry IndexedFaceSet {
        ccw TRUE
        solid FALSE
        coord DEF co Coordinate {
            point [
                2.1142 0.014 0.3553, 2.1142 0.014 0.3342, 2.1142 0.0654 0.3342, 2.1142 0.014 0.44, 2.1142 0.014 0.4244, 2.1142 0.0654 0.4244, 2.1142 0.1237 0.4877, 2.1142 0.1237 0.4706, 2.1142 0.1381 0.4706, 2.1142 0.127 0.3556, 2.1142 0.1248 0.3553, 2.1142 0.1381 0.3553, 2.1142 0.1154 0.3554, 2.1142 0.1137 0.356, 2.1142 0.1137 0.3553, 2.1142 0.1906 0.403, 2.1142 0.1906 0.3859, 2.1142 0.2006 0.3859, 2.1142 0.2124 0.3619, 2.1142 0.2124 0.3558, 2.1142 0.2174 0.3553, 2.1142 0.2006 0.3553, 2.1142 0.2174 0.4244, 2.1142 0.2112 0.403, 2.1142 0.2112 0.4092, 2.1142 0.1906 0.3619, 2.1142 0.2006 0.3619, 2.1142 0.1906 0.3798, 2.1142 0.2006 0.3798, 2.1142 0.2097 0.3798, 2.1142 0.2097 0.3859, 2.1142 0.2006 0.403, 2.1142 0.2006 0.3558, 2.1142 0.1837 0.3558, 2.1142 0.1801 0.3553, 2.1142 0.1837 0.4092, 2.1142 0.0736 0.374, 2.1142 0.0747 0.3847, 2.1142 0.0723 0.372, 2.1142 0.0714 0.3697, 2.1142 0.1106 0.364, 2.1142 0.1016 0.3803, 2.1142 0.1106 0.3571, 2.1142 0.1016 0.3558, 2.1142 0.0916 0.3578, 2.1142 0.0892 0.3562, 2.1142 0.0949 0.3558, 2.1142 0.0867 0.3553, 2.1142 0.0686 0.3553, 2.1142 0.0721 0.3607, 2.1142 0.0713 0.363, 2.1142 0.0686 0.3342, 2.1142 0.0792 0.3553, 2.1142 0.079 0.3553, 2.1142 0.0765 0.3563, 2.1142 0.0814 0.3941, 2.1142 0.0686 0.4244, 2.1142 0.0764 0.3922, 2.1142 0.0747 0.3912, 2.1142 0.0757 0.3757, 2.1142 0.0786 0.3772, 2.1142 0.079 0.3875, 2.1142 0.0836 0.3784, 2.1142 0.0894 0.3891, 2.1142 0.0872 0.3893, 2.1142 0.0831 0.3889, 2.1142 0.0742 0.3579, 2.1142 0.0735 0.3586, 2.1142 0.1133 0.3624, 2.1142 0.1137 0.3622, 2.1142 0.1137 0.3764, 2.1142 0.1117 0.3882, 2.1142 0.0968 0.3923, 2.1142 0.0986 0.3906, 2.1142 0.0949 0.3617, 2.1142 0.0947 0.3617, 2.1142 0.0937 0.3601, 2.1142 0.1011 0.3854, 2.1142 0.111 0.381, 2.1142 0.1109 0.386, 2.1142 0.0878 0.3948, 2.1142 0.0918 0.3944, 2.1142 0.0946 0.3936, 2.1142 0.0709 0.366, 2.1142 0.071 0.3668, 2.1142 0.1 0.3885, 2.1142 0.1107 0.3836, 2.1142 0.0949 0.38, 2.1142 0.0947 0.383, 2.1142 0.094 0.3854, 2.1142 0.0932 0.3867, 2.1142 0.1137 0.3764, 2.1142 0.1126 0.3776, 2.1142 0.1117 0.379, 2.1142 0.0922 0.3878, 2.1142 0.091 0.3886, 2.1142 0.1166 0.3553, 2.1142 0.1137 0.3342, 2.1142 0.121 0.3549, 2.1142 0.1381 0.3342, 2.1142 0.1346 0.3931, 2.1142 0.1346 0.3866, 2.1142 0.113 0.39, 2.1142 0.1137 0.3906, 2.1142 0.1137 0.4244, 2.1142 0.115 0.3917, 2.1142 0.1169 0.3929, 2.1142 0.1361 0.3635, 2.1142 0.1353 0.3613, 2.1142 0.134 0.3596, 2.1142 0.1206 0.3942, 2.1142 0.1255 0.3948, 2.1142 0.1381 0.4244, 2.1142 0.1292 0.3945, 2.1142 0.1342 0.3725, 2.1142 0.1354 0.3706, 2.1142 0.1361 0.3686, 2.1142 0.1364 0.3662, 2.1142 0.1321 0.3579, 2.1142 0.1306 0.357, 2.1142 0.1249 0.3893, 2.1142 0.1229 0.3892, 2.1142 0.1176 0.3842, 2.1142 0.1211 0.3887, 2.1142 0.1196 0.3879, 2.1142 0.1176 0.3833, 2.1142 0.1179 0.3823, 2.1142 0.1184 0.3814, 2.1142 0.119 0.3807, 2.1142 0.1214 0.3792, 2.1142 0.1293 0.3888, 2.1142 0.1255 0.3774, 2.1142 0.133 0.3875, 2.1142 0.1281 0.3763, 2.1142 0.1326 0.3739, 2.1142 0.1186 0.387, 2.1142 0.118 0.3862, 2.1142 0.1177 0.3853, 2.1142 0.1174 0.3608, 2.1142 0.1208 0.3725, 2.1142 0.1168 0.3744, 2.1142 0.1216 0.3603, 2.1142 0.1219 0.3603, 2.1142 0.1252 0.3707, 2.1142 0.1254 0.3607, 2.1142 0.1295 0.3655, 2.1142 0.1295 0.3663, 2.1142 0.1271 0.3614, 2.1142 0.1277 0.3617, 2.1142 0.1285 0.3624, 2.1142 0.129 0.3633, 2.1142 0.1294 0.3642, 2.1142 0.1292 0.3674, 2.1142 0.1286 0.3683, 2.1142 0.1278 0.3691, 2.1142 0.237 0.4551, 2.1142 0.2174 0.4551, 2.1142 0.2425 0.4405, 2.1142 0.2174 0.44, 2.1142 0.2501 0.4405, 2.1142 0.4039 0.44, 2.1142 0.4039 0.4943, 2.1142 0.2297 0.4938, 2.1142 0.2174 0.4943, 2.1142 0.2148 0.4551, 2.1142 0.2097 0.4405, 2.1142 0.2006 0.44, 2.1142 0.202 0.4405, 2.1142 0.2006 0.4943, 2.1142 0.2174 0.4809, 2.1142 0.2224 0.4938, 2.1142 0.1801 0.44, 2.1142 0.1792 0.4415, 2.1142 0.1703 0.4405, 2.1142 0.1708 0.4938, 2.1142 0.1801 0.4943, 2.1142 0.1506 0.4943, 2.1142 0.1506 0.44, 2.1142 0.1556 0.4405, 2.1142 0.1556 0.4938, 2.1142 0.1933 0.4845, 2.1142 0.1965 0.4797, 2.1142 0.1976 0.458, 2.1142 0.1949 0.4525, 2.1142 0.191 0.4479, 2.1142 0.191 0.4868, 2.1142 0.1905 0.4474, 2.1142 0.1853 0.4439, 2.1142 0.1801 0.4419, 2.1142 0.1795 0.4928, 2.1142 0.1801 0.4926, 2.1142 0.1858 0.4904, 2.1142 0.1983 0.4745, 2.1142 0.1991 0.4678, 2.1142 0.1989 0.4643, 2.1142 0.1381 0.4943, 2.1142 0.1443 0.4938, 2.1142 0.1381 0.4938, 2.1142 0.1237 0.4465, 2.1142 0.1381 0.4465, 2.1142 0.1237 0.4645, 2.1142 0.1381 0.4645, 2.1142 0.1428 0.4645, 2.1142 0.1455 0.4465, 2.1142 0.1428 0.4706, 2.1142 0.1443 0.4877, 2.1142 0.1381 0.4877, 2.1142 0.1168 0.4405, 2.1142 0.1137 0.44, 2.1142 0.1381 0.44, 2.1142 0.1455 0.4405, 2.1142 0.1381 0.4405, 2.1142 0.1168 0.4938, 2.1142 0.1137 0.4943, 2.1142 0.6008 1.5354, 2.1142 0.6008 1.6142, 2.1142 0.4039 1.5354, 2.1142 0.2174 1.6142, 2.1142 0.4039 0.4244, 2.1142 0.2371 0.3558, 2.1142 0.2225 0.3558, 2.1142 0.2689 0.3558, 2.1142 0.2644 0.3734, 2.1142 0.2618 0.3679, 2.1142 0.2225 0.4092, 2.1142 0.2966 0.4092, 2.1142 0.2892 0.4092, 2.1142 0.2601 0.3998, 2.1142 0.2633 0.3951, 2.1142 0.2579 0.3633, 2.1142 0.2573 0.3628, 2.1142 0.2522 0.3592, 2.1142 0.2579 0.4021, 2.1142 0.2652 0.3898, 2.1142 0.2659 0.3832, 2.1142 0.2657 0.3796, 2.1142 0.2377 0.4092, 2.1142 0.2463 0.4081, 2.1142 0.2527 0.4057, 2.1142 0.4039 0.3553, 2.1142 0.3169 0.3558, 2.1142 0.3093 0.3558, 2.1142 0.3039 0.3704, 2.1142 0.2816 0.3704, 2.1142 0.2765 0.3558, 2.1142 0.2461 0.3568, 2.1142 0.4039 0.3342, 2.1142 0.4039 0.2165, 2.1142 0.2858 0.2165, 2.1142 0.2174 0.3342, 2.1142 0.2858 0.0197, 2.1142 0.014 0.0197, 2.1142 -0.1584 0.3317, 2.1142 -0.285 0.0197, 2.1142 -0.1677 0.3305, 2.1142 -0.6612 0.3342, 2.1142 -0.6612 0.2559, 2.1142 -0.1834 0.3342, 2.1142 -0.285 0.2559, 2.1142 -0.178 0.332, 2.1142 -0.1691 0.3306, 2.1142 -0.0323 0.4522, 2.1142 -0.022 0.4435, 2.1142 0.014 0.4943, 2.1142 -0.0747 0.4943, 2.1142 -0.0659 0.4884, 2.1142 -0.0534 0.4739, 2.1142 -0.0455 0.4584, 2.1142 -0.0436 0.4578, 2.1142 -0.1019 0.5065, 2.1142 -0.0829 0.4998, 2.1142 0.014 1.6142, 2.1142 -0.1538 0.4991, 2.1142 -0.1363 0.5059, 2.1142 -0.6612 1.6142, 2.1142 -0.1176 0.5082, 2.1142 -0.1616 0.4943, 2.1142 -0.6612 0.4943, 2.1142 -0.1631 0.4934, 2.1142 -0.6612 0.44, 2.1142 -0.2446 0.44, 2.1142 -0.2413 0.4475, 2.1142 -0.2322 0.4592, 2.1142 -0.2035 0.4756, 2.1142 -0.1885 0.4774, 2.1142 -0.172 0.4857, 2.1142 -0.1842 0.4772, 2.1142 -0.1798 0.4767, 2.1142 -0.2296 0.4616, 2.1142 -0.2176 0.4701, 2.1142 -0.2223 0.3645, 2.1142 -0.2341 0.3746, 2.1142 -0.6612 0.3553, 2.1142 -0.2085 0.3578, 2.1142 -0.2427 0.3869, 2.1142 -0.2482 0.401, 2.1142 -0.6612 0.4244, 2.1142 -0.25 0.4159, 2.1142 -0.2499 0.4196, 2.1142 -0.2491 0.4244, 2.1142 -0.2474 0.4338, 2.1142 -0.2037 0.3564, 2.1142 -0.2032 0.3553, 2.1142 -0.1999 0.3482, 2.1142 -0.1942 0.3412, 2.1142 -0.1868 0.3356, 2.1142 -0.1321 0.3553, 2.1142 -0.1322 0.3551, 2.1142 -0.1367 0.3466, 2.1142 -0.1424 0.3402, 2.1142 -0.15 0.3349, 2.1142 -0.152 0.3342, 2.1142 -0.0096 0.4212, 2.1142 -0.0079 0.4087, 2.1142 -0.0836 0.3777, 2.1142 -0.081 0.3787, 2.1142 -0.0766 0.4004, 2.1142 -0.0219 0.3727, 2.1142 -0.0322 0.3639, 2.1142 -0.1392 0.3939, 2.1142 -0.0883 0.4205, 2.1142 -0.1458 0.4, 2.1142 -0.1539 0.4043, 2.1142 -0.086 0.3761, 2.1142 -0.0144 0.3832, 2.1142 -0.0096 0.3952, 2.1142 -0.0781 0.3791, 2.1142 -0.0777 0.3791, 2.1142 -0.0766 0.3788, 2.1142 -0.2229 0.4015, 2.1142 -0.2184 0.3939, 2.1142 -0.1992 0.3899, 2.1142 -0.2116 0.3869, 2.1142 -0.2033 0.3818, 2.1142 -0.1851 0.4025, 2.1142 -0.2252 0.4244, 2.1142 -0.1929 0.3971, 2.1142 -0.2261 0.4167, 2.1142 -0.2256 0.4108, 2.1142 -0.1768 0.4057, 2.1142 -0.1677 0.4068, 2.1142 -0.1631 0.4066, 2.1142 -0.0899 0.3674, 2.1142 -0.0898 0.3689, 2.1142 -0.1297 0.3723, 2.1142 -0.089 0.3717, 2.1142 -0.0875 0.3743, 2.1142 -0.0758 0.3787, 2.1142 -0.0587 0.3787, 2.1142 -0.0547 0.3793, 2.1142 -0.081 0.3559, 2.1142 -0.0835 0.3569, 2.1142 -0.086 0.3587, 2.1142 -0.0868 0.3596, 2.1142 -0.0885 0.362, 2.1142 -0.0895 0.3645, 2.1142 -0.1299 0.3644, 2.1142 -0.1297 0.3685, 2.1142 -0.0438 0.3583, 2.1142 -0.0565 0.3556, 2.1142 -0.0788 0.3556, 2.1142 -0.0385 0.389, 2.1142 -0.0345 0.395, 2.1142 -0.0321 0.4019, 2.1142 -0.0314 0.4083, 2.1142 -0.0316 0.4117, 2.1142 -0.0477 0.3818, 2.1142 -0.0416 0.3858, 2.1142 -0.061 0.438, 2.1142 -0.064 0.438, 2.1142 -0.0363 0.4244, 2.1142 -0.0546 0.4373, 2.1142 -0.0334 0.419, 2.1142 -0.225 0.4259, 2.1142 -0.2217 0.4344, 2.1142 -0.0369 0.4256, 2.1142 -0.0419 0.431, 2.1142 -0.0479 0.4349, 2.1142 -0.0723 0.4608, 2.1142 -0.0809 0.4711, 2.1142 -0.168 0.449, 2.1142 -0.0817 0.4718, 2.1142 -0.0924 0.4792, 2.1142 -0.1622 0.461, 2.1142 -0.2178 0.44, 2.1142 -0.1706 0.4504, 2.1142 -0.0645 0.44, 2.1142 -0.0664 0.4486, 2.1142 -0.1791 0.4535, 2.1142 -0.1882 0.4547, 2.1142 -0.1922 0.4544, 2.1142 -0.1537 0.4711, 2.1142 -0.1043 0.4838, 2.1142 -0.1436 0.4786, 2.1142 -0.1172 0.4854, 2.1142 -0.1312 0.4836, 2.1142 -0.2016 0.4522, 2.1142 -0.21 0.4477, 2.1142 -0.2164 0.4419, 2.1142 -0.0195 0.44, 2.1142 -0.0143 0.4328, 2.1142 -0.0109 0.4244, 2.1142 0.1009 0.4941, 2.1142 0.1061 0.4926, 2.1142 0.1061 0.4854, 2.1142 0.1061 0.4493, 2.1142 0.1061 0.4427, 2.1142 0.1052 0.4422, 2.1142 0.0995 0.4403, 2.1142 0.0961 0.44, 2.1142 0.0949 0.4458, 2.1142 0.1009 0.4469, 2.1142 0.0734 0.4661, 2.1142 0.0734 0.4666, 2.1142 0.0783 0.4818, 2.1142 0.0758 0.478, 2.1142 0.0741 0.4733, 2.1142 0.0999 0.4878, 2.1142 0.0936 0.4885, 2.1142 0.0912 0.4884, 2.1142 0.0866 0.4875, 2.1142 0.0742 0.4595, 2.1142 0.0759 0.4552, 2.1142 0.0786 0.4513, 2.1142 0.0835 0.4477, 2.1142 0.0874 0.4463, 2.1142 0.0924 0.4457, 2.1142 0.1053 0.4858, 2.1142 0.0824 0.4855, 2.1142 0.079 0.4826, 2.1142 0.0799 0.4501, 2.1142 0.0893 0.4943, 2.1142 0.0935 0.4947, 2.1142 0.0686 1.6142, 2.1142 0.1137 1.6142, 2.1142 0.094 0.4947, 2.1142 0.099 0.4943, 2.1142 0.0686 0.4943, 2.1142 0.0866 0.494, 2.1142 0.0809 0.492, 2.1142 0.0701 0.4821, 2.1142 0.0739 0.4869, 2.1142 0.0756 0.4885, 2.1142 0.0686 0.4539, 2.1142 0.0669 0.4588, 2.1142 0.0654 0.44, 2.1142 0.0662 0.4661, 2.1142 0.0663 0.4693, 2.1142 0.0654 0.4943, 2.1142 0.0676 0.4762, 2.1142 0.0686 0.4784, 2.1142 0.0774 0.4432, 2.1142 0.073 0.4468, 2.1142 0.0686 0.44, 2.1142 0.0719 0.4482, 2.1142 0.0689 0.4529, 2.1142 0.0914 0.4396, 2.1142 0.0883 0.4397, 2.1142 0.0867 0.44, 2.1142 0.0825 0.4409, 2.1142 0.0865 0.3553, 2.1142 0.083 0.3549, 2.1142 0.1695 0.3939, 2.1142 0.1765 0.3939, 2.1142 0.1801 0.4244, 2.1142 0.2006 0.4092, 2.1142 0.2006 0.4244, 2.1142 0.1613 0.3553, 2.1142 0.1573 0.3653, 2.1142 0.1581 0.3621, 2.1142 0.1583 0.3621, 2.1142 0.1506 0.4244, 2.1142 0.1506 0.3846, 2.1142 0.1591 0.3652, 2.1142 0.1586 0.3634, 2.1142 0.1506 0.3667, 2.1142 0.1399 0.3939, 2.1142 0.1473 0.3939, 2.1142 0.1546 0.3553, 2.1142 0.1548 0.3559, 2.1142 0.1506 0.3465, 2.1142 0.1506 0.3465, 2.1142 0.1506 0.3553, 2.1142 0.1519 0.3489, 2.1142 0.1412 0.3443, 2.1142 0.1412 0.3384, 2.1142 0.1426 0.3439, 2.1142 0.145 0.3436, 2.1142 0.1466 0.3437, 2.1142 0.1506 0.339, 2.1142 0.1483 0.3381, 2.1142 0.1506 0.3342, 2.1142 0.1456 0.3378, 2.1142 0.1441 0.3379, 2.1142 0.1481 0.3443, 2.1142 0.1493 0.3451, 2.1142 0.1592 0.35, 2.1142 0.1561 0.3441, 2.1142 0.1801 0.3342, 2.1142 0.1537 0.3412, 2.1142 0.1532 0.3408, 2.1142 0.1509 0.3391, 2.1142 -1.0724 0.2559, 2.1142 -1.0724 0.3342, 2.1142 -1.0724 0.3553, 2.1142 -1.0724 0.4244, 2.1142 -1.0724 0.44, 2.1142 -1.0724 0.4943, 2.1142 -1.0724 1.6142, 2.1142 0.064 0.4465, 2.1142 0.064 0.4405, 2.1142 0.0358 0.4405, 2.1142 0.0427 0.4938, 2.1142 0.0427 0.4465, 2.1142 0.0358 0.4938, 2.1142 0.0654 0.3553, 2.1142 0.0645 0.3558, 2.1142 0.0358 0.3558, 2.1142 0.0645 0.3619, 2.1142 0.0633 0.403, 2.1142 0.0427 0.3798, 2.1142 0.0427 0.3619, 2.1142 0.0618 0.3798, 2.1142 0.0618 0.3859, 2.1142 0.0427 0.3859, 2.1142 0.0427 0.403, 2.1142 0.0358 0.4092, 2.1142 0.0633 0.4092, 2.1142 0.0654 1.6142, 2.1142 0.2006 1.6142, 2.1142 0.1801 1.6142, 2.1142 0.1506 1.6142, 2.1142 0.1381 1.6142, 2.1142 0.2006 0.3342, 2.1142 0.2174 0.0197, 2.1142 0.2006 0.0197, 2.1142 0.1801 0.0197, 2.1142 0.1506 0.0197, 2.1142 0.1381 0.0197, 2.1142 0.1137 0.0197, 2.1142 0.0686 0.0197, 2.1142 0.0654 0.0197, -1.8819 0.4039 1.5354, -1.9016 0.4039 1.5315, -1.9803 0.4039 1.5315, -1.9016 0.4039 0.2742, -1.8819 0.4039 0.2165, -1.9803 0.4039 0.2742, -2.1181 0.4039 0.2165, -2.1181 0.4039 1.5354, -1.9803 -0.285 0.0591, -1.9803 -0.285 0.2559, -2.1181 -0.285 0.2559, -1.8819 -0.285 0.0197, -1.8819 -0.285 0.2559, -1.9016 -0.285 0.2559, -1.9016 -0.285 0.0591, -2.1181 -0.285 0.0197, -1.9016 -1.0528 0.2559, -1.8819 -1.0724 0.2559, -1.9803 -1.0528 0.2559, -2.1181 -1.0724 0.2559, 1.9764 0.4039 0.2742, 1.8976 0.4039 0.2742, 1.878 0.4039 0.2165, 1.8976 0.4039 1.5315, 1.878 0.4039 1.5354, 1.9764 0.4039 1.5315, 1.878 -1.0724 0.2559, 1.878 -0.285 0.2559, 1.8976 -0.285 0.2559, 1.8976 -1.0528 0.2559, 1.9764 -1.0528 0.2559, 1.9764 -0.285 0.2559, 1.8976 -0.285 0.0591, 1.878 -0.285 0.0197, 1.9764 -0.285 0.0591, -2.1181 0.2858 0.0197, -1.3307 -0.4031 0.0197, -1.8819 -1.0724 0.0197, -1.3307 -0.8362 0.0197, 1.878 -1.0724 0.0197, 1.3268 -0.8362 0.0197, 1.3268 -0.4031 0.0197, -2.1181 0.6008 1.6142, 1.878 0.6008 1.5354, -2.1181 0.6008 1.5354, -1.8819 0.6008 1.5354, -1.8819 0.6008 0.2953, 1.878 0.6008 0.2953, -2.1181 -1.0724 1.6142, -2.1181 0.2858 0.2165, 1.2677 0.2858 0.2165, 1.878 0.5221 0.2165, 1.189 0.2858 0.2165, 0.7756 0.2858 0.2165, 1.189 0.4808 0.2165, 0.7756 0.4808 0.2165, -0.7008 0.4808 0.2165, -0.7795 0.4808 0.2165, -1.8819 0.5221 0.2165, 1.2677 0.4808 0.2165, 0.6969 0.4808 0.2165, -0.2874 0.4808 0.2165, -0.2874 0.2858 0.2165, -0.7008 0.2858 0.2165, 0.6969 0.2858 0.2165, 0.2835 0.2858 0.2165, 0.2835 0.4808 0.2165, 0.2047 0.4808 0.2165, -0.2087 0.4808 0.2165, -0.2087 0.2858 0.2165, 0.2047 0.2858 0.2165, -0.7795 0.2858 0.2165, -1.1929 0.2858 0.2165, -1.1929 0.4808 0.2165, -1.2717 0.4808 0.2165, -1.2717 0.2858 0.2165, 0.8543 -0.4031 1.4173, 1.3268 -0.4031 1.6142, -0.8583 -0.4031 1.4173, -1.3307 -0.4031 1.6142, -0.8583 -0.4031 1.1024, 0.8543 -0.4031 1.1024, 0.6929 0.3646 1.6142, 0.2874 0.3646 1.6142, 0.6929 0.3646 0.4331, 0.2874 0.3646 0.4331, 0.2008 0.3646 1.6142, -0.2047 0.3646 1.6142, 0.2008 0.3646 0.4331, -0.2047 0.3646 0.4331, -0.2913 0.3646 1.6142, -0.6969 0.3646 1.6142, -0.2913 0.3646 0.4331, -0.6969 0.3646 0.4331, -0.7835 0.3646 1.6142, -1.189 0.3646 1.6142, -0.7835 0.3646 0.4331, -1.189 0.3646 0.4331, -1.2756 0.3646 1.6142, -1.7244 0.3646 1.6142, -1.2756 0.3646 0.4331, -1.7244 0.3646 0.4331, 0.2008 -0.1866 0.4331, 0.1555 -0.1866 0.4331, 0.2008 -0.1866 1.5748, 0.1555 -0.1866 1.5748, -0.2913 -0.1866 0.4331, -0.3366 -0.1866 0.4331, -0.2913 -0.1866 1.5748, -0.3366 -0.1866 1.5748, -0.7835 -0.1866 0.4331, -0.8287 -0.1866 0.4331, -0.7835 -0.1866 1.5748, -0.8287 -0.1866 1.5748, -1.2756 -0.1866 0.4331, -1.3209 -0.1866 0.4331, -1.2756 -0.1866 1.5748, -1.3209 -0.1866 1.5748, 0.1555 -0.226 1.6142, 0.2008 -0.226 1.6142, -0.3366 -0.226 1.6142, -0.2913 -0.226 1.6142, -0.8287 -0.226 1.6142, -0.7835 -0.226 1.6142, -1.3209 -0.226 1.6142, -1.2756 -0.226 1.6142, 0.6929 -0.1866 0.4331, 0.6476 -0.1866 0.4331, 0.6929 -0.1866 1.5748, 0.6476 -0.1866 1.5748, 0.6476 -0.226 1.6142, 0.6929 -0.226 1.6142, 0.7795 0.3646 0.4331, 1.185 0.3646 0.4331, 0.7795 0.3646 1.6142, 1.185 0.3646 1.6142, 1.185 -0.1866 0.4331, 1.1398 -0.1866 0.4331, 1.185 -0.1866 1.5748, 1.1398 -0.1866 1.5748, 1.1398 -0.226 1.6142, 1.185 -0.226 1.6142, 0.2874 -0.1866 1.5748, 0.3327 -0.1866 1.5748, 0.2874 -0.1866 0.4331, 0.3327 -0.1866 0.4331, -0.2047 -0.1866 1.5748, -0.1594 -0.1866 1.5748, -0.2047 -0.1866 0.4331, -0.1594 -0.1866 0.4331, -0.6969 -0.1866 1.5748, -0.6516 -0.1866 1.5748, -0.6969 -0.1866 0.4331, -0.6516 -0.1866 0.4331, -1.189 -0.1866 1.5748, -1.1437 -0.1866 1.5748, -1.189 -0.1866 0.4331, -1.1437 -0.1866 0.4331, 0.3327 -0.226 1.6142, 0.2874 -0.226 1.6142, -0.1594 -0.226 1.6142, -0.2047 -0.226 1.6142, -0.6516 -0.226 1.6142, -0.6969 -0.226 1.6142, -1.1437 -0.226 1.6142, -1.189 -0.226 1.6142, 0.7795 -0.1866 1.5748, 0.8248 -0.1866 1.5748, 0.7795 -0.1866 0.4331, 0.8248 -0.1866 0.4331, 0.8248 -0.226 1.6142, 0.7795 -0.226 1.6142, -0.6969 0.4039 1.6142, 1.2717 0.4039 1.6142, 1.2717 0.3646 1.6142, 1.7205 0.3646 1.6142, 1.878 -0.6 1.6142, 1.5236 -0.6 1.6142, 1.5236 -0.915 1.6142, 1.3268 -0.8362 1.6142, -1.5276 -0.6 1.6142, -1.3307 -0.8362 1.6142, -1.5276 -0.915 1.6142, -1.2756 0.4039 1.6142, -1.189 0.4039 1.6142, -1.8819 -0.6 1.6142, -0.2913 0.4039 1.6142, -0.7835 0.4039 1.6142, 1.878 -0.915 1.6142, -0.2047 0.4039 1.6142, 0.2008 0.4039 1.6142, 0.2874 0.4039 1.6142, -1.8819 -0.915 1.6142, 0.7795 0.4039 1.6142, 1.3169 -0.3244 1.6142, 1.185 -0.3244 1.6142, 1.185 0.4039 1.6142, 0.6929 0.4039 1.6142, 1.7205 -0.4819 1.6142, 1.5236 -0.4819 1.6142, 1.5236 -0.3244 1.6142, 1.1398 -0.3244 1.6142, 0.8248 -0.3244 1.6142, 0.6929 -0.3244 1.6142, 1.2717 -0.3244 1.6142, 1.2717 -0.226 1.6142, 1.3169 -0.226 1.6142, 0.6476 -0.3244 1.6142, 0.3327 -0.3244 1.6142, 0.7795 -0.3244 1.6142, 0.2008 -0.3244 1.6142, 0.1555 -0.3244 1.6142, -0.1594 -0.3244 1.6142, 0.2874 -0.3244 1.6142, -0.2913 -0.3244 1.6142, -0.3366 -0.3244 1.6142, -0.6516 -0.3244 1.6142, -0.2047 -0.3244 1.6142, -0.7835 -0.3244 1.6142, -0.8287 -0.3244 1.6142, -1.1437 -0.3244 1.6142, -0.6969 -0.3244 1.6142, -1.5276 -0.3244 1.6142, -1.5276 -0.4819 1.6142, -1.3209 -0.3244 1.6142, -1.2756 -0.3244 1.6142, -1.189 -0.3244 1.6142, -1.7244 -0.4819 1.6142, -1.8819 -0.915 0.4331, -1.8819 -0.6 0.4331, -1.5276 -0.6 0.4331, -1.5276 -0.915 0.4331, 1.5236 -0.915 0.4331, 1.5236 -0.6 0.4331, 1.878 -0.6 0.4331, 1.878 -0.915 0.4331, -1.7244 -0.4819 0.4331, 1.2717 0.3646 0.4331, 1.7205 0.3646 0.4331, 1.7205 -0.4819 0.4331, 1.2717 -0.1866 1.5748, 1.3169 -0.1866 1.5748, 1.2717 -0.1866 0.4331, 1.3169 -0.1866 0.4331, 0.2874 0.4039 0.4331, 0.2835 0.3961 0.4331, -0.2047 0.4039 0.4331, -0.2087 0.3961 0.4331, -0.6969 0.4039 0.4331, -0.7008 0.3961 0.4331, -1.189 0.4039 0.4331, -1.1929 0.3961 0.4331, 1.189 0.2346 0.4331, 1.189 0.3961 0.4331, 1.7205 0.112 0.4331, 0.9823 0.3646 0.4331, 0.9823 0.112 0.4331, 1.2677 0.2346 0.4331, 1.5236 -0.4819 0.4331, 1.5236 -0.3992 0.4331, 1.7205 -0.3992 0.4331, 1.5236 -0.3244 0.4331, 1.3169 -0.3244 0.4331, 1.2677 -0.3165 0.4331, 1.2717 -0.3244 0.4331, 1.2677 -0.0107 0.4331, 1.189 -0.0107 0.4331, 1.2677 0.3961 0.4331, 1.2717 0.4039 0.4331, 1.185 0.4039 0.4331, 1.185 -0.3244 0.4331, 1.189 -0.3165 0.4331, 1.1398 -0.3244 0.4331, 0.9823 -0.3244 0.4331, 0.8248 -0.3244 0.4331, 0.4902 0.112 0.4331, 0.6969 -0.0107 0.4331, 0.7756 -0.0107 0.4331, 0.7756 -0.3165 0.4331, 0.7795 -0.3244 0.4331, 0.6929 -0.3244 0.4331, 0.6969 -0.3165 0.4331, 0.6476 -0.3244 0.4331, 0.4902 -0.3244 0.4331, 0.3327 -0.3244 0.4331, -0.002 0.112 0.4331, 0.2047 -0.0107 0.4331, 0.2835 -0.0107 0.4331, 0.2835 -0.3165 0.4331, 0.2874 -0.3244 0.4331, 0.2008 -0.3244 0.4331, 0.2047 -0.3165 0.4331, 0.1555 -0.3244 0.4331, -0.002 -0.3244 0.4331, -0.1594 -0.3244 0.4331, -0.4941 0.112 0.4331, -0.2874 -0.0107 0.4331, -0.2087 -0.0107 0.4331, -0.2087 -0.3165 0.4331, -0.2047 -0.3244 0.4331, -0.2913 -0.3244 0.4331, -0.2874 -0.3165 0.4331, -0.3366 -0.3244 0.4331, -0.4941 -0.3244 0.4331, -0.6516 -0.3244 0.4331, -0.9862 0.112 0.4331, -0.7795 -0.0107 0.4331, -0.7008 -0.0107 0.4331, -0.7008 -0.3165 0.4331, -0.6969 -0.3244 0.4331, -0.7835 -0.3244 0.4331, -0.7795 -0.3165 0.4331, -0.8287 -0.3244 0.4331, -0.9862 -0.3244 0.4331, -1.1437 -0.3244 0.4331, -1.498 0.112 0.4331, -1.2717 -0.0107 0.4331, -1.1929 -0.0107 0.4331, -1.1929 -0.3165 0.4331, -1.189 -0.3244 0.4331, -1.2756 -0.3244 0.4331, -1.2717 -0.3165 0.4331, -1.3209 -0.3244 0.4331, -1.5276 -0.4819 0.4331, -1.7244 -0.3992 0.4331, -1.5276 -0.3992 0.4331, -1.7244 0.112 0.4331, -1.5276 -0.3244 0.4331, -1.498 -0.3244 0.4331, -1.2717 0.3961 0.4331, -1.498 0.3646 0.4331, -1.2756 0.4039 0.4331, -1.2717 0.2346 0.4331, -1.1929 0.2346 0.4331, -0.7795 0.3961 0.4331, -0.9862 0.3646 0.4331, -0.7835 0.4039 0.4331, -0.7795 0.2346 0.4331, -0.7008 0.2346 0.4331, -0.2874 0.3961 0.4331, -0.4941 0.3646 0.4331, -0.2913 0.4039 0.4331, -0.2874 0.2346 0.4331, -0.2087 0.2346 0.4331, 0.2047 0.3961 0.4331, -0.002 0.3646 0.4331, 0.2008 0.4039 0.4331, 0.2047 0.2346 0.4331, 0.2835 0.2346 0.4331, 0.7756 0.2346 0.4331, 0.7756 0.3961 0.4331, 0.7795 0.4039 0.4331, 0.6969 0.3961 0.4331, 0.4902 0.3646 0.4331, 0.6929 0.4039 0.4331, 0.6969 0.2346 0.4331, -0.8583 -0.5606 1.2598, -0.8583 -0.5606 1.1024, 0.8543 -0.5606 1.1024, 0.8543 -0.5606 1.2598, 1.878 0.5221 0.2953, -1.8819 0.5221 0.2953, 0.2835 0.2858 0.1233, 0.6969 0.2858 0.1233, 0.7756 0.2858 0.1233, -1.2717 0.2858 0.1233, -1.1929 0.2858 0.1233, -0.7008 0.2858 0.1233, 1.2677 0.2858 0.1233, 1.189 0.2858 0.1233, -0.2874 0.2858 0.1233, -0.2087 0.2858 0.1233, -0.7795 0.2858 0.1233, 0.2047 0.2858 0.1233
            ]
        }
        coordIndex [
            0,1,2,-1,3,4,5,-1,6,7,8,-1,9,10,11,-1,12,13,14,-1,15,16,17,-1,18,19,20,-1,20,19,21,-1,18,22,23,-1,23,22,24,-1,25,26,27,-1,27,26,28,-1,28,26,29,-1,29,26,18,-1,29,18,30,-1,30,18,23,-1,30,23,17,-1,17,23,31,-1,17,31,15,-1,19,32,21,-1,21,32,33,-1,21,33,34,-1,34,33,35,-1,36,37,38,-1,38,37,39,-1,40,41,42,-1,42,41,43,-1,42,43,13,-1,44,45,46,-1,46,45,47,-1,46,47,43,-1,48,49,50,-1,51,52,48,-1,48,52,53,-1,48,53,54,-1,55,56,57,-1,57,56,58,-1,36,59,37,-1,37,59,60,-1,37,60,61,-1,61,60,62,-1,63,64,62,-1,62,64,65,-1,62,65,61,-1,54,66,48,-1,48,66,67,-1,48,67,49,-1,68,69,70,-1,71,72,73,-1,74,75,46,-1,46,75,76,-1,46,76,44,-1,77,41,78,-1,71,73,79,-1,55,80,56,-1,56,80,81,-1,56,81,82,-1,50,83,48,-1,48,83,84,-1,48,84,56,-1,56,84,39,-1,56,39,58,-1,58,39,37,-1,68,70,40,-1,73,85,79,-1,79,85,77,-1,79,77,86,-1,86,77,78,-1,87,88,62,-1,62,88,89,-1,62,89,90,-1,70,91,40,-1,40,91,92,-1,40,92,41,-1,41,92,93,-1,41,93,78,-1,90,94,62,-1,62,94,95,-1,62,95,63,-1,12,14,96,-1,96,14,97,-1,96,97,98,-1,98,97,10,-1,10,97,99,-1,10,99,11,-1,100,101,11,-1,102,103,104,-1,104,103,105,-1,104,105,106,-1,107,108,11,-1,11,108,109,-1,106,110,104,-1,104,110,111,-1,104,111,112,-1,112,111,113,-1,112,113,100,-1,114,115,101,-1,101,115,116,-1,101,116,11,-1,11,116,117,-1,11,117,107,-1,109,118,11,-1,11,118,119,-1,11,119,9,-1,120,121,122,-1,122,121,123,-1,122,123,124,-1,122,125,120,-1,120,125,126,-1,120,126,127,-1,127,128,120,-1,120,128,129,-1,120,129,130,-1,130,129,131,-1,130,131,132,-1,132,131,133,-1,132,133,101,-1,101,133,134,-1,101,134,114,-1,135,136,124,-1,124,136,137,-1,124,137,122,-1,138,139,69,-1,69,139,140,-1,69,140,70,-1,138,141,139,-1,139,141,142,-1,139,142,143,-1,143,142,144,-1,143,145,146,-1,144,147,143,-1,143,147,148,-1,143,148,149,-1,149,150,143,-1,143,150,151,-1,143,151,145,-1,146,152,143,-1,143,152,153,-1,143,153,154,-1,155,156,157,-1,157,156,158,-1,157,158,159,-1,160,161,162,-1,162,161,163,-1,156,164,158,-1,158,164,165,-1,158,165,166,-1,166,165,167,-1,166,167,168,-1,168,167,169,-1,168,169,163,-1,163,169,170,-1,163,170,162,-1,171,172,173,-1,174,175,176,-1,171,173,177,-1,177,173,178,-1,177,178,176,-1,176,178,179,-1,176,179,174,-1,180,181,168,-1,182,183,166,-1,166,183,184,-1,180,168,185,-1,184,186,166,-1,166,186,187,-1,166,187,171,-1,171,187,188,-1,171,188,172,-1,174,189,175,-1,175,189,190,-1,175,190,168,-1,168,190,191,-1,168,191,185,-1,181,192,168,-1,168,192,193,-1,168,193,166,-1,166,193,194,-1,166,194,182,-1,176,195,196,-1,196,195,197,-1,198,199,200,-1,200,199,201,-1,201,199,202,-1,202,199,203,-1,202,203,204,-1,204,203,205,-1,204,205,8,-1,8,205,206,-1,8,206,6,-1,207,208,209,-1,196,205,176,-1,176,205,203,-1,176,203,177,-1,177,203,210,-1,177,210,209,-1,209,210,211,-1,209,211,207,-1,197,195,212,-1,212,195,213,-1,212,213,207,-1,214,215,216,-1,216,215,217,-1,216,217,161,-1,162,159,160,-1,160,159,158,-1,160,158,218,-1,219,220,20,-1,221,222,223,-1,18,20,22,-1,22,20,220,-1,22,220,224,-1,218,22,225,-1,225,22,226,-1,227,228,226,-1,223,229,221,-1,221,229,230,-1,221,230,231,-1,227,226,232,-1,228,233,226,-1,226,233,234,-1,226,234,221,-1,221,234,235,-1,221,235,222,-1,224,236,22,-1,22,236,237,-1,22,237,226,-1,226,237,238,-1,226,238,232,-1,218,225,239,-1,239,225,240,-1,239,240,241,-1,242,243,241,-1,241,243,244,-1,241,244,239,-1,239,244,221,-1,231,245,221,-1,221,245,219,-1,221,219,239,-1,239,219,20,-1,239,20,246,-1,247,246,248,-1,248,246,249,-1,248,249,250,-1,251,252,253,-1,253,252,254,-1,255,256,257,-1,257,256,258,-1,257,258,259,-1,259,258,253,-1,259,253,260,-1,260,253,254,-1,261,262,263,-1,263,262,3,-1,264,265,263,-1,263,265,266,-1,266,267,263,-1,263,267,268,-1,263,268,261,-1,269,270,271,-1,272,273,274,-1,274,273,271,-1,271,273,275,-1,271,275,269,-1,272,274,276,-1,276,274,277,-1,276,277,278,-1,279,280,277,-1,277,280,281,-1,277,281,282,-1,277,283,278,-1,278,283,284,-1,278,284,285,-1,285,284,286,-1,285,286,287,-1,282,288,277,-1,277,288,289,-1,277,289,283,-1,290,291,292,-1,290,292,293,-1,291,294,292,-1,292,294,295,-1,292,295,296,-1,296,295,297,-1,297,298,296,-1,296,298,299,-1,296,299,279,-1,279,299,300,-1,279,300,280,-1,301,293,302,-1,302,293,292,-1,302,292,303,-1,303,292,304,-1,255,257,292,-1,292,257,305,-1,292,305,304,-1,0,306,1,-1,1,306,307,-1,1,307,308,-1,308,309,1,-1,1,309,310,-1,1,310,311,-1,312,313,4,-1,314,315,316,-1,317,318,0,-1,319,320,321,-1,321,320,322,-1,314,316,323,-1,317,0,324,-1,4,313,0,-1,0,313,325,-1,0,325,324,-1,315,326,316,-1,316,326,327,-1,316,327,328,-1,329,330,331,-1,331,330,332,-1,331,332,333,-1,334,335,336,-1,336,335,337,-1,336,337,331,-1,331,337,338,-1,331,338,329,-1,334,339,335,-1,335,339,340,-1,335,340,320,-1,320,340,341,-1,320,341,322,-1,342,343,344,-1,344,343,345,-1,344,345,316,-1,316,345,346,-1,316,346,323,-1,328,347,316,-1,316,347,348,-1,316,348,349,-1,350,351,306,-1,306,351,352,-1,306,352,353,-1,353,354,306,-1,306,354,355,-1,306,355,356,-1,356,355,342,-1,356,342,357,-1,357,342,344,-1,318,358,0,-1,0,358,359,-1,0,359,306,-1,306,359,360,-1,306,360,350,-1,361,362,316,-1,316,362,363,-1,316,363,320,-1,320,363,364,-1,320,364,365,-1,349,366,316,-1,316,366,367,-1,316,367,361,-1,368,369,370,-1,368,370,371,-1,365,372,320,-1,320,372,370,-1,320,370,335,-1,335,370,369,-1,335,369,373,-1,373,369,374,-1,375,376,370,-1,370,376,377,-1,370,377,371,-1,378,379,380,-1,379,381,380,-1,380,381,382,-1,380,382,383,-1,384,380,385,-1,374,369,384,-1,384,369,386,-1,384,386,380,-1,380,386,387,-1,380,387,378,-1,385,388,384,-1,384,388,389,-1,384,389,390,-1,383,382,391,-1,391,382,392,-1,391,392,393,-1,393,392,394,-1,393,394,395,-1,396,397,390,-1,390,397,398,-1,390,398,384,-1,262,399,3,-1,3,399,400,-1,3,400,4,-1,4,400,401,-1,4,401,312,-1,402,403,213,-1,213,403,404,-1,405,406,208,-1,406,407,208,-1,208,407,408,-1,208,408,409,-1,410,411,412,-1,412,411,405,-1,412,405,413,-1,414,415,405,-1,405,415,416,-1,405,416,413,-1,417,418,405,-1,405,418,419,-1,405,419,420,-1,421,422,423,-1,424,425,412,-1,412,425,426,-1,412,426,410,-1,207,213,208,-1,208,213,404,-1,208,404,405,-1,405,404,427,-1,405,427,417,-1,420,428,405,-1,405,428,429,-1,405,429,414,-1,421,423,412,-1,412,423,430,-1,412,430,424,-1,431,432,433,-1,433,432,434,-1,434,432,435,-1,434,435,436,-1,431,437,438,-1,438,437,439,-1,440,441,437,-1,437,441,442,-1,437,442,439,-1,443,444,445,-1,446,447,448,-1,448,447,449,-1,448,449,437,-1,437,449,450,-1,437,450,440,-1,451,452,453,-1,453,452,454,-1,453,454,455,-1,456,457,56,-1,56,457,458,-1,56,458,453,-1,453,458,459,-1,453,459,451,-1,72,71,82,-1,82,71,102,-1,82,102,56,-1,56,102,104,-1,56,104,456,-1,13,43,14,-1,14,43,47,-1,14,47,97,-1,97,47,460,-1,97,460,51,-1,51,460,461,-1,51,461,52,-1,462,463,464,-1,24,22,465,-1,465,22,466,-1,465,466,35,-1,35,466,464,-1,35,464,34,-1,34,464,463,-1,34,463,467,-1,468,469,470,-1,464,471,462,-1,462,471,472,-1,462,472,473,-1,473,472,468,-1,473,468,474,-1,474,468,470,-1,475,476,11,-1,100,11,112,-1,112,11,476,-1,112,476,471,-1,471,476,477,-1,471,477,472,-1,478,479,475,-1,480,481,482,-1,482,481,483,-1,482,483,478,-1,478,475,482,-1,482,475,11,-1,482,11,484,-1,484,11,99,-1,484,99,485,-1,484,486,482,-1,482,486,487,-1,482,487,488,-1,489,490,491,-1,491,490,492,-1,491,492,99,-1,99,492,493,-1,99,493,485,-1,488,494,482,-1,482,494,495,-1,482,495,480,-1,496,497,498,-1,497,499,498,-1,498,499,500,-1,498,500,491,-1,491,500,501,-1,491,501,489,-1,502,256,503,-1,503,256,255,-1,503,255,504,-1,504,255,292,-1,504,292,505,-1,505,292,296,-1,505,296,506,-1,506,296,279,-1,506,279,507,-1,507,279,277,-1,507,277,508,-1,508,277,274,-1,509,510,445,-1,445,510,511,-1,512,448,263,-1,444,446,445,-1,445,446,448,-1,445,448,509,-1,509,448,512,-1,509,512,513,-1,5,445,3,-1,3,445,511,-1,3,511,263,-1,263,511,514,-1,263,514,512,-1,515,516,517,-1,516,515,518,-1,518,515,5,-1,518,5,519,-1,520,521,522,-1,522,521,518,-1,522,518,523,-1,523,518,519,-1,523,519,524,-1,524,519,525,-1,2,515,0,-1,0,515,517,-1,0,517,4,-1,4,517,526,-1,4,526,5,-1,5,526,527,-1,5,527,519,-1,431,433,437,-1,437,433,528,-1,437,528,448,-1,448,528,271,-1,448,271,263,-1,263,271,270,-1,263,270,264,-1,2,51,515,-1,515,51,48,-1,515,48,5,-1,5,48,56,-1,5,56,445,-1,445,56,453,-1,445,453,443,-1,443,453,455,-1,161,217,163,-1,163,217,529,-1,163,529,168,-1,168,529,530,-1,168,530,175,-1,175,530,531,-1,175,531,176,-1,176,531,532,-1,176,532,195,-1,195,532,434,-1,195,434,213,-1,213,434,436,-1,213,436,402,-1,218,158,22,-1,22,158,166,-1,22,166,466,-1,466,166,171,-1,466,171,464,-1,464,171,177,-1,464,177,471,-1,471,177,209,-1,471,209,112,-1,112,209,208,-1,112,208,104,-1,104,208,409,-1,104,409,456,-1,246,20,249,-1,249,20,21,-1,249,21,533,-1,533,21,34,-1,533,34,498,-1,498,34,467,-1,498,467,496,-1,250,249,534,-1,534,249,533,-1,534,533,535,-1,535,533,498,-1,535,498,536,-1,536,498,491,-1,536,491,537,-1,537,491,99,-1,537,99,538,-1,538,99,97,-1,538,97,539,-1,539,97,51,-1,539,51,540,-1,540,51,2,-1,540,2,541,-1,541,2,1,-1,541,1,251,-1,251,1,311,-1,251,311,252,-1,542,543,544,-1,543,542,545,-1,545,542,546,-1,545,546,547,-1,547,546,548,-1,547,548,544,-1,544,548,549,-1,544,549,542,-1,550,551,552,-1,553,554,555,-1,555,556,553,-1,553,556,550,-1,553,550,557,-1,557,550,552,-1,555,554,558,-1,558,554,559,-1,558,559,560,-1,560,559,561,-1,560,561,551,-1,551,561,552,-1,562,247,563,-1,563,247,564,-1,563,564,565,-1,565,564,566,-1,565,566,567,-1,567,566,216,-1,567,216,562,-1,216,161,562,-1,562,161,160,-1,562,160,218,-1,218,239,562,-1,562,239,246,-1,562,246,247,-1,568,569,570,-1,570,571,568,-1,568,571,572,-1,568,572,502,-1,502,572,256,-1,256,572,573,-1,256,573,258,-1,570,569,574,-1,574,569,575,-1,574,575,576,-1,576,575,253,-1,576,253,573,-1,573,253,258,-1,577,250,534,-1,577,534,575,-1,534,535,575,-1,575,535,536,-1,575,536,537,-1,557,577,553,-1,553,577,578,-1,553,578,579,-1,579,578,580,-1,579,580,581,-1,581,580,582,-1,581,582,575,-1,575,582,583,-1,575,583,577,-1,577,583,578,-1,537,538,575,-1,575,538,539,-1,575,539,540,-1,540,541,575,-1,575,541,251,-1,575,251,253,-1,584,215,585,-1,585,215,214,-1,586,584,587,-1,587,584,585,-1,587,585,588,-1,588,585,589,-1,508,590,561,-1,579,581,559,-1,559,581,568,-1,568,502,503,-1,503,504,568,-1,568,504,505,-1,568,505,506,-1,561,559,508,-1,508,559,568,-1,508,568,507,-1,507,568,506,-1,591,548,546,-1,247,248,564,-1,564,248,592,-1,564,592,593,-1,594,595,596,-1,596,595,597,-1,598,599,600,-1,592,601,593,-1,593,601,596,-1,593,596,600,-1,600,596,597,-1,600,597,602,-1,603,604,605,-1,606,607,602,-1,602,607,608,-1,602,608,600,-1,600,608,609,-1,605,598,603,-1,603,598,600,-1,603,600,610,-1,610,600,609,-1,610,609,611,-1,611,609,612,-1,613,614,599,-1,599,614,615,-1,599,615,600,-1,600,615,616,-1,600,616,546,-1,546,616,617,-1,546,617,591,-1,618,619,620,-1,620,619,621,-1,620,621,622,-1,622,621,578,-1,622,578,623,-1,623,578,583,-1,623,583,618,-1,618,583,619,-1,624,625,626,-1,626,625,627,-1,628,629,630,-1,630,629,631,-1,632,633,634,-1,634,633,635,-1,636,637,638,-1,638,637,639,-1,640,641,642,-1,642,641,643,-1,644,645,646,-1,646,645,647,-1,648,649,650,-1,650,649,651,-1,652,653,654,-1,654,653,655,-1,656,657,658,-1,658,657,659,-1,647,660,646,-1,646,660,661,-1,651,662,650,-1,650,662,663,-1,655,664,654,-1,654,664,665,-1,659,666,658,-1,658,666,667,-1,668,669,670,-1,670,669,671,-1,671,672,670,-1,670,672,673,-1,674,675,676,-1,676,675,677,-1,678,679,680,-1,680,679,681,-1,681,682,680,-1,680,682,683,-1,684,685,686,-1,686,685,687,-1,688,689,690,-1,690,689,691,-1,692,693,694,-1,694,693,695,-1,696,697,698,-1,698,697,699,-1,700,685,701,-1,701,685,684,-1,702,689,703,-1,703,689,688,-1,704,693,705,-1,705,693,692,-1,706,697,707,-1,707,697,696,-1,708,709,710,-1,710,709,711,-1,712,709,713,-1,713,709,708,-1,584,586,549,-1,584,549,590,-1,590,549,548,-1,590,548,591,-1,561,590,552,-1,552,590,591,-1,552,591,557,-1,557,591,577,-1,714,633,632,-1,715,716,717,-1,508,215,718,-1,719,619,720,-1,720,619,721,-1,621,722,723,-1,723,722,724,-1,640,725,584,-1,584,725,726,-1,727,584,590,-1,632,728,714,-1,714,728,584,-1,714,584,729,-1,729,584,726,-1,729,726,636,-1,636,726,637,-1,718,730,508,-1,508,730,720,-1,508,720,590,-1,629,628,731,-1,731,628,732,-1,733,215,732,-1,732,215,584,-1,732,584,731,-1,731,584,728,-1,721,723,720,-1,720,723,724,-1,720,724,590,-1,590,724,734,-1,590,734,727,-1,735,676,677,-1,736,621,619,-1,737,683,682,-1,677,738,735,-1,735,738,215,-1,735,215,739,-1,739,215,733,-1,739,733,624,-1,624,733,625,-1,738,715,215,-1,215,715,717,-1,215,717,718,-1,718,717,740,-1,718,740,719,-1,719,740,741,-1,719,741,619,-1,619,741,742,-1,619,742,736,-1,743,744,621,-1,745,673,672,-1,682,743,737,-1,737,743,621,-1,737,621,746,-1,746,621,736,-1,746,736,747,-1,747,736,748,-1,749,750,621,-1,672,749,745,-1,745,749,621,-1,745,621,751,-1,751,621,744,-1,751,744,713,-1,713,744,712,-1,752,661,660,-1,753,754,621,-1,660,753,752,-1,752,753,621,-1,752,621,755,-1,755,621,750,-1,755,750,701,-1,701,750,700,-1,756,663,662,-1,757,758,621,-1,662,757,756,-1,756,757,621,-1,756,621,759,-1,759,621,754,-1,759,754,703,-1,703,754,702,-1,760,665,664,-1,761,762,621,-1,664,761,760,-1,760,761,621,-1,760,621,763,-1,763,621,758,-1,763,758,705,-1,705,758,704,-1,764,765,766,-1,766,765,767,-1,766,767,666,-1,666,767,667,-1,706,707,762,-1,762,707,768,-1,762,768,621,-1,621,768,767,-1,621,767,722,-1,722,767,765,-1,722,765,727,-1,727,765,769,-1,727,769,584,-1,584,769,641,-1,584,641,640,-1,770,771,734,-1,734,771,727,-1,771,772,727,-1,727,772,722,-1,772,773,722,-1,722,773,724,-1,773,770,724,-1,724,770,734,-1,773,772,770,-1,770,772,771,-1,774,775,720,-1,720,775,719,-1,775,776,719,-1,719,776,718,-1,776,777,718,-1,718,777,730,-1,777,774,730,-1,730,774,720,-1,777,776,774,-1,774,776,775,-1,580,578,723,-1,723,578,621,-1,583,582,619,-1,619,582,721,-1,582,580,721,-1,721,580,723,-1,778,643,769,-1,769,643,641,-1,779,780,716,-1,716,780,717,-1,780,781,717,-1,717,781,740,-1,782,783,784,-1,784,783,785,-1,627,786,787,-1,631,788,789,-1,635,790,791,-1,639,792,793,-1,675,794,795,-1,796,780,779,-1,675,797,794,-1,794,797,798,-1,794,798,799,-1,800,781,801,-1,801,781,802,-1,801,802,803,-1,803,802,796,-1,803,796,804,-1,804,796,785,-1,805,806,784,-1,785,796,784,-1,784,796,807,-1,784,807,805,-1,808,807,798,-1,798,807,796,-1,798,796,799,-1,799,796,779,-1,799,779,809,-1,809,779,810,-1,809,810,795,-1,795,810,811,-1,795,811,675,-1,806,805,812,-1,812,805,813,-1,812,813,678,-1,678,813,808,-1,678,808,679,-1,679,808,798,-1,679,798,814,-1,710,711,798,-1,814,798,815,-1,815,798,711,-1,815,711,816,-1,817,818,798,-1,798,818,819,-1,798,819,710,-1,710,819,820,-1,710,820,821,-1,821,820,822,-1,822,820,823,-1,822,823,668,-1,668,823,818,-1,668,818,669,-1,669,818,817,-1,669,817,824,-1,686,687,817,-1,824,817,825,-1,825,817,687,-1,825,687,826,-1,827,828,817,-1,817,828,829,-1,817,829,686,-1,686,829,830,-1,686,830,831,-1,831,830,832,-1,832,830,833,-1,832,833,644,-1,644,833,828,-1,644,828,645,-1,645,828,827,-1,645,827,834,-1,690,691,827,-1,834,827,835,-1,835,827,691,-1,835,691,836,-1,837,838,827,-1,827,838,839,-1,827,839,690,-1,690,839,840,-1,690,840,841,-1,841,840,842,-1,842,840,843,-1,842,843,648,-1,648,843,838,-1,648,838,649,-1,649,838,837,-1,649,837,844,-1,694,695,837,-1,844,837,845,-1,845,837,695,-1,845,695,846,-1,847,848,837,-1,837,848,849,-1,837,849,694,-1,694,849,850,-1,694,850,851,-1,851,850,852,-1,852,850,853,-1,852,853,652,-1,652,853,848,-1,652,848,653,-1,653,848,847,-1,653,847,854,-1,698,699,847,-1,854,847,855,-1,855,847,699,-1,855,699,856,-1,857,858,847,-1,847,858,859,-1,847,859,698,-1,698,859,860,-1,698,860,861,-1,861,860,862,-1,862,860,863,-1,862,863,656,-1,656,863,858,-1,656,858,657,-1,657,858,857,-1,657,857,864,-1,778,865,866,-1,866,865,867,-1,866,867,868,-1,868,867,869,-1,868,869,857,-1,857,869,870,-1,857,870,864,-1,793,792,871,-1,642,872,857,-1,857,872,643,-1,857,643,868,-1,792,873,871,-1,871,873,642,-1,871,642,874,-1,874,642,857,-1,874,857,875,-1,875,857,847,-1,791,790,876,-1,793,875,639,-1,639,875,847,-1,639,847,877,-1,877,847,638,-1,790,878,876,-1,876,878,638,-1,876,638,879,-1,879,638,847,-1,879,847,880,-1,880,847,837,-1,789,788,881,-1,791,880,635,-1,635,880,837,-1,635,837,882,-1,882,837,634,-1,788,883,881,-1,881,883,634,-1,881,634,884,-1,884,634,837,-1,884,837,885,-1,885,837,827,-1,787,786,886,-1,789,885,631,-1,631,885,827,-1,631,827,887,-1,887,827,630,-1,786,888,886,-1,886,888,630,-1,886,630,889,-1,889,630,827,-1,889,827,890,-1,890,827,817,-1,891,674,892,-1,892,674,893,-1,892,893,894,-1,787,890,627,-1,627,890,817,-1,627,817,895,-1,895,817,626,-1,893,896,894,-1,894,896,626,-1,894,626,897,-1,897,626,817,-1,897,817,891,-1,891,817,798,-1,891,798,674,-1,674,798,797,-1,748,783,747,-1,747,783,782,-1,711,709,816,-1,816,709,712,-1,816,712,744,-1,681,679,682,-1,682,679,814,-1,682,814,743,-1,814,816,743,-1,743,816,744,-1,699,697,856,-1,856,697,706,-1,856,706,762,-1,655,653,664,-1,664,653,854,-1,664,854,761,-1,854,856,761,-1,761,856,762,-1,695,693,846,-1,846,693,704,-1,846,704,758,-1,651,649,662,-1,662,649,844,-1,662,844,757,-1,844,846,757,-1,757,846,758,-1,691,689,836,-1,836,689,702,-1,836,702,754,-1,647,645,660,-1,660,645,834,-1,660,834,753,-1,834,836,753,-1,753,836,754,-1,687,685,826,-1,826,685,700,-1,826,700,750,-1,671,669,672,-1,672,669,824,-1,672,824,749,-1,824,826,749,-1,749,826,750,-1,781,800,740,-1,740,800,741,-1,800,803,741,-1,741,803,742,-1,803,804,742,-1,742,804,736,-1,785,783,804,-1,804,783,748,-1,804,748,736,-1,659,657,666,-1,666,657,864,-1,666,864,766,-1,864,869,766,-1,766,869,764,-1,869,865,764,-1,764,865,765,-1,865,778,765,-1,765,778,769,-1,678,680,812,-1,812,680,683,-1,812,683,737,-1,782,784,747,-1,747,784,806,-1,747,806,746,-1,806,812,746,-1,746,812,737,-1,738,677,811,-1,811,677,675,-1,810,779,715,-1,715,779,716,-1,811,810,738,-1,738,810,715,-1,861,862,768,-1,768,862,767,-1,696,698,707,-1,707,698,861,-1,707,861,768,-1,656,658,862,-1,862,658,667,-1,862,667,767,-1,725,640,873,-1,873,640,642,-1,792,639,726,-1,726,639,637,-1,873,792,725,-1,725,792,726,-1,851,852,763,-1,763,852,760,-1,692,694,705,-1,705,694,851,-1,705,851,763,-1,652,654,852,-1,852,654,665,-1,852,665,760,-1,729,636,878,-1,878,636,638,-1,790,635,714,-1,714,635,633,-1,878,790,729,-1,729,790,714,-1,841,842,759,-1,759,842,756,-1,688,690,703,-1,703,690,841,-1,703,841,759,-1,648,650,842,-1,842,650,663,-1,842,663,756,-1,728,632,883,-1,883,632,634,-1,788,631,731,-1,731,631,629,-1,883,788,728,-1,728,788,731,-1,831,832,755,-1,755,832,752,-1,684,686,701,-1,701,686,831,-1,701,831,755,-1,644,646,832,-1,832,646,661,-1,832,661,752,-1,732,628,888,-1,888,628,630,-1,786,627,733,-1,733,627,625,-1,888,786,732,-1,732,786,733,-1,821,822,751,-1,751,822,745,-1,708,710,713,-1,713,710,821,-1,713,821,751,-1,668,670,822,-1,822,670,673,-1,822,673,745,-1,739,624,896,-1,896,624,626,-1,893,674,735,-1,735,674,676,-1,896,893,739,-1,739,893,735,-1,620,622,898,-1,898,622,899,-1,900,899,623,-1,623,899,622,-1,901,900,618,-1,618,900,623,-1,898,899,901,-1,901,899,900,-1,620,898,618,-1,618,898,901,-1,902,903,589,-1,589,903,588,-1,593,600,902,-1,902,600,903,-1,577,591,617,-1,904,607,606,-1,905,906,250,-1,617,907,577,-1,577,907,908,-1,577,908,250,-1,909,605,604,-1,592,248,910,-1,910,248,250,-1,910,250,911,-1,911,250,906,-1,911,906,594,-1,594,906,595,-1,912,913,250,-1,604,912,909,-1,909,912,250,-1,909,250,914,-1,914,250,908,-1,914,908,613,-1,613,908,614,-1,606,905,904,-1,904,905,250,-1,904,250,915,-1,915,250,913,-1,915,913,612,-1,612,913,611,-1,600,546,903,-1,903,546,542,-1,903,542,588,-1,588,542,587,-1,587,542,586,-1,586,542,549,-1,559,554,579,-1,579,554,553,-1,564,593,902,-1,589,585,902,-1,902,585,566,-1,902,566,564,-1,566,585,216,-1,216,585,214,-1,569,568,575,-1,575,568,581,-1,
        ]
    }
}
Shape{
    appearance Appearance {
        material  Material 	{
            diffuseColor 0.7764705882352941 0.7568627450980392 0.7372549019607844
            specularColor 0.38823529411764707 0.3764705882352941 0.3686274509803922
            ambientIntensity 0.7605
            transparency 0.0
            shininess 0.5
        }
    }
    geometry IndexedFaceSet {
        ccw TRUE
        solid FALSE
        coord DEF co Coordinate {
            point [
                1.2677 0.5 0.0, 1.2677 0.3451 0.1233, 1.189 0.5 0.0, 1.189 0.3451 0.1233, 1.2677 0.8252 0.0, 1.189 0.8252 0.0, 1.189 0.8322 0.0008, 1.2677 0.8322 0.0008, 1.189 0.8389 0.0031, 1.2677 0.8389 0.0031, 1.189 0.8448 0.0069, 1.2677 0.8448 0.0069, 1.189 0.8498 0.0119, 1.2677 0.8498 0.0119, 1.189 0.8536 0.0178, 1.2677 0.8536 0.0178, 1.189 0.8559 0.0245, 1.2677 0.8559 0.0245, 1.189 0.8567 0.0315, 1.2677 0.8567 0.0315, 1.2677 0.8567 0.1575, 1.189 0.8567 0.1575, 1.2677 0.555 0.1575, 1.189 0.555 0.1575, 1.189 0.2858 0.1233, 1.189 0.2858 0.2165, 1.189 0.4808 0.2165, 1.2677 0.2858 0.2165, 1.2677 0.2858 0.1233, 1.2677 0.4808 0.2165, 1.2677 0.3648 1.5748, 1.2677 0.3961 1.5748, 1.189 0.3648 1.5748, 1.189 0.3961 1.5748, 1.189 0.3473 1.5728, 1.2677 0.3473 1.5728, 1.189 0.3307 1.567, 1.2677 0.3307 1.567, 1.189 0.3157 1.5576, 1.2677 0.3157 1.5576, 1.189 0.3033 1.5452, 1.2677 0.3033 1.5452, 1.189 0.2939 1.5303, 1.2677 0.2939 1.5303, 1.2677 0.2425 1.4237, 1.189 0.2425 1.4237, 1.189 0.2366 1.407, 1.2677 0.2366 1.407, 1.189 0.2346 1.3895, 1.2677 0.2346 1.3895, 1.2677 0.2346 0.4331, 1.2677 0.3961 0.4331, 1.189 0.3961 0.4331, 1.189 0.2346 0.4331, 1.2677 -0.3165 0.4331, 1.2677 -0.0107 0.4331, 1.2677 -0.3165 1.5748, 1.2677 -0.0535 1.1485, 1.2677 -0.053 1.1579, 1.2677 -0.0502 1.1669, 1.2677 -0.0454 1.175, 1.2677 -0.0388 1.1817, 1.2677 -0.0164 1.1995, 1.2677 -0.0102 1.2057, 1.2677 -0.0016 1.2303, 1.2677 -0.0103 1.2721, 1.2677 -0.2426 1.5602, 1.2677 -0.2733 1.5748, 1.2677 -0.2646 1.5738, 1.2677 -0.2489 1.5663, 1.2677 -0.2563 1.571, 1.2677 -0.0016 1.2474, 1.2677 -0.0026 1.2562, 1.2677 -0.0055 1.2646, 1.2677 -0.0055 1.2132, 1.2677 -0.0026 1.2215, 1.189 -0.0454 1.175, 1.189 -0.0502 1.1669, 1.189 -0.3165 1.5748, 1.189 -0.0388 1.1817, 1.189 -0.0107 0.4331, 1.189 -0.3165 0.4331, 1.189 -0.0535 1.1485, 1.189 -0.053 1.1579, 1.189 -0.2733 1.5748, 1.189 -0.2426 1.5602, 1.189 -0.2646 1.5738, 1.189 -0.2489 1.5663, 1.189 -0.2563 1.571, 1.189 -0.0103 1.2721, 1.189 -0.0016 1.2303, 1.189 -0.0026 1.2215, 1.189 -0.0055 1.2132, 1.189 -0.0055 1.2646, 1.189 -0.0026 1.2562, 1.189 -0.0016 1.2474, 1.189 -0.0102 1.2057, 1.189 -0.0164 1.1995, 0.7756 0.5 0.0, 0.7756 0.3451 0.1233, 0.6969 0.5 0.0, 0.6969 0.3451 0.1233, 0.7756 0.8252 0.0, 0.6969 0.8252 0.0, 0.6969 0.8322 0.0008, 0.7756 0.8322 0.0008, 0.6969 0.8389 0.0031, 0.7756 0.8389 0.0031, 0.6969 0.8448 0.0069, 0.7756 0.8448 0.0069, 0.6969 0.8498 0.0119, 0.7756 0.8498 0.0119, 0.6969 0.8536 0.0178, 0.7756 0.8536 0.0178, 0.6969 0.8559 0.0245, 0.7756 0.8559 0.0245, 0.6969 0.8567 0.0315, 0.7756 0.8567 0.0315, 0.7756 0.8567 0.1575, 0.6969 0.8567 0.1575, 0.7756 0.555 0.1575, 0.6969 0.555 0.1575, 0.6969 0.2858 0.1233, 0.6969 0.2858 0.2165, 0.6969 0.4808 0.2165, 0.7756 0.2858 0.2165, 0.7756 0.2858 0.1233, 0.7756 0.4808 0.2165, 0.7756 0.3648 1.5748, 0.7756 0.3961 1.5748, 0.6969 0.3648 1.5748, 0.6969 0.3961 1.5748, 0.6969 0.3473 1.5728, 0.7756 0.3473 1.5728, 0.6969 0.3307 1.567, 0.7756 0.3307 1.567, 0.6969 0.3157 1.5576, 0.7756 0.3157 1.5576, 0.6969 0.3033 1.5452, 0.7756 0.3033 1.5452, 0.6969 0.2939 1.5303, 0.7756 0.2939 1.5303, 0.7756 0.2425 1.4237, 0.6969 0.2425 1.4237, 0.6969 0.2366 1.407, 0.7756 0.2366 1.407, 0.6969 0.2346 1.3895, 0.7756 0.2346 1.3895, 0.7756 0.2346 0.4331, 0.7756 0.3961 0.4331, 0.6969 0.3961 0.4331, 0.6969 0.2346 0.4331, 0.7756 -0.3165 0.4331, 0.7756 -0.0107 0.4331, 0.7756 -0.3165 1.5748, 0.7756 -0.0535 1.1485, 0.7756 -0.053 1.1579, 0.7756 -0.0502 1.1669, 0.7756 -0.0454 1.175, 0.7756 -0.0388 1.1817, 0.7756 -0.0164 1.1995, 0.7756 -0.0102 1.2057, 0.7756 -0.0016 1.2303, 0.7756 -0.0103 1.2721, 0.7756 -0.2426 1.5602, 0.7756 -0.2733 1.5748, 0.7756 -0.2646 1.5738, 0.7756 -0.2489 1.5663, 0.7756 -0.2563 1.571, 0.7756 -0.0016 1.2474, 0.7756 -0.0026 1.2562, 0.7756 -0.0055 1.2646, 0.7756 -0.0055 1.2132, 0.7756 -0.0026 1.2215, 0.6969 -0.0454 1.175, 0.6969 -0.0502 1.1669, 0.6969 -0.3165 1.5748, 0.6969 -0.0388 1.1817, 0.6969 -0.0107 0.4331, 0.6969 -0.3165 0.4331, 0.6969 -0.0535 1.1485, 0.6969 -0.053 1.1579, 0.6969 -0.2733 1.5748, 0.6969 -0.2426 1.5602, 0.6969 -0.2646 1.5738, 0.6969 -0.2489 1.5663, 0.6969 -0.2563 1.571, 0.6969 -0.0103 1.2721, 0.6969 -0.0016 1.2303, 0.6969 -0.0026 1.2215, 0.6969 -0.0055 1.2132, 0.6969 -0.0055 1.2646, 0.6969 -0.0026 1.2562, 0.6969 -0.0016 1.2474, 0.6969 -0.0102 1.2057, 0.6969 -0.0164 1.1995, 0.2835 0.5 0.0, 0.2835 0.3451 0.1233, 0.2047 0.5 0.0, 0.2047 0.3451 0.1233, 0.2835 0.8252 0.0, 0.2047 0.8252 0.0, 0.2047 0.8322 0.0008, 0.2835 0.8322 0.0008, 0.2047 0.8389 0.0031, 0.2835 0.8389 0.0031, 0.2047 0.8448 0.0069, 0.2835 0.8448 0.0069, 0.2047 0.8498 0.0119, 0.2835 0.8498 0.0119, 0.2047 0.8536 0.0178, 0.2835 0.8536 0.0178, 0.2047 0.8559 0.0245, 0.2835 0.8559 0.0245, 0.2047 0.8567 0.0315, 0.2835 0.8567 0.0315, 0.2835 0.8567 0.1575, 0.2047 0.8567 0.1575, 0.2835 0.555 0.1575, 0.2047 0.555 0.1575, 0.2047 0.2858 0.1233, 0.2047 0.2858 0.2165, 0.2047 0.4808 0.2165, 0.2835 0.2858 0.2165, 0.2835 0.2858 0.1233, 0.2835 0.4808 0.2165, 0.2835 0.3648 1.5748, 0.2835 0.3961 1.5748, 0.2047 0.3648 1.5748, 0.2047 0.3961 1.5748, 0.2047 0.3473 1.5728, 0.2835 0.3473 1.5728, 0.2047 0.3307 1.567, 0.2835 0.3307 1.567, 0.2047 0.3157 1.5576, 0.2835 0.3157 1.5576, 0.2047 0.3033 1.5452, 0.2835 0.3033 1.5452, 0.2047 0.2939 1.5303, 0.2835 0.2939 1.5303, 0.2835 0.2425 1.4237, 0.2047 0.2425 1.4237, 0.2047 0.2366 1.407, 0.2835 0.2366 1.407, 0.2047 0.2346 1.3895, 0.2835 0.2346 1.3895, 0.2835 0.2346 0.4331, 0.2835 0.3961 0.4331, 0.2047 0.3961 0.4331, 0.2047 0.2346 0.4331, 0.2835 -0.3165 0.4331, 0.2835 -0.0107 0.4331, 0.2835 -0.3165 1.5748, 0.2835 -0.0535 1.1485, 0.2835 -0.053 1.1579, 0.2835 -0.0502 1.1669, 0.2835 -0.0454 1.175, 0.2835 -0.0388 1.1817, 0.2835 -0.0164 1.1995, 0.2835 -0.0102 1.2057, 0.2835 -0.0016 1.2303, 0.2835 -0.0103 1.2721, 0.2835 -0.2426 1.5602, 0.2835 -0.2733 1.5748, 0.2835 -0.2646 1.5738, 0.2835 -0.2489 1.5663, 0.2835 -0.2563 1.571, 0.2835 -0.0016 1.2474, 0.2835 -0.0026 1.2562, 0.2835 -0.0055 1.2646, 0.2835 -0.0055 1.2132, 0.2835 -0.0026 1.2215, 0.2047 -0.0454 1.175, 0.2047 -0.0502 1.1669, 0.2047 -0.3165 1.5748, 0.2047 -0.0388 1.1817, 0.2047 -0.0107 0.4331, 0.2047 -0.3165 0.4331, 0.2047 -0.0535 1.1485, 0.2047 -0.053 1.1579, 0.2047 -0.2733 1.5748, 0.2047 -0.2426 1.5602, 0.2047 -0.2646 1.5738, 0.2047 -0.2489 1.5663, 0.2047 -0.2563 1.571, 0.2047 -0.0103 1.2721, 0.2047 -0.0016 1.2303, 0.2047 -0.0026 1.2215, 0.2047 -0.0055 1.2132, 0.2047 -0.0055 1.2646, 0.2047 -0.0026 1.2562, 0.2047 -0.0016 1.2474, 0.2047 -0.0102 1.2057, 0.2047 -0.0164 1.1995, -0.2087 0.5 0.0, -0.2087 0.3451 0.1233, -0.2874 0.5 0.0, -0.2874 0.3451 0.1233, -0.2087 0.8252 0.0, -0.2874 0.8252 0.0, -0.2874 0.8322 0.0008, -0.2087 0.8322 0.0008, -0.2874 0.8389 0.0031, -0.2087 0.8389 0.0031, -0.2874 0.8448 0.0069, -0.2087 0.8448 0.0069, -0.2874 0.8498 0.0119, -0.2087 0.8498 0.0119, -0.2874 0.8536 0.0178, -0.2087 0.8536 0.0178, -0.2874 0.8559 0.0245, -0.2087 0.8559 0.0245, -0.2874 0.8567 0.0315, -0.2087 0.8567 0.0315, -0.2087 0.8567 0.1575, -0.2874 0.8567 0.1575, -0.2087 0.555 0.1575, -0.2874 0.555 0.1575, -0.2874 0.2858 0.1233, -0.2874 0.2858 0.2165, -0.2874 0.4808 0.2165, -0.2087 0.2858 0.2165, -0.2087 0.2858 0.1233, -0.2087 0.4808 0.2165, -0.2087 0.3648 1.5748, -0.2087 0.3961 1.5748, -0.2874 0.3648 1.5748, -0.2874 0.3961 1.5748, -0.2874 0.3473 1.5728, -0.2087 0.3473 1.5728, -0.2874 0.3307 1.567, -0.2087 0.3307 1.567, -0.2874 0.3157 1.5576, -0.2087 0.3157 1.5576, -0.2874 0.3033 1.5452, -0.2087 0.3033 1.5452, -0.2874 0.2939 1.5303, -0.2087 0.2939 1.5303, -0.2087 0.2425 1.4237, -0.2874 0.2425 1.4237, -0.2874 0.2366 1.407, -0.2087 0.2366 1.407, -0.2874 0.2346 1.3895, -0.2087 0.2346 1.3895, -0.2087 0.2346 0.4331, -0.2087 0.3961 0.4331, -0.2874 0.3961 0.4331, -0.2874 0.2346 0.4331, -0.2087 -0.3165 0.4331, -0.2087 -0.0107 0.4331, -0.2087 -0.3165 1.5748, -0.2087 -0.0535 1.1485, -0.2087 -0.053 1.1579, -0.2087 -0.0502 1.1669, -0.2087 -0.0454 1.175, -0.2087 -0.0388 1.1817, -0.2087 -0.0164 1.1995, -0.2087 -0.0102 1.2057, -0.2087 -0.0016 1.2303, -0.2087 -0.0103 1.2721, -0.2087 -0.2426 1.5602, -0.2087 -0.2733 1.5748, -0.2087 -0.2646 1.5738, -0.2087 -0.2489 1.5663, -0.2087 -0.2563 1.571, -0.2087 -0.0016 1.2474, -0.2087 -0.0026 1.2562, -0.2087 -0.0055 1.2646, -0.2087 -0.0055 1.2132, -0.2087 -0.0026 1.2215, -0.2874 -0.0454 1.175, -0.2874 -0.0502 1.1669, -0.2874 -0.3165 1.5748, -0.2874 -0.0388 1.1817, -0.2874 -0.0107 0.4331, -0.2874 -0.3165 0.4331, -0.2874 -0.0535 1.1485, -0.2874 -0.053 1.1579, -0.2874 -0.2733 1.5748, -0.2874 -0.2426 1.5602, -0.2874 -0.2646 1.5738, -0.2874 -0.2489 1.5663, -0.2874 -0.2563 1.571, -0.2874 -0.0103 1.2721, -0.2874 -0.0016 1.2303, -0.2874 -0.0026 1.2215, -0.2874 -0.0055 1.2132, -0.2874 -0.0055 1.2646, -0.2874 -0.0026 1.2562, -0.2874 -0.0016 1.2474, -0.2874 -0.0102 1.2057, -0.2874 -0.0164 1.1995, -0.7008 0.5 0.0, -0.7008 0.3451 0.1233, -0.7795 0.5 0.0, -0.7795 0.3451 0.1233, -0.7008 0.8252 0.0, -0.7795 0.8252 0.0, -0.7795 0.8322 0.0008, -0.7008 0.8322 0.0008, -0.7795 0.8389 0.0031, -0.7008 0.8389 0.0031, -0.7795 0.8448 0.0069, -0.7008 0.8448 0.0069, -0.7795 0.8498 0.0119, -0.7008 0.8498 0.0119, -0.7795 0.8536 0.0178, -0.7008 0.8536 0.0178, -0.7795 0.8559 0.0245, -0.7008 0.8559 0.0245, -0.7795 0.8567 0.0315, -0.7008 0.8567 0.0315, -0.7008 0.8567 0.1575, -0.7795 0.8567 0.1575, -0.7008 0.555 0.1575, -0.7795 0.555 0.1575, -0.7795 0.2858 0.1233, -0.7795 0.2858 0.2165, -0.7795 0.4808 0.2165, -0.7008 0.2858 0.2165, -0.7008 0.2858 0.1233, -0.7008 0.4808 0.2165, -0.7008 0.3648 1.5748, -0.7008 0.3961 1.5748, -0.7795 0.3648 1.5748, -0.7795 0.3961 1.5748, -0.7795 0.3473 1.5728, -0.7008 0.3473 1.5728, -0.7795 0.3307 1.567, -0.7008 0.3307 1.567, -0.7795 0.3157 1.5576, -0.7008 0.3157 1.5576, -0.7795 0.3033 1.5452, -0.7008 0.3033 1.5452, -0.7795 0.2939 1.5303, -0.7008 0.2939 1.5303, -0.7008 0.2425 1.4237, -0.7795 0.2425 1.4237, -0.7795 0.2366 1.407, -0.7008 0.2366 1.407, -0.7795 0.2346 1.3895, -0.7008 0.2346 1.3895, -0.7008 0.2346 0.4331, -0.7008 0.3961 0.4331, -0.7795 0.3961 0.4331, -0.7795 0.2346 0.4331, -0.7008 -0.3165 0.4331, -0.7008 -0.0107 0.4331, -0.7008 -0.3165 1.5748, -0.7008 -0.0535 1.1485, -0.7008 -0.053 1.1579, -0.7008 -0.0502 1.1669, -0.7008 -0.0454 1.175, -0.7008 -0.0388 1.1817, -0.7008 -0.0164 1.1995, -0.7008 -0.0102 1.2057, -0.7008 -0.0016 1.2303, -0.7008 -0.0103 1.2721, -0.7008 -0.2426 1.5602, -0.7008 -0.2733 1.5748, -0.7008 -0.2646 1.5738, -0.7008 -0.2489 1.5663, -0.7008 -0.2563 1.571, -0.7008 -0.0016 1.2474, -0.7008 -0.0026 1.2562, -0.7008 -0.0055 1.2646, -0.7008 -0.0055 1.2132, -0.7008 -0.0026 1.2215, -0.7795 -0.0454 1.175, -0.7795 -0.0502 1.1669, -0.7795 -0.3165 1.5748, -0.7795 -0.0388 1.1817, -0.7795 -0.0107 0.4331, -0.7795 -0.3165 0.4331, -0.7795 -0.0535 1.1485, -0.7795 -0.053 1.1579, -0.7795 -0.2733 1.5748, -0.7795 -0.2426 1.5602, -0.7795 -0.2646 1.5738, -0.7795 -0.2489 1.5663, -0.7795 -0.2563 1.571, -0.7795 -0.0103 1.2721, -0.7795 -0.0016 1.2303, -0.7795 -0.0026 1.2215, -0.7795 -0.0055 1.2132, -0.7795 -0.0055 1.2646, -0.7795 -0.0026 1.2562, -0.7795 -0.0016 1.2474, -0.7795 -0.0102 1.2057, -0.7795 -0.0164 1.1995, -1.1929 0.5 0.0, -1.1929 0.3451 0.1233, -1.2717 0.5 0.0, -1.2717 0.3451 0.1233, -1.1929 0.8252 0.0, -1.2717 0.8252 0.0, -1.2717 0.8322 0.0008, -1.1929 0.8322 0.0008, -1.2717 0.8389 0.0031, -1.1929 0.8389 0.0031, -1.2717 0.8448 0.0069, -1.1929 0.8448 0.0069, -1.2717 0.8498 0.0119, -1.1929 0.8498 0.0119, -1.2717 0.8536 0.0178, -1.1929 0.8536 0.0178, -1.2717 0.8559 0.0245, -1.1929 0.8559 0.0245, -1.2717 0.8567 0.0315, -1.1929 0.8567 0.0315, -1.1929 0.8567 0.1575, -1.2717 0.8567 0.1575, -1.1929 0.555 0.1575, -1.2717 0.555 0.1575, -1.2717 0.2858 0.1233, -1.2717 0.2858 0.2165, -1.2717 0.4808 0.2165, -1.1929 0.2858 0.2165, -1.1929 0.2858 0.1233, -1.1929 0.4808 0.2165, -1.1929 0.3648 1.5748, -1.1929 0.3961 1.5748, -1.2717 0.3648 1.5748, -1.2717 0.3961 1.5748, -1.2717 0.3473 1.5728, -1.1929 0.3473 1.5728, -1.2717 0.3307 1.567, -1.1929 0.3307 1.567, -1.2717 0.3157 1.5576, -1.1929 0.3157 1.5576, -1.2717 0.3033 1.5452, -1.1929 0.3033 1.5452, -1.2717 0.2939 1.5303, -1.1929 0.2939 1.5303, -1.1929 0.2425 1.4237, -1.2717 0.2425 1.4237, -1.2717 0.2366 1.407, -1.1929 0.2366 1.407, -1.2717 0.2346 1.3895, -1.1929 0.2346 1.3895, -1.1929 0.2346 0.4331, -1.1929 0.3961 0.4331, -1.2717 0.3961 0.4331, -1.2717 0.2346 0.4331, -1.1929 -0.3165 0.4331, -1.1929 -0.0107 0.4331, -1.1929 -0.3165 1.5748, -1.1929 -0.0535 1.1485, -1.1929 -0.053 1.1579, -1.1929 -0.0502 1.1669, -1.1929 -0.0454 1.175, -1.1929 -0.0388 1.1817, -1.1929 -0.0164 1.1995, -1.1929 -0.0102 1.2057, -1.1929 -0.0016 1.2303, -1.1929 -0.0103 1.2721, -1.1929 -0.2426 1.5602, -1.1929 -0.2733 1.5748, -1.1929 -0.2646 1.5738, -1.1929 -0.2489 1.5663, -1.1929 -0.2563 1.571, -1.1929 -0.0016 1.2474, -1.1929 -0.0026 1.2562, -1.1929 -0.0055 1.2646, -1.1929 -0.0055 1.2132, -1.1929 -0.0026 1.2215, -1.2717 -0.0454 1.175, -1.2717 -0.0502 1.1669, -1.2717 -0.3165 1.5748, -1.2717 -0.0388 1.1817, -1.2717 -0.0107 0.4331, -1.2717 -0.3165 0.4331, -1.2717 -0.0535 1.1485, -1.2717 -0.053 1.1579, -1.2717 -0.2733 1.5748, -1.2717 -0.2426 1.5602, -1.2717 -0.2646 1.5738, -1.2717 -0.2489 1.5663, -1.2717 -0.2563 1.571, -1.2717 -0.0103 1.2721, -1.2717 -0.0016 1.2303, -1.2717 -0.0026 1.2215, -1.2717 -0.0055 1.2132, -1.2717 -0.0055 1.2646, -1.2717 -0.0026 1.2562, -1.2717 -0.0016 1.2474, -1.2717 -0.0102 1.2057, -1.2717 -0.0164 1.1995, 1.9764 -1.0528 0.0787, 1.8976 -1.0528 0.0787, 1.8976 -1.0508 0.0612, 1.9764 -1.0508 0.0612, 1.8976 -1.045 0.0446, 1.9764 -1.045 0.0446, 1.8976 -1.0356 0.0296, 1.9764 -1.0356 0.0296, 1.8976 -1.0231 0.0172, 1.9764 -1.0231 0.0172, 1.8976 -1.0082 0.0078, 1.9764 -1.0082 0.0078, 1.8976 -0.9915 0.002, 1.9764 -0.9915 0.002, 1.8976 -0.974 0.0, 1.9764 -0.974 0.0, 1.9764 -0.3767 0.0, 1.8976 -0.3767 0.0, 1.8976 -0.3613 0.0015, 1.9764 -0.3613 0.0015, 1.8976 -0.3466 0.006, 1.9764 -0.3466 0.006, 1.8976 -0.333 0.0133, 1.9764 -0.333 0.0133, 1.8976 -0.321 0.0231, 1.9764 -0.321 0.0231, 1.8976 -1.0528 0.2559, 1.8976 -0.285 0.2559, 1.8976 -0.285 0.0591, 1.9764 -1.0528 0.2559, 1.9764 -0.285 0.2559, 1.9764 -0.285 0.0591, 1.9764 0.4039 0.2742, 1.9764 0.463 0.6327, 1.9764 0.4039 1.5315, 1.9764 0.4645 0.6481, 1.9764 0.469 0.6629, 1.9764 0.4763 0.6765, 1.9764 0.4861 0.6884, 1.9764 0.5974 0.7998, 1.9764 0.619 0.8401, 1.9764 0.6205 0.8554, 1.9764 0.6205 1.4528, 1.9764 0.5417 1.5315, 1.9764 0.4201 0.2803, 1.9764 0.4611 0.3332, 1.9764 0.463 0.3504, 1.9764 0.4345 0.2898, 1.9764 0.4465 0.3022, 1.9764 0.4555 0.3169, 1.9764 0.6072 0.8117, 1.9764 0.6145 0.8253, 1.9764 0.6185 1.4703, 1.9764 0.6127 1.4869, 1.9764 0.6033 1.5018, 1.9764 0.5908 1.5143, 1.9764 0.5759 1.5237, 1.9764 0.5593 1.5295, 1.8976 0.4763 0.6765, 1.8976 0.469 0.6629, 1.8976 0.4039 1.5315, 1.8976 0.4861 0.6884, 1.8976 0.463 0.3504, 1.8976 0.4611 0.3332, 1.8976 0.463 0.6327, 1.8976 0.4555 0.3169, 1.8976 0.6205 1.4528, 1.8976 0.5417 1.5315, 1.8976 0.6205 0.8554, 1.8976 0.619 0.8401, 1.8976 0.6145 0.8253, 1.8976 0.4465 0.3022, 1.8976 0.4345 0.2898, 1.8976 0.4201 0.2803, 1.8976 0.6072 0.8117, 1.8976 0.5974 0.7998, 1.8976 0.4039 0.2742, 1.8976 0.4645 0.6481, 1.8976 0.5593 1.5295, 1.8976 0.5759 1.5237, 1.8976 0.5908 1.5143, 1.8976 0.6033 1.5018, 1.8976 0.6127 1.4869, 1.8976 0.6185 1.4703, -1.9803 -0.321 0.0231, -1.9016 -0.321 0.0231, -1.9016 -0.333 0.0133, -1.9803 -0.333 0.0133, -1.9016 -0.3466 0.006, -1.9803 -0.3466 0.006, -1.9016 -0.3613 0.0015, -1.9803 -0.3613 0.0015, -1.9016 -0.3767 0.0, -1.9803 -0.3767 0.0, -1.9803 -0.974 0.0, -1.9016 -0.974 0.0, -1.9016 -0.9915 0.002, -1.9803 -0.9915 0.002, -1.9016 -1.0082 0.0078, -1.9803 -1.0082 0.0078, -1.9016 -1.0231 0.0172, -1.9803 -1.0231 0.0172, -1.9016 -1.0356 0.0296, -1.9803 -1.0356 0.0296, -1.9016 -1.045 0.0446, -1.9803 -1.045 0.0446, -1.9016 -1.0508 0.0612, -1.9803 -1.0508 0.0612, -1.9016 -1.0528 0.0787, -1.9803 -1.0528 0.0787, -1.9016 -0.285 0.0591, -1.9016 -0.285 0.2559, -1.9016 -1.0528 0.2559, -1.9803 -1.0528 0.2559, -1.9803 -0.285 0.2559, -1.9803 -0.285 0.0591, -1.9016 0.5417 1.5315, -1.9803 0.5417 1.5315, -1.9016 0.4039 1.5315, -1.9803 0.4039 1.5315, -1.9803 0.463 0.3504, -1.9016 0.463 0.3504, -1.9016 0.4611 0.3332, -1.9803 0.4611 0.3332, -1.9016 0.4555 0.3169, -1.9803 0.4555 0.3169, -1.9016 0.4465 0.3022, -1.9803 0.4465 0.3022, -1.9016 0.4345 0.2898, -1.9803 0.4345 0.2898, -1.9016 0.4201 0.2803, -1.9803 0.4201 0.2803, -1.9016 0.4039 0.2742, -1.9803 0.4039 0.2742, -1.9803 0.4861 0.6884, -1.9803 0.4763 0.6765, -1.9803 0.469 0.6629, -1.9803 0.463 0.6327, -1.9803 0.6145 0.8253, -1.9803 0.6072 0.8117, -1.9803 0.5974 0.7998, -1.9803 0.5908 1.5143, -1.9803 0.6033 1.5018, -1.9803 0.6127 1.4869, -1.9803 0.5593 1.5295, -1.9803 0.6205 1.4528, -1.9803 0.6205 0.8554, -1.9803 0.619 0.8401, -1.9803 0.5759 1.5237, -1.9803 0.6185 1.4703, -1.9803 0.4645 0.6481, -1.9016 0.469 0.6629, -1.9016 0.4763 0.6765, -1.9016 0.463 0.6327, -1.9016 0.4645 0.6481, -1.9016 0.4861 0.6884, -1.9016 0.5974 0.7998, -1.9016 0.6072 0.8117, -1.9016 0.5593 1.5295, -1.9016 0.6205 1.4528, -1.9016 0.6205 0.8554, -1.9016 0.6145 0.8253, -1.9016 0.619 0.8401, -1.9016 0.6033 1.5018, -1.9016 0.5908 1.5143, -1.9016 0.6127 1.4869, -1.9016 0.6185 1.4703, -1.9016 0.5759 1.5237
            ]
        }
        coordIndex [
            0,1,2,-1,2,1,3,-1,4,0,5,-1,5,0,2,-1,4,5,6,-1,4,6,7,-1,7,6,8,-1,7,8,9,-1,9,8,10,-1,9,10,11,-1,11,10,12,-1,11,12,13,-1,13,12,14,-1,13,14,15,-1,15,14,16,-1,15,16,17,-1,17,16,18,-1,17,18,19,-1,20,19,21,-1,21,19,18,-1,22,20,23,-1,23,20,21,-1,24,25,3,-1,3,25,26,-1,3,26,2,-1,2,26,23,-1,2,23,5,-1,5,23,21,-1,5,21,18,-1,18,16,5,-1,5,16,14,-1,5,14,12,-1,12,10,5,-1,5,10,8,-1,5,8,6,-1,27,28,29,-1,29,28,1,-1,29,1,22,-1,22,1,0,-1,22,0,20,-1,20,0,4,-1,15,17,4,-1,4,17,19,-1,4,19,20,-1,9,11,13,-1,15,4,13,-1,13,4,7,-1,13,7,9,-1,24,3,28,-1,28,3,1,-1,29,22,26,-1,26,22,23,-1,30,31,32,-1,32,31,33,-1,30,32,34,-1,30,34,35,-1,35,34,36,-1,35,36,37,-1,37,36,38,-1,37,38,39,-1,39,38,40,-1,39,40,41,-1,41,40,42,-1,41,42,43,-1,44,43,45,-1,45,43,42,-1,44,45,46,-1,44,46,47,-1,47,46,48,-1,47,48,49,-1,37,39,41,-1,50,51,49,-1,49,51,31,-1,49,31,47,-1,47,31,44,-1,44,31,43,-1,43,31,30,-1,43,30,41,-1,41,30,35,-1,41,35,37,-1,52,53,33,-1,33,53,48,-1,33,42,32,-1,32,42,40,-1,48,46,33,-1,33,46,45,-1,33,45,42,-1,38,36,40,-1,40,36,34,-1,40,34,32,-1,33,31,52,-1,52,31,51,-1,49,48,50,-1,50,48,53,-1,54,55,56,-1,56,55,57,-1,57,58,56,-1,56,58,59,-1,56,59,60,-1,60,61,56,-1,56,61,62,-1,56,62,63,-1,64,65,56,-1,56,65,66,-1,56,66,67,-1,67,66,68,-1,68,66,69,-1,68,69,70,-1,64,71,65,-1,65,71,72,-1,65,72,73,-1,63,74,56,-1,56,74,75,-1,56,75,64,-1,76,77,78,-1,76,78,79,-1,80,81,82,-1,82,81,78,-1,82,78,83,-1,83,78,77,-1,78,84,85,-1,85,84,86,-1,85,86,87,-1,87,86,88,-1,85,89,90,-1,85,90,78,-1,78,90,91,-1,78,91,92,-1,93,94,89,-1,89,94,95,-1,89,95,90,-1,92,96,78,-1,78,96,97,-1,78,97,79,-1,80,82,55,-1,55,82,57,-1,57,82,58,-1,58,82,83,-1,58,83,59,-1,59,83,77,-1,59,77,60,-1,60,77,76,-1,60,76,61,-1,61,76,79,-1,62,61,97,-1,97,61,79,-1,62,97,96,-1,62,96,63,-1,63,96,92,-1,63,92,74,-1,74,92,91,-1,74,91,75,-1,75,91,90,-1,75,90,64,-1,71,64,95,-1,95,64,90,-1,71,95,94,-1,71,94,72,-1,72,94,93,-1,72,93,73,-1,73,93,89,-1,73,89,65,-1,66,65,85,-1,85,65,89,-1,66,85,87,-1,66,87,69,-1,69,87,88,-1,69,88,70,-1,70,88,86,-1,70,86,68,-1,68,86,84,-1,68,84,67,-1,56,67,78,-1,78,67,84,-1,56,78,54,-1,54,78,81,-1,98,99,100,-1,100,99,101,-1,102,98,103,-1,103,98,100,-1,102,103,104,-1,102,104,105,-1,105,104,106,-1,105,106,107,-1,107,106,108,-1,107,108,109,-1,109,108,110,-1,109,110,111,-1,111,110,112,-1,111,112,113,-1,113,112,114,-1,113,114,115,-1,115,114,116,-1,115,116,117,-1,118,117,119,-1,119,117,116,-1,120,118,121,-1,121,118,119,-1,122,123,101,-1,101,123,124,-1,101,124,100,-1,100,124,121,-1,100,121,103,-1,103,121,119,-1,103,119,116,-1,116,114,103,-1,103,114,112,-1,103,112,110,-1,110,108,103,-1,103,108,106,-1,103,106,104,-1,125,126,127,-1,127,126,99,-1,127,99,120,-1,120,99,98,-1,120,98,118,-1,118,98,102,-1,113,115,102,-1,102,115,117,-1,102,117,118,-1,107,109,111,-1,113,102,111,-1,111,102,105,-1,111,105,107,-1,122,101,126,-1,126,101,99,-1,127,120,124,-1,124,120,121,-1,128,129,130,-1,130,129,131,-1,128,130,132,-1,128,132,133,-1,133,132,134,-1,133,134,135,-1,135,134,136,-1,135,136,137,-1,137,136,138,-1,137,138,139,-1,139,138,140,-1,139,140,141,-1,142,141,143,-1,143,141,140,-1,142,143,144,-1,142,144,145,-1,145,144,146,-1,145,146,147,-1,135,137,139,-1,148,149,147,-1,147,149,129,-1,147,129,145,-1,145,129,142,-1,142,129,141,-1,141,129,128,-1,141,128,139,-1,139,128,133,-1,139,133,135,-1,150,151,131,-1,131,151,146,-1,131,140,130,-1,130,140,138,-1,146,144,131,-1,131,144,143,-1,131,143,140,-1,136,134,138,-1,138,134,132,-1,138,132,130,-1,131,129,150,-1,150,129,149,-1,147,146,148,-1,148,146,151,-1,152,153,154,-1,154,153,155,-1,155,156,154,-1,154,156,157,-1,154,157,158,-1,158,159,154,-1,154,159,160,-1,154,160,161,-1,162,163,154,-1,154,163,164,-1,154,164,165,-1,165,164,166,-1,166,164,167,-1,166,167,168,-1,162,169,163,-1,163,169,170,-1,163,170,171,-1,161,172,154,-1,154,172,173,-1,154,173,162,-1,174,175,176,-1,174,176,177,-1,178,179,180,-1,180,179,176,-1,180,176,181,-1,181,176,175,-1,176,182,183,-1,183,182,184,-1,183,184,185,-1,185,184,186,-1,183,187,188,-1,183,188,176,-1,176,188,189,-1,176,189,190,-1,191,192,187,-1,187,192,193,-1,187,193,188,-1,190,194,176,-1,176,194,195,-1,176,195,177,-1,178,180,153,-1,153,180,155,-1,155,180,156,-1,156,180,181,-1,156,181,157,-1,157,181,175,-1,157,175,158,-1,158,175,174,-1,158,174,159,-1,159,174,177,-1,160,159,195,-1,195,159,177,-1,160,195,194,-1,160,194,161,-1,161,194,190,-1,161,190,172,-1,172,190,189,-1,172,189,173,-1,173,189,188,-1,173,188,162,-1,169,162,193,-1,193,162,188,-1,169,193,192,-1,169,192,170,-1,170,192,191,-1,170,191,171,-1,171,191,187,-1,171,187,163,-1,164,163,183,-1,183,163,187,-1,164,183,185,-1,164,185,167,-1,167,185,186,-1,167,186,168,-1,168,186,184,-1,168,184,166,-1,166,184,182,-1,166,182,165,-1,154,165,176,-1,176,165,182,-1,154,176,152,-1,152,176,179,-1,196,197,198,-1,198,197,199,-1,200,196,201,-1,201,196,198,-1,200,201,202,-1,200,202,203,-1,203,202,204,-1,203,204,205,-1,205,204,206,-1,205,206,207,-1,207,206,208,-1,207,208,209,-1,209,208,210,-1,209,210,211,-1,211,210,212,-1,211,212,213,-1,213,212,214,-1,213,214,215,-1,216,215,217,-1,217,215,214,-1,218,216,219,-1,219,216,217,-1,220,221,199,-1,199,221,222,-1,199,222,198,-1,198,222,219,-1,198,219,201,-1,201,219,217,-1,201,217,214,-1,214,212,201,-1,201,212,210,-1,201,210,208,-1,208,206,201,-1,201,206,204,-1,201,204,202,-1,223,224,225,-1,225,224,197,-1,225,197,218,-1,218,197,196,-1,218,196,216,-1,216,196,200,-1,211,213,200,-1,200,213,215,-1,200,215,216,-1,205,207,209,-1,211,200,209,-1,209,200,203,-1,209,203,205,-1,220,199,224,-1,224,199,197,-1,225,218,222,-1,222,218,219,-1,226,227,228,-1,228,227,229,-1,226,228,230,-1,226,230,231,-1,231,230,232,-1,231,232,233,-1,233,232,234,-1,233,234,235,-1,235,234,236,-1,235,236,237,-1,237,236,238,-1,237,238,239,-1,240,239,241,-1,241,239,238,-1,240,241,242,-1,240,242,243,-1,243,242,244,-1,243,244,245,-1,233,235,237,-1,246,247,245,-1,245,247,227,-1,245,227,243,-1,243,227,240,-1,240,227,239,-1,239,227,226,-1,239,226,237,-1,237,226,231,-1,237,231,233,-1,248,249,229,-1,229,249,244,-1,229,238,228,-1,228,238,236,-1,244,242,229,-1,229,242,241,-1,229,241,238,-1,234,232,236,-1,236,232,230,-1,236,230,228,-1,229,227,248,-1,248,227,247,-1,245,244,246,-1,246,244,249,-1,250,251,252,-1,252,251,253,-1,253,254,252,-1,252,254,255,-1,252,255,256,-1,256,257,252,-1,252,257,258,-1,252,258,259,-1,260,261,252,-1,252,261,262,-1,252,262,263,-1,263,262,264,-1,264,262,265,-1,264,265,266,-1,260,267,261,-1,261,267,268,-1,261,268,269,-1,259,270,252,-1,252,270,271,-1,252,271,260,-1,272,273,274,-1,272,274,275,-1,276,277,278,-1,278,277,274,-1,278,274,279,-1,279,274,273,-1,274,280,281,-1,281,280,282,-1,281,282,283,-1,283,282,284,-1,281,285,286,-1,281,286,274,-1,274,286,287,-1,274,287,288,-1,289,290,285,-1,285,290,291,-1,285,291,286,-1,288,292,274,-1,274,292,293,-1,274,293,275,-1,276,278,251,-1,251,278,253,-1,253,278,254,-1,254,278,279,-1,254,279,255,-1,255,279,273,-1,255,273,256,-1,256,273,272,-1,256,272,257,-1,257,272,275,-1,258,257,293,-1,293,257,275,-1,258,293,292,-1,258,292,259,-1,259,292,288,-1,259,288,270,-1,270,288,287,-1,270,287,271,-1,271,287,286,-1,271,286,260,-1,267,260,291,-1,291,260,286,-1,267,291,290,-1,267,290,268,-1,268,290,289,-1,268,289,269,-1,269,289,285,-1,269,285,261,-1,262,261,281,-1,281,261,285,-1,262,281,283,-1,262,283,265,-1,265,283,284,-1,265,284,266,-1,266,284,282,-1,266,282,264,-1,264,282,280,-1,264,280,263,-1,252,263,274,-1,274,263,280,-1,252,274,250,-1,250,274,277,-1,294,295,296,-1,296,295,297,-1,298,294,299,-1,299,294,296,-1,298,299,300,-1,298,300,301,-1,301,300,302,-1,301,302,303,-1,303,302,304,-1,303,304,305,-1,305,304,306,-1,305,306,307,-1,307,306,308,-1,307,308,309,-1,309,308,310,-1,309,310,311,-1,311,310,312,-1,311,312,313,-1,314,313,315,-1,315,313,312,-1,316,314,317,-1,317,314,315,-1,318,319,297,-1,297,319,320,-1,297,320,296,-1,296,320,317,-1,296,317,299,-1,299,317,315,-1,299,315,312,-1,312,310,299,-1,299,310,308,-1,299,308,306,-1,306,304,299,-1,299,304,302,-1,299,302,300,-1,321,322,323,-1,323,322,295,-1,323,295,316,-1,316,295,294,-1,316,294,314,-1,314,294,298,-1,309,311,298,-1,298,311,313,-1,298,313,314,-1,303,305,307,-1,309,298,307,-1,307,298,301,-1,307,301,303,-1,318,297,322,-1,322,297,295,-1,323,316,320,-1,320,316,317,-1,324,325,326,-1,326,325,327,-1,324,326,328,-1,324,328,329,-1,329,328,330,-1,329,330,331,-1,331,330,332,-1,331,332,333,-1,333,332,334,-1,333,334,335,-1,335,334,336,-1,335,336,337,-1,338,337,339,-1,339,337,336,-1,338,339,340,-1,338,340,341,-1,341,340,342,-1,341,342,343,-1,331,333,335,-1,344,345,343,-1,343,345,325,-1,343,325,341,-1,341,325,338,-1,338,325,337,-1,337,325,324,-1,337,324,335,-1,335,324,329,-1,335,329,331,-1,346,347,327,-1,327,347,342,-1,327,336,326,-1,326,336,334,-1,342,340,327,-1,327,340,339,-1,327,339,336,-1,332,330,334,-1,334,330,328,-1,334,328,326,-1,327,325,346,-1,346,325,345,-1,343,342,344,-1,344,342,347,-1,348,349,350,-1,350,349,351,-1,351,352,350,-1,350,352,353,-1,350,353,354,-1,354,355,350,-1,350,355,356,-1,350,356,357,-1,358,359,350,-1,350,359,360,-1,350,360,361,-1,361,360,362,-1,362,360,363,-1,362,363,364,-1,358,365,359,-1,359,365,366,-1,359,366,367,-1,357,368,350,-1,350,368,369,-1,350,369,358,-1,370,371,372,-1,370,372,373,-1,374,375,376,-1,376,375,372,-1,376,372,377,-1,377,372,371,-1,372,378,379,-1,379,378,380,-1,379,380,381,-1,381,380,382,-1,379,383,384,-1,379,384,372,-1,372,384,385,-1,372,385,386,-1,387,388,383,-1,383,388,389,-1,383,389,384,-1,386,390,372,-1,372,390,391,-1,372,391,373,-1,374,376,349,-1,349,376,351,-1,351,376,352,-1,352,376,377,-1,352,377,353,-1,353,377,371,-1,353,371,354,-1,354,371,370,-1,354,370,355,-1,355,370,373,-1,356,355,391,-1,391,355,373,-1,356,391,390,-1,356,390,357,-1,357,390,386,-1,357,386,368,-1,368,386,385,-1,368,385,369,-1,369,385,384,-1,369,384,358,-1,365,358,389,-1,389,358,384,-1,365,389,388,-1,365,388,366,-1,366,388,387,-1,366,387,367,-1,367,387,383,-1,367,383,359,-1,360,359,379,-1,379,359,383,-1,360,379,381,-1,360,381,363,-1,363,381,382,-1,363,382,364,-1,364,382,380,-1,364,380,362,-1,362,380,378,-1,362,378,361,-1,350,361,372,-1,372,361,378,-1,350,372,348,-1,348,372,375,-1,392,393,394,-1,394,393,395,-1,396,392,397,-1,397,392,394,-1,396,397,398,-1,396,398,399,-1,399,398,400,-1,399,400,401,-1,401,400,402,-1,401,402,403,-1,403,402,404,-1,403,404,405,-1,405,404,406,-1,405,406,407,-1,407,406,408,-1,407,408,409,-1,409,408,410,-1,409,410,411,-1,412,411,413,-1,413,411,410,-1,414,412,415,-1,415,412,413,-1,416,417,395,-1,395,417,418,-1,395,418,394,-1,394,418,415,-1,394,415,397,-1,397,415,413,-1,397,413,410,-1,410,408,397,-1,397,408,406,-1,397,406,404,-1,404,402,397,-1,397,402,400,-1,397,400,398,-1,419,420,421,-1,421,420,393,-1,421,393,414,-1,414,393,392,-1,414,392,412,-1,412,392,396,-1,407,409,396,-1,396,409,411,-1,396,411,412,-1,401,403,405,-1,407,396,405,-1,405,396,399,-1,405,399,401,-1,416,395,420,-1,420,395,393,-1,421,414,418,-1,418,414,415,-1,422,423,424,-1,424,423,425,-1,422,424,426,-1,422,426,427,-1,427,426,428,-1,427,428,429,-1,429,428,430,-1,429,430,431,-1,431,430,432,-1,431,432,433,-1,433,432,434,-1,433,434,435,-1,436,435,437,-1,437,435,434,-1,436,437,438,-1,436,438,439,-1,439,438,440,-1,439,440,441,-1,429,431,433,-1,442,443,441,-1,441,443,423,-1,441,423,439,-1,439,423,436,-1,436,423,435,-1,435,423,422,-1,435,422,433,-1,433,422,427,-1,433,427,429,-1,444,445,425,-1,425,445,440,-1,425,434,424,-1,424,434,432,-1,440,438,425,-1,425,438,437,-1,425,437,434,-1,430,428,432,-1,432,428,426,-1,432,426,424,-1,425,423,444,-1,444,423,443,-1,441,440,442,-1,442,440,445,-1,446,447,448,-1,448,447,449,-1,449,450,448,-1,448,450,451,-1,448,451,452,-1,452,453,448,-1,448,453,454,-1,448,454,455,-1,456,457,448,-1,448,457,458,-1,448,458,459,-1,459,458,460,-1,460,458,461,-1,460,461,462,-1,456,463,457,-1,457,463,464,-1,457,464,465,-1,455,466,448,-1,448,466,467,-1,448,467,456,-1,468,469,470,-1,468,470,471,-1,472,473,474,-1,474,473,470,-1,474,470,475,-1,475,470,469,-1,470,476,477,-1,477,476,478,-1,477,478,479,-1,479,478,480,-1,477,481,482,-1,477,482,470,-1,470,482,483,-1,470,483,484,-1,485,486,481,-1,481,486,487,-1,481,487,482,-1,484,488,470,-1,470,488,489,-1,470,489,471,-1,472,474,447,-1,447,474,449,-1,449,474,450,-1,450,474,475,-1,450,475,451,-1,451,475,469,-1,451,469,452,-1,452,469,468,-1,452,468,453,-1,453,468,471,-1,454,453,489,-1,489,453,471,-1,454,489,488,-1,454,488,455,-1,455,488,484,-1,455,484,466,-1,466,484,483,-1,466,483,467,-1,467,483,482,-1,467,482,456,-1,463,456,487,-1,487,456,482,-1,463,487,486,-1,463,486,464,-1,464,486,485,-1,464,485,465,-1,465,485,481,-1,465,481,457,-1,458,457,477,-1,477,457,481,-1,458,477,479,-1,458,479,461,-1,461,479,480,-1,461,480,462,-1,462,480,478,-1,462,478,460,-1,460,478,476,-1,460,476,459,-1,448,459,470,-1,470,459,476,-1,448,470,446,-1,446,470,473,-1,490,491,492,-1,492,491,493,-1,494,490,495,-1,495,490,492,-1,494,495,496,-1,494,496,497,-1,497,496,498,-1,497,498,499,-1,499,498,500,-1,499,500,501,-1,501,500,502,-1,501,502,503,-1,503,502,504,-1,503,504,505,-1,505,504,506,-1,505,506,507,-1,507,506,508,-1,507,508,509,-1,510,509,511,-1,511,509,508,-1,512,510,513,-1,513,510,511,-1,514,515,493,-1,493,515,516,-1,493,516,492,-1,492,516,513,-1,492,513,495,-1,495,513,511,-1,495,511,508,-1,508,506,495,-1,495,506,504,-1,495,504,502,-1,502,500,495,-1,495,500,498,-1,495,498,496,-1,517,518,519,-1,519,518,491,-1,519,491,512,-1,512,491,490,-1,512,490,510,-1,510,490,494,-1,505,507,494,-1,494,507,509,-1,494,509,510,-1,499,501,503,-1,505,494,503,-1,503,494,497,-1,503,497,499,-1,514,493,518,-1,518,493,491,-1,519,512,516,-1,516,512,513,-1,520,521,522,-1,522,521,523,-1,520,522,524,-1,520,524,525,-1,525,524,526,-1,525,526,527,-1,527,526,528,-1,527,528,529,-1,529,528,530,-1,529,530,531,-1,531,530,532,-1,531,532,533,-1,534,533,535,-1,535,533,532,-1,534,535,536,-1,534,536,537,-1,537,536,538,-1,537,538,539,-1,527,529,531,-1,540,541,539,-1,539,541,521,-1,539,521,537,-1,537,521,534,-1,534,521,533,-1,533,521,520,-1,533,520,531,-1,531,520,525,-1,531,525,527,-1,542,543,523,-1,523,543,538,-1,523,532,522,-1,522,532,530,-1,538,536,523,-1,523,536,535,-1,523,535,532,-1,528,526,530,-1,530,526,524,-1,530,524,522,-1,523,521,542,-1,542,521,541,-1,539,538,540,-1,540,538,543,-1,544,545,546,-1,546,545,547,-1,547,548,546,-1,546,548,549,-1,546,549,550,-1,550,551,546,-1,546,551,552,-1,546,552,553,-1,554,555,546,-1,546,555,556,-1,546,556,557,-1,557,556,558,-1,558,556,559,-1,558,559,560,-1,554,561,555,-1,555,561,562,-1,555,562,563,-1,553,564,546,-1,546,564,565,-1,546,565,554,-1,566,567,568,-1,566,568,569,-1,570,571,572,-1,572,571,568,-1,572,568,573,-1,573,568,567,-1,568,574,575,-1,575,574,576,-1,575,576,577,-1,577,576,578,-1,575,579,580,-1,575,580,568,-1,568,580,581,-1,568,581,582,-1,583,584,579,-1,579,584,585,-1,579,585,580,-1,582,586,568,-1,568,586,587,-1,568,587,569,-1,570,572,545,-1,545,572,547,-1,547,572,548,-1,548,572,573,-1,548,573,549,-1,549,573,567,-1,549,567,550,-1,550,567,566,-1,550,566,551,-1,551,566,569,-1,552,551,587,-1,587,551,569,-1,552,587,586,-1,552,586,553,-1,553,586,582,-1,553,582,564,-1,564,582,581,-1,564,581,565,-1,565,581,580,-1,565,580,554,-1,561,554,585,-1,585,554,580,-1,561,585,584,-1,561,584,562,-1,562,584,583,-1,562,583,563,-1,563,583,579,-1,563,579,555,-1,556,555,575,-1,575,555,579,-1,556,575,577,-1,556,577,559,-1,559,577,578,-1,559,578,560,-1,560,578,576,-1,560,576,558,-1,558,576,574,-1,558,574,557,-1,546,557,568,-1,568,557,574,-1,546,568,544,-1,544,568,571,-1,588,589,590,-1,588,590,591,-1,591,590,592,-1,591,592,593,-1,593,592,594,-1,593,594,595,-1,595,594,596,-1,595,596,597,-1,597,596,598,-1,597,598,599,-1,599,598,600,-1,599,600,601,-1,601,600,602,-1,601,602,603,-1,604,603,605,-1,605,603,602,-1,604,605,606,-1,604,606,607,-1,607,606,608,-1,607,608,609,-1,609,608,610,-1,609,610,611,-1,611,610,612,-1,611,612,613,-1,614,615,616,-1,616,612,614,-1,614,612,610,-1,614,610,608,-1,608,606,614,-1,614,606,605,-1,614,605,589,-1,589,605,602,-1,602,600,589,-1,589,600,598,-1,589,598,596,-1,596,594,589,-1,589,594,592,-1,589,592,590,-1,617,588,618,-1,618,588,603,-1,603,604,618,-1,618,604,607,-1,618,607,609,-1,609,611,618,-1,618,611,613,-1,618,613,619,-1,591,593,588,-1,588,593,595,-1,588,595,597,-1,597,599,588,-1,588,599,601,-1,588,601,603,-1,613,612,619,-1,619,612,616,-1,589,588,614,-1,614,588,617,-1,620,621,622,-1,622,621,623,-1,622,623,624,-1,624,625,622,-1,622,625,626,-1,622,626,627,-1,628,629,622,-1,622,629,630,-1,622,630,631,-1,632,633,620,-1,620,633,634,-1,620,634,621,-1,632,635,633,-1,633,635,636,-1,633,636,637,-1,627,638,622,-1,622,638,639,-1,622,639,628,-1,640,641,630,-1,630,641,642,-1,630,642,643,-1,643,644,630,-1,630,644,645,-1,630,645,631,-1,646,647,648,-1,646,648,649,-1,650,651,652,-1,652,651,653,-1,654,648,655,-1,654,656,648,-1,648,656,657,-1,648,657,658,-1,653,659,652,-1,652,659,660,-1,652,660,661,-1,658,662,648,-1,648,662,663,-1,648,663,649,-1,661,664,652,-1,652,664,648,-1,652,648,665,-1,665,648,647,-1,655,666,654,-1,654,666,667,-1,654,667,668,-1,668,669,654,-1,654,669,670,-1,654,670,671,-1,620,664,661,-1,620,661,632,-1,632,661,660,-1,632,660,635,-1,635,660,659,-1,635,659,636,-1,636,659,653,-1,636,653,637,-1,637,653,651,-1,637,651,633,-1,633,651,650,-1,633,650,634,-1,621,634,652,-1,652,634,650,-1,621,652,623,-1,623,652,665,-1,623,665,624,-1,624,665,647,-1,624,647,625,-1,625,647,646,-1,625,646,626,-1,626,646,649,-1,627,626,663,-1,663,626,649,-1,627,663,662,-1,627,662,638,-1,638,662,658,-1,638,658,639,-1,639,658,657,-1,639,657,628,-1,628,657,656,-1,628,656,629,-1,630,629,654,-1,654,629,656,-1,630,654,671,-1,630,671,640,-1,640,671,670,-1,640,670,641,-1,641,670,669,-1,641,669,642,-1,642,669,668,-1,642,668,643,-1,643,668,667,-1,643,667,644,-1,644,667,666,-1,644,666,645,-1,645,666,655,-1,645,655,631,-1,631,655,622,-1,622,655,648,-1,672,673,674,-1,672,674,675,-1,675,674,676,-1,675,676,677,-1,677,676,678,-1,677,678,679,-1,679,678,680,-1,679,680,681,-1,682,681,683,-1,683,681,680,-1,682,683,684,-1,682,684,685,-1,685,684,686,-1,685,686,687,-1,687,686,688,-1,687,688,689,-1,689,688,690,-1,689,690,691,-1,691,690,692,-1,691,692,693,-1,693,692,694,-1,693,694,695,-1,695,694,696,-1,695,696,697,-1,698,699,673,-1,673,699,700,-1,673,700,674,-1,674,700,676,-1,692,690,688,-1,684,683,696,-1,696,683,680,-1,696,680,700,-1,700,680,678,-1,700,678,676,-1,692,688,694,-1,694,688,696,-1,696,688,686,-1,696,686,684,-1,701,702,703,-1,703,672,701,-1,701,672,675,-1,701,675,677,-1,677,679,701,-1,701,679,681,-1,701,681,697,-1,697,681,682,-1,697,682,685,-1,689,691,693,-1,685,687,697,-1,697,687,689,-1,697,689,695,-1,695,689,693,-1,697,696,701,-1,701,696,700,-1,673,672,698,-1,698,672,703,-1,704,705,706,-1,706,705,707,-1,708,709,710,-1,708,710,711,-1,711,710,712,-1,711,712,713,-1,713,712,714,-1,713,714,715,-1,715,714,716,-1,715,716,717,-1,717,716,718,-1,717,718,719,-1,719,718,720,-1,719,720,721,-1,722,723,707,-1,707,723,724,-1,708,711,725,-1,725,711,713,-1,726,727,707,-1,707,727,728,-1,707,728,722,-1,729,730,731,-1,713,715,725,-1,725,715,717,-1,725,717,719,-1,732,733,705,-1,705,733,734,-1,705,734,707,-1,707,734,735,-1,707,735,726,-1,732,736,733,-1,733,736,729,-1,733,729,737,-1,737,729,731,-1,719,721,725,-1,725,721,707,-1,725,707,738,-1,738,707,724,-1,739,740,706,-1,720,741,706,-1,706,741,742,-1,706,742,739,-1,740,743,706,-1,706,743,744,-1,706,744,745,-1,746,704,747,-1,747,704,706,-1,747,706,748,-1,745,749,706,-1,706,749,750,-1,706,750,748,-1,718,710,720,-1,720,710,709,-1,720,709,741,-1,718,716,710,-1,710,716,714,-1,710,714,712,-1,751,752,753,-1,753,752,754,-1,754,752,747,-1,747,752,755,-1,747,755,746,-1,705,704,746,-1,705,746,732,-1,732,746,755,-1,732,755,736,-1,736,755,752,-1,736,752,729,-1,729,752,751,-1,729,751,730,-1,730,751,753,-1,730,753,731,-1,731,753,754,-1,731,754,737,-1,737,754,747,-1,737,747,733,-1,734,733,748,-1,748,733,747,-1,734,748,750,-1,734,750,735,-1,735,750,749,-1,735,749,726,-1,726,749,745,-1,726,745,727,-1,727,745,744,-1,727,744,728,-1,722,728,743,-1,743,728,744,-1,722,743,723,-1,723,743,740,-1,723,740,724,-1,724,740,739,-1,724,739,738,-1,738,739,742,-1,738,742,725,-1,725,742,741,-1,708,725,709,-1,709,725,741,-1,
        ]
    }
}
Shape{
    appearance Appearance {
        material  Material 	{
            diffuseColor 0.0 0.0 0.0
            specularColor 0.0 0.0 0.0
            ambientIntensity 0.0
            transparency 0.0
            shininess 0.5
        }
    }
    geometry IndexedFaceSet {
        ccw TRUE
        solid FALSE
        coord DEF co Coordinate {
            point [
                2.1181 -0.21 0.4477, 2.1181 -0.2016 0.4522, 2.1181 -0.2035 0.4756, 2.1181 -0.1367 0.3466, 2.1181 -0.1322 0.3551, 2.1181 -0.1299 0.3644, 2.1181 -0.1798 0.4767, 2.1181 -0.168 0.449, 2.1181 -0.1622 0.461, 2.1181 -0.1821 0.3635, 2.1181 -0.1828 0.367, 2.1181 -0.2033 0.3818, 2.1181 -0.2037 0.3564, 2.1181 -0.2085 0.3578, 2.1181 -0.2116 0.3869, 2.1181 -0.1885 0.4774, 2.1181 -0.0766 0.4004, 2.1181 -0.0883 0.4205, 2.1181 -0.1297 0.3723, 2.1181 -0.1392 0.3939, 2.1181 -0.1297 0.3685, 2.1181 -0.15 0.3349, 2.1181 -0.1424 0.3402, 2.1181 -0.1806 0.3603, 2.1181 -0.1942 0.3412, 2.1181 -0.1999 0.3482, 2.1181 -0.172 0.4857, 2.1181 -0.1537 0.4711, 2.1181 -0.1631 0.4934, 2.1181 -0.1436 0.4786, 2.1181 -0.1538 0.4991, 2.1181 -0.1922 0.4544, 2.1181 -0.1882 0.4547, 2.1181 -0.1842 0.4772, 2.1181 -0.1791 0.4535, 2.1181 -0.1706 0.4504, 2.1181 -0.156 0.3595, 2.1181 -0.1581 0.3572, 2.1181 -0.1609 0.3551, 2.1181 -0.1584 0.3317, 2.1181 -0.1642 0.3538, 2.1181 -0.1677 0.3305, 2.1181 -0.168 0.3533, 2.1181 -0.1691 0.3306, 2.1181 -0.1687 0.3533, 2.1181 -0.178 0.332, 2.1181 -0.1721 0.3539, 2.1181 -0.1868 0.3356, 2.1181 -0.1755 0.3554, 2.1181 -0.1784 0.3576, 2.1181 -0.1542 0.3734, 2.1181 -0.1533 0.3699, 2.1181 -0.1533 0.3664, 2.1181 -0.1542 0.3628, 2.1181 -0.0322 0.3639, 2.1181 -0.0477 0.3818, 2.1181 -0.0438 0.3583, 2.1181 -0.0547 0.3793, 2.1181 -0.0565 0.3556, 2.1181 -0.0587 0.3787, 2.1181 -0.0788 0.3556, 2.1181 -0.0758 0.3787, 2.1181 -0.081 0.3559, 2.1181 -0.1826 0.3707, 2.1181 -0.1815 0.3743, 2.1181 -0.1992 0.3899, 2.1181 -0.1795 0.3774, 2.1181 -0.1929 0.3971, 2.1181 -0.178 0.379, 2.1181 -0.1851 0.4025, 2.1181 -0.1751 0.3811, 2.1181 -0.1768 0.4057, 2.1181 -0.1717 0.3824, 2.1181 -0.1677 0.4068, 2.1181 -0.168 0.3829, 2.1181 -0.1631 0.4066, 2.1181 -0.1649 0.3826, 2.1181 -0.1539 0.4043, 2.1181 -0.1614 0.3813, 2.1181 -0.1458 0.4, 2.1181 -0.1583 0.3793, 2.1181 -0.1559 0.3765, 2.1181 -0.064 0.438, 2.1181 -0.061 0.438, 2.1181 -0.0455 0.4584, 2.1181 -0.0546 0.4373, 2.1181 -0.0436 0.4578, 2.1181 -0.0479 0.4349, 2.1181 -0.0323 0.4522, 2.1181 -0.0419 0.431, 2.1181 -0.022 0.4435, 2.1181 -0.0369 0.4256, 2.1181 -0.0143 0.4328, 2.1181 -0.0334 0.419, 2.1181 -0.0096 0.4212, 2.1181 -0.0316 0.4117, 2.1181 -0.0079 0.4087, 2.1181 -0.0314 0.4083, 2.1181 -0.0096 0.3952, 2.1181 -0.0321 0.4019, 2.1181 -0.0144 0.3832, 2.1181 -0.0345 0.395, 2.1181 -0.0219 0.3727, 2.1181 -0.0385 0.389, 2.1181 -0.0416 0.3858, 2.1181 -0.0659 0.4884, 2.1181 -0.0809 0.4711, 2.1181 -0.0534 0.4739, 2.1181 -0.0723 0.4608, 2.1181 -0.0664 0.4486, 2.1181 -0.225 0.4259, 2.1181 -0.2499 0.4196, 2.1181 -0.2261 0.4167, 2.1181 -0.25 0.4159, 2.1181 -0.2256 0.4108, 2.1181 -0.2482 0.401, 2.1181 -0.2229 0.4015, 2.1181 -0.2427 0.3869, 2.1181 -0.2184 0.3939, 2.1181 -0.2341 0.3746, 2.1181 -0.2223 0.3645, 2.1181 -0.2176 0.4701, 2.1181 -0.2296 0.4616, 2.1181 -0.2164 0.4419, 2.1181 -0.2322 0.4592, 2.1181 -0.2217 0.4344, 2.1181 -0.2413 0.4475, 2.1181 -0.2474 0.4338, 2.1181 -0.1363 0.5059, 2.1181 -0.1312 0.4836, 2.1181 -0.1176 0.5082, 2.1181 -0.1172 0.4854, 2.1181 -0.1019 0.5065, 2.1181 -0.1043 0.4838, 2.1181 -0.0829 0.4998, 2.1181 -0.0924 0.4792, 2.1181 -0.0817 0.4718, 2.1181 -0.0777 0.3791, 2.1181 -0.0868 0.3596, 2.1181 -0.086 0.3587, 2.1181 -0.0766 0.3788, 2.1181 -0.0835 0.3569, 2.1181 -0.0899 0.3674, 2.1181 -0.0895 0.3645, 2.1181 -0.0885 0.362, 2.1181 -0.081 0.3787, 2.1181 -0.0836 0.3777, 2.1181 -0.0898 0.3689, 2.1181 -0.086 0.3761, 2.1181 -0.0875 0.3743, 2.1181 -0.089 0.3717, 2.1181 -0.0781 0.3791, 2.1142 -0.0195 0.44, 2.1142 -0.0143 0.4328, 2.1142 -0.0109 0.4244, 2.1142 -0.0096 0.4212, 2.1142 -0.0079 0.4087, 2.1142 -0.022 0.4435, 2.1142 -0.0323 0.4522, 2.1142 -0.0436 0.4578, 2.1142 -0.0455 0.4584, 2.1142 -0.0534 0.4739, 2.1142 -0.0659 0.4884, 2.1142 -0.0747 0.4943, 2.1142 -0.0829 0.4998, 2.1142 -0.1019 0.5065, 2.1142 -0.1176 0.5082, 2.1142 -0.1631 0.4934, 2.1142 -0.1616 0.4943, 2.1142 -0.1538 0.4991, 2.1142 -0.1363 0.5059, 2.1142 -0.172 0.4857, 2.1142 -0.1798 0.4767, 2.1142 -0.1842 0.4772, 2.1142 -0.1885 0.4774, 2.1142 -0.2035 0.4756, 2.1142 -0.2176 0.4701, 2.1142 -0.2296 0.4616, 2.1142 -0.2322 0.4592, 2.1142 -0.2413 0.4475, 2.1142 -0.2446 0.44, 2.1142 -0.2474 0.4338, 2.1142 -0.2491 0.4244, 2.1142 -0.2499 0.4196, 2.1142 -0.25 0.4159, 2.1142 -0.2482 0.401, 2.1142 -0.2427 0.3869, 2.1142 -0.2341 0.3746, 2.1142 -0.2223 0.3645, 2.1142 -0.2085 0.3578, 2.1142 -0.2037 0.3564, 2.1142 -0.2032 0.3553, 2.1142 -0.1999 0.3482, 2.1142 -0.1942 0.3412, 2.1142 -0.1868 0.3356, 2.1142 -0.1834 0.3342, 2.1142 -0.178 0.332, 2.1142 -0.1691 0.3306, 2.1142 -0.1677 0.3305, 2.1142 -0.1297 0.3685, 2.1142 -0.1584 0.3317, 2.1142 -0.152 0.3342, 2.1142 -0.15 0.3349, 2.1142 -0.1424 0.3402, 2.1142 -0.1367 0.3466, 2.1142 -0.1322 0.3551, 2.1142 -0.1321 0.3553, 2.1142 -0.1299 0.3644, 2.1142 -0.1297 0.3723, 2.1142 -0.0766 0.4004, 2.1142 -0.0883 0.4205, 2.1142 -0.1392 0.3939, 2.1142 -0.1458 0.4, 2.1142 -0.1539 0.4043, 2.1142 -0.1631 0.4066, 2.1142 -0.1677 0.4068, 2.1142 -0.1768 0.4057, 2.1142 -0.1851 0.4025, 2.1142 -0.1929 0.3971, 2.1142 -0.1992 0.3899, 2.1142 -0.2033 0.3818, 2.1142 -0.2116 0.3869, 2.1142 -0.2184 0.3939, 2.1142 -0.2229 0.4015, 2.1142 -0.2256 0.4108, 2.1142 -0.2261 0.4167, 2.1142 -0.2252 0.4244, 2.1142 -0.225 0.4259, 2.1142 -0.2217 0.4344, 2.1142 -0.2178 0.44, 2.1142 -0.2164 0.4419, 2.1142 -0.21 0.4477, 2.1142 -0.2016 0.4522, 2.1142 -0.1922 0.4544, 2.1142 -0.1882 0.4547, 2.1142 -0.1791 0.4535, 2.1142 -0.1706 0.4504, 2.1142 -0.168 0.449, 2.1142 -0.1622 0.461, 2.1142 -0.1537 0.4711, 2.1142 -0.1436 0.4786, 2.1142 -0.1312 0.4836, 2.1142 -0.1172 0.4854, 2.1142 -0.064 0.438, 2.1142 -0.0645 0.44, 2.1142 -0.0664 0.4486, 2.1142 -0.0723 0.4608, 2.1142 -0.0809 0.4711, 2.1142 -0.0817 0.4718, 2.1142 -0.0924 0.4792, 2.1142 -0.1043 0.4838, 2.1142 -0.061 0.438, 2.1142 -0.0546 0.4373, 2.1142 -0.0479 0.4349, 2.1142 -0.0419 0.431, 2.1142 -0.0369 0.4256, 2.1142 -0.0363 0.4244, 2.1142 -0.0334 0.419, 2.1142 -0.0316 0.4117, 2.1142 -0.0314 0.4083, 2.1142 -0.0321 0.4019, 2.1142 -0.0345 0.395, 2.1142 -0.0385 0.389, 2.1142 -0.0416 0.3858, 2.1142 -0.0477 0.3818, 2.1142 -0.0547 0.3793, 2.1142 -0.0587 0.3787, 2.1142 -0.0758 0.3787, 2.1142 -0.0766 0.3788, 2.1142 -0.0777 0.3791, 2.1142 -0.0781 0.3791, 2.1142 -0.081 0.3787, 2.1142 -0.0836 0.3777, 2.1142 -0.086 0.3761, 2.1142 -0.0875 0.3743, 2.1142 -0.089 0.3717, 2.1142 -0.0898 0.3689, 2.1142 -0.0899 0.3674, 2.1142 -0.0895 0.3645, 2.1142 -0.0885 0.362, 2.1142 -0.0868 0.3596, 2.1142 -0.086 0.3587, 2.1142 -0.0835 0.3569, 2.1142 -0.081 0.3559, 2.1142 -0.0788 0.3556, 2.1142 -0.0565 0.3556, 2.1142 -0.0438 0.3583, 2.1142 -0.0322 0.3639, 2.1142 -0.0219 0.3727, 2.1142 -0.0144 0.3832, 2.1142 -0.0096 0.3952, 2.1142 -0.168 0.3829, 2.1142 -0.1649 0.3826, 2.1142 -0.1614 0.3813, 2.1142 -0.1583 0.3793, 2.1142 -0.1559 0.3765, 2.1142 -0.1542 0.3734, 2.1142 -0.1533 0.3699, 2.1142 -0.1533 0.3664, 2.1142 -0.1542 0.3628, 2.1142 -0.156 0.3595, 2.1142 -0.1581 0.3572, 2.1142 -0.1609 0.3551, 2.1142 -0.1642 0.3538, 2.1142 -0.168 0.3533, 2.1142 -0.1687 0.3533, 2.1142 -0.1721 0.3539, 2.1142 -0.1755 0.3554, 2.1142 -0.1784 0.3576, 2.1142 -0.1806 0.3603, 2.1142 -0.1821 0.3635, 2.1142 -0.1828 0.367, 2.1142 -0.1826 0.3707, 2.1142 -0.1815 0.3743, 2.1142 -0.1795 0.3774, 2.1142 -0.178 0.379, 2.1142 -0.1751 0.3811, 2.1142 -0.1717 0.3824
            ]
        }
        coordIndex [
            0,1,2,-1,3,4,5,-1,6,7,8,-1,9,10,11,-1,12,11,13,-1,13,11,14,-1,2,1,15,-1,16,17,18,-1,18,17,19,-1,18,19,20,-1,20,19,21,-1,20,21,5,-1,5,21,22,-1,5,22,3,-1,23,9,24,-1,24,9,11,-1,24,11,25,-1,25,11,12,-1,6,8,26,-1,26,8,27,-1,26,27,28,-1,28,27,29,-1,28,29,30,-1,1,31,15,-1,15,31,32,-1,15,32,33,-1,33,32,34,-1,33,34,6,-1,6,34,35,-1,6,35,7,-1,36,37,21,-1,21,37,38,-1,21,38,39,-1,39,38,40,-1,39,40,41,-1,41,40,42,-1,41,42,43,-1,43,42,44,-1,43,44,45,-1,45,44,46,-1,45,46,47,-1,47,46,48,-1,47,48,24,-1,24,48,49,-1,24,49,23,-1,50,51,19,-1,19,51,52,-1,19,52,21,-1,21,52,53,-1,21,53,36,-1,54,55,56,-1,56,55,57,-1,56,57,58,-1,58,57,59,-1,58,59,60,-1,60,59,61,-1,60,61,62,-1,10,63,11,-1,11,63,64,-1,11,64,65,-1,65,64,66,-1,65,66,67,-1,67,66,68,-1,67,68,69,-1,69,68,70,-1,69,70,71,-1,71,70,72,-1,71,72,73,-1,73,72,74,-1,73,74,75,-1,75,74,76,-1,75,76,77,-1,77,76,78,-1,77,78,79,-1,79,78,80,-1,79,80,19,-1,19,80,81,-1,19,81,50,-1,82,83,84,-1,84,83,85,-1,84,85,86,-1,86,85,87,-1,86,87,88,-1,88,87,89,-1,88,89,90,-1,90,89,91,-1,90,91,92,-1,92,91,93,-1,92,93,94,-1,94,93,95,-1,94,95,96,-1,96,95,97,-1,96,97,98,-1,98,97,99,-1,98,99,100,-1,100,99,101,-1,100,101,102,-1,102,101,103,-1,102,103,54,-1,54,103,104,-1,54,104,55,-1,105,106,107,-1,107,106,108,-1,107,108,84,-1,84,108,109,-1,84,109,82,-1,110,111,112,-1,112,111,113,-1,112,113,114,-1,114,113,115,-1,114,115,116,-1,116,115,117,-1,116,117,118,-1,118,117,119,-1,118,119,14,-1,14,119,120,-1,14,120,13,-1,2,121,0,-1,0,121,122,-1,0,122,123,-1,123,122,124,-1,123,124,125,-1,125,124,126,-1,125,126,110,-1,110,126,127,-1,110,127,111,-1,30,29,128,-1,128,29,129,-1,128,129,130,-1,130,129,131,-1,130,131,132,-1,132,131,133,-1,132,133,134,-1,134,133,135,-1,134,135,105,-1,105,135,136,-1,105,136,106,-1,137,138,139,-1,61,140,62,-1,62,140,137,-1,62,137,141,-1,141,137,139,-1,142,143,137,-1,137,143,144,-1,137,144,138,-1,145,146,147,-1,146,148,147,-1,147,148,149,-1,147,149,150,-1,142,137,147,-1,147,137,151,-1,147,151,145,-1,152,90,153,-1,153,90,92,-1,153,92,154,-1,154,92,94,-1,154,94,155,-1,155,94,96,-1,155,96,156,-1,152,157,90,-1,90,157,158,-1,90,158,88,-1,88,158,159,-1,88,159,86,-1,86,159,160,-1,86,160,84,-1,84,160,161,-1,84,161,107,-1,107,161,162,-1,107,162,105,-1,105,162,134,-1,134,162,163,-1,163,164,134,-1,134,164,165,-1,134,165,132,-1,132,165,166,-1,132,166,130,-1,167,28,168,-1,168,28,30,-1,168,30,169,-1,169,30,128,-1,169,128,170,-1,170,128,130,-1,170,130,166,-1,28,167,171,-1,28,171,26,-1,26,171,172,-1,26,172,6,-1,6,172,173,-1,6,173,33,-1,33,173,174,-1,33,174,15,-1,15,174,175,-1,15,175,2,-1,2,175,176,-1,2,176,121,-1,121,176,177,-1,121,177,122,-1,122,177,178,-1,122,178,124,-1,127,126,179,-1,179,126,124,-1,179,124,178,-1,179,180,127,-1,127,180,181,-1,127,181,111,-1,111,181,182,-1,182,183,111,-1,111,183,184,-1,111,184,113,-1,113,184,185,-1,113,185,115,-1,115,185,186,-1,115,186,117,-1,117,186,187,-1,117,187,119,-1,119,187,188,-1,119,188,120,-1,120,188,189,-1,120,189,13,-1,13,189,190,-1,13,190,12,-1,12,190,191,-1,12,191,25,-1,191,192,25,-1,25,192,193,-1,25,193,24,-1,24,193,194,-1,24,194,47,-1,47,194,195,-1,47,195,45,-1,195,196,45,-1,45,196,197,-1,45,197,43,-1,43,197,198,-1,43,198,41,-1,199,20,5,-1,41,198,200,-1,41,200,39,-1,39,200,201,-1,39,201,21,-1,201,202,21,-1,21,202,203,-1,21,203,22,-1,22,203,204,-1,22,204,3,-1,3,204,205,-1,3,205,4,-1,4,205,206,-1,4,206,5,-1,5,206,207,-1,5,207,199,-1,18,20,208,-1,208,20,199,-1,16,18,209,-1,209,18,208,-1,17,16,210,-1,210,16,209,-1,19,17,211,-1,211,17,210,-1,19,211,212,-1,19,212,79,-1,79,212,213,-1,79,213,77,-1,77,213,214,-1,77,214,75,-1,75,214,215,-1,75,215,73,-1,73,215,216,-1,73,216,71,-1,71,216,217,-1,71,217,69,-1,69,217,218,-1,69,218,67,-1,67,218,219,-1,67,219,65,-1,65,219,220,-1,65,220,11,-1,11,220,221,-1,11,221,14,-1,14,221,222,-1,14,222,118,-1,118,222,223,-1,118,223,116,-1,116,223,224,-1,116,224,114,-1,114,224,225,-1,114,225,112,-1,112,225,226,-1,112,226,110,-1,110,226,227,-1,110,227,228,-1,229,123,228,-1,228,123,125,-1,228,125,110,-1,229,230,123,-1,123,230,231,-1,123,231,0,-1,0,231,232,-1,0,232,1,-1,1,232,233,-1,1,233,31,-1,31,233,234,-1,31,234,32,-1,32,234,235,-1,32,235,34,-1,34,235,236,-1,34,236,35,-1,35,236,237,-1,35,237,7,-1,7,237,238,-1,7,238,8,-1,8,238,239,-1,8,239,27,-1,27,239,240,-1,27,240,29,-1,29,240,241,-1,29,241,129,-1,129,241,242,-1,129,242,131,-1,243,82,244,-1,244,82,109,-1,244,109,245,-1,245,109,108,-1,245,108,246,-1,246,108,106,-1,246,106,247,-1,247,106,136,-1,247,136,248,-1,248,136,135,-1,248,135,249,-1,249,135,133,-1,249,133,250,-1,250,133,131,-1,250,131,242,-1,83,82,251,-1,251,82,243,-1,83,251,252,-1,83,252,85,-1,85,252,253,-1,85,253,87,-1,87,253,254,-1,87,254,89,-1,89,254,255,-1,89,255,91,-1,91,255,256,-1,91,256,93,-1,256,257,93,-1,93,257,258,-1,93,258,95,-1,95,258,259,-1,95,259,97,-1,97,259,260,-1,97,260,99,-1,99,260,261,-1,99,261,101,-1,101,261,262,-1,101,262,103,-1,103,262,263,-1,103,263,104,-1,104,263,264,-1,104,264,55,-1,55,264,265,-1,55,265,57,-1,57,265,266,-1,57,266,59,-1,61,59,267,-1,267,59,266,-1,61,267,268,-1,61,268,140,-1,140,268,269,-1,140,269,137,-1,137,269,270,-1,137,270,151,-1,151,270,271,-1,151,271,145,-1,145,271,272,-1,145,272,146,-1,146,272,273,-1,146,273,148,-1,148,273,274,-1,148,274,149,-1,149,274,275,-1,149,275,150,-1,150,275,276,-1,150,276,147,-1,147,276,277,-1,147,277,142,-1,142,277,278,-1,142,278,143,-1,143,278,279,-1,143,279,144,-1,144,279,280,-1,144,280,138,-1,138,280,281,-1,138,281,139,-1,139,281,282,-1,139,282,141,-1,141,282,283,-1,141,283,62,-1,62,283,284,-1,62,284,60,-1,58,60,285,-1,285,60,284,-1,58,285,286,-1,58,286,56,-1,56,286,287,-1,56,287,54,-1,54,287,288,-1,54,288,102,-1,102,288,289,-1,102,289,100,-1,100,289,290,-1,100,290,98,-1,98,290,156,-1,98,156,96,-1,74,291,292,-1,74,292,76,-1,76,292,293,-1,76,293,78,-1,78,293,294,-1,78,294,80,-1,80,294,295,-1,80,295,81,-1,81,295,296,-1,81,296,50,-1,50,296,297,-1,50,297,51,-1,51,297,298,-1,51,298,52,-1,52,298,299,-1,52,299,53,-1,53,299,300,-1,53,300,36,-1,36,300,301,-1,36,301,37,-1,37,301,302,-1,37,302,38,-1,38,302,303,-1,38,303,40,-1,40,303,304,-1,40,304,42,-1,42,304,305,-1,42,305,44,-1,44,305,306,-1,44,306,46,-1,46,306,307,-1,46,307,48,-1,48,307,308,-1,48,308,49,-1,49,308,309,-1,49,309,23,-1,23,309,310,-1,23,310,9,-1,9,310,311,-1,9,311,10,-1,10,311,312,-1,10,312,63,-1,63,312,313,-1,63,313,64,-1,64,313,314,-1,64,314,66,-1,66,314,315,-1,66,315,68,-1,68,315,316,-1,68,316,70,-1,70,316,317,-1,70,317,72,-1,72,317,291,-1,72,291,74,-1,
        ]
    }
}
Shape{
    appearance Appearance {
        material  Material 	{
            diffuseColor 0.8431372549019608 0.8156862745098039 0.7529411764705882
            specularColor 0.4235294117647059 0.40784313725490196 0.3764705882352941
            ambientIntensity 0.8167
            transparency 0.0
            shininess 0.5
        }
    }
    geometry IndexedFaceSet {
        ccw TRUE
        solid FALSE
        coord DEF co Coordinate {
            point [
                2.1142 -0.1687 0.3533, 2.1142 -0.178 0.379, 2.1142 -0.1795 0.3774, 2.1142 -0.1642 0.3538, 2.1142 -0.1609 0.3551, 2.1142 -0.1649 0.3826, 2.1142 -0.168 0.3829, 2.1142 -0.1717 0.3824, 2.1142 -0.1751 0.3811, 2.1142 -0.1821 0.3635, 2.1142 -0.1806 0.3603, 2.1142 -0.1784 0.3576, 2.1142 -0.168 0.3533, 2.1142 -0.1815 0.3743, 2.1142 -0.1826 0.3707, 2.1142 -0.1828 0.367, 2.1142 -0.1755 0.3554, 2.1142 -0.1721 0.3539, 2.1142 -0.1581 0.3572, 2.1142 -0.156 0.3595, 2.1142 -0.1542 0.3628, 2.1142 -0.1533 0.3664, 2.1142 -0.1533 0.3699, 2.1142 -0.1542 0.3734, 2.1142 -0.1559 0.3765, 2.1142 -0.1583 0.3793, 2.1142 -0.1614 0.3813
            ]
        }
        coordIndex [
            0,1,2,-1,3,4,5,-1,6,7,0,-1,0,7,8,-1,0,8,1,-1,9,10,2,-1,2,10,11,-1,6,0,5,-1,5,0,12,-1,5,12,3,-1,13,14,2,-1,2,14,15,-1,2,15,9,-1,11,16,2,-1,2,16,17,-1,2,17,0,-1,4,18,5,-1,5,18,19,-1,5,19,20,-1,20,21,5,-1,5,21,22,-1,5,22,23,-1,23,24,5,-1,5,24,25,-1,5,25,26,-1,
        ]
    }
}
Shape{
    appearance Appearance {
        material  Material 	{
            diffuseColor 0.0 0.0 0.0
            specularColor 0.0 0.0 0.0
            ambientIntensity 0.0
            transparency 0.0
            shininess 0.5
        }
    }
    geometry IndexedFaceSet {
        ccw TRUE
        solid FALSE
        coord DEF co Coordinate {
            point [
                2.1181 0.064 0.4465, 2.1181 0.064 0.4405, 2.1142 0.064 0.4465, 2.1142 0.064 0.4405, 2.1181 0.0427 0.4465, 2.1142 0.0427 0.4465, 2.1181 0.0427 0.4938, 2.1142 0.0427 0.4938, 2.1181 0.0358 0.4938, 2.1142 0.0358 0.4938, 2.1181 0.0358 0.4405, 2.1142 0.0358 0.4405, 2.1181 0.0914 0.4396, 2.1142 0.0914 0.4396, 2.1181 0.0995 0.4403, 2.1142 0.0961 0.44, 2.1142 0.0995 0.4403, 2.1142 0.1052 0.4422, 2.1181 0.1052 0.4422, 2.1142 0.1061 0.4427, 2.1181 0.1061 0.4427, 2.1181 0.1061 0.4493, 2.1142 0.1061 0.4493, 2.1142 0.1009 0.4469, 2.1181 0.1009 0.4469, 2.1142 0.0949 0.4458, 2.1181 0.0949 0.4458, 2.1142 0.0924 0.4457, 2.1181 0.0924 0.4457, 2.1142 0.0874 0.4463, 2.1181 0.0874 0.4463, 2.1142 0.0835 0.4477, 2.1181 0.0835 0.4477, 2.1142 0.0799 0.4501, 2.1181 0.0799 0.4501, 2.1142 0.0786 0.4513, 2.1181 0.0786 0.4513, 2.1142 0.0759 0.4552, 2.1181 0.0759 0.4552, 2.1142 0.0742 0.4595, 2.1181 0.0742 0.4595, 2.1142 0.0734 0.4661, 2.1181 0.0734 0.4661, 2.1142 0.0734 0.4666, 2.1181 0.0734 0.4666, 2.1142 0.0741 0.4733, 2.1181 0.0741 0.4733, 2.1142 0.0758 0.478, 2.1181 0.0758 0.478, 2.1142 0.0783 0.4818, 2.1181 0.0783 0.4818, 2.1142 0.079 0.4826, 2.1181 0.079 0.4826, 2.1142 0.0824 0.4855, 2.1181 0.0824 0.4855, 2.1142 0.0866 0.4875, 2.1181 0.0866 0.4875, 2.1142 0.0912 0.4884, 2.1181 0.0912 0.4884, 2.1142 0.0936 0.4885, 2.1181 0.0936 0.4885, 2.1142 0.0999 0.4878, 2.1181 0.0999 0.4878, 2.1142 0.1053 0.4858, 2.1181 0.1053 0.4858, 2.1142 0.1061 0.4854, 2.1181 0.1061 0.4854, 2.1181 0.1061 0.4926, 2.1142 0.1061 0.4926, 2.1142 0.0935 0.4947, 2.1181 0.0935 0.4947, 2.1181 0.094 0.4947, 2.1142 0.1009 0.4941, 2.1181 0.1009 0.4941, 2.1142 0.099 0.4943, 2.1142 0.094 0.4947, 2.1181 0.0866 0.494, 2.1142 0.0893 0.4943, 2.1142 0.0866 0.494, 2.1142 0.0809 0.492, 2.1181 0.0809 0.492, 2.1142 0.0756 0.4885, 2.1181 0.0756 0.4885, 2.1142 0.0739 0.4869, 2.1181 0.0739 0.4869, 2.1142 0.0701 0.4821, 2.1142 0.0686 0.4784, 2.1181 0.0676 0.4762, 2.1181 0.0701 0.4821, 2.1142 0.0676 0.4762, 2.1142 0.0663 0.4693, 2.1181 0.0663 0.4693, 2.1142 0.0662 0.4661, 2.1181 0.0662 0.4661, 2.1142 0.0669 0.4588, 2.1181 0.0669 0.4588, 2.1142 0.0686 0.4539, 2.1181 0.0689 0.4529, 2.1142 0.0689 0.4529, 2.1142 0.0719 0.4482, 2.1181 0.0719 0.4482, 2.1142 0.073 0.4468, 2.1181 0.073 0.4468, 2.1181 0.0883 0.4397, 2.1142 0.0774 0.4432, 2.1181 0.0774 0.4432, 2.1142 0.0825 0.4409, 2.1181 0.0825 0.4409, 2.1142 0.0867 0.44, 2.1142 0.0883 0.4397, 2.1181 0.1455 0.4465, 2.1181 0.1455 0.4405, 2.1142 0.1455 0.4465, 2.1142 0.1455 0.4405, 2.1142 0.1237 0.4465, 2.1181 0.1237 0.4465, 2.1142 0.1381 0.4465, 2.1181 0.1237 0.4645, 2.1142 0.1237 0.4645, 2.1181 0.1428 0.4645, 2.1142 0.1381 0.4645, 2.1142 0.1428 0.4645, 2.1181 0.1428 0.4706, 2.1142 0.1428 0.4706, 2.1142 0.1237 0.4706, 2.1181 0.1237 0.4706, 2.1142 0.1381 0.4706, 2.1181 0.1237 0.4877, 2.1142 0.1237 0.4877, 2.1181 0.1443 0.4877, 2.1142 0.1381 0.4877, 2.1142 0.1443 0.4877, 2.1181 0.1443 0.4938, 2.1142 0.1443 0.4938, 2.1142 0.1168 0.4938, 2.1181 0.1168 0.4938, 2.1142 0.1381 0.4938, 2.1181 0.1168 0.4405, 2.1142 0.1168 0.4405, 2.1142 0.1381 0.4405, 2.1181 0.1917 0.4646, 2.1181 0.1989 0.4643, 2.1181 0.1918 0.4676, 2.1181 0.1991 0.4678, 2.1181 0.1911 0.4741, 2.1181 0.1983 0.4745, 2.1181 0.1896 0.478, 2.1181 0.1965 0.4797, 2.1181 0.1876 0.4811, 2.1181 0.1933 0.4845, 2.1181 0.186 0.4827, 2.1181 0.191 0.4868, 2.1181 0.1819 0.4854, 2.1181 0.1858 0.4904, 2.1181 0.1772 0.487, 2.1181 0.1795 0.4928, 2.1181 0.1706 0.4877, 2.1181 0.1708 0.4938, 2.1181 0.1625 0.4877, 2.1181 0.1556 0.4938, 2.1181 0.1625 0.4465, 2.1181 0.1556 0.4405, 2.1181 0.1703 0.4465, 2.1181 0.1703 0.4405, 2.1181 0.177 0.4473, 2.1181 0.1792 0.4415, 2.1181 0.1816 0.4489, 2.1181 0.1853 0.4439, 2.1181 0.1851 0.4512, 2.1181 0.1905 0.4474, 2.1181 0.1861 0.4521, 2.1181 0.191 0.4479, 2.1181 0.1889 0.4556, 2.1181 0.1949 0.4525, 2.1181 0.1907 0.4596, 2.1181 0.1976 0.458, 2.1142 0.1703 0.4405, 2.1142 0.1556 0.4405, 2.1142 0.1792 0.4415, 2.1142 0.1801 0.4419, 2.1142 0.1853 0.4439, 2.1142 0.1905 0.4474, 2.1142 0.191 0.4479, 2.1142 0.1949 0.4525, 2.1142 0.1976 0.458, 2.1142 0.1989 0.4643, 2.1142 0.1991 0.4678, 2.1142 0.1983 0.4745, 2.1142 0.1965 0.4797, 2.1142 0.1933 0.4845, 2.1142 0.191 0.4868, 2.1142 0.1708 0.4938, 2.1142 0.1858 0.4904, 2.1142 0.1801 0.4926, 2.1142 0.1795 0.4928, 2.1142 0.1556 0.4938, 2.1142 0.1706 0.4877, 2.1142 0.1625 0.4877, 2.1142 0.1625 0.4465, 2.1142 0.1703 0.4465, 2.1142 0.1861 0.4521, 2.1142 0.1851 0.4512, 2.1142 0.1816 0.4489, 2.1142 0.177 0.4473, 2.1142 0.1918 0.4676, 2.1142 0.1917 0.4646, 2.1142 0.1907 0.4596, 2.1142 0.1889 0.4556, 2.1142 0.186 0.4827, 2.1142 0.1876 0.4811, 2.1142 0.1896 0.478, 2.1142 0.1911 0.4741, 2.1142 0.1772 0.487, 2.1142 0.1819 0.4854
            ]
        }
        coordIndex [
            0,1,2,-1,2,1,3,-1,4,0,5,-1,5,0,2,-1,6,4,7,-1,7,4,5,-1,8,6,9,-1,9,6,7,-1,10,8,11,-1,11,8,9,-1,1,10,3,-1,3,10,11,-1,6,8,4,-1,4,8,10,-1,4,10,0,-1,0,10,1,-1,12,13,14,-1,14,13,15,-1,15,16,14,-1,14,16,17,-1,14,17,18,-1,18,17,19,-1,18,19,20,-1,21,20,22,-1,22,20,19,-1,21,22,23,-1,21,23,24,-1,24,23,25,-1,24,25,26,-1,26,25,27,-1,26,27,28,-1,28,27,29,-1,28,29,30,-1,30,29,31,-1,30,31,32,-1,32,31,33,-1,32,33,34,-1,34,33,35,-1,34,35,36,-1,36,35,37,-1,36,37,38,-1,38,37,39,-1,38,39,40,-1,40,39,41,-1,40,41,42,-1,42,41,43,-1,42,43,44,-1,44,43,45,-1,44,45,46,-1,46,45,47,-1,46,47,48,-1,48,47,49,-1,48,49,50,-1,50,49,51,-1,50,51,52,-1,52,51,53,-1,52,53,54,-1,54,53,55,-1,54,55,56,-1,56,55,57,-1,56,57,58,-1,58,57,59,-1,58,59,60,-1,60,59,61,-1,60,61,62,-1,62,61,63,-1,62,63,64,-1,64,63,65,-1,64,65,66,-1,67,66,68,-1,68,66,65,-1,69,70,71,-1,67,68,72,-1,67,72,73,-1,73,72,74,-1,73,74,71,-1,71,74,75,-1,71,75,69,-1,70,69,76,-1,76,69,77,-1,77,78,76,-1,76,78,79,-1,76,79,80,-1,80,79,81,-1,80,81,82,-1,82,81,83,-1,82,83,84,-1,84,83,85,-1,86,87,85,-1,85,87,88,-1,85,88,84,-1,86,89,87,-1,87,89,90,-1,87,90,91,-1,91,90,92,-1,91,92,93,-1,93,92,94,-1,93,94,95,-1,95,94,96,-1,95,96,97,-1,96,98,97,-1,97,98,99,-1,97,99,100,-1,100,99,101,-1,100,101,102,-1,13,12,103,-1,102,101,104,-1,102,104,105,-1,105,104,106,-1,105,106,107,-1,107,106,108,-1,107,108,103,-1,103,108,109,-1,103,109,13,-1,64,66,67,-1,38,40,95,-1,46,48,88,-1,95,40,93,-1,88,48,84,-1,64,67,62,-1,62,67,73,-1,62,73,60,-1,60,73,71,-1,60,71,58,-1,58,71,70,-1,58,70,56,-1,56,70,76,-1,56,76,54,-1,76,80,54,-1,54,80,82,-1,54,82,52,-1,52,82,84,-1,52,84,50,-1,50,84,48,-1,95,97,38,-1,38,97,100,-1,38,100,36,-1,36,100,102,-1,36,102,34,-1,34,102,105,-1,34,105,32,-1,32,105,107,-1,32,107,30,-1,30,107,103,-1,30,103,28,-1,28,103,12,-1,28,12,26,-1,26,12,14,-1,26,14,24,-1,24,14,18,-1,24,18,21,-1,21,18,20,-1,40,42,93,-1,93,42,44,-1,93,44,91,-1,91,44,46,-1,91,46,87,-1,87,46,88,-1,110,111,112,-1,112,111,113,-1,114,115,116,-1,116,115,110,-1,116,110,112,-1,117,115,118,-1,118,115,114,-1,117,118,119,-1,119,118,120,-1,119,120,121,-1,122,119,123,-1,123,119,121,-1,124,125,126,-1,126,125,122,-1,126,122,123,-1,127,125,128,-1,128,125,124,-1,127,128,129,-1,129,128,130,-1,129,130,131,-1,132,129,133,-1,133,129,131,-1,134,135,136,-1,136,135,132,-1,136,132,133,-1,137,135,138,-1,138,135,134,-1,137,138,111,-1,111,138,139,-1,111,139,113,-1,137,111,110,-1,110,115,137,-1,137,115,117,-1,137,117,135,-1,129,132,127,-1,127,132,135,-1,127,135,125,-1,125,135,117,-1,125,117,122,-1,122,117,119,-1,140,141,142,-1,142,141,143,-1,142,143,144,-1,144,143,145,-1,144,145,146,-1,146,145,147,-1,146,147,148,-1,148,147,149,-1,148,149,150,-1,150,149,151,-1,150,151,152,-1,152,151,153,-1,152,153,154,-1,154,153,155,-1,154,155,156,-1,156,155,157,-1,156,157,158,-1,158,157,159,-1,158,159,160,-1,160,159,161,-1,160,161,162,-1,162,161,163,-1,162,163,164,-1,164,163,165,-1,164,165,166,-1,166,165,167,-1,166,167,168,-1,168,167,169,-1,168,169,170,-1,170,169,171,-1,170,171,172,-1,172,171,173,-1,172,173,174,-1,174,173,175,-1,174,175,140,-1,140,175,141,-1,163,161,176,-1,176,161,177,-1,163,176,178,-1,163,178,165,-1,165,178,179,-1,165,179,167,-1,179,180,167,-1,167,180,181,-1,167,181,169,-1,169,181,182,-1,169,182,171,-1,171,182,183,-1,171,183,173,-1,173,183,184,-1,173,184,175,-1,175,184,185,-1,175,185,141,-1,141,185,186,-1,141,186,143,-1,143,186,187,-1,143,187,145,-1,145,187,188,-1,145,188,147,-1,147,188,189,-1,147,189,149,-1,149,189,190,-1,149,190,151,-1,191,157,155,-1,151,190,192,-1,151,192,153,-1,153,192,193,-1,153,193,155,-1,155,193,194,-1,155,194,191,-1,159,157,195,-1,195,157,191,-1,161,159,177,-1,177,159,195,-1,156,158,196,-1,196,158,197,-1,158,160,197,-1,197,160,198,-1,160,162,198,-1,198,162,199,-1,170,200,201,-1,170,201,168,-1,168,201,202,-1,168,202,166,-1,166,202,203,-1,166,203,164,-1,164,203,199,-1,164,199,162,-1,142,204,205,-1,142,205,140,-1,140,205,206,-1,140,206,174,-1,174,206,207,-1,174,207,172,-1,172,207,200,-1,172,200,170,-1,150,208,209,-1,150,209,148,-1,148,209,210,-1,148,210,146,-1,146,210,211,-1,146,211,144,-1,144,211,204,-1,144,204,142,-1,156,196,212,-1,156,212,154,-1,154,212,213,-1,154,213,152,-1,152,213,208,-1,152,208,150,-1,
        ]
    }
}
Shape{
    appearance Appearance {
        material  Material 	{
            diffuseColor 0.8431372549019608 0.8156862745098039 0.7529411764705882
            specularColor 0.4235294117647059 0.40784313725490196 0.3764705882352941
            ambientIntensity 0.8167
            transparency 0.0
            shininess 0.5
        }
    }
    geometry IndexedFaceSet {
        ccw TRUE
        solid FALSE
        coord DEF co Coordinate {
            point [
                2.1142 0.1625 0.4877, 2.1142 0.1625 0.4465, 2.1142 0.1706 0.4877, 2.1142 0.1703 0.4465, 2.1142 0.177 0.4473, 2.1142 0.1816 0.4489, 2.1142 0.1851 0.4512, 2.1142 0.1861 0.4521, 2.1142 0.1889 0.4556, 2.1142 0.1907 0.4596, 2.1142 0.1917 0.4646, 2.1142 0.1918 0.4676, 2.1142 0.1911 0.4741, 2.1142 0.1896 0.478, 2.1142 0.1876 0.4811, 2.1142 0.186 0.4827, 2.1142 0.1772 0.487, 2.1142 0.1819 0.4854
            ]
        }
        coordIndex [
            0,1,2,-1,2,1,3,-1,2,3,4,-1,4,5,2,-1,2,5,6,-1,2,6,7,-1,7,8,2,-1,2,8,9,-1,2,9,10,-1,10,11,2,-1,2,11,12,-1,2,12,13,-1,13,14,2,-1,2,14,15,-1,2,15,16,-1,16,15,17,-1,
        ]
    }
}
Shape{
    appearance Appearance {
        material  Material 	{
            diffuseColor 0.0 0.0 0.0
            specularColor 0.0 0.0 0.0
            ambientIntensity 0.0
            transparency 0.0
            shininess 0.5
        }
    }
    geometry IndexedFaceSet {
        ccw TRUE
        solid FALSE
        coord DEF co Coordinate {
            point [
                2.1181 0.217 0.4611, 2.1181 0.2148 0.4551, 2.1181 0.2349 0.4611, 2.1181 0.237 0.4551, 2.1181 0.2249 0.4833, 2.1181 0.2224 0.4938, 2.1181 0.202 0.4405, 2.1181 0.2097 0.4405, 2.1181 0.2254 0.4849, 2.1181 0.2258 0.487, 2.1181 0.2297 0.4938, 2.1181 0.226 0.487, 2.1181 0.2264 0.4848, 2.1181 0.2268 0.4833, 2.1181 0.2501 0.4405, 2.1181 0.2425 0.4405, 2.1142 0.2297 0.4938, 2.1142 0.2501 0.4405, 2.1142 0.2224 0.4938, 2.1142 0.202 0.4405, 2.1142 0.2174 0.4809, 2.1142 0.2097 0.4405, 2.1142 0.2148 0.4551, 2.1142 0.237 0.4551, 2.1142 0.2174 0.4551, 2.1142 0.2425 0.4405, 2.1142 0.217 0.4611, 2.1142 0.2349 0.4611, 2.1142 0.2268 0.4833, 2.1142 0.226 0.487, 2.1142 0.2264 0.4848, 2.1142 0.2258 0.487, 2.1142 0.2249 0.4833, 2.1142 0.2254 0.4849
            ]
        }
        coordIndex [
            0,1,2,-1,2,1,3,-1,4,5,0,-1,0,5,6,-1,0,6,1,-1,1,6,7,-1,4,8,5,-1,5,8,9,-1,5,9,10,-1,10,9,11,-1,10,11,12,-1,12,13,10,-1,10,13,2,-1,10,2,14,-1,14,2,3,-1,14,3,15,-1,10,14,16,-1,16,14,17,-1,5,10,18,-1,18,10,16,-1,19,6,20,-1,20,6,5,-1,20,5,18,-1,7,6,21,-1,21,6,19,-1,1,7,22,-1,22,7,21,-1,23,3,24,-1,24,3,1,-1,24,1,22,-1,15,3,25,-1,25,3,23,-1,14,15,17,-1,17,15,25,-1,0,2,26,-1,26,2,27,-1,2,13,27,-1,27,13,28,-1,11,29,30,-1,11,30,12,-1,12,30,28,-1,12,28,13,-1,11,9,29,-1,29,9,31,-1,4,32,33,-1,4,33,8,-1,8,33,31,-1,8,31,9,-1,4,0,32,-1,32,0,26,-1,
        ]
    }
}
Shape{
    appearance Appearance {
        material  Material 	{
            diffuseColor 0.8431372549019608 0.8156862745098039 0.7529411764705882
            specularColor 0.4235294117647059 0.40784313725490196 0.3764705882352941
            ambientIntensity 0.8167
            transparency 0.0
            shininess 0.5
        }
    }
    geometry IndexedFaceSet {
        ccw TRUE
        solid FALSE
        coord DEF co Coordinate {
            point [
                2.1142 0.226 0.487, 2.1142 0.2258 0.487, 2.1142 0.2264 0.4848, 2.1142 0.2254 0.4849, 2.1142 0.2268 0.4833, 2.1142 0.2249 0.4833, 2.1142 0.2349 0.4611, 2.1142 0.217 0.4611
            ]
        }
        coordIndex [
            0,1,2,-1,2,1,3,-1,2,3,4,-1,4,3,5,-1,4,5,6,-1,6,5,7,-1,
        ]
    }
}
Shape{
    appearance Appearance {
        material  Material 	{
            diffuseColor 0.0 0.0 0.0
            specularColor 0.0 0.0 0.0
            ambientIntensity 0.0
            transparency 0.0
            shininess 0.5
        }
    }
    geometry IndexedFaceSet {
        ccw TRUE
        solid FALSE
        coord DEF co Coordinate {
            point [
                2.1181 0.0645 0.3619, 2.1181 0.0645 0.3558, 2.1142 0.0645 0.3619, 2.1142 0.0645 0.3558, 2.1181 0.0427 0.3619, 2.1142 0.0427 0.3619, 2.1181 0.0427 0.3798, 2.1142 0.0427 0.3798, 2.1181 0.0618 0.3798, 2.1142 0.0618 0.3798, 2.1181 0.0618 0.3859, 2.1142 0.0618 0.3859, 2.1181 0.0427 0.3859, 2.1142 0.0427 0.3859, 2.1181 0.0427 0.403, 2.1142 0.0427 0.403, 2.1181 0.0633 0.403, 2.1142 0.0633 0.403, 2.1181 0.0633 0.4092, 2.1142 0.0633 0.4092, 2.1181 0.0358 0.4092, 2.1142 0.0358 0.4092, 2.1181 0.0358 0.3558, 2.1142 0.0358 0.3558, 2.1181 0.0786 0.3772, 2.1181 0.0805 0.3721, 2.1181 0.0822 0.3729, 2.1181 0.0947 0.3617, 2.1181 0.0949 0.3617, 2.1181 0.0945 0.3678, 2.1181 0.0949 0.3708, 2.1181 0.1016 0.3803, 2.1181 0.0949 0.3713, 2.1181 0.0949 0.3749, 2.1181 0.0949 0.3558, 2.1181 0.1016 0.3558, 2.1181 0.0836 0.3784, 2.1181 0.086 0.3737, 2.1181 0.0949 0.38, 2.1181 0.0947 0.383, 2.1181 0.1011 0.3854, 2.1181 0.094 0.3854, 2.1181 0.1 0.3885, 2.1181 0.0932 0.3867, 2.1181 0.0986 0.3906, 2.1181 0.0922 0.3878, 2.1181 0.0968 0.3923, 2.1181 0.091 0.3886, 2.1181 0.0946 0.3936, 2.1181 0.0894 0.3891, 2.1181 0.0918 0.3944, 2.1181 0.0872 0.3893, 2.1181 0.0878 0.3948, 2.1181 0.0831 0.3889, 2.1181 0.0814 0.3941, 2.1181 0.079 0.3875, 2.1181 0.0764 0.3922, 2.1181 0.0747 0.3847, 2.1181 0.0747 0.3912, 2.1181 0.0935 0.3654, 2.1181 0.092 0.3635, 2.1181 0.0937 0.3601, 2.1181 0.0912 0.3627, 2.1181 0.0916 0.3578, 2.1181 0.0893 0.3614, 2.1181 0.0892 0.3562, 2.1181 0.0873 0.3606, 2.1181 0.0865 0.3553, 2.1181 0.0848 0.3604, 2.1181 0.083 0.3549, 2.1181 0.0825 0.3606, 2.1181 0.079 0.3553, 2.1181 0.081 0.3612, 2.1181 0.0765 0.3563, 2.1181 0.0797 0.3621, 2.1181 0.0742 0.3579, 2.1181 0.0791 0.3627, 2.1181 0.0795 0.3714, 2.1181 0.0757 0.3757, 2.1181 0.0787 0.3704, 2.1181 0.0736 0.374, 2.1181 0.0781 0.3691, 2.1181 0.0723 0.372, 2.1181 0.0778 0.3676, 2.1181 0.0714 0.3697, 2.1181 0.071 0.3668, 2.1181 0.0777 0.3665, 2.1181 0.0709 0.366, 2.1181 0.0779 0.365, 2.1181 0.0713 0.363, 2.1181 0.0783 0.3638, 2.1181 0.0721 0.3607, 2.1181 0.0735 0.3586, 2.1142 0.0878 0.3948, 2.1142 0.0814 0.3941, 2.1142 0.0764 0.3922, 2.1142 0.0747 0.3912, 2.1142 0.0747 0.3847, 2.1142 0.079 0.3875, 2.1142 0.0831 0.3889, 2.1142 0.0872 0.3893, 2.1142 0.0894 0.3891, 2.1142 0.091 0.3886, 2.1142 0.0922 0.3878, 2.1142 0.0932 0.3867, 2.1142 0.094 0.3854, 2.1142 0.0947 0.383, 2.1142 0.0949 0.38, 2.1142 0.0836 0.3784, 2.1142 0.0786 0.3772, 2.1142 0.0757 0.3757, 2.1142 0.0736 0.374, 2.1142 0.0723 0.372, 2.1142 0.0714 0.3697, 2.1142 0.071 0.3668, 2.1142 0.0709 0.366, 2.1142 0.0713 0.363, 2.1142 0.0721 0.3607, 2.1142 0.0735 0.3586, 2.1142 0.0742 0.3579, 2.1142 0.083 0.3549, 2.1142 0.0792 0.3553, 2.1142 0.079 0.3553, 2.1142 0.0765 0.3563, 2.1142 0.0865 0.3553, 2.1142 0.0867 0.3553, 2.1142 0.0892 0.3562, 2.1142 0.0916 0.3578, 2.1142 0.0937 0.3601, 2.1142 0.0947 0.3617, 2.1142 0.0949 0.3617, 2.1142 0.0949 0.3558, 2.1142 0.1016 0.3558, 2.1142 0.1016 0.3803, 2.1142 0.1011 0.3854, 2.1142 0.1 0.3885, 2.1142 0.0986 0.3906, 2.1142 0.0968 0.3923, 2.1142 0.0946 0.3936, 2.1142 0.0918 0.3944, 2.1142 0.0795 0.3714, 2.1142 0.0805 0.3721, 2.1142 0.0822 0.3729, 2.1142 0.086 0.3737, 2.1142 0.0777 0.3665, 2.1142 0.0778 0.3676, 2.1142 0.0781 0.3691, 2.1142 0.0787 0.3704, 2.1142 0.0797 0.3621, 2.1142 0.0791 0.3627, 2.1142 0.0783 0.3638, 2.1142 0.0779 0.365, 2.1142 0.0848 0.3604, 2.1142 0.0825 0.3606, 2.1142 0.081 0.3612, 2.1142 0.092 0.3635, 2.1142 0.0912 0.3627, 2.1142 0.0893 0.3614, 2.1142 0.0873 0.3606, 2.1142 0.0949 0.3713, 2.1142 0.0949 0.3708, 2.1142 0.0945 0.3678, 2.1142 0.0935 0.3654, 2.1142 0.0949 0.3749
            ]
        }
        coordIndex [
            0,1,2,-1,2,1,3,-1,4,0,5,-1,5,0,2,-1,6,4,7,-1,7,4,5,-1,8,6,9,-1,9,6,7,-1,10,8,11,-1,11,8,9,-1,12,10,13,-1,13,10,11,-1,14,12,15,-1,15,12,13,-1,16,14,17,-1,17,14,15,-1,18,16,19,-1,19,16,17,-1,20,18,21,-1,21,18,19,-1,22,20,23,-1,23,20,21,-1,1,22,3,-1,3,22,23,-1,22,1,0,-1,0,4,22,-1,22,4,6,-1,22,6,20,-1,16,18,14,-1,14,18,20,-1,14,20,12,-1,12,20,6,-1,12,6,10,-1,10,6,8,-1,24,25,26,-1,27,28,29,-1,30,31,32,-1,32,31,33,-1,34,35,28,-1,28,35,31,-1,28,31,29,-1,29,31,30,-1,24,26,36,-1,36,26,37,-1,36,37,38,-1,37,33,38,-1,38,33,31,-1,38,31,39,-1,39,31,40,-1,39,40,41,-1,41,40,42,-1,41,42,43,-1,43,42,44,-1,43,44,45,-1,45,44,46,-1,45,46,47,-1,47,46,48,-1,47,48,49,-1,49,48,50,-1,49,50,51,-1,51,50,52,-1,51,52,53,-1,53,52,54,-1,53,54,55,-1,55,54,56,-1,55,56,57,-1,57,56,58,-1,29,59,27,-1,27,59,60,-1,27,60,61,-1,61,60,62,-1,61,62,63,-1,63,62,64,-1,63,64,65,-1,65,64,66,-1,65,66,67,-1,67,66,68,-1,67,68,69,-1,69,68,70,-1,69,70,71,-1,71,70,72,-1,71,72,73,-1,73,72,74,-1,73,74,75,-1,75,74,76,-1,25,24,77,-1,77,24,78,-1,77,78,79,-1,79,78,80,-1,79,80,81,-1,81,80,82,-1,81,82,83,-1,82,84,83,-1,83,84,85,-1,83,85,86,-1,86,85,87,-1,86,87,88,-1,88,87,89,-1,88,89,90,-1,90,89,91,-1,90,91,76,-1,76,91,92,-1,76,92,75,-1,52,93,94,-1,52,94,54,-1,54,94,95,-1,54,95,56,-1,56,95,96,-1,56,96,58,-1,57,58,97,-1,97,58,96,-1,57,97,98,-1,57,98,55,-1,55,98,99,-1,55,99,53,-1,53,99,100,-1,53,100,51,-1,51,100,101,-1,51,101,49,-1,49,101,102,-1,49,102,47,-1,47,102,103,-1,47,103,45,-1,45,103,104,-1,45,104,43,-1,43,104,105,-1,43,105,41,-1,41,105,106,-1,41,106,39,-1,39,106,107,-1,39,107,38,-1,36,38,108,-1,108,38,107,-1,36,108,109,-1,36,109,24,-1,24,109,110,-1,24,110,78,-1,78,110,111,-1,78,111,80,-1,80,111,112,-1,80,112,82,-1,82,112,113,-1,82,113,84,-1,84,113,114,-1,84,114,85,-1,85,114,115,-1,85,115,87,-1,87,115,116,-1,87,116,89,-1,89,116,117,-1,89,117,91,-1,91,117,118,-1,91,118,92,-1,92,118,119,-1,92,119,75,-1,120,69,121,-1,121,69,71,-1,121,71,122,-1,122,71,73,-1,122,73,123,-1,123,73,75,-1,123,75,119,-1,69,120,124,-1,69,124,67,-1,67,124,125,-1,67,125,65,-1,125,126,65,-1,65,126,127,-1,65,127,63,-1,63,127,128,-1,63,128,61,-1,61,128,129,-1,61,129,27,-1,28,27,130,-1,130,27,129,-1,34,28,131,-1,131,28,130,-1,35,34,132,-1,132,34,131,-1,31,35,133,-1,133,35,132,-1,31,133,134,-1,31,134,40,-1,40,134,135,-1,40,135,42,-1,42,135,136,-1,42,136,44,-1,44,136,137,-1,44,137,46,-1,46,137,138,-1,46,138,48,-1,48,138,139,-1,48,139,50,-1,50,139,93,-1,50,93,52,-1,77,140,141,-1,77,141,25,-1,25,141,142,-1,25,142,26,-1,26,142,143,-1,26,143,37,-1,86,144,145,-1,86,145,83,-1,83,145,146,-1,83,146,81,-1,81,146,147,-1,81,147,79,-1,79,147,140,-1,79,140,77,-1,74,148,149,-1,74,149,76,-1,76,149,150,-1,76,150,90,-1,90,150,151,-1,90,151,88,-1,88,151,144,-1,88,144,86,-1,68,152,153,-1,68,153,70,-1,70,153,154,-1,70,154,72,-1,72,154,148,-1,72,148,74,-1,60,155,156,-1,60,156,62,-1,62,156,157,-1,62,157,64,-1,64,157,158,-1,64,158,66,-1,66,158,152,-1,66,152,68,-1,32,159,160,-1,32,160,30,-1,30,160,161,-1,30,161,29,-1,29,161,162,-1,29,162,59,-1,59,162,155,-1,59,155,60,-1,32,33,159,-1,159,33,163,-1,33,37,163,-1,163,37,143,-1,
        ]
    }
}
Shape{
    appearance Appearance {
        material  Material 	{
            diffuseColor 0.8431372549019608 0.8156862745098039 0.7529411764705882
            specularColor 0.4235294117647059 0.40784313725490196 0.3764705882352941
            ambientIntensity 0.8167
            transparency 0.0
            shininess 0.5
        }
    }
    geometry IndexedFaceSet {
        ccw TRUE
        solid FALSE
        coord DEF co Coordinate {
            point [
                2.1142 0.0949 0.3749, 2.1142 0.086 0.3737, 2.1142 0.0949 0.3713, 2.1142 0.0822 0.3729, 2.1142 0.0805 0.3721, 2.1142 0.0795 0.3714, 2.1142 0.0949 0.3708, 2.1142 0.0945 0.3678, 2.1142 0.0787 0.3704, 2.1142 0.0935 0.3654, 2.1142 0.0791 0.3627, 2.1142 0.0797 0.3621, 2.1142 0.0912 0.3627, 2.1142 0.0783 0.3638, 2.1142 0.0893 0.3614, 2.1142 0.0873 0.3606, 2.1142 0.0848 0.3604, 2.1142 0.0781 0.3691, 2.1142 0.0778 0.3676, 2.1142 0.092 0.3635, 2.1142 0.0777 0.3665, 2.1142 0.0779 0.365, 2.1142 0.081 0.3612, 2.1142 0.0825 0.3606
            ]
        }
        coordIndex [
            0,1,2,-1,2,1,3,-1,3,4,2,-1,2,4,5,-1,2,5,6,-1,6,5,7,-1,7,5,8,-1,7,8,9,-1,10,11,12,-1,10,12,13,-1,14,12,15,-1,15,12,16,-1,8,17,9,-1,9,17,18,-1,9,18,19,-1,19,18,20,-1,19,20,12,-1,12,20,21,-1,12,21,13,-1,11,22,12,-1,12,22,23,-1,12,23,16,-1,
        ]
    }
}
Shape{
    appearance Appearance {
        material  Material 	{
            diffuseColor 0.0 0.0 0.0
            specularColor 0.0 0.0 0.0
            ambientIntensity 0.0
            transparency 0.0
            shininess 0.5
        }
    }
    geometry IndexedFaceSet {
        ccw TRUE
        solid FALSE
        coord DEF co Coordinate {
            point [
                2.1142 0.1106 0.364, 2.1181 0.1106 0.364, 2.1181 0.1133 0.3624, 2.1181 0.1216 0.3603, 2.1142 0.1216 0.3603, 2.1142 0.1174 0.3608, 2.1181 0.1174 0.3608, 2.1142 0.1137 0.3622, 2.1142 0.1133 0.3624, 2.1181 0.1106 0.3571, 2.1142 0.1106 0.3571, 2.1142 0.1137 0.356, 2.1181 0.1154 0.3554, 2.1142 0.121 0.3549, 2.1181 0.121 0.3549, 2.1142 0.1166 0.3553, 2.1142 0.1154 0.3554, 2.1181 0.127 0.3556, 2.1142 0.1248 0.3553, 2.1142 0.127 0.3556, 2.1142 0.1306 0.357, 2.1181 0.1306 0.357, 2.1142 0.1321 0.3579, 2.1181 0.1321 0.3579, 2.1142 0.134 0.3596, 2.1181 0.134 0.3596, 2.1142 0.1353 0.3613, 2.1181 0.1353 0.3613, 2.1142 0.1361 0.3635, 2.1181 0.1361 0.3635, 2.1142 0.1364 0.3662, 2.1181 0.1364 0.3662, 2.1142 0.1361 0.3686, 2.1181 0.1361 0.3686, 2.1142 0.1354 0.3706, 2.1181 0.1354 0.3706, 2.1142 0.1342 0.3725, 2.1181 0.1342 0.3725, 2.1142 0.1326 0.3739, 2.1181 0.1326 0.3739, 2.1142 0.1281 0.3763, 2.1181 0.1281 0.3763, 2.1142 0.1255 0.3774, 2.1181 0.1255 0.3774, 2.1142 0.1214 0.3792, 2.1181 0.1214 0.3792, 2.1142 0.119 0.3807, 2.1181 0.119 0.3807, 2.1142 0.1184 0.3814, 2.1181 0.1184 0.3814, 2.1142 0.1179 0.3823, 2.1181 0.1179 0.3823, 2.1142 0.1176 0.3833, 2.1181 0.1176 0.3833, 2.1142 0.1176 0.3842, 2.1181 0.1176 0.3842, 2.1142 0.1177 0.3853, 2.1181 0.1177 0.3853, 2.1142 0.118 0.3862, 2.1181 0.118 0.3862, 2.1142 0.1186 0.387, 2.1181 0.1186 0.387, 2.1142 0.1196 0.3879, 2.1181 0.1196 0.3879, 2.1142 0.1211 0.3887, 2.1181 0.1211 0.3887, 2.1142 0.1229 0.3892, 2.1181 0.1229 0.3892, 2.1142 0.1249 0.3893, 2.1181 0.1249 0.3893, 2.1142 0.1293 0.3888, 2.1181 0.1293 0.3888, 2.1142 0.133 0.3875, 2.1181 0.133 0.3875, 2.1142 0.1346 0.3866, 2.1181 0.1346 0.3866, 2.1181 0.1346 0.3931, 2.1142 0.1346 0.3931, 2.1142 0.1292 0.3945, 2.1181 0.1292 0.3945, 2.1142 0.1255 0.3948, 2.1181 0.1255 0.3948, 2.1142 0.1206 0.3942, 2.1181 0.1206 0.3942, 2.1142 0.1169 0.3929, 2.1181 0.1169 0.3929, 2.1142 0.115 0.3917, 2.1181 0.115 0.3917, 2.1142 0.1137 0.3906, 2.1181 0.113 0.39, 2.1142 0.113 0.39, 2.1142 0.1117 0.3882, 2.1181 0.1117 0.3882, 2.1142 0.1109 0.386, 2.1181 0.1109 0.386, 2.1142 0.1107 0.3836, 2.1181 0.1107 0.3836, 2.1142 0.111 0.381, 2.1181 0.111 0.381, 2.1142 0.1117 0.379, 2.1181 0.1117 0.379, 2.1142 0.1126 0.3776, 2.1181 0.1126 0.3776, 2.1142 0.1208 0.3725, 2.1181 0.1208 0.3725, 2.1181 0.1168 0.3744, 2.1142 0.1137 0.3764, 2.1181 0.1137 0.3764, 2.1142 0.1137 0.3764, 2.1142 0.1168 0.3744, 2.1142 0.1252 0.3707, 2.1181 0.1252 0.3707, 2.1142 0.1278 0.3691, 2.1181 0.1278 0.3691, 2.1142 0.1286 0.3683, 2.1181 0.1286 0.3683, 2.1142 0.1292 0.3674, 2.1181 0.1292 0.3674, 2.1142 0.1295 0.3663, 2.1181 0.1295 0.3663, 2.1142 0.1295 0.3655, 2.1181 0.1295 0.3655, 2.1142 0.1294 0.3642, 2.1181 0.1294 0.3642, 2.1142 0.129 0.3633, 2.1181 0.129 0.3633, 2.1142 0.1285 0.3624, 2.1181 0.1285 0.3624, 2.1142 0.1277 0.3617, 2.1181 0.1277 0.3617, 2.1142 0.1271 0.3614, 2.1181 0.1271 0.3614, 2.1142 0.1254 0.3607, 2.1181 0.1254 0.3607, 2.1142 0.1219 0.3603, 2.1181 0.1219 0.3603, 2.1181 0.1695 0.3939, 2.1181 0.1765 0.3939, 2.1142 0.1695 0.3939, 2.1142 0.1765 0.3939, 2.1181 0.1591 0.3652, 2.1142 0.1591 0.3652, 2.1142 0.1586 0.3634, 2.1181 0.1586 0.3634, 2.1142 0.1583 0.3621, 2.1181 0.1583 0.3621, 2.1181 0.1581 0.3621, 2.1142 0.1581 0.3621, 2.1181 0.1573 0.3653, 2.1142 0.1573 0.3653, 2.1181 0.1473 0.3939, 2.1142 0.1506 0.3846, 2.1142 0.1473 0.3939, 2.1181 0.1399 0.3939, 2.1142 0.1399 0.3939, 2.1181 0.1548 0.3559, 2.1142 0.1506 0.3667, 2.1142 0.1548 0.3559, 2.1142 0.1519 0.3489, 2.1181 0.1519 0.3489, 2.1142 0.1546 0.3553, 2.1142 0.1506 0.3465, 2.1142 0.1506 0.3465, 2.1181 0.1493 0.3451, 2.1181 0.1506 0.3465, 2.1142 0.1493 0.3451, 2.1142 0.1481 0.3443, 2.1181 0.1481 0.3443, 2.1142 0.1466 0.3437, 2.1181 0.1466 0.3437, 2.1142 0.145 0.3436, 2.1181 0.145 0.3436, 2.1142 0.1426 0.3439, 2.1181 0.1426 0.3439, 2.1142 0.1412 0.3443, 2.1181 0.1412 0.3443, 2.1181 0.1412 0.3384, 2.1142 0.1412 0.3384, 2.1142 0.1441 0.3379, 2.1181 0.1441 0.3379, 2.1142 0.1456 0.3378, 2.1181 0.1456 0.3378, 2.1142 0.1483 0.3381, 2.1181 0.1483 0.3381, 2.1142 0.1506 0.339, 2.1181 0.1509 0.3391, 2.1142 0.1509 0.3391, 2.1142 0.1532 0.3408, 2.1181 0.1532 0.3408, 2.1142 0.1537 0.3412, 2.1181 0.1537 0.3412, 2.1142 0.1561 0.3441, 2.1181 0.1561 0.3441, 2.1142 0.1592 0.35, 2.1181 0.1592 0.35, 2.1142 0.1613 0.3553, 2.1181 0.2124 0.3619, 2.1181 0.2124 0.3558, 2.1142 0.2124 0.3619, 2.1142 0.2124 0.3558, 2.1181 0.1906 0.3619, 2.1142 0.2006 0.3619, 2.1142 0.1906 0.3619, 2.1181 0.1906 0.3798, 2.1142 0.1906 0.3798, 2.1181 0.2097 0.3798, 2.1142 0.2006 0.3798, 2.1142 0.2097 0.3798, 2.1181 0.2097 0.3859, 2.1142 0.2097 0.3859, 2.1142 0.1906 0.3859, 2.1181 0.1906 0.3859, 2.1142 0.2006 0.3859, 2.1181 0.1906 0.403, 2.1142 0.1906 0.403, 2.1142 0.2112 0.403, 2.1181 0.2112 0.403, 2.1142 0.2006 0.403, 2.1181 0.2112 0.4092, 2.1142 0.2112 0.4092, 2.1142 0.1837 0.4092, 2.1181 0.1837 0.4092, 2.1142 0.2006 0.4092, 2.1181 0.1837 0.3558, 2.1142 0.1837 0.3558, 2.1142 0.2006 0.3558, 2.1181 0.2585 0.3799, 2.1181 0.2657 0.3796, 2.1181 0.2587 0.383, 2.1181 0.2659 0.3832, 2.1181 0.258 0.3894, 2.1181 0.2652 0.3898, 2.1181 0.2565 0.3934, 2.1181 0.2633 0.3951, 2.1181 0.2544 0.3964, 2.1181 0.2601 0.3998, 2.1181 0.2528 0.398, 2.1181 0.2579 0.4021, 2.1181 0.2487 0.4007, 2.1181 0.2527 0.4057, 2.1181 0.244 0.4023, 2.1181 0.2463 0.4081, 2.1181 0.2374 0.403, 2.1181 0.2377 0.4092, 2.1181 0.2294 0.403, 2.1181 0.2225 0.4092, 2.1181 0.2294 0.3619, 2.1181 0.2225 0.3558, 2.1181 0.2371 0.3619, 2.1181 0.2371 0.3558, 2.1181 0.2439 0.3626, 2.1181 0.2461 0.3568, 2.1181 0.2484 0.3642, 2.1181 0.2522 0.3592, 2.1181 0.252 0.3665, 2.1181 0.2573 0.3628, 2.1181 0.253 0.3674, 2.1181 0.2579 0.3633, 2.1181 0.2558 0.3709, 2.1181 0.2618 0.3679, 2.1181 0.2576 0.375, 2.1181 0.2644 0.3734, 2.1142 0.2371 0.3558, 2.1142 0.2225 0.3558, 2.1142 0.2461 0.3568, 2.1142 0.2522 0.3592, 2.1142 0.2573 0.3628, 2.1142 0.2579 0.3633, 2.1142 0.2618 0.3679, 2.1142 0.2644 0.3734, 2.1142 0.2657 0.3796, 2.1142 0.2659 0.3832, 2.1142 0.2652 0.3898, 2.1142 0.2633 0.3951, 2.1142 0.2601 0.3998, 2.1142 0.2579 0.4021, 2.1142 0.2527 0.4057, 2.1142 0.2463 0.4081, 2.1142 0.2377 0.4092, 2.1142 0.2225 0.4092, 2.1142 0.2374 0.403, 2.1142 0.2294 0.403, 2.1142 0.2294 0.3619, 2.1142 0.2371 0.3619, 2.1142 0.253 0.3674, 2.1142 0.252 0.3665, 2.1142 0.2484 0.3642, 2.1142 0.2439 0.3626, 2.1142 0.2587 0.383, 2.1142 0.2585 0.3799, 2.1142 0.2576 0.375, 2.1142 0.2558 0.3709, 2.1142 0.2528 0.398, 2.1142 0.2544 0.3964, 2.1142 0.2565 0.3934, 2.1142 0.258 0.3894, 2.1142 0.244 0.4023, 2.1142 0.2487 0.4007
            ]
        }
        coordIndex [
            0,1,2,-1,3,4,5,-1,3,5,6,-1,6,5,7,-1,6,7,2,-1,2,7,8,-1,2,8,0,-1,9,1,10,-1,10,1,0,-1,10,11,9,-1,9,11,12,-1,13,14,15,-1,15,14,12,-1,15,12,16,-1,16,12,11,-1,14,13,17,-1,17,13,18,-1,18,19,17,-1,17,19,20,-1,17,20,21,-1,21,20,22,-1,21,22,23,-1,23,22,24,-1,23,24,25,-1,25,24,26,-1,25,26,27,-1,27,26,28,-1,27,28,29,-1,29,28,30,-1,29,30,31,-1,31,30,32,-1,31,32,33,-1,33,32,34,-1,33,34,35,-1,35,34,36,-1,35,36,37,-1,37,36,38,-1,37,38,39,-1,39,38,40,-1,39,40,41,-1,41,40,42,-1,41,42,43,-1,43,42,44,-1,43,44,45,-1,45,44,46,-1,45,46,47,-1,47,46,48,-1,47,48,49,-1,49,48,50,-1,49,50,51,-1,51,50,52,-1,51,52,53,-1,53,52,54,-1,53,54,55,-1,55,54,56,-1,55,56,57,-1,57,56,58,-1,57,58,59,-1,59,58,60,-1,59,60,61,-1,61,60,62,-1,61,62,63,-1,63,62,64,-1,63,64,65,-1,65,64,66,-1,65,66,67,-1,67,66,68,-1,67,68,69,-1,69,68,70,-1,69,70,71,-1,71,70,72,-1,71,72,73,-1,73,72,74,-1,73,74,75,-1,76,75,77,-1,77,75,74,-1,76,77,78,-1,76,78,79,-1,79,78,80,-1,79,80,81,-1,81,80,82,-1,81,82,83,-1,83,82,84,-1,83,84,85,-1,85,84,86,-1,85,86,87,-1,86,88,87,-1,87,88,89,-1,88,90,89,-1,89,90,91,-1,89,91,92,-1,92,91,93,-1,92,93,94,-1,94,93,95,-1,94,95,96,-1,96,95,97,-1,96,97,98,-1,98,97,99,-1,98,99,100,-1,100,99,101,-1,100,101,102,-1,103,104,105,-1,102,101,106,-1,102,106,107,-1,107,106,108,-1,107,108,105,-1,105,108,109,-1,105,109,103,-1,104,103,110,-1,104,110,111,-1,111,110,112,-1,111,112,113,-1,113,112,114,-1,113,114,115,-1,115,114,116,-1,115,116,117,-1,117,116,118,-1,117,118,119,-1,119,118,120,-1,119,120,121,-1,121,120,122,-1,121,122,123,-1,123,122,124,-1,123,124,125,-1,125,124,126,-1,125,126,127,-1,127,126,128,-1,127,128,129,-1,129,128,130,-1,129,130,131,-1,131,130,132,-1,131,132,133,-1,133,132,134,-1,133,134,135,-1,135,134,4,-1,135,4,3,-1,61,63,85,-1,85,63,83,-1,111,43,104,-1,104,43,45,-1,21,23,127,-1,127,23,25,-1,127,25,125,-1,125,25,27,-1,125,27,123,-1,123,27,29,-1,123,29,121,-1,121,29,31,-1,121,31,119,-1,119,31,33,-1,119,33,117,-1,117,33,35,-1,117,35,115,-1,115,35,37,-1,115,37,113,-1,113,37,39,-1,113,39,111,-1,111,39,41,-1,111,41,43,-1,14,3,12,-1,12,3,6,-1,12,6,9,-1,9,6,2,-1,9,2,1,-1,63,65,83,-1,83,65,67,-1,83,67,81,-1,81,67,69,-1,81,69,79,-1,79,69,71,-1,79,71,76,-1,76,71,73,-1,76,73,75,-1,127,129,21,-1,21,129,131,-1,21,131,17,-1,17,131,133,-1,17,133,14,-1,14,133,135,-1,14,135,3,-1,85,87,61,-1,61,87,89,-1,61,89,59,-1,59,89,92,-1,59,92,57,-1,57,92,94,-1,57,94,55,-1,55,94,96,-1,55,96,53,-1,53,96,98,-1,53,98,51,-1,51,98,100,-1,51,100,49,-1,49,100,102,-1,49,102,47,-1,47,102,107,-1,47,107,45,-1,45,107,105,-1,45,105,104,-1,136,137,138,-1,138,137,139,-1,140,136,141,-1,141,136,138,-1,140,141,142,-1,140,142,143,-1,143,142,144,-1,143,144,145,-1,146,145,147,-1,147,145,144,-1,148,146,149,-1,149,146,147,-1,148,149,150,-1,150,149,151,-1,150,151,152,-1,153,150,154,-1,154,150,152,-1,153,154,155,-1,155,154,156,-1,155,156,157,-1,158,159,160,-1,160,159,155,-1,160,155,157,-1,159,158,161,-1,162,163,161,-1,161,163,164,-1,161,164,159,-1,162,165,163,-1,163,165,166,-1,163,166,167,-1,167,166,168,-1,167,168,169,-1,169,168,170,-1,169,170,171,-1,171,170,172,-1,171,172,173,-1,173,172,174,-1,173,174,175,-1,176,175,177,-1,177,175,174,-1,176,177,178,-1,176,178,179,-1,179,178,180,-1,179,180,181,-1,181,180,182,-1,181,182,183,-1,183,182,184,-1,183,184,185,-1,184,186,185,-1,185,186,187,-1,185,187,188,-1,188,187,189,-1,188,189,190,-1,190,189,191,-1,190,191,192,-1,192,191,193,-1,192,193,194,-1,139,137,195,-1,195,137,194,-1,195,194,193,-1,143,145,194,-1,137,136,194,-1,194,136,140,-1,194,140,143,-1,150,153,148,-1,148,153,155,-1,148,155,146,-1,192,164,190,-1,190,164,163,-1,175,176,173,-1,173,176,179,-1,173,179,171,-1,171,179,181,-1,171,181,169,-1,169,181,183,-1,169,183,167,-1,167,183,185,-1,167,185,163,-1,163,185,188,-1,163,188,190,-1,145,146,194,-1,194,146,155,-1,194,155,192,-1,192,155,159,-1,192,159,164,-1,196,197,198,-1,198,197,199,-1,196,198,200,-1,200,198,201,-1,200,201,202,-1,203,200,204,-1,204,200,202,-1,203,204,205,-1,205,204,206,-1,205,206,207,-1,208,205,209,-1,209,205,207,-1,210,211,212,-1,212,211,208,-1,212,208,209,-1,213,211,214,-1,214,211,210,-1,215,216,217,-1,217,216,213,-1,217,213,214,-1,218,216,219,-1,219,216,215,-1,220,221,222,-1,222,221,218,-1,222,218,219,-1,223,221,224,-1,224,221,220,-1,223,224,197,-1,197,224,225,-1,197,225,199,-1,223,197,196,-1,196,200,223,-1,223,200,203,-1,223,203,221,-1,216,218,213,-1,213,218,221,-1,213,221,211,-1,211,221,203,-1,211,203,208,-1,208,203,205,-1,226,227,228,-1,228,227,229,-1,228,229,230,-1,230,229,231,-1,230,231,232,-1,232,231,233,-1,232,233,234,-1,234,233,235,-1,234,235,236,-1,236,235,237,-1,236,237,238,-1,238,237,239,-1,238,239,240,-1,240,239,241,-1,240,241,242,-1,242,241,243,-1,242,243,244,-1,244,243,245,-1,244,245,246,-1,246,245,247,-1,246,247,248,-1,248,247,249,-1,248,249,250,-1,250,249,251,-1,250,251,252,-1,252,251,253,-1,252,253,254,-1,254,253,255,-1,254,255,256,-1,256,255,257,-1,256,257,258,-1,258,257,259,-1,258,259,260,-1,260,259,261,-1,260,261,226,-1,226,261,227,-1,249,247,262,-1,262,247,263,-1,249,262,264,-1,249,264,251,-1,251,264,265,-1,251,265,253,-1,253,265,266,-1,253,266,255,-1,255,266,267,-1,255,267,257,-1,257,267,268,-1,257,268,259,-1,259,268,269,-1,259,269,261,-1,261,269,270,-1,261,270,227,-1,227,270,271,-1,227,271,229,-1,229,271,272,-1,229,272,231,-1,231,272,273,-1,231,273,233,-1,233,273,274,-1,233,274,235,-1,235,274,275,-1,235,275,237,-1,237,275,276,-1,237,276,239,-1,239,276,277,-1,239,277,241,-1,241,277,278,-1,241,278,243,-1,245,243,279,-1,279,243,278,-1,247,245,263,-1,263,245,279,-1,242,244,280,-1,280,244,281,-1,244,246,281,-1,281,246,282,-1,246,248,282,-1,282,248,283,-1,256,284,285,-1,256,285,254,-1,254,285,286,-1,254,286,252,-1,252,286,287,-1,252,287,250,-1,250,287,283,-1,250,283,248,-1,228,288,289,-1,228,289,226,-1,226,289,290,-1,226,290,260,-1,260,290,291,-1,260,291,258,-1,258,291,284,-1,258,284,256,-1,236,292,293,-1,236,293,234,-1,234,293,294,-1,234,294,232,-1,232,294,295,-1,232,295,230,-1,230,295,288,-1,230,288,228,-1,242,280,296,-1,242,296,240,-1,240,296,297,-1,240,297,238,-1,238,297,292,-1,238,292,236,-1,
        ]
    }
}
Shape{
    appearance Appearance {
        material  Material 	{
            diffuseColor 0.8431372549019608 0.8156862745098039 0.7529411764705882
            specularColor 0.4235294117647059 0.40784313725490196 0.3764705882352941
            ambientIntensity 0.8167
            transparency 0.0
            shininess 0.5
        }
    }
    geometry IndexedFaceSet {
        ccw TRUE
        solid FALSE
        coord DEF co Coordinate {
            point [
                2.1142 0.2294 0.403, 2.1142 0.2294 0.3619, 2.1142 0.2374 0.403, 2.1142 0.2371 0.3619, 2.1142 0.2439 0.3626, 2.1142 0.2484 0.3642, 2.1142 0.252 0.3665, 2.1142 0.253 0.3674, 2.1142 0.2558 0.3709, 2.1142 0.2576 0.375, 2.1142 0.2585 0.3799, 2.1142 0.2587 0.383, 2.1142 0.258 0.3894, 2.1142 0.2565 0.3934, 2.1142 0.2544 0.3964, 2.1142 0.2528 0.398, 2.1142 0.244 0.4023, 2.1142 0.2487 0.4007
            ]
        }
        coordIndex [
            0,1,2,-1,2,1,3,-1,2,3,4,-1,4,5,2,-1,2,5,6,-1,2,6,7,-1,7,8,2,-1,2,8,9,-1,2,9,10,-1,10,11,2,-1,2,11,12,-1,2,12,13,-1,13,14,2,-1,2,14,15,-1,2,15,16,-1,16,15,17,-1,
        ]
    }
}
Shape{
    appearance Appearance {
        material  Material 	{
            diffuseColor 0.0 0.0 0.0
            specularColor 0.0 0.0 0.0
            ambientIntensity 0.0
            transparency 0.0
            shininess 0.5
        }
    }
    geometry IndexedFaceSet {
        ccw TRUE
        solid FALSE
        coord DEF co Coordinate {
            point [
                2.1181 0.2838 0.3764, 2.1181 0.2816 0.3704, 2.1181 0.3017 0.3764, 2.1181 0.3039 0.3704, 2.1181 0.2918 0.3986, 2.1181 0.2892 0.4092, 2.1181 0.2689 0.3558, 2.1181 0.2765 0.3558, 2.1181 0.2923 0.4002, 2.1181 0.2927 0.4023, 2.1181 0.2966 0.4092, 2.1181 0.2928 0.4023, 2.1181 0.2933 0.4001, 2.1181 0.2937 0.3986, 2.1181 0.3169 0.3558, 2.1181 0.3093 0.3558, 2.1142 0.2966 0.4092, 2.1142 0.3169 0.3558, 2.1142 0.2892 0.4092, 2.1142 0.2689 0.3558, 2.1142 0.2765 0.3558, 2.1142 0.2816 0.3704, 2.1142 0.3039 0.3704, 2.1142 0.3093 0.3558, 2.1142 0.2838 0.3764, 2.1142 0.3017 0.3764, 2.1142 0.2937 0.3986, 2.1142 0.2928 0.4023, 2.1142 0.2933 0.4001, 2.1142 0.2927 0.4023, 2.1142 0.2918 0.3986, 2.1142 0.2923 0.4002
            ]
        }
        coordIndex [
            0,1,2,-1,2,1,3,-1,4,5,0,-1,0,5,6,-1,0,6,1,-1,1,6,7,-1,4,8,5,-1,5,8,9,-1,5,9,10,-1,10,9,11,-1,10,11,12,-1,12,13,10,-1,10,13,2,-1,10,2,14,-1,14,2,3,-1,14,3,15,-1,10,14,16,-1,16,14,17,-1,5,10,18,-1,18,10,16,-1,6,5,19,-1,19,5,18,-1,7,6,20,-1,20,6,19,-1,1,7,21,-1,21,7,20,-1,3,1,22,-1,22,1,21,-1,15,3,23,-1,23,3,22,-1,14,15,17,-1,17,15,23,-1,0,2,24,-1,24,2,25,-1,2,13,25,-1,25,13,26,-1,11,27,28,-1,11,28,12,-1,12,28,26,-1,12,26,13,-1,11,9,27,-1,27,9,29,-1,4,30,31,-1,4,31,8,-1,8,31,29,-1,8,29,9,-1,4,0,30,-1,30,0,24,-1,
        ]
    }
}
Shape{
    appearance Appearance {
        material  Material 	{
            diffuseColor 0.8431372549019608 0.8156862745098039 0.7529411764705882
            specularColor 0.4235294117647059 0.40784313725490196 0.3764705882352941
            ambientIntensity 0.8167
            transparency 0.0
            shininess 0.5
        }
    }
    geometry IndexedFaceSet {
        ccw TRUE
        solid FALSE
        coord DEF co Coordinate {
            point [
                2.1142 0.2928 0.4023, 2.1142 0.2927 0.4023, 2.1142 0.2933 0.4001, 2.1142 0.2923 0.4002, 2.1142 0.2937 0.3986, 2.1142 0.2918 0.3986, 2.1142 0.3017 0.3764, 2.1142 0.2838 0.3764
            ]
        }
        coordIndex [
            0,1,2,-1,2,1,3,-1,2,3,4,-1,4,3,5,-1,4,5,6,-1,6,5,7,-1,
        ]
    }
}