#VRML V2.0 utf8
# 3D model generated by easyeda2kicad.py (https://github.com/uPesy/easyeda2kicad.py)

Shape{
    appearance Appearance {
        material  Material 	{
            diffuseColor 0.25098039215686274 0.25098039215686274 0.25098039215686274
            specularColor 0.12549019607843137 0.12549019607843137 0.12549019607843137
            ambientIntensity 0.251
            transparency 0.0
            shininess 0.5
        }
    }
    geometry IndexedFaceSet {
        ccw TRUE
        solid FALSE
        coord DEF co Coordinate {
            point [
                0.9552 -1.3171 -0.0063, 3.7 -1.3171 -0.0063, 3.7 -1.3171 2.1483, -1.9381 -1.3171 -0.0063, 0.9552 -1.3171 2.1483, -2.3593 -1.3171 2.2126, -2.3659 -1.3171 2.2118, -2.3259 -1.3171 2.2118, -2.1893 -1.3171 2.3733, -2.1386 -1.3171 2.3733, -2.1386 -1.3171 2.4189, -2.8371 -1.3171 2.5024, -2.8062 -1.3171 2.4763, -2.6983 -1.3171 2.6287, -2.6983 -1.3171 2.4658, -2.9889 -1.3171 2.6452, -2.9643 -1.3171 2.6287, -2.9381 -1.3171 2.6111, -2.8974 -1.3171 2.5628, -2.8766 -1.3171 2.5211, -2.871 -1.3171 2.5192, -3.1948 -1.3171 2.6466, -3.1418 -1.3171 2.6651, -3.7 -1.3171 2.8337, -3.0929 -1.3171 2.6703, -2.6983 -1.3171 2.8337, -3.046 -1.3171 2.6654, -3.2249 -1.3171 2.6287, -3.7 -1.3171 2.6287, -3.2296 -1.3171 2.6259, -3.7 -1.3171 2.4658, -3.4742 -1.3171 2.4658, -3.4636 -1.3171 2.4892, -3.4368 -1.3171 2.5234, -3.3494 -1.3171 2.5728, -3.3059 -1.3171 2.5781, -3.2563 -1.3171 2.603, -3.2928 -1.3171 2.5773, -3.2797 -1.3171 2.5758, -3.4281 -1.3171 2.5316, -3.3917 -1.3171 2.5568, -3.3514 -1.3171 2.2149, -3.3676 -1.3171 2.2198, -3.7 -1.3171 2.2118, -3.4086 -1.3171 2.2403, -3.4425 -1.3171 2.2695, -3.4691 -1.3171 2.3078, -3.4851 -1.3171 2.3503, -3.7 -1.3171 2.4189, -3.4903 -1.3171 2.3936, -3.4899 -1.3171 2.4056, -3.4875 -1.3171 2.4189, -3.482 -1.3171 2.4484, -3.3008 -1.3171 2.1528, -3.3231 -1.3171 2.1695, -3.7 -1.3171 2.1483, -3.34 -1.3171 2.1904, -3.35 -1.3171 2.2118, -2.6983 -1.3171 -0.0063, -2.6983 -1.3171 2.1483, -3.1961 -1.3171 2.1483, -3.7 -1.3171 -0.0063, -3.2745 -1.3171 2.1417, -3.2903 -1.3171 2.1483, -3.2157 -1.3171 2.1408, -3.2432 -1.3171 2.1374, -3.2477 -1.3171 2.1375, -2.6983 -1.3171 2.2118, -3.1365 -1.3171 2.2118, -3.1366 -1.3171 2.2114, -3.1501 -1.3171 2.186, -3.1676 -1.3171 2.1663, -3.1903 -1.3171 2.1506, -2.7691 -1.3171 2.4091, -2.7639 -1.3171 2.372, -2.6983 -1.3171 2.4189, -2.9912 -1.3171 2.2789, -2.9834 -1.3171 2.282, -2.97 -1.3171 2.3469, -2.806 -1.3171 2.2638, -2.837 -1.3171 2.2376, -3.1578 -1.3171 2.3276, -3.0053 -1.3171 2.4073, -3.1777 -1.3171 2.3457, -3.2019 -1.3171 2.3586, -2.9982 -1.3171 2.274, -2.7834 -1.3171 2.2953, -2.835 -1.3171 2.3807, -2.8404 -1.3171 2.4026, -2.8491 -1.3171 2.4189, -3.4157 -1.3171 2.4189, -2.7691 -1.3171 2.3313, -2.9745 -1.3171 2.2832, -2.9734 -1.3171 2.2831, -2.97 -1.3171 2.2823, -3.4091 -1.3171 2.3505, -3.3955 -1.3171 2.3274, -3.3377 -1.3171 2.3156, -3.3751 -1.3171 2.3064, -3.3503 -1.3171 2.2911, -3.2955 -1.3171 2.3533, -3.3188 -1.3171 2.3372, -3.4186 -1.3171 2.3959, -3.4172 -1.3171 2.3784, -3.2704 -1.3171 2.3629, -3.2432 -1.3171 2.3663, -3.2294 -1.3171 2.3655, -3.0098 -1.3171 2.2479, -3.0095 -1.3171 2.2524, -3.1294 -1.3171 2.2627, -3.0073 -1.3171 2.261, -3.0029 -1.3171 2.2688, -2.8576 -1.3171 2.3106, -2.8451 -1.3171 2.3284, -2.8372 -1.3171 2.3487, -2.8345 -1.3171 2.3708, -2.9832 -1.3171 2.2136, -2.9908 -1.3171 2.2166, -2.9981 -1.3171 2.2218, -3.0008 -1.3171 2.2245, -3.0058 -1.3171 2.2317, -3.0088 -1.3171 2.2394, -3.13 -1.3171 2.2395, -3.1294 -1.3171 2.2513, -2.8718 -1.3171 2.2206, -2.9096 -1.3171 2.2126, -2.9768 -1.3171 2.2126, -2.9677 -1.3171 2.282, -2.9165 -1.3171 2.282, -2.8961 -1.3171 2.2859, -2.876 -1.3171 2.2952, -2.8591 -1.3171 2.309, -2.9324 -1.3171 2.4596, -3.4054 -1.3171 2.4488, -3.4152 -1.3171 2.4234, -2.9233 -1.3171 2.4596, -2.8509 -1.3171 2.4223, -2.8641 -1.3171 2.437, -2.8818 -1.3171 2.4493, -2.9017 -1.3171 2.457, -2.9569 -1.3171 2.528, -2.9826 -1.3171 2.5587, -3.2444 -1.3171 2.4927, -2.9855 -1.3171 2.5614, -3.0175 -1.3171 2.5836, -3.227 -1.3171 2.5287, -3.3936 -1.3171 2.4658, -3.2526 -1.3171 2.4972, -2.9338 -1.3171 2.4658, -2.9394 -1.3171 2.4913, -3.2781 -1.3171 2.5065, -3.3047 -1.3171 2.5097, -3.3165 -1.3171 2.5091, -3.2015 -1.3171 2.5592, -3.0532 -1.3171 2.5972, -3.1709 -1.3171 2.5815, -3.0918 -1.3171 2.602, -3.1337 -1.3171 2.5966, -3.3446 -1.3171 2.5025, -3.37 -1.3171 2.489, -3.3897 -1.3171 2.4715, -2.7987 -1.3171 2.4658, -2.783 -1.3171 2.4439, -2.773 -1.3171 2.4189, -2.1031 -1.3171 2.2314, -2.1031 -1.3171 2.2131, -2.088 -1.3171 2.2118, -2.088 -1.3171 2.4189, -2.1068 -1.3171 2.3733, -2.1068 -1.3171 2.3548, -2.1686 -1.3171 2.2853, -2.1686 -1.3171 2.2314, -2.1386 -1.3171 2.2853, -2.1386 -1.3171 2.2314, -2.1113 -1.3171 2.2853, -2.1113 -1.3171 2.3036, -2.1686 -1.3171 2.3548, -2.1686 -1.3171 2.3036, -2.1386 -1.3171 2.3548, -2.1386 -1.3171 2.3036, -2.1386 -1.3171 2.2118, -2.1386 -1.3171 2.2131, -2.1893 -1.3171 2.2131, -2.2683 -1.3171 2.2415, -2.2659 -1.3171 2.2321, -2.2654 -1.3171 2.2321, -2.2109 -1.3171 2.3275, -2.2885 -1.3171 2.4189, -2.2317 -1.3171 2.3275, -2.2885 -1.3171 2.2997, -2.2629 -1.3171 2.2414, -2.2644 -1.3171 2.236, -2.4082 -1.3171 2.2966, -2.4074 -1.3171 2.3038, -2.4287 -1.3171 2.4189, -2.4051 -1.3171 2.2827, -2.4074 -1.3171 2.2888, -2.4083 -1.3171 2.2379, -2.3997 -1.3171 2.2326, -2.3991 -1.3171 2.2324, -2.3991 -1.3171 2.275, -2.4025 -1.3171 2.2785, -2.3992 -1.3171 2.2751, -2.3903 -1.3171 2.2118, -2.3942 -1.3171 2.2122, -2.3991 -1.3171 2.2118, -2.3991 -1.3171 2.2139, -2.4287 -1.3171 2.2118, -2.4083 -1.3171 2.2171, -2.3366 -1.3171 2.325, -2.3366 -1.3171 2.3056, -2.3954 -1.3171 2.321, -2.3904 -1.3171 2.3241, -2.3991 -1.3171 2.4189, -2.3426 -1.3171 2.2674, -2.3378 -1.3171 2.2632, -2.405 -1.3171 2.3102, -2.4013 -1.3171 2.3157, -2.3991 -1.3171 2.3177, -2.332 -1.3171 2.2362, -2.3345 -1.3171 2.2298, -2.3383 -1.3171 2.2245, -2.3796 -1.3171 2.3282, -2.3637 -1.3171 2.3301, -2.3259 -1.3171 2.4189, -2.3496 -1.3171 2.3289, -2.3341 -1.3171 2.2576, -2.3319 -1.3171 2.2517, -2.3311 -1.3171 2.2442, -2.3809 -1.3171 2.2861, -2.3637 -1.3171 2.278, -2.3656 -1.3171 2.3138, -2.344 -1.3171 2.2195, -2.3487 -1.3171 2.2166, -2.3559 -1.3171 2.2748, -2.342 -1.3171 2.3086, -2.3534 -1.3171 2.3125, -2.3716 -1.3171 2.3134, -2.3769 -1.3171 2.312, -2.3875 -1.3171 2.2984, -2.3814 -1.3171 2.3096, -2.3874 -1.3171 2.2958, -2.3866 -1.3171 2.2927, -2.3851 -1.3171 2.2899, -2.3832 -1.3171 2.2878, -2.3845 -1.3171 2.3069, -2.3862 -1.3171 2.3043, -2.3872 -1.3171 2.3016, -2.3871 -1.3171 2.2281, -2.3778 -1.3171 2.2634, -2.3898 -1.3171 2.2689, -2.3753 -1.3171 2.2268, -2.3745 -1.3171 2.2268, -2.3647 -1.3171 2.2579, -2.3642 -1.3171 2.228, -2.3517 -1.3171 2.2423, -2.3519 -1.3171 2.2448, -2.359 -1.3171 2.2299, -2.3572 -1.3171 2.231, -2.3549 -1.3171 2.233, -2.3531 -1.3171 2.2356, -2.3521 -1.3171 2.2384, -2.3528 -1.3171 2.2479, -2.3543 -1.3171 2.2506, -2.3568 -1.3171 2.2532, -1.9381 -1.3171 2.4658, -1.9901 -1.3171 2.4672, -2.0129 -1.3171 2.4672, -2.0292 -1.3171 2.511, -2.088 -1.3171 2.511, -2.088 -1.3171 2.4658, -2.0511 -1.3171 2.6273, -1.9381 -1.3171 2.6287, -2.088 -1.3171 2.6287, -2.0959 -1.3171 2.511, -2.1113 -1.3171 2.4672, -2.1386 -1.3171 2.4658, -2.1342 -1.3171 2.4672, -2.1386 -1.3171 2.6287, -2.088 -1.3171 2.5884, -2.0732 -1.3171 2.6273, -2.2885 -1.3171 2.6287, -2.3259 -1.3171 2.6287, -2.3073 -1.3171 2.6273, -2.3259 -1.3171 2.6273, -2.3691 -1.3171 2.5393, -2.3691 -1.3171 2.4854, -2.3259 -1.3171 2.5393, -2.3259 -1.3171 2.4854, -2.3119 -1.3171 2.5393, -2.3037 -1.3171 2.4854, -2.3119 -1.3171 2.5576, -2.3073 -1.3171 2.6089, -2.3259 -1.3171 2.5576, -2.3259 -1.3171 2.6089, -2.3691 -1.3171 2.5576, -2.3691 -1.3171 2.6089, -2.3898 -1.3171 2.4672, -2.3991 -1.3171 2.4658, -2.3259 -1.3171 2.4658, -2.2885 -1.3171 2.4658, -2.3037 -1.3171 2.4672, -2.3259 -1.3171 2.4672, -2.3898 -1.3171 2.6273, -2.3991 -1.3171 2.6287, -2.4287 -1.3171 2.6287, -2.4287 -1.3171 2.6254, -2.4218 -1.3171 2.6235, -2.4218 -1.3171 2.6019, -2.4399 -1.3171 2.609, -2.4596 -1.3171 2.6113, -2.4287 -1.3171 2.4905, -2.4218 -1.3171 2.4936, -2.4236 -1.3171 2.6028, -2.4287 -1.3171 2.6047, -2.4678 -1.3171 2.6109, -2.4815 -1.3171 2.6078, -2.4939 -1.3171 2.6016, -2.5032 -1.3171 2.5936, -2.5043 -1.3171 2.5924, -2.512 -1.3171 2.5813, -2.5174 -1.3171 2.5675, -2.5201 -1.3171 2.5454, -2.5197 -1.3171 2.5374, -2.5168 -1.3171 2.5218, -2.4557 -1.3171 2.4832, -2.4376 -1.3171 2.4865, -2.4907 -1.3171 2.4892, -2.4792 -1.3171 2.4848, -2.4632 -1.3171 2.4829, -2.5114 -1.3171 2.5092, -2.5043 -1.3171 2.4998, -2.5011 -1.3171 2.4966, -2.4598 -1.3171 2.63, -2.4426 -1.3171 2.6287, -2.4388 -1.3171 2.6284, -2.4598 -1.3171 2.63, -2.4287 -1.3171 2.8337, -2.4709 -1.3171 2.6287, -2.5346 -1.3171 2.8337, -2.5346 -1.3171 2.6287, -2.5302 -1.3171 2.5913, -2.5186 -1.3171 2.6064, -2.5147 -1.3171 2.6102, -2.4997 -1.3171 2.6207, -2.483 -1.3171 2.6272, -2.5442 -1.3171 2.6287, -2.5378 -1.3171 2.5735, -2.5346 -1.3171 2.5811, -2.5346 -1.3171 2.5079, -2.5386 -1.3171 2.5181, -2.5442 -1.3171 2.4658, -2.5417 -1.3171 2.5442, -2.5415 -1.3171 2.5526, -2.4932 -1.3171 2.4685, -2.5083 -1.3171 2.4756, -2.5346 -1.3171 2.4658, -2.5212 -1.3171 2.4863, -2.5225 -1.3171 2.4877, -2.532 -1.3171 2.5014, -2.4802 -1.3171 2.4658, -2.5346 -1.3171 2.4189, -2.4759 -1.3171 2.4649, -2.4662 -1.3171 2.4645, -2.4521 -1.3171 2.4658, -2.4218 -1.3171 2.4738, -2.4246 -1.3171 2.4724, -2.4287 -1.3171 2.4658, -2.4287 -1.3171 2.4711, -2.4418 -1.3171 2.4668, -2.5199 -1.3171 2.2669, -2.5162 -1.3171 2.3, -2.5241 -1.3171 2.2604, -2.5265 -1.3171 2.2531, -2.4355 -1.3171 2.2131, -2.4556 -1.3171 2.2131, -2.4719 -1.3171 2.3131, -2.4787 -1.3171 2.3138, -2.4895 -1.3171 2.2811, -2.4375 -1.3171 2.3035, -2.4355 -1.3171 2.2867, -2.5141 -1.3171 2.2724, -2.506 -1.3171 2.2768, -2.5024 -1.3171 2.3087, -2.4899 -1.3171 2.3128, -2.5108 -1.3171 2.2147, -2.5176 -1.3171 2.2194, -2.5346 -1.3171 2.2118, -2.5198 -1.3171 2.2217, -2.524 -1.3171 2.2278, -2.4556 -1.3171 2.2308, -2.4561 -1.3171 2.2308, -2.4603 -1.3171 2.2247, -2.4668 -1.3171 2.2182, -2.5264 -1.3171 2.2346, -2.5274 -1.3171 2.2437, -2.5162 -1.3171 2.3195, -2.4632 -1.3171 2.3287, -2.4551 -1.3171 2.3259, -2.4487 -1.3171 2.3219, -2.4556 -1.3171 2.2858, -2.4563 -1.3171 2.2947, -2.4583 -1.3171 2.3018, -2.4607 -1.3171 2.306, -2.445 -1.3171 2.3183, -2.4408 -1.3171 2.3121, -2.5121 -1.3171 2.3219, -2.4972 -1.3171 2.3277, -2.4769 -1.3171 2.3301, -2.4637 -1.3171 2.3092, -2.4673 -1.3171 2.3115, -2.4801 -1.3171 2.2118, -2.4803 -1.3171 2.2117, -2.4287 -1.3171 2.1483, -2.5346 -1.3171 2.1483, -2.4912 -1.3171 2.2104, -2.5028 -1.3171 2.2118, -2.5032 -1.3171 2.2118, -2.2885 -1.3171 2.2118, -2.2885 -1.3171 2.2458, -2.3207 -1.3171 2.3275, -2.2982 -1.3171 2.3275, -2.2758 -1.3171 2.2134, -2.2765 -1.3171 2.2118, -2.2846 -1.3171 2.1926, -2.3259 -1.3171 2.1483, -2.3165 -1.3171 2.1609, -2.3165 -1.3171 2.1787, -2.2924 -1.3171 2.1811, -2.2886 -1.3171 2.1852, -2.2885 -1.3171 2.1854, -2.3773 -1.3171 2.2104, -2.3991 -1.3171 2.1483, -2.3124 -1.3171 2.1774, -2.3051 -1.3171 2.1765, -2.2885 -1.3171 2.1628, -2.2955 -1.3171 2.1602, -2.2885 -1.3171 2.1483, -2.3036 -1.3171 2.1593, -2.308 -1.3171 2.1594, -2.2999 -1.3171 2.1771, -2.2956 -1.3171 2.1788, -2.2628 -1.3171 2.1959, -2.2719 -1.3171 2.1782, -2.1386 -1.3171 2.1483, -2.2565 -1.3171 2.2118, -2.2792 -1.3171 2.1694, -2.2806 -1.3171 2.1681, -2.2876 -1.3171 2.1632, -2.088 -1.3171 -0.0063, -2.088 -1.3171 2.1483, -2.1386 -1.3171 -0.0063, -2.2885 -1.3171 -0.0063, -2.3259 -1.3171 -0.0063, -2.3991 -1.3171 -0.0063, -2.4287 -1.3171 -0.0063, -2.5346 -1.3171 -0.0063, -2.4722 -1.3171 2.2147, -1.9381 -1.3171 2.1483, 0.9552 -1.3171 2.2118, -1.9381 -1.3171 2.2118, -2.6327 -1.3171 2.3733, -2.6327 -1.3171 2.2131, -2.5442 -1.3171 2.2118, -2.5442 -1.3171 2.1483, -2.5442 -1.3171 -0.0063, -2.5503 -1.3171 2.3733, -2.5442 -1.3171 2.4189, -2.5503 -1.3171 2.3548, -2.5466 -1.3171 2.2314, -2.5466 -1.3171 2.2131, -2.6121 -1.3171 2.2853, -2.6121 -1.3171 2.2314, -2.5548 -1.3171 2.2853, -2.5548 -1.3171 2.3036, -2.6121 -1.3171 2.3036, -2.6121 -1.3171 2.3548, -2.0288 -1.3171 2.2131, -2.0729 -1.3171 2.2131, -1.9469 -1.3171 2.2663, -1.9547 -1.3171 2.2497, -1.9666 -1.3171 2.2356, -1.9833 -1.3171 2.2236, -2.0016 -1.3171 2.2165, -2.0729 -1.3171 2.3733, -2.0272 -1.3171 2.3733, -1.9381 -1.3171 2.4189, -2.0027 -1.3171 2.3706, -1.9834 -1.3171 2.3635, -1.9666 -1.3171 2.3521, -1.961 -1.3171 2.3466, -1.9511 -1.3171 2.3326, -1.9452 -1.3171 2.3174, -1.9425 -1.3171 2.2952, -1.943 -1.3171 2.2851, -1.9108 -1.3171 2.2131, -1.9336 -1.3171 2.2131, -1.8124 -1.3171 2.2131, -1.8287 -1.3171 2.2569, -1.8954 -1.3171 2.2569, -1.8726 -1.3171 2.3733, -1.8505 -1.3171 2.3733, -2.6121 -1.3171 2.6273, -2.6327 -1.3171 2.4672, -2.6327 -1.3171 2.6273, -2.6121 -1.3171 2.4854, -2.5483 -1.3171 2.4854, -2.5483 -1.3171 2.4672, -2.1474 -1.3171 2.5203, -2.1553 -1.3171 2.5038, -2.1672 -1.3171 2.4896, -2.1839 -1.3171 2.4776, -2.2277 -1.3171 2.6273, -2.2033 -1.3171 2.6246, -2.184 -1.3171 2.6176, -2.2021 -1.3171 2.4705, -2.2294 -1.3171 2.4672, -2.2734 -1.3171 2.4672, -2.2734 -1.3171 2.6273, -2.1672 -1.3171 2.6061, -2.1616 -1.3171 2.6006, -2.1517 -1.3171 2.5867, -2.1457 -1.3171 2.5714, -2.143 -1.3171 2.5493, -2.1435 -1.3171 2.5391, -1.7895 -1.3171 2.2131, 0.9552 -1.3171 2.4189, 0.9552 -1.3171 2.4658, 0.9552 -1.3171 2.6287, 3.7 -1.3171 2.2118, 3.7 -1.3171 2.4189, 3.7 -1.3171 2.4658, 3.7 -1.3171 2.6287, -2.5442 -1.3171 2.8337, 3.7 -1.3171 2.8337, 0.9552 -1.3171 2.8337, -1.9381 -1.3171 2.8337, -2.088 -1.3171 2.8337, -2.1386 -1.3171 2.8337, -2.2885 -1.3171 2.8337, -2.3259 -1.3171 2.8337, -2.3991 -1.3171 2.8337, -2.305 -0.568 -0.0063, -2.305 -0.798 -0.0063, -2.305 -0.568 0.3937, -2.305 -0.798 0.3937, -2.995 -0.568 -0.0063, -2.995 -0.568 0.3937, -2.995 -0.798 -0.0063, -2.995 -0.798 0.3937, 2.305 -0.798 -0.0063, 2.305 -0.568 -0.0063, 2.305 -0.798 0.3937, 2.305 -0.568 0.3937, 2.995 -0.568 -0.0063, 2.995 -0.798 -0.0063, 2.995 -0.568 0.3937, 2.995 -0.798 0.3937, -2.305 0.802 -0.0063, -2.305 0.572 -0.0063, -2.305 0.802 0.3937, -2.305 0.572 0.3937, -2.995 0.572 -0.0063, -2.995 0.802 -0.0063, -2.995 0.572 0.3937, -2.995 0.802 0.3937, 2.305 0.572 -0.0063, 2.305 0.802 -0.0063, 2.305 0.572 0.3937, 2.305 0.802 0.3937, 2.995 0.572 -0.0063, 2.995 0.572 0.3937, 2.995 0.802 -0.0063, 2.995 0.802 0.3937, 1.45 -0.798 1.0437, 1.95 -0.798 1.0437, 1.45 -0.698 1.0437, 1.95 -0.328 1.0437, 1.25 -0.698 1.0437, 1.25 -0.328 1.0437, 1.25 -0.328 0.3937, 1.95 -0.328 0.3937, 1.95 -0.798 0.3937, 1.25 0.702 1.0437, 1.25 0.332 1.0437, 1.45 0.702 1.0437, 1.95 0.332 1.0437, 1.45 0.802 1.0437, 1.95 0.802 1.0437, 1.95 0.802 0.3937, 1.95 0.332 0.3937, 1.25 0.332 0.3937, -1.45 0.802 1.0437, -1.95 0.802 1.0437, -1.45 0.702 1.0437, -1.95 0.332 1.0437, -1.25 0.702 1.0437, -1.25 0.332 1.0437, -1.25 0.332 0.3937, -1.95 0.332 0.3937, -1.95 0.802 0.3937, -1.25 -0.698 1.0437, -1.25 -0.328 1.0437, -1.45 -0.698 1.0437, -1.95 -0.328 1.0437, -1.45 -0.798 1.0437, -1.95 -0.798 1.0437, -1.95 -0.798 0.3937, -1.95 -0.328 0.3937, -1.25 -0.328 0.3937, -1.25 -0.698 2.8937, -1.25 -0.798 2.8937, -1.25 -0.798 0.3937, -1.45 -0.698 2.8937, -1.45 -0.798 2.8937, 1.25 -0.698 2.8937, 1.45 -0.698 2.8937, 1.25 -0.798 2.8937, 1.25 -0.798 0.3937, 1.45 -0.798 2.8937, -1.25 0.702 2.8937, -1.45 0.702 2.8937, -1.25 0.802 2.8937, -1.25 0.802 0.3937, -1.45 0.802 2.8937, 1.25 0.702 2.8937, 1.25 0.802 2.8937, 1.25 0.802 0.3937, 1.45 0.702 2.8937, 1.45 0.802 2.8937, -3.7 -1.2571 2.8937, -3.7362 -1.2524 2.8937, -3.7 -1.2727 2.8917, -3.7403 -1.2674 2.8917, -3.7 -1.2871 2.8857, -3.744 -1.2813 2.8857, -3.7 -1.2996 2.8761, -3.7472 -1.2933 2.8761, -3.7 -1.3091 2.8637, -3.7497 -1.3025 2.8637, -3.7 -1.3151 2.8492, -3.7512 -1.3083 2.8492, -3.7518 -1.3103 2.8337, -3.77 -1.2384 2.8937, -3.7778 -1.2518 2.8917, -3.785 -1.2644 2.8857, -3.7912 -1.2751 2.8761, -3.796 -1.2834 2.8637, -3.799 -1.2886 2.8492, -3.8 -1.2903 2.8337, -3.799 -1.2161 2.8937, -3.81 -1.2271 2.8917, -3.8202 -1.2373 2.8857, -3.829 -1.2461 2.8761, -3.8357 -1.2529 2.8637, -3.84 -1.2571 2.8492, -3.8414 -1.2585 2.8337, -3.8212 -1.1871 2.8937, -3.8347 -1.1949 2.8917, -3.8472 -1.2021 2.8857, -3.858 -1.2083 2.8761, -3.8662 -1.2131 2.8637, -3.8714 -1.2161 2.8492, -3.8732 -1.2171 2.8337, -3.8352 -1.1534 2.8937, -3.8502 -1.1574 2.8917, -3.8642 -1.1611 2.8857, -3.8762 -1.1643 2.8761, -3.8854 -1.1668 2.8637, -3.8912 -1.1684 2.8492, -3.8932 -1.1689 2.8337, -3.84 -1.1171 2.8937, -3.8555 -1.1171 2.8917, -3.87 -1.1171 2.8857, -3.8824 -1.1171 2.8761, -3.892 -1.1171 2.8637, -3.898 -1.1171 2.8492, -3.9 -1.1171 2.8337, 3.7 -1.2571 2.8937, 3.7 -1.2727 2.8917, 3.7 -1.2871 2.8857, 3.7 -1.2996 2.8761, 3.7 -1.3091 2.8637, 3.7 -1.3151 2.8492, -3.84 1.1211 2.8937, -3.8555 1.1211 2.8917, -3.87 1.1211 2.8857, -3.8824 1.1211 2.8761, -3.892 1.1211 2.8637, -3.898 1.1211 2.8492, -3.9 1.1211 2.8337, 3.84 -1.1171 2.8937, 3.8352 -1.1534 2.8937, 3.8555 -1.1171 2.8917, 3.8502 -1.1574 2.8917, 3.87 -1.1171 2.8857, 3.8642 -1.1611 2.8857, 3.8824 -1.1171 2.8761, 3.8762 -1.1643 2.8761, 3.892 -1.1171 2.8637, 3.8854 -1.1668 2.8637, 3.898 -1.1171 2.8492, 3.8912 -1.1684 2.8492, 3.9 -1.1171 2.8337, 3.8932 -1.1689 2.8337, 3.8212 -1.1871 2.8937, 3.8347 -1.1949 2.8917, 3.8472 -1.2021 2.8857, 3.858 -1.2083 2.8761, 3.8662 -1.2131 2.8637, 3.8714 -1.2161 2.8492, 3.8732 -1.2171 2.8337, 3.799 -1.2161 2.8937, 3.81 -1.2271 2.8917, 3.8202 -1.2373 2.8857, 3.829 -1.2461 2.8761, 3.8357 -1.2529 2.8637, 3.84 -1.2571 2.8492, 3.8414 -1.2585 2.8337, 3.77 -1.2384 2.8937, 3.7778 -1.2518 2.8917, 3.785 -1.2644 2.8857, 3.7912 -1.2751 2.8761, 3.796 -1.2834 2.8637, 3.799 -1.2886 2.8492, 3.8 -1.2903 2.8337, 3.7362 -1.2524 2.8937, 3.7403 -1.2674 2.8917, 3.744 -1.2813 2.8857, 3.7472 -1.2933 2.8761, 3.7497 -1.3025 2.8637, 3.7512 -1.3083 2.8492, 3.7518 -1.3103 2.8337, -3.855 1.2447 2.8337, -3.8732 1.2211 2.8337, -3.8714 1.22 2.8492, -3.8789 1.2073 2.8337, -3.8932 1.1728 2.8337, -3.8912 1.1723 2.8492, -3.8942 1.1655 2.8337, -3.799 1.2201 2.8937, -3.77 1.2423 2.8937, -3.81 1.231 2.8917, -3.7778 1.2558 2.8917, -3.8202 1.2413 2.8857, -3.785 1.2683 2.8857, -3.829 1.2501 2.8761, -3.7912 1.279 2.8761, -3.8357 1.2568 2.8637, -3.796 1.2873 2.8637, -3.84 1.261 2.8492, -3.799 1.2925 2.8492, -3.8854 1.1707 2.8637, -3.8762 1.1683 2.8761, -3.8642 1.1651 2.8857, -3.8502 1.1613 2.8917, -3.8352 1.1573 2.8937, -3.8662 1.217 2.8637, -3.858 1.2123 2.8761, -3.8472 1.2061 2.8857, -3.8347 1.1988 2.8917, -3.8212 1.1911 2.8937, -3.8414 1.2625 2.8337, -3.7444 1.3152 2.8337, -3.7518 1.3142 2.8337, -3.7512 1.3123 2.8492, -3.7497 1.3065 2.8637, -3.7472 1.2973 2.8761, -3.744 1.2853 2.8857, -3.7403 1.2713 2.8917, -3.7362 1.2563 2.8937, -3.7862 1.3 2.8337, -3.8 1.2943 2.8337, -3.8237 1.2761 2.8337, -3.7 1.3211 2.8337, -3.7 1.319 2.8492, -3.7 1.313 2.8637, -3.7 1.3035 2.8761, -3.7 1.2911 2.8857, -3.7 1.2766 2.8917, -3.7 1.2611 2.8937, 3.84 1.1211 2.8937, 3.8555 1.1211 2.8917, 3.87 1.1211 2.8857, 3.8824 1.1211 2.8761, 3.892 1.1211 2.8637, 3.898 1.1211 2.8492, 3.9 1.1211 2.8337, 3.7 1.2611 2.8937, 3.7 1.2766 2.8917, 3.7 1.2911 2.8857, 3.7 1.3035 2.8761, 3.7 1.313 2.8637, 3.7 1.319 2.8492, 3.7 1.3211 2.8337, 3.7362 1.2563 2.8937, 3.7403 1.2713 2.8917, 3.744 1.2853 2.8857, 3.7472 1.2973 2.8761, 3.7497 1.3065 2.8637, 3.7512 1.3123 2.8492, 3.7518 1.3142 2.8337, 3.77 1.2423 2.8937, 3.7778 1.2558 2.8917, 3.785 1.2683 2.8857, 3.7912 1.279 2.8761, 3.796 1.2873 2.8637, 3.799 1.2925 2.8492, 3.8 1.2943 2.8337, 3.799 1.2201 2.8937, 3.81 1.231 2.8917, 3.8202 1.2413 2.8857, 3.829 1.2501 2.8761, 3.8357 1.2568 2.8637, 3.84 1.261 2.8492, 3.8414 1.2625 2.8337, 3.8212 1.1911 2.8937, 3.8347 1.1988 2.8917, 3.8472 1.2061 2.8857, 3.858 1.2123 2.8761, 3.8662 1.217 2.8637, 3.8714 1.22 2.8492, 3.8732 1.2211 2.8337, 3.8352 1.1573 2.8937, 3.8502 1.1613 2.8917, 3.8642 1.1651 2.8857, 3.8762 1.1683 2.8761, 3.8854 1.1707 2.8637, 3.8912 1.1723 2.8492, 3.8932 1.1728 2.8337, -3.35 -0.798 0.3937, -3.35 0.802 0.3937, -3.35 -0.798 2.8937, -3.35 0.802 2.8937, 3.35 0.802 0.3937, 3.35 -0.798 0.3937, 3.35 0.802 2.8937, 3.35 -0.798 2.8937, 3.7518 -1.3103 -0.0063, -3.8414 -1.2585 -0.0063, -3.8732 -1.2171 -0.0063, -3.8 -1.2903 -0.0063, -3.7518 -1.3103 -0.0063, -3.8802 1.2078 -0.0063, -3.8564 1.2458 -0.0063, -3.8247 1.2774 -0.0063, 3.7 1.3211 -0.0063, -3.7 1.3211 -0.0063, -3.7445 1.316 -0.0063, -3.7868 1.3013 -0.0063, 3.9 1.1211 -0.0063, 3.9 -1.1171 -0.0063, 3.8932 -1.1689 -0.0063, 3.8732 -1.2171 -0.0063, -3.8932 -1.1689 -0.0063, -3.9 -1.1171 -0.0063, -3.9 1.1211 -0.0063, -3.895 1.1656 -0.0063, 3.8414 -1.2585 -0.0063, 3.8 -1.2903 -0.0063, 3.8 1.2943 -0.0063, 3.8414 1.2625 -0.0063, 3.8932 1.1728 -0.0063, 3.8732 1.2211 -0.0063, 3.7518 1.3142 -0.0063
            ]
        }
        coordIndex [
            0,1,2,-1,3,0,4,-1,5,6,7,-1,8,9,10,-1,11,12,13,-1,13,12,14,-1,15,16,13,-1,13,16,17,-1,13,17,18,-1,18,19,13,-1,13,19,20,-1,13,20,11,-1,21,22,23,-1,23,22,24,-1,23,24,25,-1,25,24,26,-1,21,23,27,-1,27,23,28,-1,27,28,29,-1,30,31,28,-1,28,31,32,-1,28,32,33,-1,28,34,29,-1,29,34,35,-1,29,35,36,-1,36,35,37,-1,36,37,38,-1,33,39,28,-1,28,39,40,-1,28,40,34,-1,41,42,43,-1,43,42,44,-1,43,44,45,-1,45,46,43,-1,43,46,47,-1,43,47,48,-1,48,47,49,-1,49,50,48,-1,48,50,51,-1,48,51,30,-1,30,51,52,-1,30,52,31,-1,53,54,55,-1,55,54,56,-1,55,56,43,-1,43,56,57,-1,43,57,41,-1,58,59,60,-1,61,62,55,-1,55,62,63,-1,55,63,53,-1,60,64,58,-1,58,64,65,-1,58,65,61,-1,61,65,66,-1,61,66,62,-1,67,68,59,-1,59,68,69,-1,59,69,70,-1,70,71,59,-1,59,71,72,-1,59,72,60,-1,73,74,75,-1,76,77,78,-1,79,80,67,-1,81,82,83,-1,83,82,84,-1,76,78,85,-1,79,67,86,-1,87,88,82,-1,82,88,89,-1,82,89,90,-1,75,74,67,-1,67,74,91,-1,67,91,86,-1,77,92,78,-1,78,92,93,-1,78,93,94,-1,95,96,97,-1,97,96,98,-1,97,98,99,-1,100,90,101,-1,101,90,102,-1,101,102,97,-1,97,102,103,-1,97,103,95,-1,100,104,90,-1,90,104,105,-1,90,105,82,-1,82,105,106,-1,82,106,84,-1,107,108,109,-1,109,108,110,-1,109,110,78,-1,78,110,111,-1,78,111,85,-1,112,113,78,-1,78,113,114,-1,78,114,82,-1,82,114,115,-1,82,115,87,-1,116,117,68,-1,68,117,118,-1,68,118,119,-1,119,120,68,-1,68,120,121,-1,68,121,122,-1,122,121,107,-1,122,107,123,-1,123,107,109,-1,80,124,67,-1,67,124,125,-1,67,125,68,-1,68,125,126,-1,68,126,116,-1,94,127,78,-1,78,127,128,-1,78,128,129,-1,129,130,78,-1,78,130,131,-1,78,131,112,-1,132,133,134,-1,134,90,132,-1,132,90,89,-1,132,89,135,-1,135,89,136,-1,136,137,135,-1,135,137,138,-1,135,138,139,-1,140,141,142,-1,141,143,142,-1,142,143,144,-1,142,144,145,-1,146,142,147,-1,133,132,146,-1,146,132,148,-1,146,148,142,-1,142,148,149,-1,142,149,140,-1,147,150,146,-1,146,150,151,-1,146,151,152,-1,145,144,153,-1,153,144,154,-1,153,154,155,-1,155,154,156,-1,155,156,157,-1,158,159,152,-1,152,159,160,-1,152,160,146,-1,12,161,14,-1,14,161,162,-1,14,162,75,-1,75,162,163,-1,75,163,73,-1,164,165,166,-1,10,9,167,-1,167,9,168,-1,167,168,169,-1,170,171,172,-1,172,171,173,-1,172,173,174,-1,174,173,164,-1,174,164,175,-1,176,177,178,-1,178,177,179,-1,178,179,169,-1,166,165,180,-1,180,165,181,-1,180,181,182,-1,183,184,185,-1,186,187,188,-1,188,187,189,-1,188,189,190,-1,190,189,183,-1,190,183,191,-1,191,183,185,-1,192,193,194,-1,195,196,197,-1,198,199,200,-1,195,197,201,-1,198,200,197,-1,197,200,202,-1,197,202,201,-1,203,204,205,-1,205,204,206,-1,205,206,207,-1,207,206,208,-1,207,208,197,-1,209,210,7,-1,211,212,213,-1,214,215,210,-1,193,216,194,-1,194,216,217,-1,194,217,213,-1,213,217,218,-1,213,218,211,-1,219,220,7,-1,7,220,221,-1,212,222,213,-1,213,222,223,-1,213,223,224,-1,224,223,225,-1,224,225,209,-1,215,226,210,-1,210,226,227,-1,210,227,7,-1,7,227,228,-1,7,228,219,-1,229,230,231,-1,221,232,7,-1,7,232,233,-1,7,233,5,-1,214,210,234,-1,234,210,235,-1,234,235,230,-1,230,235,236,-1,230,236,231,-1,237,238,239,-1,239,238,240,-1,237,239,231,-1,231,239,241,-1,231,241,242,-1,242,243,231,-1,231,243,244,-1,231,244,229,-1,245,246,240,-1,240,246,247,-1,240,247,239,-1,248,249,199,-1,199,249,250,-1,199,250,200,-1,248,251,249,-1,249,251,252,-1,249,252,253,-1,253,252,254,-1,253,255,256,-1,254,257,253,-1,253,257,258,-1,253,258,259,-1,259,260,253,-1,253,260,261,-1,253,261,255,-1,256,262,253,-1,253,262,263,-1,253,263,264,-1,265,266,267,-1,268,269,267,-1,267,269,270,-1,267,270,265,-1,266,265,271,-1,271,265,272,-1,271,272,273,-1,269,274,270,-1,270,274,275,-1,270,275,276,-1,276,275,277,-1,276,277,278,-1,278,277,279,-1,278,279,273,-1,273,279,280,-1,273,280,271,-1,281,282,283,-1,283,282,284,-1,285,286,287,-1,287,286,288,-1,287,288,289,-1,289,288,290,-1,289,290,291,-1,291,290,292,-1,291,292,293,-1,293,292,294,-1,293,294,295,-1,295,294,296,-1,297,298,299,-1,283,292,281,-1,281,292,290,-1,281,290,300,-1,300,290,301,-1,300,301,299,-1,299,301,302,-1,299,302,297,-1,284,282,303,-1,303,282,304,-1,303,304,297,-1,305,306,304,-1,304,306,307,-1,304,307,308,-1,309,310,311,-1,297,304,298,-1,298,304,308,-1,298,308,312,-1,312,308,313,-1,312,313,311,-1,311,313,314,-1,311,314,309,-1,310,315,311,-1,311,315,316,-1,311,316,317,-1,317,318,311,-1,311,318,319,-1,311,319,320,-1,320,321,311,-1,311,321,322,-1,311,322,323,-1,324,325,323,-1,323,325,326,-1,323,326,311,-1,327,328,329,-1,324,330,325,-1,325,330,331,-1,325,331,329,-1,329,331,332,-1,329,332,327,-1,333,334,305,-1,305,334,335,-1,305,335,306,-1,336,337,338,-1,338,337,339,-1,340,341,342,-1,342,343,340,-1,340,343,344,-1,340,344,345,-1,346,347,340,-1,340,347,348,-1,340,348,341,-1,349,350,351,-1,351,350,352,-1,351,352,346,-1,346,352,353,-1,346,353,347,-1,354,355,356,-1,356,355,357,-1,357,358,356,-1,356,358,359,-1,356,359,349,-1,354,356,360,-1,360,356,361,-1,360,361,362,-1,362,361,363,-1,363,361,194,-1,363,194,364,-1,312,365,298,-1,298,365,366,-1,298,366,367,-1,367,366,368,-1,367,368,369,-1,370,371,372,-1,372,371,373,-1,207,374,375,-1,376,377,378,-1,194,379,380,-1,370,381,371,-1,371,381,382,-1,371,382,383,-1,383,382,378,-1,383,378,384,-1,384,378,377,-1,196,192,197,-1,197,192,194,-1,197,194,207,-1,207,194,380,-1,207,380,374,-1,385,386,387,-1,387,386,388,-1,387,388,389,-1,390,391,375,-1,375,391,392,-1,375,392,393,-1,389,394,387,-1,387,394,395,-1,387,395,361,-1,361,395,373,-1,361,373,396,-1,396,373,371,-1,397,398,194,-1,194,398,399,-1,400,401,378,-1,378,401,402,-1,378,402,403,-1,399,404,194,-1,194,404,405,-1,194,405,379,-1,396,406,361,-1,361,406,407,-1,361,407,194,-1,194,407,408,-1,194,408,397,-1,403,409,378,-1,378,409,410,-1,378,410,376,-1,411,412,413,-1,413,412,414,-1,412,415,414,-1,414,415,416,-1,414,416,387,-1,387,416,417,-1,387,417,385,-1,418,419,7,-1,7,419,420,-1,209,7,224,-1,224,7,420,-1,224,420,187,-1,187,420,421,-1,187,421,189,-1,422,419,423,-1,423,419,418,-1,423,418,424,-1,425,426,427,-1,428,429,418,-1,418,429,430,-1,418,430,424,-1,431,432,6,-1,6,432,425,-1,6,425,7,-1,7,425,427,-1,7,427,418,-1,418,427,433,-1,418,433,434,-1,435,436,437,-1,437,436,438,-1,437,438,425,-1,425,438,439,-1,425,439,426,-1,434,440,418,-1,418,440,441,-1,418,441,428,-1,442,443,444,-1,442,444,445,-1,443,446,444,-1,444,446,447,-1,444,447,437,-1,437,447,448,-1,437,448,435,-1,449,450,451,-1,451,450,444,-1,451,444,452,-1,452,444,437,-1,452,437,453,-1,453,437,425,-1,453,425,454,-1,454,425,432,-1,454,432,455,-1,455,432,413,-1,455,413,456,-1,456,413,414,-1,431,203,432,-1,432,203,205,-1,432,205,413,-1,413,205,207,-1,413,207,411,-1,411,207,375,-1,411,375,457,-1,457,375,393,-1,450,166,444,-1,444,166,180,-1,444,180,445,-1,445,180,182,-1,445,182,186,-1,186,182,8,-1,186,8,187,-1,187,8,10,-1,3,4,458,-1,458,4,459,-1,458,459,460,-1,461,75,462,-1,462,75,67,-1,462,67,463,-1,463,67,59,-1,463,59,464,-1,464,59,58,-1,464,58,465,-1,461,466,467,-1,466,468,467,-1,467,468,469,-1,467,469,463,-1,463,469,470,-1,463,470,462,-1,471,472,473,-1,473,472,469,-1,473,469,474,-1,474,469,468,-1,474,468,475,-1,475,468,476,-1,477,166,460,-1,460,166,450,-1,460,450,458,-1,458,450,449,-1,458,449,3,-1,477,478,166,-1,166,478,167,-1,166,167,164,-1,164,167,169,-1,164,169,175,-1,175,169,179,-1,479,480,460,-1,460,480,481,-1,481,482,460,-1,460,482,483,-1,460,483,477,-1,478,484,167,-1,167,484,485,-1,167,485,486,-1,486,485,487,-1,486,487,488,-1,488,489,486,-1,486,489,490,-1,486,490,491,-1,491,492,486,-1,486,492,493,-1,486,493,460,-1,460,493,494,-1,460,494,479,-1,495,496,460,-1,497,498,499,-1,460,496,486,-1,486,496,500,-1,486,500,501,-1,349,351,356,-1,356,351,467,-1,356,467,361,-1,361,467,463,-1,361,463,387,-1,387,463,464,-1,387,464,414,-1,414,464,465,-1,414,465,456,-1,486,265,167,-1,167,265,270,-1,167,270,10,-1,10,270,276,-1,10,276,187,-1,187,276,300,-1,187,300,224,-1,224,300,299,-1,224,299,213,-1,213,299,298,-1,213,298,194,-1,194,298,367,-1,194,367,364,-1,364,367,369,-1,502,346,13,-1,461,467,75,-1,75,467,351,-1,75,351,14,-1,14,351,503,-1,14,503,13,-1,13,503,504,-1,13,504,502,-1,502,505,346,-1,346,505,506,-1,346,506,351,-1,351,506,507,-1,351,507,503,-1,508,509,276,-1,276,509,510,-1,276,510,511,-1,281,512,278,-1,278,512,513,-1,278,513,514,-1,511,515,276,-1,276,515,516,-1,276,516,300,-1,300,516,517,-1,300,517,281,-1,281,517,518,-1,281,518,512,-1,514,519,278,-1,278,519,520,-1,278,520,521,-1,521,522,278,-1,278,522,523,-1,278,523,276,-1,276,523,524,-1,276,524,508,-1,499,495,497,-1,497,495,460,-1,497,460,525,-1,525,460,459,-1,525,459,501,-1,501,459,526,-1,501,526,486,-1,486,526,527,-1,486,527,265,-1,265,527,528,-1,265,528,272,-1,0,2,4,-1,4,2,529,-1,4,529,459,-1,459,529,530,-1,459,530,526,-1,526,530,531,-1,526,531,527,-1,527,531,532,-1,527,532,528,-1,345,338,340,-1,340,338,339,-1,340,339,346,-1,346,339,533,-1,346,533,13,-1,13,533,25,-1,13,25,15,-1,15,25,26,-1,532,534,528,-1,528,534,535,-1,528,535,272,-1,272,535,536,-1,272,536,273,-1,273,536,537,-1,273,537,278,-1,278,537,538,-1,278,538,281,-1,281,538,539,-1,281,539,282,-1,282,539,540,-1,282,540,304,-1,304,540,541,-1,304,541,305,-1,305,541,337,-1,305,337,333,-1,333,337,336,-1,542,543,544,-1,544,543,545,-1,546,542,547,-1,547,542,544,-1,548,546,549,-1,549,546,547,-1,550,551,552,-1,552,551,553,-1,554,555,556,-1,556,555,557,-1,551,554,553,-1,553,554,556,-1,558,559,560,-1,560,559,561,-1,562,563,564,-1,564,563,565,-1,559,562,561,-1,561,562,564,-1,566,567,568,-1,568,567,569,-1,570,566,571,-1,571,566,568,-1,572,570,573,-1,573,570,571,-1,574,575,576,-1,576,575,577,-1,576,577,578,-1,578,577,579,-1,579,577,580,-1,580,577,581,-1,577,575,581,-1,581,575,582,-1,583,584,585,-1,585,584,586,-1,585,586,587,-1,587,586,588,-1,588,586,589,-1,589,586,590,-1,586,584,590,-1,590,584,591,-1,592,593,594,-1,594,593,595,-1,594,595,596,-1,596,595,597,-1,597,595,598,-1,598,595,599,-1,595,593,599,-1,599,593,600,-1,601,602,603,-1,603,602,604,-1,603,604,605,-1,605,604,606,-1,606,604,607,-1,607,604,608,-1,604,602,608,-1,608,602,609,-1,610,611,601,-1,601,611,612,-1,601,612,602,-1,602,612,609,-1,613,610,603,-1,603,610,601,-1,614,613,605,-1,605,613,603,-1,615,616,578,-1,578,616,576,-1,617,615,578,-1,579,580,578,-1,578,580,618,-1,578,618,617,-1,616,619,576,-1,576,619,574,-1,620,621,596,-1,596,621,594,-1,622,620,596,-1,597,598,596,-1,596,598,623,-1,596,623,622,-1,621,624,594,-1,594,624,592,-1,625,626,583,-1,583,626,627,-1,583,627,584,-1,584,627,591,-1,628,625,585,-1,585,625,583,-1,629,628,587,-1,587,628,585,-1,630,631,632,-1,632,631,633,-1,632,633,634,-1,634,633,635,-1,634,635,636,-1,636,635,637,-1,636,637,638,-1,638,637,639,-1,638,639,640,-1,640,639,641,-1,640,641,23,-1,23,641,642,-1,631,643,633,-1,633,643,644,-1,633,644,635,-1,635,644,645,-1,635,645,637,-1,637,645,646,-1,637,646,639,-1,639,646,647,-1,639,647,641,-1,641,647,648,-1,641,648,642,-1,642,648,649,-1,643,650,644,-1,644,650,651,-1,644,651,645,-1,645,651,652,-1,645,652,646,-1,646,652,653,-1,646,653,647,-1,647,653,654,-1,647,654,648,-1,648,654,655,-1,648,655,649,-1,649,655,656,-1,650,657,651,-1,651,657,658,-1,651,658,652,-1,652,658,659,-1,652,659,653,-1,653,659,660,-1,653,660,654,-1,654,660,661,-1,654,661,655,-1,655,661,662,-1,655,662,656,-1,656,662,663,-1,657,664,658,-1,658,664,665,-1,658,665,659,-1,659,665,666,-1,659,666,660,-1,660,666,667,-1,660,667,661,-1,661,667,668,-1,661,668,662,-1,662,668,669,-1,662,669,663,-1,663,669,670,-1,664,671,665,-1,665,671,672,-1,665,672,666,-1,666,672,673,-1,666,673,667,-1,667,673,674,-1,667,674,668,-1,668,674,675,-1,668,675,669,-1,669,675,676,-1,669,676,670,-1,670,676,677,-1,678,630,632,-1,678,632,679,-1,679,632,634,-1,679,634,680,-1,680,634,636,-1,680,636,681,-1,681,636,638,-1,681,638,682,-1,682,638,640,-1,682,640,683,-1,683,640,23,-1,683,23,534,-1,671,684,685,-1,671,685,672,-1,672,685,686,-1,672,686,673,-1,673,686,687,-1,673,687,674,-1,674,687,688,-1,674,688,675,-1,675,688,689,-1,675,689,676,-1,676,689,690,-1,676,690,677,-1,691,692,693,-1,693,692,694,-1,693,694,695,-1,695,694,696,-1,695,696,697,-1,697,696,698,-1,697,698,699,-1,699,698,700,-1,699,700,701,-1,701,700,702,-1,701,702,703,-1,703,702,704,-1,692,705,694,-1,694,705,706,-1,694,706,696,-1,696,706,707,-1,696,707,698,-1,698,707,708,-1,698,708,700,-1,700,708,709,-1,700,709,702,-1,702,709,710,-1,702,710,704,-1,704,710,711,-1,705,712,706,-1,706,712,713,-1,706,713,707,-1,707,713,714,-1,707,714,708,-1,708,714,715,-1,708,715,709,-1,709,715,716,-1,709,716,710,-1,710,716,717,-1,710,717,711,-1,711,717,718,-1,712,719,713,-1,713,719,720,-1,713,720,714,-1,714,720,721,-1,714,721,715,-1,715,721,722,-1,715,722,716,-1,716,722,723,-1,716,723,717,-1,717,723,724,-1,717,724,718,-1,718,724,725,-1,719,726,720,-1,720,726,727,-1,720,727,721,-1,721,727,728,-1,721,728,722,-1,722,728,729,-1,722,729,723,-1,723,729,730,-1,723,730,724,-1,724,730,731,-1,724,731,725,-1,725,731,732,-1,726,678,727,-1,727,678,679,-1,727,679,728,-1,728,679,680,-1,728,680,729,-1,729,680,681,-1,729,681,730,-1,730,681,682,-1,730,682,731,-1,731,682,683,-1,731,683,732,-1,732,683,534,-1,733,734,735,-1,736,737,738,-1,739,690,689,-1,740,741,742,-1,742,741,743,-1,742,743,744,-1,744,743,745,-1,744,745,746,-1,746,745,747,-1,746,747,748,-1,748,747,749,-1,748,749,750,-1,750,749,751,-1,737,739,738,-1,738,739,689,-1,738,689,752,-1,752,689,688,-1,752,688,753,-1,753,688,687,-1,753,687,754,-1,754,687,686,-1,754,686,755,-1,755,686,685,-1,755,685,756,-1,756,685,684,-1,734,736,735,-1,735,736,738,-1,735,738,757,-1,757,738,752,-1,757,752,758,-1,758,752,753,-1,758,753,759,-1,759,753,754,-1,759,754,760,-1,760,754,755,-1,760,755,761,-1,761,755,756,-1,762,733,750,-1,750,733,735,-1,750,735,748,-1,748,735,757,-1,748,757,746,-1,746,757,758,-1,746,758,744,-1,744,758,759,-1,744,759,742,-1,742,759,760,-1,742,760,740,-1,740,760,761,-1,763,764,765,-1,765,764,751,-1,765,751,766,-1,766,751,749,-1,766,749,767,-1,767,749,747,-1,767,747,768,-1,768,747,745,-1,768,745,769,-1,769,745,743,-1,769,743,770,-1,770,743,741,-1,764,771,751,-1,751,771,772,-1,751,772,750,-1,750,772,773,-1,750,773,762,-1,774,763,775,-1,775,763,765,-1,775,765,776,-1,776,765,766,-1,776,766,777,-1,777,766,767,-1,777,767,778,-1,778,767,768,-1,778,768,779,-1,779,768,769,-1,779,769,780,-1,780,769,770,-1,781,691,693,-1,781,693,782,-1,782,693,695,-1,782,695,783,-1,783,695,697,-1,783,697,784,-1,784,697,699,-1,784,699,785,-1,785,699,701,-1,785,701,786,-1,786,701,703,-1,786,703,787,-1,780,788,789,-1,780,789,779,-1,779,789,790,-1,779,790,778,-1,778,790,791,-1,778,791,777,-1,777,791,792,-1,777,792,776,-1,776,792,793,-1,776,793,775,-1,775,793,794,-1,775,794,774,-1,788,795,789,-1,789,795,796,-1,789,796,790,-1,790,796,797,-1,790,797,791,-1,791,797,798,-1,791,798,792,-1,792,798,799,-1,792,799,793,-1,793,799,800,-1,793,800,794,-1,794,800,801,-1,795,802,796,-1,796,802,803,-1,796,803,797,-1,797,803,804,-1,797,804,798,-1,798,804,805,-1,798,805,799,-1,799,805,806,-1,799,806,800,-1,800,806,807,-1,800,807,801,-1,801,807,808,-1,802,809,803,-1,803,809,810,-1,803,810,804,-1,804,810,811,-1,804,811,805,-1,805,811,812,-1,805,812,806,-1,806,812,813,-1,806,813,807,-1,807,813,814,-1,807,814,808,-1,808,814,815,-1,809,816,810,-1,810,816,817,-1,810,817,811,-1,811,817,818,-1,811,818,812,-1,812,818,819,-1,812,819,813,-1,813,819,820,-1,813,820,814,-1,814,820,821,-1,814,821,815,-1,815,821,822,-1,816,823,817,-1,817,823,824,-1,817,824,818,-1,818,824,825,-1,818,825,819,-1,819,825,826,-1,819,826,820,-1,820,826,827,-1,820,827,821,-1,821,827,828,-1,821,828,822,-1,822,828,829,-1,823,781,824,-1,824,781,782,-1,824,782,825,-1,825,782,783,-1,825,783,826,-1,826,783,784,-1,826,784,827,-1,827,784,785,-1,827,785,828,-1,828,785,786,-1,828,786,829,-1,829,786,787,-1,623,627,622,-1,622,627,626,-1,830,831,832,-1,832,831,833,-1,611,617,612,-1,612,617,618,-1,834,835,836,-1,836,835,837,-1,838,1,555,-1,839,840,548,-1,555,1,550,-1,550,1,61,-1,550,61,543,-1,839,548,841,-1,543,61,548,-1,548,61,842,-1,548,842,841,-1,546,562,542,-1,542,562,559,-1,567,566,559,-1,843,844,562,-1,562,844,845,-1,846,558,847,-1,847,558,563,-1,847,563,848,-1,848,563,562,-1,848,562,849,-1,849,562,845,-1,850,851,555,-1,555,851,852,-1,555,852,853,-1,840,854,548,-1,548,854,855,-1,548,855,546,-1,546,855,856,-1,546,856,562,-1,562,856,857,-1,562,857,843,-1,853,858,555,-1,555,858,859,-1,555,859,838,-1,570,554,566,-1,566,554,551,-1,566,551,559,-1,559,551,550,-1,559,550,542,-1,542,550,543,-1,860,861,572,-1,555,554,850,-1,850,554,570,-1,850,570,862,-1,862,570,572,-1,862,572,863,-1,863,572,861,-1,559,558,567,-1,567,558,846,-1,567,846,572,-1,572,846,864,-1,572,864,860,-1,616,615,619,-1,619,615,617,-1,726,837,678,-1,678,837,619,-1,678,619,630,-1,630,619,617,-1,610,613,611,-1,611,613,614,-1,621,620,624,-1,624,620,622,-1,625,628,626,-1,626,628,629,-1,622,788,624,-1,624,788,780,-1,624,780,833,-1,833,780,770,-1,726,719,837,-1,837,719,712,-1,837,712,705,-1,823,816,836,-1,622,626,788,-1,788,626,629,-1,788,629,795,-1,795,629,836,-1,705,692,837,-1,837,692,691,-1,837,691,836,-1,836,691,781,-1,836,781,823,-1,816,809,836,-1,836,809,802,-1,836,802,795,-1,617,611,630,-1,630,611,614,-1,630,614,631,-1,631,614,832,-1,631,832,643,-1,664,657,832,-1,832,657,650,-1,832,650,643,-1,770,741,833,-1,833,741,740,-1,833,740,761,-1,761,756,833,-1,833,756,684,-1,833,684,832,-1,832,684,671,-1,832,671,664,-1,703,851,787,-1,787,851,850,-1,534,1,838,-1,534,838,732,-1,732,838,859,-1,732,859,725,-1,725,859,858,-1,725,858,718,-1,718,858,853,-1,718,853,711,-1,711,853,852,-1,711,852,704,-1,704,852,851,-1,704,851,703,-1,677,855,854,-1,677,854,670,-1,670,854,840,-1,670,840,663,-1,663,840,839,-1,663,839,656,-1,656,839,841,-1,656,841,649,-1,649,841,842,-1,649,842,642,-1,642,842,61,-1,642,61,23,-1,690,856,677,-1,677,856,855,-1,774,847,848,-1,849,764,848,-1,848,764,763,-1,848,763,774,-1,845,772,849,-1,849,772,771,-1,849,771,764,-1,844,762,845,-1,845,762,773,-1,845,773,772,-1,843,734,844,-1,844,734,733,-1,844,733,762,-1,739,737,843,-1,843,737,736,-1,843,736,734,-1,843,857,739,-1,739,857,856,-1,739,856,690,-1,794,846,774,-1,774,846,847,-1,787,850,862,-1,787,862,829,-1,829,862,863,-1,829,863,822,-1,822,863,861,-1,822,861,815,-1,815,861,860,-1,815,860,808,-1,808,860,864,-1,808,864,801,-1,801,864,846,-1,801,846,794,-1,607,545,606,-1,606,545,832,-1,606,832,605,-1,605,832,614,-1,830,832,549,-1,549,832,545,-1,549,545,548,-1,548,545,543,-1,593,592,624,-1,624,833,593,-1,593,833,831,-1,593,831,565,-1,600,593,560,-1,560,593,565,-1,560,565,558,-1,558,565,563,-1,589,569,588,-1,588,569,836,-1,588,836,587,-1,587,836,629,-1,834,836,573,-1,573,836,569,-1,573,569,572,-1,572,569,567,-1,575,574,619,-1,619,837,575,-1,575,837,835,-1,575,835,557,-1,582,575,552,-1,552,575,557,-1,552,557,550,-1,550,557,555,-1,556,557,835,-1,564,565,831,-1,544,598,547,-1,547,598,599,-1,830,549,547,-1,581,571,580,-1,580,571,568,-1,834,573,571,-1,627,623,598,-1,600,560,599,-1,599,560,561,-1,599,561,547,-1,547,561,564,-1,547,564,830,-1,830,564,831,-1,612,618,580,-1,591,627,609,-1,609,627,598,-1,609,598,608,-1,608,598,544,-1,608,544,607,-1,607,544,545,-1,609,612,591,-1,591,612,580,-1,591,580,590,-1,590,580,568,-1,590,568,589,-1,589,568,569,-1,582,552,581,-1,581,552,553,-1,581,553,571,-1,571,553,556,-1,571,556,834,-1,834,556,835,-1,
        ]
    }
}
Shape{
    appearance Appearance {
        material  Material 	{
            diffuseColor 1.0 1.0 1.0
            specularColor 0.5019607843137255 0.5019607843137255 0.5019607843137255
            ambientIntensity 1.0
            transparency 0.0
            shininess 0.5
        }
    }
    geometry IndexedFaceSet {
        ccw TRUE
        solid FALSE
        coord DEF co Coordinate {
            point [
                -2.5483 -1.3211 2.4854, -2.5483 -1.3211 2.4672, -2.5483 -1.3171 2.4854, -2.5483 -1.3171 2.4672, -2.6121 -1.3211 2.4854, -2.6121 -1.3171 2.4854, -2.6121 -1.3211 2.6273, -2.6121 -1.3171 2.6273, -2.6327 -1.3211 2.6273, -2.6327 -1.3171 2.6273, -2.6327 -1.3211 2.4672, -2.6327 -1.3171 2.4672, -2.4418 -1.3211 2.4668, -2.4662 -1.3211 2.4645, -2.4662 -1.3171 2.4645, -2.4521 -1.3171 2.4658, -2.4418 -1.3171 2.4668, -2.4246 -1.3211 2.4724, -2.4287 -1.3171 2.4711, -2.4246 -1.3171 2.4724, -2.4218 -1.3171 2.4738, -2.4218 -1.3211 2.4738, -2.4218 -1.3211 2.4936, -2.4218 -1.3171 2.4936, -2.4287 -1.3171 2.4905, -2.4376 -1.3211 2.4865, -2.4376 -1.3171 2.4865, -2.4557 -1.3171 2.4832, -2.4557 -1.3211 2.4832, -2.4632 -1.3171 2.4829, -2.4632 -1.3211 2.4829, -2.4792 -1.3171 2.4848, -2.4792 -1.3211 2.4848, -2.4907 -1.3171 2.4892, -2.4907 -1.3211 2.4892, -2.5011 -1.3171 2.4966, -2.5011 -1.3211 2.4966, -2.5043 -1.3171 2.4998, -2.5043 -1.3211 2.4998, -2.5114 -1.3171 2.5092, -2.5114 -1.3211 2.5092, -2.5168 -1.3171 2.5218, -2.5168 -1.3211 2.5218, -2.5197 -1.3171 2.5374, -2.5197 -1.3211 2.5374, -2.5201 -1.3171 2.5454, -2.5201 -1.3211 2.5454, -2.5174 -1.3171 2.5675, -2.5174 -1.3211 2.5675, -2.512 -1.3171 2.5813, -2.512 -1.3211 2.5813, -2.5043 -1.3171 2.5924, -2.5043 -1.3211 2.5924, -2.5032 -1.3171 2.5936, -2.5032 -1.3211 2.5936, -2.4939 -1.3171 2.6016, -2.4939 -1.3211 2.6016, -2.4815 -1.3171 2.6078, -2.4815 -1.3211 2.6078, -2.4678 -1.3171 2.6109, -2.4678 -1.3211 2.6109, -2.4596 -1.3171 2.6113, -2.4596 -1.3211 2.6113, -2.4399 -1.3171 2.609, -2.4287 -1.3171 2.6047, -2.4236 -1.3211 2.6028, -2.4399 -1.3211 2.609, -2.4236 -1.3171 2.6028, -2.4218 -1.3171 2.6019, -2.4218 -1.3211 2.6019, -2.4218 -1.3211 2.6235, -2.4218 -1.3171 2.6235, -2.4598 -1.3171 2.63, -2.4598 -1.3211 2.63, -2.4598 -1.3211 2.63, -2.4287 -1.3171 2.6254, -2.4388 -1.3211 2.6284, -2.4388 -1.3171 2.6284, -2.4426 -1.3171 2.6287, -2.4598 -1.3171 2.63, -2.4709 -1.3171 2.6287, -2.483 -1.3211 2.6272, -2.483 -1.3171 2.6272, -2.4997 -1.3171 2.6207, -2.4997 -1.3211 2.6207, -2.5147 -1.3171 2.6102, -2.5147 -1.3211 2.6102, -2.5186 -1.3171 2.6064, -2.5186 -1.3211 2.6064, -2.5302 -1.3171 2.5913, -2.5346 -1.3171 2.5811, -2.5378 -1.3211 2.5735, -2.5302 -1.3211 2.5913, -2.5378 -1.3171 2.5735, -2.5415 -1.3171 2.5526, -2.5415 -1.3211 2.5526, -2.5417 -1.3171 2.5442, -2.5417 -1.3211 2.5442, -2.5386 -1.3171 2.5181, -2.5346 -1.3171 2.5079, -2.532 -1.3211 2.5014, -2.5386 -1.3211 2.5181, -2.532 -1.3171 2.5014, -2.5225 -1.3171 2.4877, -2.5225 -1.3211 2.4877, -2.5212 -1.3171 2.4863, -2.5212 -1.3211 2.4863, -2.4932 -1.3171 2.4685, -2.5083 -1.3211 2.4756, -2.5083 -1.3171 2.4756, -2.4802 -1.3171 2.4658, -2.4759 -1.3211 2.4649, -2.4932 -1.3211 2.4685, -2.4759 -1.3171 2.4649, -2.3037 -1.3211 2.4854, -2.3037 -1.3211 2.4672, -2.3037 -1.3171 2.4854, -2.3037 -1.3171 2.4672, -2.3691 -1.3171 2.4854, -2.3691 -1.3211 2.4854, -2.3259 -1.3171 2.4854, -2.3691 -1.3211 2.5393, -2.3691 -1.3171 2.5393, -2.3119 -1.3171 2.5393, -2.3119 -1.3211 2.5393, -2.3259 -1.3171 2.5393, -2.3119 -1.3211 2.5576, -2.3119 -1.3171 2.5576, -2.3691 -1.3171 2.5576, -2.3691 -1.3211 2.5576, -2.3259 -1.3171 2.5576, -2.3691 -1.3211 2.6089, -2.3691 -1.3171 2.6089, -2.3073 -1.3171 2.6089, -2.3073 -1.3211 2.6089, -2.3259 -1.3171 2.6089, -2.3073 -1.3211 2.6273, -2.3073 -1.3171 2.6273, -2.3898 -1.3171 2.6273, -2.3898 -1.3211 2.6273, -2.3259 -1.3171 2.6273, -2.3898 -1.3211 2.4672, -2.3898 -1.3171 2.4672, -2.3259 -1.3171 2.4672, -2.1672 -1.3211 2.4896, -2.1837 -1.3211 2.5004, -2.1839 -1.3211 2.4776, -2.194 -1.3211 2.4932, -2.2021 -1.3211 2.4705, -2.2072 -1.3211 2.4881, -2.2294 -1.3211 2.4672, -2.2295 -1.3211 2.4854, -2.2734 -1.3211 2.4672, -2.2527 -1.3211 2.4854, -2.2734 -1.3211 2.6273, -2.2527 -1.3211 2.6089, -2.2277 -1.3211 2.6273, -2.2286 -1.3211 2.6089, -2.2226 -1.3211 2.6087, -2.2033 -1.3211 2.6246, -2.2058 -1.3211 2.6061, -2.184 -1.3211 2.6176, -2.1923 -1.3211 2.6007, -2.1672 -1.3211 2.6061, -2.1823 -1.3211 2.5938, -2.1616 -1.3211 2.6006, -2.1779 -1.3211 2.5895, -2.1517 -1.3211 2.5867, -2.1717 -1.3211 2.5805, -2.1457 -1.3211 2.5714, -2.1672 -1.3211 2.5688, -2.143 -1.3211 2.5493, -2.1648 -1.3211 2.5487, -2.1435 -1.3211 2.5391, -2.1655 -1.3211 2.537, -2.1474 -1.3211 2.5203, -2.1688 -1.3211 2.5227, -2.1553 -1.3211 2.5038, -2.1746 -1.3211 2.511, -2.1819 -1.3211 2.5021, -2.2294 -1.3171 2.4672, -2.2734 -1.3171 2.4672, -2.2021 -1.3171 2.4705, -2.1839 -1.3171 2.4776, -2.1672 -1.3171 2.4896, -2.1553 -1.3171 2.5038, -2.1474 -1.3171 2.5203, -2.1435 -1.3171 2.5391, -2.143 -1.3171 2.5493, -2.1457 -1.3171 2.5714, -2.1517 -1.3171 2.5867, -2.1616 -1.3171 2.6006, -2.1672 -1.3171 2.6061, -2.184 -1.3171 2.6176, -2.2033 -1.3171 2.6246, -2.2277 -1.3171 2.6273, -2.2734 -1.3171 2.6273, -2.2286 -1.3171 2.6089, -2.2527 -1.3171 2.6089, -2.2527 -1.3171 2.4854, -2.2295 -1.3171 2.4854, -2.1819 -1.3171 2.5021, -2.1837 -1.3171 2.5004, -2.194 -1.3171 2.4932, -2.2072 -1.3171 2.4881, -2.1648 -1.3171 2.5487, -2.1655 -1.3171 2.537, -2.1688 -1.3171 2.5227, -2.1746 -1.3171 2.511, -2.1823 -1.3171 2.5938, -2.1779 -1.3171 2.5895, -2.1717 -1.3171 2.5805, -2.1672 -1.3171 2.5688, -2.2226 -1.3171 2.6087, -2.2058 -1.3171 2.6061, -2.1923 -1.3171 2.6007
            ]
        }
        coordIndex [
            0,1,2,-1,2,1,3,-1,4,0,5,-1,5,0,2,-1,6,4,7,-1,7,4,5,-1,8,6,9,-1,9,6,7,-1,10,8,11,-1,11,8,9,-1,1,10,3,-1,3,10,11,-1,6,8,4,-1,4,8,10,-1,4,10,0,-1,0,10,1,-1,12,13,14,-1,14,15,12,-1,12,15,16,-1,12,16,17,-1,17,16,18,-1,18,19,17,-1,17,19,20,-1,17,20,21,-1,22,21,23,-1,23,21,20,-1,22,23,24,-1,22,24,25,-1,24,26,25,-1,25,26,27,-1,25,27,28,-1,28,27,29,-1,28,29,30,-1,30,29,31,-1,30,31,32,-1,32,31,33,-1,32,33,34,-1,34,33,35,-1,34,35,36,-1,36,35,37,-1,36,37,38,-1,38,37,39,-1,38,39,40,-1,40,39,41,-1,40,41,42,-1,42,41,43,-1,42,43,44,-1,44,43,45,-1,44,45,46,-1,46,45,47,-1,46,47,48,-1,48,47,49,-1,48,49,50,-1,50,49,51,-1,50,51,52,-1,52,51,53,-1,52,53,54,-1,54,53,55,-1,54,55,56,-1,56,55,57,-1,56,57,58,-1,58,57,59,-1,58,59,60,-1,60,59,61,-1,60,61,62,-1,62,61,63,-1,64,65,63,-1,63,65,66,-1,63,66,62,-1,64,67,65,-1,65,67,68,-1,65,68,69,-1,70,69,71,-1,71,69,68,-1,72,73,74,-1,70,71,75,-1,70,75,76,-1,75,77,76,-1,76,77,78,-1,76,78,74,-1,74,78,79,-1,74,79,72,-1,73,72,80,-1,73,80,81,-1,80,82,81,-1,81,82,83,-1,81,83,84,-1,84,83,85,-1,84,85,86,-1,86,85,87,-1,86,87,88,-1,88,87,89,-1,90,91,89,-1,89,91,92,-1,89,92,88,-1,90,93,91,-1,91,93,94,-1,91,94,95,-1,95,94,96,-1,95,96,97,-1,97,96,98,-1,99,100,98,-1,98,100,101,-1,98,101,97,-1,99,102,100,-1,100,102,103,-1,100,103,104,-1,104,103,105,-1,104,105,106,-1,107,108,109,-1,109,108,106,-1,109,106,105,-1,110,111,107,-1,107,111,112,-1,107,112,108,-1,110,113,111,-1,111,113,14,-1,111,14,13,-1,65,69,70,-1,48,50,92,-1,92,50,88,-1,65,70,66,-1,66,70,76,-1,66,76,62,-1,62,76,74,-1,62,74,60,-1,60,74,73,-1,60,73,58,-1,58,73,81,-1,58,81,56,-1,21,22,17,-1,17,22,25,-1,17,25,12,-1,12,25,28,-1,12,28,13,-1,13,28,30,-1,13,30,111,-1,111,30,32,-1,111,32,112,-1,112,32,34,-1,112,34,108,-1,108,34,36,-1,108,36,106,-1,106,36,38,-1,106,38,104,-1,104,38,40,-1,104,40,100,-1,97,46,95,-1,95,46,48,-1,95,48,91,-1,91,48,92,-1,50,52,88,-1,88,52,54,-1,88,54,86,-1,86,54,56,-1,86,56,84,-1,84,56,81,-1,100,40,101,-1,101,40,42,-1,101,42,97,-1,97,42,44,-1,97,44,46,-1,114,115,116,-1,116,115,117,-1,118,119,120,-1,120,119,114,-1,120,114,116,-1,121,119,122,-1,122,119,118,-1,123,124,125,-1,125,124,121,-1,125,121,122,-1,126,124,127,-1,127,124,123,-1,128,129,130,-1,130,129,126,-1,130,126,127,-1,131,129,132,-1,132,129,128,-1,133,134,135,-1,135,134,131,-1,135,131,132,-1,136,134,137,-1,137,134,133,-1,138,139,140,-1,140,139,136,-1,140,136,137,-1,141,139,142,-1,142,139,138,-1,117,115,143,-1,143,115,141,-1,143,141,142,-1,141,115,114,-1,114,119,141,-1,141,119,121,-1,141,121,139,-1,134,136,131,-1,131,136,139,-1,131,139,129,-1,129,139,121,-1,129,121,126,-1,126,121,124,-1,144,145,146,-1,146,145,147,-1,146,147,148,-1,148,147,149,-1,148,149,150,-1,150,149,151,-1,150,151,152,-1,152,151,153,-1,152,153,154,-1,154,153,155,-1,154,155,156,-1,155,157,156,-1,156,157,158,-1,156,158,159,-1,159,158,160,-1,159,160,161,-1,161,160,162,-1,161,162,163,-1,163,162,164,-1,163,164,165,-1,165,164,166,-1,165,166,167,-1,167,166,168,-1,167,168,169,-1,169,168,170,-1,169,170,171,-1,171,170,172,-1,171,172,173,-1,173,172,174,-1,173,174,175,-1,175,174,176,-1,175,176,177,-1,177,176,178,-1,177,178,144,-1,144,178,179,-1,144,179,145,-1,150,152,180,-1,180,152,181,-1,150,180,182,-1,150,182,148,-1,148,182,183,-1,148,183,146,-1,146,183,184,-1,146,184,144,-1,144,184,185,-1,144,185,177,-1,177,185,186,-1,177,186,175,-1,175,186,187,-1,175,187,173,-1,173,187,188,-1,173,188,171,-1,171,188,189,-1,171,189,169,-1,169,189,190,-1,169,190,167,-1,167,190,191,-1,167,191,165,-1,165,191,192,-1,165,192,163,-1,163,192,193,-1,163,193,161,-1,161,193,194,-1,161,194,159,-1,159,194,195,-1,159,195,156,-1,154,156,196,-1,196,156,195,-1,152,154,181,-1,181,154,196,-1,157,155,197,-1,197,155,198,-1,155,153,198,-1,198,153,199,-1,153,151,199,-1,199,151,200,-1,179,201,202,-1,179,202,145,-1,145,202,203,-1,145,203,147,-1,147,203,204,-1,147,204,149,-1,149,204,200,-1,149,200,151,-1,172,205,206,-1,172,206,174,-1,174,206,207,-1,174,207,176,-1,176,207,208,-1,176,208,178,-1,178,208,201,-1,178,201,179,-1,164,209,210,-1,164,210,166,-1,166,210,211,-1,166,211,168,-1,168,211,212,-1,168,212,170,-1,170,212,205,-1,170,205,172,-1,157,197,213,-1,157,213,158,-1,158,213,214,-1,158,214,160,-1,160,214,215,-1,160,215,162,-1,162,215,209,-1,162,209,164,-1,
        ]
    }
}
Shape{
    appearance Appearance {
        material  Material 	{
            diffuseColor 0.25098039215686274 0.25098039215686274 0.25098039215686274
            specularColor 0.12549019607843137 0.12549019607843137 0.12549019607843137
            ambientIntensity 0.251
            transparency 0.0
            shininess 0.5
        }
    }
    geometry IndexedFaceSet {
        ccw TRUE
        solid FALSE
        coord DEF co Coordinate {
            point [
                -2.1837 -1.3171 2.5004, -2.1819 -1.3171 2.5021, -2.2226 -1.3171 2.6087, -2.194 -1.3171 2.4932, -2.2527 -1.3171 2.6089, -2.2527 -1.3171 2.4854, -2.2286 -1.3171 2.6089, -2.2295 -1.3171 2.4854, -2.2072 -1.3171 2.4881, -2.1746 -1.3171 2.511, -2.1688 -1.3171 2.5227, -2.1655 -1.3171 2.537, -2.1823 -1.3171 2.5938, -2.1648 -1.3171 2.5487, -2.1923 -1.3171 2.6007, -2.2058 -1.3171 2.6061, -2.1672 -1.3171 2.5688, -2.1717 -1.3171 2.5805, -2.1779 -1.3171 2.5895
            ]
        }
        coordIndex [
            0,1,2,-1,0,2,3,-1,4,5,6,-1,6,5,7,-1,6,7,2,-1,2,7,8,-1,2,8,3,-1,1,9,2,-1,2,9,10,-1,2,10,11,-1,12,11,13,-1,12,14,11,-1,11,14,15,-1,11,15,2,-1,16,17,13,-1,13,17,18,-1,13,18,12,-1,
        ]
    }
}
Shape{
    appearance Appearance {
        material  Material 	{
            diffuseColor 1.0 1.0 1.0
            specularColor 0.5019607843137255 0.5019607843137255 0.5019607843137255
            ambientIntensity 1.0
            transparency 0.0
            shininess 0.5
        }
    }
    geometry IndexedFaceSet {
        ccw TRUE
        solid FALSE
        coord DEF co Coordinate {
            point [
                -2.0894 -1.3211 2.5291, -2.0959 -1.3211 2.511, -2.0356 -1.3211 2.5291, -2.0292 -1.3211 2.511, -2.0654 -1.3211 2.5956, -2.0732 -1.3211 2.6273, -2.1342 -1.3211 2.4672, -2.1113 -1.3211 2.4672, -2.064 -1.3211 2.6004, -2.0628 -1.3211 2.6068, -2.0511 -1.3211 2.6273, -2.0623 -1.3211 2.6068, -2.061 -1.3211 2.6001, -2.0598 -1.3211 2.5956, -1.9901 -1.3211 2.4672, -2.0129 -1.3211 2.4672, -2.0511 -1.3171 2.6273, -1.9901 -1.3171 2.4672, -2.0732 -1.3171 2.6273, -2.1342 -1.3171 2.4672, -2.088 -1.3171 2.5884, -2.1113 -1.3171 2.4672, -2.0959 -1.3171 2.511, -2.0292 -1.3171 2.511, -2.088 -1.3171 2.511, -2.0129 -1.3171 2.4672, -2.0894 -1.3171 2.5291, -2.0356 -1.3171 2.5291, -2.0598 -1.3171 2.5956, -2.0623 -1.3171 2.6068, -2.061 -1.3171 2.6001, -2.0628 -1.3171 2.6068, -2.0654 -1.3171 2.5956, -2.064 -1.3171 2.6004
            ]
        }
        coordIndex [
            0,1,2,-1,2,1,3,-1,4,5,0,-1,0,5,6,-1,0,6,1,-1,1,6,7,-1,4,8,5,-1,5,8,9,-1,5,9,10,-1,10,9,11,-1,10,11,12,-1,12,13,10,-1,10,13,2,-1,10,2,14,-1,14,2,3,-1,14,3,15,-1,10,14,16,-1,16,14,17,-1,5,10,18,-1,18,10,16,-1,19,6,20,-1,20,6,5,-1,20,5,18,-1,7,6,21,-1,21,6,19,-1,1,7,22,-1,22,7,21,-1,23,3,24,-1,24,3,1,-1,24,1,22,-1,15,3,25,-1,25,3,23,-1,14,15,17,-1,17,15,25,-1,0,2,26,-1,26,2,27,-1,2,13,27,-1,27,13,28,-1,11,29,30,-1,11,30,12,-1,12,30,28,-1,12,28,13,-1,11,9,29,-1,29,9,31,-1,4,32,33,-1,4,33,8,-1,8,33,31,-1,8,31,9,-1,4,0,32,-1,32,0,26,-1,
        ]
    }
}
Shape{
    appearance Appearance {
        material  Material 	{
            diffuseColor 0.25098039215686274 0.25098039215686274 0.25098039215686274
            specularColor 0.12549019607843137 0.12549019607843137 0.12549019607843137
            ambientIntensity 0.251
            transparency 0.0
            shininess 0.5
        }
    }
    geometry IndexedFaceSet {
        ccw TRUE
        solid FALSE
        coord DEF co Coordinate {
            point [
                -2.0623 -1.3171 2.6068, -2.0628 -1.3171 2.6068, -2.061 -1.3171 2.6001, -2.064 -1.3171 2.6004, -2.0598 -1.3171 2.5956, -2.0654 -1.3171 2.5956, -2.0356 -1.3171 2.5291, -2.0894 -1.3171 2.5291
            ]
        }
        coordIndex [
            0,1,2,-1,2,1,3,-1,2,3,4,-1,4,3,5,-1,4,5,6,-1,6,5,7,-1,
        ]
    }
}
Shape{
    appearance Appearance {
        material  Material 	{
            diffuseColor 1.0 1.0 1.0
            specularColor 0.5019607843137255 0.5019607843137255 0.5019607843137255
            ambientIntensity 1.0
            transparency 0.0
            shininess 0.5
        }
    }
    geometry IndexedFaceSet {
        ccw TRUE
        solid FALSE
        coord DEF co Coordinate {
            point [
                -2.5466 -1.3211 2.2314, -2.5466 -1.3211 2.2131, -2.5466 -1.3171 2.2314, -2.5466 -1.3171 2.2131, -2.6121 -1.3211 2.2314, -2.6121 -1.3171 2.2314, -2.6121 -1.3211 2.2853, -2.6121 -1.3171 2.2853, -2.5548 -1.3211 2.2853, -2.5548 -1.3171 2.2853, -2.5548 -1.3211 2.3036, -2.5548 -1.3171 2.3036, -2.6121 -1.3211 2.3036, -2.6121 -1.3171 2.3036, -2.6121 -1.3211 2.3548, -2.6121 -1.3171 2.3548, -2.5503 -1.3211 2.3548, -2.5503 -1.3171 2.3548, -2.5503 -1.3211 2.3733, -2.5503 -1.3171 2.3733, -2.6327 -1.3211 2.3733, -2.6327 -1.3171 2.3733, -2.6327 -1.3211 2.2131, -2.6327 -1.3171 2.2131, -2.4998 -1.3211 2.2615, -2.4954 -1.3211 2.2637, -2.506 -1.3211 2.2768, -2.4561 -1.3211 2.2308, -2.4556 -1.3211 2.2308, -2.4569 -1.3211 2.2493, -2.4556 -1.3211 2.2582, -2.4355 -1.3211 2.2867, -2.4556 -1.3211 2.2596, -2.4556 -1.3211 2.2705, -2.4556 -1.3211 2.2131, -2.4355 -1.3211 2.2131, -2.4632 -1.3211 2.3287, -2.4673 -1.3211 2.3115, -2.4551 -1.3211 2.3259, -2.4637 -1.3211 2.3092, -2.4895 -1.3211 2.2811, -2.4824 -1.3211 2.2669, -2.4556 -1.3211 2.2858, -2.4598 -1.3211 2.2421, -2.4642 -1.3211 2.2362, -2.4603 -1.3211 2.2247, -2.4667 -1.3211 2.2338, -2.4668 -1.3211 2.2182, -2.4724 -1.3211 2.2299, -2.4722 -1.3211 2.2147, -2.4784 -1.3211 2.2277, -2.4803 -1.3211 2.2117, -2.486 -1.3211 2.2269, -2.4912 -1.3211 2.2104, -2.4927 -1.3211 2.2276, -2.5032 -1.3211 2.2118, -2.4973 -1.3211 2.2293, -2.5108 -1.3211 2.2147, -2.5013 -1.3211 2.232, -2.5176 -1.3211 2.2194, -2.503 -1.3211 2.2338, -2.4563 -1.3211 2.2947, -2.4375 -1.3211 2.3035, -2.4583 -1.3211 2.3018, -2.4408 -1.3211 2.3121, -2.4607 -1.3211 2.306, -2.445 -1.3211 2.3183, -2.4487 -1.3211 2.3219, -2.5162 -1.3211 2.3195, -2.5162 -1.3211 2.3, -2.5121 -1.3211 2.3219, -2.5024 -1.3211 2.3087, -2.4972 -1.3211 2.3277, -2.4899 -1.3211 2.3128, -2.4769 -1.3211 2.3301, -2.4787 -1.3211 2.3138, -2.4719 -1.3211 2.3131, -2.5018 -1.3211 2.2599, -2.5141 -1.3211 2.2724, -2.5042 -1.3211 2.2569, -2.5199 -1.3211 2.2669, -2.5059 -1.3211 2.2532, -2.5241 -1.3211 2.2604, -2.5069 -1.3211 2.2486, -2.5265 -1.3211 2.2531, -2.5071 -1.3211 2.2454, -2.5274 -1.3211 2.2437, -2.5066 -1.3211 2.2408, -2.5264 -1.3211 2.2346, -2.5052 -1.3211 2.2371, -2.524 -1.3211 2.2278, -2.5198 -1.3211 2.2217, -2.4769 -1.3171 2.3301, -2.4972 -1.3171 2.3277, -2.5121 -1.3171 2.3219, -2.5162 -1.3171 2.3195, -2.5162 -1.3171 2.3, -2.5024 -1.3171 2.3087, -2.4899 -1.3171 2.3128, -2.4787 -1.3171 2.3138, -2.4719 -1.3171 2.3131, -2.4673 -1.3171 2.3115, -2.4637 -1.3171 2.3092, -2.4607 -1.3171 2.306, -2.4583 -1.3171 2.3018, -2.4563 -1.3171 2.2947, -2.4556 -1.3171 2.2858, -2.4895 -1.3171 2.2811, -2.506 -1.3171 2.2768, -2.5141 -1.3171 2.2724, -2.5199 -1.3171 2.2669, -2.5241 -1.3171 2.2604, -2.5265 -1.3171 2.2531, -2.5274 -1.3171 2.2437, -2.5264 -1.3171 2.2346, -2.524 -1.3171 2.2278, -2.5198 -1.3171 2.2217, -2.5176 -1.3171 2.2194, -2.4912 -1.3171 2.2104, -2.5028 -1.3171 2.2118, -2.5032 -1.3171 2.2118, -2.5108 -1.3171 2.2147, -2.4803 -1.3171 2.2117, -2.4801 -1.3171 2.2118, -2.4722 -1.3171 2.2147, -2.4668 -1.3171 2.2182, -2.4603 -1.3171 2.2247, -2.4561 -1.3171 2.2308, -2.4556 -1.3171 2.2308, -2.4556 -1.3171 2.2131, -2.4355 -1.3171 2.2131, -2.4355 -1.3171 2.2867, -2.4375 -1.3171 2.3035, -2.4408 -1.3171 2.3121, -2.445 -1.3171 2.3183, -2.4487 -1.3171 2.3219, -2.4551 -1.3171 2.3259, -2.4632 -1.3171 2.3287, -2.5018 -1.3171 2.2599, -2.4998 -1.3171 2.2615, -2.4954 -1.3171 2.2637, -2.4824 -1.3171 2.2669, -2.5071 -1.3171 2.2454, -2.5069 -1.3171 2.2486, -2.5059 -1.3171 2.2532, -2.5042 -1.3171 2.2569, -2.5013 -1.3171 2.232, -2.503 -1.3171 2.2338, -2.5052 -1.3171 2.2371, -2.5066 -1.3171 2.2408, -2.486 -1.3171 2.2269, -2.4927 -1.3171 2.2276, -2.4973 -1.3171 2.2293, -2.4642 -1.3171 2.2362, -2.4667 -1.3171 2.2338, -2.4724 -1.3171 2.2299, -2.4784 -1.3171 2.2277, -2.4556 -1.3171 2.2596, -2.4556 -1.3171 2.2582, -2.4569 -1.3171 2.2493, -2.4598 -1.3171 2.2421, -2.4556 -1.3171 2.2705
            ]
        }
        coordIndex [
            0,1,2,-1,2,1,3,-1,4,0,5,-1,5,0,2,-1,6,4,7,-1,7,4,5,-1,8,6,9,-1,9,6,7,-1,10,8,11,-1,11,8,9,-1,12,10,13,-1,13,10,11,-1,14,12,15,-1,15,12,13,-1,16,14,17,-1,17,14,15,-1,18,16,19,-1,19,16,17,-1,20,18,21,-1,21,18,19,-1,22,20,23,-1,23,20,21,-1,1,22,3,-1,3,22,23,-1,22,1,0,-1,0,4,22,-1,22,4,6,-1,22,6,20,-1,16,18,14,-1,14,18,20,-1,14,20,12,-1,12,20,6,-1,12,6,10,-1,10,6,8,-1,24,25,26,-1,27,28,29,-1,30,31,32,-1,32,31,33,-1,34,35,28,-1,28,35,31,-1,28,31,29,-1,29,31,30,-1,36,37,38,-1,38,37,39,-1,26,25,40,-1,40,25,41,-1,40,41,42,-1,29,43,27,-1,27,43,44,-1,27,44,45,-1,45,44,46,-1,45,46,47,-1,47,46,48,-1,47,48,49,-1,49,48,50,-1,49,50,51,-1,51,50,52,-1,51,52,53,-1,53,52,54,-1,53,54,55,-1,55,54,56,-1,55,56,57,-1,57,56,58,-1,57,58,59,-1,59,58,60,-1,41,33,42,-1,42,33,31,-1,42,31,61,-1,61,31,62,-1,61,62,63,-1,63,62,64,-1,63,64,65,-1,65,64,66,-1,65,66,39,-1,39,66,67,-1,39,67,38,-1,68,69,70,-1,70,69,71,-1,70,71,72,-1,72,71,73,-1,72,73,74,-1,74,73,75,-1,74,75,36,-1,36,75,76,-1,36,76,37,-1,24,26,77,-1,77,26,78,-1,77,78,79,-1,79,78,80,-1,79,80,81,-1,81,80,82,-1,81,82,83,-1,83,82,84,-1,83,84,85,-1,85,84,86,-1,85,86,87,-1,87,86,88,-1,87,88,89,-1,89,88,90,-1,89,90,60,-1,60,90,91,-1,60,91,59,-1,74,92,93,-1,74,93,72,-1,72,93,94,-1,72,94,70,-1,70,94,95,-1,70,95,68,-1,69,68,96,-1,96,68,95,-1,69,96,97,-1,69,97,71,-1,71,97,98,-1,71,98,73,-1,73,98,99,-1,73,99,75,-1,75,99,100,-1,75,100,76,-1,76,100,101,-1,76,101,37,-1,37,101,102,-1,37,102,39,-1,39,102,103,-1,39,103,65,-1,65,103,104,-1,65,104,63,-1,63,104,105,-1,63,105,61,-1,61,105,106,-1,61,106,42,-1,40,42,107,-1,107,42,106,-1,40,107,108,-1,40,108,26,-1,26,108,109,-1,26,109,78,-1,78,109,110,-1,78,110,80,-1,80,110,111,-1,80,111,82,-1,82,111,112,-1,82,112,84,-1,84,112,113,-1,84,113,86,-1,86,113,114,-1,86,114,88,-1,88,114,115,-1,88,115,90,-1,90,115,116,-1,90,116,91,-1,91,116,117,-1,91,117,59,-1,118,53,119,-1,119,53,55,-1,119,55,120,-1,120,55,57,-1,120,57,121,-1,121,57,59,-1,121,59,117,-1,53,118,122,-1,53,122,51,-1,51,122,123,-1,51,123,49,-1,123,124,49,-1,49,124,125,-1,49,125,47,-1,47,125,126,-1,47,126,45,-1,45,126,127,-1,45,127,27,-1,28,27,128,-1,128,27,127,-1,34,28,129,-1,129,28,128,-1,35,34,130,-1,130,34,129,-1,31,35,131,-1,131,35,130,-1,31,131,132,-1,31,132,62,-1,62,132,133,-1,62,133,64,-1,64,133,134,-1,64,134,66,-1,66,134,135,-1,66,135,67,-1,67,135,136,-1,67,136,38,-1,38,136,137,-1,38,137,36,-1,36,137,92,-1,36,92,74,-1,77,138,139,-1,77,139,24,-1,24,139,140,-1,24,140,25,-1,25,140,141,-1,25,141,41,-1,85,142,143,-1,85,143,83,-1,83,143,144,-1,83,144,81,-1,81,144,145,-1,81,145,79,-1,79,145,138,-1,79,138,77,-1,58,146,147,-1,58,147,60,-1,60,147,148,-1,60,148,89,-1,89,148,149,-1,89,149,87,-1,87,149,142,-1,87,142,85,-1,52,150,151,-1,52,151,54,-1,54,151,152,-1,54,152,56,-1,56,152,146,-1,56,146,58,-1,44,153,154,-1,44,154,46,-1,46,154,155,-1,46,155,48,-1,48,155,156,-1,48,156,50,-1,50,156,150,-1,50,150,52,-1,32,157,158,-1,32,158,30,-1,30,158,159,-1,30,159,29,-1,29,159,160,-1,29,160,43,-1,43,160,153,-1,43,153,44,-1,32,33,157,-1,157,33,161,-1,33,41,161,-1,161,41,141,-1,
        ]
    }
}
Shape{
    appearance Appearance {
        material  Material 	{
            diffuseColor 0.25098039215686274 0.25098039215686274 0.25098039215686274
            specularColor 0.12549019607843137 0.12549019607843137 0.12549019607843137
            ambientIntensity 0.251
            transparency 0.0
            shininess 0.5
        }
    }
    geometry IndexedFaceSet {
        ccw TRUE
        solid FALSE
        coord DEF co Coordinate {
            point [
                -2.4556 -1.3171 2.2582, -2.4556 -1.3171 2.2596, -2.5018 -1.3171 2.2599, -2.4556 -1.3171 2.2705, -2.4824 -1.3171 2.2669, -2.4954 -1.3171 2.2637, -2.4998 -1.3171 2.2615, -2.4569 -1.3171 2.2493, -2.5042 -1.3171 2.2569, -2.4598 -1.3171 2.2421, -2.503 -1.3171 2.2338, -2.5013 -1.3171 2.232, -2.4667 -1.3171 2.2338, -2.5052 -1.3171 2.2371, -2.4724 -1.3171 2.2299, -2.4784 -1.3171 2.2277, -2.486 -1.3171 2.2269, -2.5059 -1.3171 2.2532, -2.5069 -1.3171 2.2486, -2.4642 -1.3171 2.2362, -2.5071 -1.3171 2.2454, -2.5066 -1.3171 2.2408, -2.4973 -1.3171 2.2293, -2.4927 -1.3171 2.2276
            ]
        }
        coordIndex [
            0,1,2,-1,1,3,4,-1,4,5,1,-1,1,5,6,-1,1,6,2,-1,0,2,7,-1,7,2,8,-1,7,8,9,-1,10,11,12,-1,10,12,13,-1,14,12,15,-1,15,12,16,-1,8,17,9,-1,9,17,18,-1,9,18,19,-1,19,18,20,-1,19,20,12,-1,12,20,21,-1,12,21,13,-1,11,22,12,-1,12,22,23,-1,12,23,16,-1,
        ]
    }
}
Shape{
    appearance Appearance {
        material  Material 	{
            diffuseColor 1.0 1.0 1.0
            specularColor 0.5019607843137255 0.5019607843137255 0.5019607843137255
            ambientIntensity 1.0
            transparency 0.0
            shininess 0.5
        }
    }
    geometry IndexedFaceSet {
        ccw TRUE
        solid FALSE
        coord DEF co Coordinate {
            point [
                -2.4083 -1.3171 2.2379, -2.4083 -1.3211 2.2379, -2.3997 -1.3211 2.2326, -2.3753 -1.3211 2.2268, -2.3753 -1.3171 2.2268, -2.3871 -1.3171 2.2281, -2.3871 -1.3211 2.2281, -2.3991 -1.3171 2.2324, -2.3997 -1.3171 2.2326, -2.4083 -1.3211 2.2171, -2.4083 -1.3171 2.2171, -2.3942 -1.3211 2.2122, -2.3991 -1.3171 2.2139, -2.3773 -1.3171 2.2104, -2.3773 -1.3211 2.2104, -2.3903 -1.3171 2.2118, -2.3942 -1.3171 2.2122, -2.3593 -1.3211 2.2126, -2.3659 -1.3171 2.2118, -2.3593 -1.3171 2.2126, -2.3487 -1.3171 2.2166, -2.3487 -1.3211 2.2166, -2.344 -1.3171 2.2195, -2.344 -1.3211 2.2195, -2.3383 -1.3171 2.2245, -2.3383 -1.3211 2.2245, -2.3345 -1.3171 2.2298, -2.3345 -1.3211 2.2298, -2.332 -1.3171 2.2362, -2.332 -1.3211 2.2362, -2.3311 -1.3171 2.2442, -2.3311 -1.3211 2.2442, -2.3319 -1.3171 2.2517, -2.3319 -1.3211 2.2517, -2.3341 -1.3171 2.2576, -2.3341 -1.3211 2.2576, -2.3378 -1.3171 2.2632, -2.3378 -1.3211 2.2632, -2.3426 -1.3171 2.2674, -2.3426 -1.3211 2.2674, -2.3559 -1.3171 2.2748, -2.3559 -1.3211 2.2748, -2.3637 -1.3171 2.278, -2.3637 -1.3211 2.278, -2.3809 -1.3171 2.2861, -2.3809 -1.3211 2.2861, -2.3832 -1.3171 2.2878, -2.3832 -1.3211 2.2878, -2.3851 -1.3171 2.2899, -2.3851 -1.3211 2.2899, -2.3866 -1.3171 2.2927, -2.3866 -1.3211 2.2927, -2.3874 -1.3171 2.2958, -2.3874 -1.3211 2.2958, -2.3875 -1.3171 2.2984, -2.3875 -1.3211 2.2984, -2.3872 -1.3171 2.3016, -2.3872 -1.3211 2.3016, -2.3862 -1.3171 2.3043, -2.3862 -1.3211 2.3043, -2.3845 -1.3171 2.3069, -2.3845 -1.3211 2.3069, -2.3814 -1.3171 2.3096, -2.3814 -1.3211 2.3096, -2.3769 -1.3171 2.312, -2.3769 -1.3211 2.312, -2.3716 -1.3171 2.3134, -2.3716 -1.3211 2.3134, -2.3656 -1.3171 2.3138, -2.3656 -1.3211 2.3138, -2.3534 -1.3171 2.3125, -2.3534 -1.3211 2.3125, -2.342 -1.3171 2.3086, -2.342 -1.3211 2.3086, -2.3366 -1.3171 2.3056, -2.3366 -1.3211 2.3056, -2.3366 -1.3211 2.325, -2.3366 -1.3171 2.325, -2.3496 -1.3171 2.3289, -2.3496 -1.3211 2.3289, -2.3637 -1.3171 2.3301, -2.3637 -1.3211 2.3301, -2.3796 -1.3171 2.3282, -2.3796 -1.3211 2.3282, -2.3904 -1.3171 2.3241, -2.3904 -1.3211 2.3241, -2.3954 -1.3171 2.321, -2.3954 -1.3211 2.321, -2.4013 -1.3211 2.3157, -2.3991 -1.3171 2.3177, -2.4013 -1.3171 2.3157, -2.405 -1.3171 2.3102, -2.405 -1.3211 2.3102, -2.4074 -1.3171 2.3038, -2.4074 -1.3211 2.3038, -2.4082 -1.3171 2.2966, -2.4082 -1.3211 2.2966, -2.4074 -1.3171 2.2888, -2.4074 -1.3211 2.2888, -2.4051 -1.3171 2.2827, -2.4051 -1.3211 2.2827, -2.4025 -1.3171 2.2785, -2.4025 -1.3211 2.2785, -2.3778 -1.3171 2.2634, -2.3778 -1.3211 2.2634, -2.3898 -1.3211 2.2689, -2.3992 -1.3171 2.2751, -2.3992 -1.3211 2.2751, -2.3991 -1.3171 2.275, -2.3898 -1.3171 2.2689, -2.3647 -1.3171 2.2579, -2.3647 -1.3211 2.2579, -2.3568 -1.3171 2.2532, -2.3568 -1.3211 2.2532, -2.3543 -1.3171 2.2506, -2.3543 -1.3211 2.2506, -2.3528 -1.3171 2.2479, -2.3528 -1.3211 2.2479, -2.3519 -1.3171 2.2448, -2.3519 -1.3211 2.2448, -2.3517 -1.3171 2.2423, -2.3517 -1.3211 2.2423, -2.3521 -1.3171 2.2384, -2.3521 -1.3211 2.2384, -2.3531 -1.3171 2.2356, -2.3531 -1.3211 2.2356, -2.3549 -1.3171 2.233, -2.3549 -1.3211 2.233, -2.3572 -1.3171 2.231, -2.3572 -1.3211 2.231, -2.359 -1.3171 2.2299, -2.359 -1.3211 2.2299, -2.3642 -1.3171 2.228, -2.3642 -1.3211 2.228, -2.3745 -1.3171 2.2268, -2.3745 -1.3211 2.2268, -2.2317 -1.3211 2.3275, -2.2109 -1.3211 2.3275, -2.2317 -1.3171 2.3275, -2.2109 -1.3171 2.3275, -2.2629 -1.3211 2.2414, -2.2629 -1.3171 2.2414, -2.2644 -1.3171 2.236, -2.2644 -1.3211 2.236, -2.2654 -1.3171 2.2321, -2.2654 -1.3211 2.2321, -2.2659 -1.3211 2.2321, -2.2659 -1.3171 2.2321, -2.2683 -1.3211 2.2415, -2.2683 -1.3171 2.2415, -2.2982 -1.3171 2.3275, -2.2982 -1.3211 2.3275, -2.2885 -1.3171 2.2997, -2.3207 -1.3211 2.3275, -2.3207 -1.3171 2.3275, -2.2758 -1.3171 2.2134, -2.2758 -1.3211 2.2134, -2.2885 -1.3171 2.2458, -2.2846 -1.3171 2.1926, -2.2846 -1.3211 2.1926, -2.2765 -1.3171 2.2118, -2.2885 -1.3171 2.1854, -2.2886 -1.3211 2.1852, -2.2886 -1.3171 2.1852, -2.2924 -1.3171 2.1811, -2.2924 -1.3211 2.1811, -2.2956 -1.3171 2.1788, -2.2956 -1.3211 2.1788, -2.2999 -1.3171 2.1771, -2.2999 -1.3211 2.1771, -2.3051 -1.3171 2.1765, -2.3051 -1.3211 2.1765, -2.3124 -1.3171 2.1774, -2.3124 -1.3211 2.1774, -2.3165 -1.3171 2.1787, -2.3165 -1.3211 2.1787, -2.3165 -1.3211 2.1609, -2.3165 -1.3171 2.1609, -2.308 -1.3171 2.1594, -2.308 -1.3211 2.1594, -2.3036 -1.3171 2.1593, -2.3036 -1.3211 2.1593, -2.2955 -1.3171 2.1602, -2.2955 -1.3211 2.1602, -2.2885 -1.3171 2.1628, -2.2876 -1.3211 2.1632, -2.2876 -1.3171 2.1632, -2.2806 -1.3171 2.1681, -2.2806 -1.3211 2.1681, -2.2792 -1.3171 2.1694, -2.2792 -1.3211 2.1694, -2.2719 -1.3171 2.1782, -2.2719 -1.3211 2.1782, -2.2628 -1.3171 2.1959, -2.2628 -1.3211 2.1959, -2.2565 -1.3171 2.2118, -2.1031 -1.3211 2.2314, -2.1031 -1.3211 2.2131, -2.1031 -1.3171 2.2314, -2.1031 -1.3171 2.2131, -2.1686 -1.3171 2.2314, -2.1686 -1.3211 2.2314, -2.1386 -1.3171 2.2314, -2.1686 -1.3211 2.2853, -2.1686 -1.3171 2.2853, -2.1113 -1.3171 2.2853, -2.1113 -1.3211 2.2853, -2.1386 -1.3171 2.2853, -2.1113 -1.3211 2.3036, -2.1113 -1.3171 2.3036, -2.1686 -1.3171 2.3036, -2.1686 -1.3211 2.3036, -2.1386 -1.3171 2.3036, -2.1686 -1.3211 2.3548, -2.1686 -1.3171 2.3548, -2.1068 -1.3171 2.3548, -2.1068 -1.3211 2.3548, -2.1386 -1.3171 2.3548, -2.1068 -1.3211 2.3733, -2.1068 -1.3171 2.3733, -2.1893 -1.3171 2.3733, -2.1893 -1.3211 2.3733, -2.1386 -1.3171 2.3733, -2.1893 -1.3211 2.2131, -2.1893 -1.3171 2.2131, -2.1386 -1.3171 2.2131, -1.9666 -1.3211 2.2356, -1.9832 -1.3211 2.2464, -1.9833 -1.3211 2.2236, -1.9935 -1.3211 2.2392, -2.0016 -1.3211 2.2165, -2.0067 -1.3211 2.2341, -2.0288 -1.3211 2.2131, -2.029 -1.3211 2.2314, -2.0729 -1.3211 2.2131, -2.0522 -1.3211 2.2314, -2.0729 -1.3211 2.3733, -2.0522 -1.3211 2.3548, -2.0272 -1.3211 2.3733, -2.028 -1.3211 2.3548, -2.022 -1.3211 2.3547, -2.0027 -1.3211 2.3706, -2.0052 -1.3211 2.352, -1.9834 -1.3211 2.3635, -1.9917 -1.3211 2.3466, -1.9666 -1.3211 2.3521, -1.9818 -1.3211 2.3398, -1.961 -1.3211 2.3466, -1.9774 -1.3211 2.3354, -1.9511 -1.3211 2.3326, -1.9712 -1.3211 2.3265, -1.9452 -1.3211 2.3174, -1.9666 -1.3211 2.3148, -1.9425 -1.3211 2.2952, -1.9642 -1.3211 2.2947, -1.943 -1.3211 2.2851, -1.965 -1.3211 2.2829, -1.9469 -1.3211 2.2663, -1.9683 -1.3211 2.2686, -1.9547 -1.3211 2.2497, -1.974 -1.3211 2.2569, -1.9813 -1.3211 2.2481, -2.0288 -1.3171 2.2131, -2.0729 -1.3171 2.2131, -2.0016 -1.3171 2.2165, -1.9833 -1.3171 2.2236, -1.9666 -1.3171 2.2356, -1.9547 -1.3171 2.2497, -1.9469 -1.3171 2.2663, -1.943 -1.3171 2.2851, -1.9425 -1.3171 2.2952, -1.9452 -1.3171 2.3174, -1.9511 -1.3171 2.3326, -1.961 -1.3171 2.3466, -1.9666 -1.3171 2.3521, -1.9834 -1.3171 2.3635, -2.0027 -1.3171 2.3706, -2.0272 -1.3171 2.3733, -2.0729 -1.3171 2.3733, -2.028 -1.3171 2.3548, -2.0522 -1.3171 2.3548, -2.0522 -1.3171 2.2314, -2.029 -1.3171 2.2314, -1.9813 -1.3171 2.2481, -1.9832 -1.3171 2.2464, -1.9935 -1.3171 2.2392, -2.0067 -1.3171 2.2341, -1.9642 -1.3171 2.2947, -1.965 -1.3171 2.2829, -1.9683 -1.3171 2.2686, -1.974 -1.3171 2.2569, -1.9818 -1.3171 2.3398, -1.9774 -1.3171 2.3354, -1.9712 -1.3171 2.3265, -1.9666 -1.3171 2.3148, -2.022 -1.3171 2.3547, -2.0052 -1.3171 2.352, -1.9917 -1.3171 2.3466
            ]
        }
        coordIndex [
            0,1,2,-1,3,4,5,-1,3,5,6,-1,6,5,7,-1,6,7,2,-1,2,7,8,-1,2,8,0,-1,9,1,10,-1,10,1,0,-1,9,10,11,-1,11,10,12,-1,13,14,15,-1,15,14,11,-1,15,11,16,-1,16,11,12,-1,14,13,17,-1,17,13,18,-1,18,19,17,-1,17,19,20,-1,17,20,21,-1,21,20,22,-1,21,22,23,-1,23,22,24,-1,23,24,25,-1,25,24,26,-1,25,26,27,-1,27,26,28,-1,27,28,29,-1,29,28,30,-1,29,30,31,-1,31,30,32,-1,31,32,33,-1,33,32,34,-1,33,34,35,-1,35,34,36,-1,35,36,37,-1,37,36,38,-1,37,38,39,-1,39,38,40,-1,39,40,41,-1,41,40,42,-1,41,42,43,-1,43,42,44,-1,43,44,45,-1,45,44,46,-1,45,46,47,-1,47,46,48,-1,47,48,49,-1,49,48,50,-1,49,50,51,-1,51,50,52,-1,51,52,53,-1,53,52,54,-1,53,54,55,-1,55,54,56,-1,55,56,57,-1,57,56,58,-1,57,58,59,-1,59,58,60,-1,59,60,61,-1,61,60,62,-1,61,62,63,-1,63,62,64,-1,63,64,65,-1,65,64,66,-1,65,66,67,-1,67,66,68,-1,67,68,69,-1,69,68,70,-1,69,70,71,-1,71,70,72,-1,71,72,73,-1,73,72,74,-1,73,74,75,-1,76,75,77,-1,77,75,74,-1,76,77,78,-1,76,78,79,-1,79,78,80,-1,79,80,81,-1,81,80,82,-1,81,82,83,-1,83,82,84,-1,83,84,85,-1,85,84,86,-1,85,86,87,-1,87,86,88,-1,88,86,89,-1,89,90,88,-1,88,90,91,-1,88,91,92,-1,92,91,93,-1,92,93,94,-1,94,93,95,-1,94,95,96,-1,96,95,97,-1,96,97,98,-1,98,97,99,-1,98,99,100,-1,100,99,101,-1,100,101,102,-1,103,104,105,-1,102,101,106,-1,102,106,107,-1,107,106,108,-1,107,108,105,-1,105,108,109,-1,105,109,103,-1,104,103,110,-1,104,110,111,-1,111,110,112,-1,111,112,113,-1,113,112,114,-1,113,114,115,-1,115,114,116,-1,115,116,117,-1,117,116,118,-1,117,118,119,-1,119,118,120,-1,119,120,121,-1,121,120,122,-1,121,122,123,-1,123,122,124,-1,123,124,125,-1,125,124,126,-1,125,126,127,-1,127,126,128,-1,127,128,129,-1,129,128,130,-1,129,130,131,-1,131,130,132,-1,131,132,133,-1,133,132,134,-1,133,134,135,-1,135,134,4,-1,135,4,3,-1,61,63,85,-1,85,63,83,-1,14,3,11,-1,11,3,6,-1,11,6,9,-1,9,6,2,-1,9,2,1,-1,63,65,83,-1,83,65,67,-1,83,67,81,-1,81,67,69,-1,81,69,79,-1,79,69,71,-1,79,71,76,-1,76,71,73,-1,76,73,75,-1,127,129,21,-1,21,129,131,-1,21,131,17,-1,17,131,133,-1,17,133,14,-1,14,133,135,-1,14,135,3,-1,85,87,61,-1,61,87,88,-1,61,88,59,-1,59,88,92,-1,59,92,57,-1,57,92,94,-1,57,94,55,-1,55,94,96,-1,55,96,53,-1,53,96,98,-1,53,98,51,-1,51,98,100,-1,51,100,49,-1,49,100,102,-1,49,102,47,-1,47,102,107,-1,47,107,45,-1,45,107,105,-1,45,105,43,-1,43,105,104,-1,43,104,41,-1,41,104,111,-1,41,111,39,-1,39,111,113,-1,39,113,37,-1,37,113,115,-1,37,115,35,-1,35,115,117,-1,35,117,33,-1,33,117,119,-1,33,119,31,-1,31,119,121,-1,31,121,29,-1,29,121,123,-1,29,123,27,-1,27,123,125,-1,27,125,25,-1,25,125,127,-1,25,127,23,-1,23,127,21,-1,136,137,138,-1,138,137,139,-1,140,136,141,-1,141,136,138,-1,140,141,142,-1,140,142,143,-1,143,142,144,-1,143,144,145,-1,146,145,147,-1,147,145,144,-1,148,146,149,-1,149,146,147,-1,150,151,152,-1,152,151,148,-1,152,148,149,-1,153,151,154,-1,154,151,150,-1,155,156,157,-1,157,156,153,-1,157,153,154,-1,158,159,160,-1,160,159,156,-1,160,156,155,-1,158,161,159,-1,159,161,162,-1,161,163,162,-1,162,163,164,-1,162,164,165,-1,165,164,166,-1,165,166,167,-1,167,166,168,-1,167,168,169,-1,169,168,170,-1,169,170,171,-1,171,170,172,-1,171,172,173,-1,173,172,174,-1,173,174,175,-1,176,175,177,-1,177,175,174,-1,176,177,178,-1,176,178,179,-1,179,178,180,-1,179,180,181,-1,181,180,182,-1,181,182,183,-1,183,182,184,-1,183,184,185,-1,184,186,185,-1,185,186,187,-1,185,187,188,-1,188,187,189,-1,188,189,190,-1,190,189,191,-1,190,191,192,-1,192,191,193,-1,192,193,194,-1,139,137,195,-1,195,137,194,-1,195,194,193,-1,143,145,194,-1,137,136,194,-1,194,136,140,-1,194,140,143,-1,151,153,148,-1,148,153,156,-1,148,156,146,-1,175,176,173,-1,173,176,179,-1,173,179,171,-1,171,179,181,-1,171,181,169,-1,169,181,183,-1,169,183,167,-1,167,183,185,-1,167,185,165,-1,145,146,194,-1,194,146,156,-1,194,156,192,-1,156,159,192,-1,192,159,162,-1,192,162,190,-1,190,162,165,-1,190,165,188,-1,188,165,185,-1,196,197,198,-1,198,197,199,-1,200,201,202,-1,202,201,196,-1,202,196,198,-1,203,201,204,-1,204,201,200,-1,205,206,207,-1,207,206,203,-1,207,203,204,-1,208,206,209,-1,209,206,205,-1,210,211,212,-1,212,211,208,-1,212,208,209,-1,213,211,214,-1,214,211,210,-1,215,216,217,-1,217,216,213,-1,217,213,214,-1,218,216,219,-1,219,216,215,-1,220,221,222,-1,222,221,218,-1,222,218,219,-1,223,221,224,-1,224,221,220,-1,199,197,225,-1,225,197,223,-1,225,223,224,-1,223,197,196,-1,196,201,223,-1,223,201,203,-1,223,203,221,-1,216,218,213,-1,213,218,221,-1,213,221,211,-1,211,221,203,-1,211,203,208,-1,208,203,206,-1,226,227,228,-1,228,227,229,-1,228,229,230,-1,230,229,231,-1,230,231,232,-1,232,231,233,-1,232,233,234,-1,234,233,235,-1,234,235,236,-1,236,235,237,-1,236,237,238,-1,237,239,238,-1,238,239,240,-1,238,240,241,-1,241,240,242,-1,241,242,243,-1,243,242,244,-1,243,244,245,-1,245,244,246,-1,245,246,247,-1,247,246,248,-1,247,248,249,-1,249,248,250,-1,249,250,251,-1,251,250,252,-1,251,252,253,-1,253,252,254,-1,253,254,255,-1,255,254,256,-1,255,256,257,-1,257,256,258,-1,257,258,259,-1,259,258,260,-1,259,260,226,-1,226,260,261,-1,226,261,227,-1,232,234,262,-1,262,234,263,-1,232,262,264,-1,232,264,230,-1,230,264,265,-1,230,265,228,-1,228,265,266,-1,228,266,226,-1,226,266,267,-1,226,267,259,-1,259,267,268,-1,259,268,257,-1,257,268,269,-1,257,269,255,-1,255,269,270,-1,255,270,253,-1,253,270,271,-1,253,271,251,-1,251,271,272,-1,251,272,249,-1,249,272,273,-1,249,273,247,-1,247,273,274,-1,247,274,245,-1,245,274,275,-1,245,275,243,-1,243,275,276,-1,243,276,241,-1,241,276,277,-1,241,277,238,-1,236,238,278,-1,278,238,277,-1,234,236,263,-1,263,236,278,-1,239,237,279,-1,279,237,280,-1,237,235,280,-1,280,235,281,-1,235,233,281,-1,281,233,282,-1,261,283,284,-1,261,284,227,-1,227,284,285,-1,227,285,229,-1,229,285,286,-1,229,286,231,-1,231,286,282,-1,231,282,233,-1,254,287,288,-1,254,288,256,-1,256,288,289,-1,256,289,258,-1,258,289,290,-1,258,290,260,-1,260,290,283,-1,260,283,261,-1,246,291,292,-1,246,292,248,-1,248,292,293,-1,248,293,250,-1,250,293,294,-1,250,294,252,-1,252,294,287,-1,252,287,254,-1,239,279,295,-1,239,295,240,-1,240,295,296,-1,240,296,242,-1,242,296,297,-1,242,297,244,-1,244,297,291,-1,244,291,246,-1,
        ]
    }
}
Shape{
    appearance Appearance {
        material  Material 	{
            diffuseColor 0.25098039215686274 0.25098039215686274 0.25098039215686274
            specularColor 0.12549019607843137 0.12549019607843137 0.12549019607843137
            ambientIntensity 0.251
            transparency 0.0
            shininess 0.5
        }
    }
    geometry IndexedFaceSet {
        ccw TRUE
        solid FALSE
        coord DEF co Coordinate {
            point [
                -1.9832 -1.3171 2.2464, -1.9813 -1.3171 2.2481, -2.022 -1.3171 2.3547, -1.9935 -1.3171 2.2392, -2.0522 -1.3171 2.3548, -2.0522 -1.3171 2.2314, -2.028 -1.3171 2.3548, -2.029 -1.3171 2.2314, -2.0067 -1.3171 2.2341, -1.974 -1.3171 2.2569, -1.9683 -1.3171 2.2686, -1.965 -1.3171 2.2829, -1.9818 -1.3171 2.3398, -1.9642 -1.3171 2.2947, -1.9917 -1.3171 2.3466, -2.0052 -1.3171 2.352, -1.9666 -1.3171 2.3148, -1.9712 -1.3171 2.3265, -1.9774 -1.3171 2.3354
            ]
        }
        coordIndex [
            0,1,2,-1,0,2,3,-1,4,5,6,-1,6,5,7,-1,6,7,2,-1,2,7,8,-1,2,8,3,-1,1,9,2,-1,2,9,10,-1,2,10,11,-1,12,11,13,-1,12,14,11,-1,11,14,15,-1,11,15,2,-1,16,17,13,-1,13,17,18,-1,13,18,12,-1,
        ]
    }
}
Shape{
    appearance Appearance {
        material  Material 	{
            diffuseColor 1.0 1.0 1.0
            specularColor 0.5019607843137255 0.5019607843137255 0.5019607843137255
            ambientIntensity 1.0
            transparency 0.0
            shininess 0.5
        }
    }
    geometry IndexedFaceSet {
        ccw TRUE
        solid FALSE
        coord DEF co Coordinate {
            point [
                -1.8888 -1.3211 2.275, -1.8954 -1.3211 2.2569, -1.8351 -1.3211 2.275, -1.8287 -1.3211 2.2569, -1.8649 -1.3211 2.3416, -1.8726 -1.3211 2.3733, -1.9336 -1.3211 2.2131, -1.9108 -1.3211 2.2131, -1.8635 -1.3211 2.3464, -1.8623 -1.3211 2.3528, -1.8505 -1.3211 2.3733, -1.8618 -1.3211 2.3528, -1.8605 -1.3211 2.346, -1.8593 -1.3211 2.3416, -1.7895 -1.3211 2.2131, -1.8124 -1.3211 2.2131, -1.8505 -1.3171 2.3733, -1.7895 -1.3171 2.2131, -1.8726 -1.3171 2.3733, -1.9336 -1.3171 2.2131, -1.9108 -1.3171 2.2131, -1.8954 -1.3171 2.2569, -1.8287 -1.3171 2.2569, -1.8124 -1.3171 2.2131, -1.8888 -1.3171 2.275, -1.8351 -1.3171 2.275, -1.8593 -1.3171 2.3416, -1.8618 -1.3171 2.3528, -1.8605 -1.3171 2.346, -1.8623 -1.3171 2.3528, -1.8649 -1.3171 2.3416, -1.8635 -1.3171 2.3464
            ]
        }
        coordIndex [
            0,1,2,-1,2,1,3,-1,4,5,0,-1,0,5,6,-1,0,6,1,-1,1,6,7,-1,4,8,5,-1,5,8,9,-1,5,9,10,-1,10,9,11,-1,10,11,12,-1,12,13,10,-1,10,13,2,-1,10,2,14,-1,14,2,3,-1,14,3,15,-1,10,14,16,-1,16,14,17,-1,5,10,18,-1,18,10,16,-1,6,5,19,-1,19,5,18,-1,7,6,20,-1,20,6,19,-1,1,7,21,-1,21,7,20,-1,3,1,22,-1,22,1,21,-1,15,3,23,-1,23,3,22,-1,14,15,17,-1,17,15,23,-1,0,2,24,-1,24,2,25,-1,2,13,25,-1,25,13,26,-1,11,27,28,-1,11,28,12,-1,12,28,26,-1,12,26,13,-1,11,9,27,-1,27,9,29,-1,4,30,31,-1,4,31,8,-1,8,31,29,-1,8,29,9,-1,4,0,30,-1,30,0,24,-1,
        ]
    }
}
Shape{
    appearance Appearance {
        material  Material 	{
            diffuseColor 0.25098039215686274 0.25098039215686274 0.25098039215686274
            specularColor 0.12549019607843137 0.12549019607843137 0.12549019607843137
            ambientIntensity 0.251
            transparency 0.0
            shininess 0.5
        }
    }
    geometry IndexedFaceSet {
        ccw TRUE
        solid FALSE
        coord DEF co Coordinate {
            point [
                -1.8618 -1.3171 2.3528, -1.8623 -1.3171 2.3528, -1.8605 -1.3171 2.346, -1.8635 -1.3171 2.3464, -1.8593 -1.3171 2.3416, -1.8649 -1.3171 2.3416, -1.8351 -1.3171 2.275, -1.8888 -1.3171 2.275
            ]
        }
        coordIndex [
            0,1,2,-1,2,1,3,-1,2,3,4,-1,4,3,5,-1,4,5,6,-1,6,5,7,-1,
        ]
    }
}
Shape{
    appearance Appearance {
        material  Material 	{
            diffuseColor 1.0 1.0 1.0
            specularColor 0.5019607843137255 0.5019607843137255 0.5019607843137255
            ambientIntensity 1.0
            transparency 0.0
            shininess 0.5
        }
    }
    geometry IndexedFaceSet {
        ccw TRUE
        solid FALSE
        coord DEF co Coordinate {
            point [
                -3.34 -1.3211 2.1904, -3.3231 -1.3211 2.1695, -3.3503 -1.3211 2.2911, -3.37 -1.3211 2.489, -3.3446 -1.3211 2.5025, -3.3494 -1.3211 2.5728, -3.1501 -1.3211 2.186, -3.1366 -1.3211 2.2114, -3.13 -1.3211 2.2395, -3.2797 -1.3211 2.5758, -3.2444 -1.3211 2.4927, -3.227 -1.3211 2.5287, -3.2738 -1.3211 2.217, -3.2647 -1.3211 2.2107, -3.3008 -1.3211 2.1528, -3.2542 -1.3211 2.2068, -3.3059 -1.3211 2.5781, -2.97 -1.3211 2.3469, -3.0053 -1.3211 2.4073, -3.1294 -1.3211 2.2627, -3.1578 -1.3211 2.3276, -3.1294 -1.3211 2.2513, -3.1903 -1.3211 2.1506, -3.1676 -1.3211 2.1663, -3.2034 -1.3211 2.2672, -3.2005 -1.3211 2.2568, -3.2002 -1.3211 2.2457, -3.2027 -1.3211 2.2348, -3.2079 -1.3211 2.2249, -3.3751 -1.3211 2.3064, -3.3676 -1.3211 2.2198, -3.3514 -1.3211 2.2149, -2.9324 -1.3211 2.4596, -2.9233 -1.3211 2.4596, -2.8766 -1.3211 2.5211, -2.9017 -1.3211 2.457, -2.871 -1.3211 2.5192, -2.8818 -1.3211 2.4493, -2.8371 -1.3211 2.5024, -2.8062 -1.3211 2.4763, -3.2563 -1.3211 2.603, -3.2015 -1.3211 2.5592, -3.2296 -1.3211 2.6259, -3.1709 -1.3211 2.5815, -3.1948 -1.3211 2.6466, -3.3165 -1.3211 2.5091, -3.3047 -1.3211 2.5097, -3.2928 -1.3211 2.5773, -3.2781 -1.3211 2.5065, -3.2526 -1.3211 2.4972, -3.2811 -1.3211 2.2252, -3.286 -1.3211 2.2346, -3.2885 -1.3211 2.2451, -3.2745 -1.3211 2.1417, -3.2477 -1.3211 2.1375, -3.2444 -1.3211 2.2057, -3.2432 -1.3211 2.1374, -3.234 -1.3211 2.207, -3.2157 -1.3211 2.1408, -3.224 -1.3211 2.2107, -3.2152 -1.3211 2.2167, -2.806 -1.3211 2.2638, -2.8591 -1.3211 2.309, -2.837 -1.3211 2.2376, -2.876 -1.3211 2.2952, -2.8718 -1.3211 2.2206, -2.8961 -1.3211 2.2859, -2.9096 -1.3211 2.2126, -2.9165 -1.3211 2.282, -2.9768 -1.3211 2.2126, -2.9677 -1.3211 2.282, -2.9832 -1.3211 2.2136, -3.4152 -1.3211 2.4234, -3.4899 -1.3211 2.4056, -3.4186 -1.3211 2.3959, -3.4903 -1.3211 2.3936, -3.4172 -1.3211 2.3784, -3.4851 -1.3211 2.3503, -3.4091 -1.3211 2.3505, -3.4691 -1.3211 2.3078, -3.3955 -1.3211 2.3274, -3.4425 -1.3211 2.2695, -3.4086 -1.3211 2.2403, -2.8641 -1.3211 2.437, -2.8509 -1.3211 2.4223, -2.783 -1.3211 2.4439, -2.8404 -1.3211 2.4026, -2.7691 -1.3211 2.4091, -2.835 -1.3211 2.3807, -2.7639 -1.3211 2.372, -2.8345 -1.3211 2.3708, -2.7691 -1.3211 2.3313, -2.8372 -1.3211 2.3487, -2.7834 -1.3211 2.2953, -2.8451 -1.3211 2.3284, -2.8576 -1.3211 2.3106, -2.9381 -1.3211 2.6111, -2.9826 -1.3211 2.5587, -2.8974 -1.3211 2.5628, -2.9569 -1.3211 2.528, -2.9394 -1.3211 2.4913, -3.3917 -1.3211 2.5568, -3.4281 -1.3211 2.5316, -3.3897 -1.3211 2.4715, -3.4368 -1.3211 2.5234, -3.4054 -1.3211 2.4488, -3.4636 -1.3211 2.4892, -3.482 -1.3211 2.4484, -3.2885 -1.3211 2.2552, -3.2858 -1.3211 2.2661, -3.3377 -1.3211 2.3156, -3.2805 -1.3211 2.276, -3.3188 -1.3211 2.3372, -3.2737 -1.3211 2.2835, -3.2955 -1.3211 2.3533, -3.2647 -1.3211 2.2896, -3.2704 -1.3211 2.3629, -3.2547 -1.3211 2.2933, -3.2432 -1.3211 2.3663, -3.2444 -1.3211 2.2946, -3.2294 -1.3211 2.3655, -3.2362 -1.3211 2.2938, -3.2019 -1.3211 2.3586, -3.2255 -1.3211 2.2903, -3.1777 -1.3211 2.3457, -3.2161 -1.3211 2.2844, -3.2086 -1.3211 2.2764, -3.1418 -1.3211 2.6651, -3.1337 -1.3211 2.5966, -3.0929 -1.3211 2.6703, -3.0918 -1.3211 2.602, -3.046 -1.3211 2.6654, -3.0532 -1.3211 2.5972, -2.9889 -1.3211 2.6452, -3.0175 -1.3211 2.5836, -2.9855 -1.3211 2.5614, -2.9734 -1.3211 2.2831, -3.0008 -1.3211 2.2245, -2.9981 -1.3211 2.2218, -2.97 -1.3211 2.2823, -2.9908 -1.3211 2.2166, -3.0098 -1.3211 2.2479, -3.0088 -1.3211 2.2394, -3.0058 -1.3211 2.2317, -2.9834 -1.3211 2.282, -2.9912 -1.3211 2.2789, -3.0095 -1.3211 2.2524, -2.9982 -1.3211 2.274, -3.0029 -1.3211 2.2688, -3.0073 -1.3211 2.261, -2.9745 -1.3211 2.2832, -2.7639 -1.3171 2.372, -2.7691 -1.3171 2.4091, -2.7987 -1.3171 2.4658, -2.773 -1.3171 2.4189, -2.783 -1.3171 2.4439, -2.8062 -1.3171 2.4763, -2.8371 -1.3171 2.5024, -2.871 -1.3171 2.5192, -2.8766 -1.3171 2.5211, -2.8974 -1.3171 2.5628, -2.9381 -1.3171 2.6111, -2.9643 -1.3171 2.6287, -2.9889 -1.3171 2.6452, -3.046 -1.3171 2.6654, -3.0929 -1.3171 2.6703, -3.1418 -1.3171 2.6651, -3.1948 -1.3171 2.6466, -3.2249 -1.3171 2.6287, -3.2296 -1.3171 2.6259, -3.2563 -1.3171 2.603, -3.2797 -1.3171 2.5758, -3.2928 -1.3171 2.5773, -3.3059 -1.3171 2.5781, -3.3494 -1.3171 2.5728, -3.3917 -1.3171 2.5568, -3.4281 -1.3171 2.5316, -3.4368 -1.3171 2.5234, -3.4903 -1.3171 2.3936, -3.4636 -1.3171 2.4892, -3.4742 -1.3171 2.4658, -3.482 -1.3171 2.4484, -3.4875 -1.3171 2.4189, -3.4899 -1.3171 2.4056, -3.4851 -1.3171 2.3503, -3.4691 -1.3171 2.3078, -3.4425 -1.3171 2.2695, -3.4086 -1.3171 2.2403, -3.3676 -1.3171 2.2198, -3.3514 -1.3171 2.2149, -3.35 -1.3171 2.2118, -3.34 -1.3171 2.1904, -3.3231 -1.3171 2.1695, -3.3008 -1.3171 2.1528, -3.2903 -1.3171 2.1483, -3.2745 -1.3171 2.1417, -3.2477 -1.3171 2.1375, -3.2432 -1.3171 2.1374, -3.1294 -1.3171 2.2513, -3.2157 -1.3171 2.1408, -3.1961 -1.3171 2.1483, -3.1903 -1.3171 2.1506, -3.1676 -1.3171 2.1663, -3.1501 -1.3171 2.186, -3.1366 -1.3171 2.2114, -3.1365 -1.3171 2.2118, -3.13 -1.3171 2.2395, -3.1294 -1.3171 2.2627, -2.97 -1.3171 2.3469, -3.0053 -1.3171 2.4073, -3.1578 -1.3171 2.3276, -3.1777 -1.3171 2.3457, -3.2019 -1.3171 2.3586, -3.2294 -1.3171 2.3655, -3.2432 -1.3171 2.3663, -3.2704 -1.3171 2.3629, -3.2955 -1.3171 2.3533, -3.3188 -1.3171 2.3372, -3.3377 -1.3171 2.3156, -3.3503 -1.3171 2.2911, -3.3751 -1.3171 2.3064, -3.3955 -1.3171 2.3274, -3.4091 -1.3171 2.3505, -3.4172 -1.3171 2.3784, -3.4186 -1.3171 2.3959, -3.4157 -1.3171 2.4189, -3.4152 -1.3171 2.4234, -3.4054 -1.3171 2.4488, -3.3936 -1.3171 2.4658, -3.3897 -1.3171 2.4715, -3.37 -1.3171 2.489, -3.3446 -1.3171 2.5025, -3.3165 -1.3171 2.5091, -3.3047 -1.3171 2.5097, -3.2781 -1.3171 2.5065, -3.2526 -1.3171 2.4972, -3.2444 -1.3171 2.4927, -3.227 -1.3171 2.5287, -3.2015 -1.3171 2.5592, -3.1709 -1.3171 2.5815, -3.1337 -1.3171 2.5966, -3.0918 -1.3171 2.602, -3.0532 -1.3171 2.5972, -3.0175 -1.3171 2.5836, -2.9855 -1.3171 2.5614, -2.9826 -1.3171 2.5587, -2.9569 -1.3171 2.528, -2.9394 -1.3171 2.4913, -2.9338 -1.3171 2.4658, -2.9324 -1.3171 2.4596, -2.9233 -1.3171 2.4596, -2.9017 -1.3171 2.457, -2.8818 -1.3171 2.4493, -2.8641 -1.3171 2.437, -2.8509 -1.3171 2.4223, -2.8491 -1.3171 2.4189, -2.8404 -1.3171 2.4026, -2.835 -1.3171 2.3807, -2.8345 -1.3171 2.3708, -2.8372 -1.3171 2.3487, -2.8451 -1.3171 2.3284, -2.8576 -1.3171 2.3106, -2.8591 -1.3171 2.309, -2.876 -1.3171 2.2952, -2.8961 -1.3171 2.2859, -2.9165 -1.3171 2.282, -2.9677 -1.3171 2.282, -2.97 -1.3171 2.2823, -2.9734 -1.3171 2.2831, -2.9745 -1.3171 2.2832, -2.9834 -1.3171 2.282, -2.9912 -1.3171 2.2789, -2.9982 -1.3171 2.274, -3.0029 -1.3171 2.2688, -3.0073 -1.3171 2.261, -3.0095 -1.3171 2.2524, -3.0098 -1.3171 2.2479, -3.0088 -1.3171 2.2394, -3.0058 -1.3171 2.2317, -3.0008 -1.3171 2.2245, -2.9981 -1.3171 2.2218, -2.9908 -1.3171 2.2166, -2.9832 -1.3171 2.2136, -2.9768 -1.3171 2.2126, -2.9096 -1.3171 2.2126, -2.8718 -1.3171 2.2206, -2.837 -1.3171 2.2376, -2.806 -1.3171 2.2638, -2.7834 -1.3171 2.2953, -2.7691 -1.3171 2.3313, -3.2444 -1.3171 2.2946, -3.2362 -1.3171 2.2938, -3.2255 -1.3171 2.2903, -3.2161 -1.3171 2.2844, -3.2086 -1.3171 2.2764, -3.2034 -1.3171 2.2672, -3.2005 -1.3171 2.2568, -3.2002 -1.3171 2.2457, -3.2027 -1.3171 2.2348, -3.2079 -1.3171 2.2249, -3.2152 -1.3171 2.2167, -3.224 -1.3171 2.2107, -3.234 -1.3171 2.207, -3.2444 -1.3171 2.2057, -3.2542 -1.3171 2.2068, -3.2647 -1.3171 2.2107, -3.2738 -1.3171 2.217, -3.2811 -1.3171 2.2252, -3.286 -1.3171 2.2346, -3.2885 -1.3171 2.2451, -3.2885 -1.3171 2.2552, -3.2858 -1.3171 2.2661, -3.2805 -1.3171 2.276, -3.2737 -1.3171 2.2835, -3.2647 -1.3171 2.2896, -3.2547 -1.3171 2.2933
            ]
        }
        coordIndex [
            0,1,2,-1,3,4,5,-1,6,7,8,-1,9,10,11,-1,12,1,13,-1,13,1,14,-1,13,14,15,-1,5,4,16,-1,17,18,19,-1,19,18,20,-1,19,20,21,-1,21,20,22,-1,21,22,8,-1,8,22,23,-1,8,23,6,-1,24,25,20,-1,20,25,26,-1,20,26,22,-1,22,26,27,-1,22,27,28,-1,29,30,2,-1,2,30,31,-1,2,31,0,-1,32,33,34,-1,34,33,35,-1,34,35,36,-1,36,35,37,-1,36,37,38,-1,38,37,39,-1,9,11,40,-1,40,11,41,-1,40,41,42,-1,42,41,43,-1,42,43,44,-1,4,45,16,-1,16,45,46,-1,16,46,47,-1,47,46,48,-1,47,48,9,-1,9,48,49,-1,9,49,10,-1,12,50,1,-1,1,50,51,-1,1,51,2,-1,2,51,52,-1,14,53,15,-1,15,53,54,-1,15,54,55,-1,55,54,56,-1,55,56,57,-1,57,56,58,-1,57,58,59,-1,59,58,22,-1,59,22,60,-1,60,22,28,-1,61,62,63,-1,63,62,64,-1,63,64,65,-1,65,64,66,-1,65,66,67,-1,67,66,68,-1,67,68,69,-1,69,68,70,-1,69,70,71,-1,72,73,74,-1,74,73,75,-1,74,75,76,-1,76,75,77,-1,76,77,78,-1,78,77,79,-1,78,79,80,-1,80,79,81,-1,80,81,29,-1,29,81,82,-1,29,82,30,-1,37,83,39,-1,39,83,84,-1,39,84,85,-1,85,84,86,-1,85,86,87,-1,87,86,88,-1,87,88,89,-1,89,88,90,-1,89,90,91,-1,91,90,92,-1,91,92,93,-1,93,92,94,-1,93,94,61,-1,61,94,95,-1,61,95,62,-1,96,97,98,-1,98,97,99,-1,98,99,34,-1,34,99,100,-1,34,100,32,-1,5,101,3,-1,3,101,102,-1,3,102,103,-1,103,102,104,-1,103,104,105,-1,105,104,106,-1,105,106,72,-1,72,106,107,-1,72,107,73,-1,52,108,2,-1,2,108,109,-1,2,109,110,-1,110,109,111,-1,110,111,112,-1,112,111,113,-1,112,113,114,-1,114,113,115,-1,114,115,116,-1,116,115,117,-1,116,117,118,-1,118,117,119,-1,118,119,120,-1,120,119,121,-1,120,121,122,-1,122,121,123,-1,122,123,124,-1,124,123,125,-1,124,125,20,-1,20,125,126,-1,20,126,24,-1,44,43,127,-1,127,43,128,-1,127,128,129,-1,129,128,130,-1,129,130,131,-1,131,130,132,-1,131,132,133,-1,133,132,134,-1,133,134,96,-1,96,134,135,-1,96,135,97,-1,136,137,138,-1,70,139,71,-1,71,139,136,-1,71,136,140,-1,140,136,138,-1,141,142,136,-1,136,142,143,-1,136,143,137,-1,144,145,146,-1,145,147,146,-1,146,147,148,-1,146,148,149,-1,141,136,146,-1,146,136,150,-1,146,150,144,-1,89,151,152,-1,153,39,85,-1,89,152,87,-1,87,152,154,-1,87,154,85,-1,85,154,155,-1,85,155,153,-1,153,156,39,-1,39,156,157,-1,39,157,38,-1,38,157,158,-1,38,158,36,-1,36,158,159,-1,36,159,34,-1,34,159,160,-1,34,160,98,-1,98,160,161,-1,98,161,96,-1,133,96,162,-1,162,96,161,-1,162,163,133,-1,133,163,164,-1,133,164,131,-1,131,164,165,-1,131,165,129,-1,129,165,166,-1,129,166,127,-1,127,166,167,-1,127,167,44,-1,44,167,42,-1,42,167,168,-1,42,168,169,-1,42,169,170,-1,42,170,40,-1,40,170,171,-1,40,171,9,-1,9,171,172,-1,9,172,47,-1,47,172,173,-1,47,173,16,-1,16,173,174,-1,16,174,5,-1,5,174,175,-1,5,175,101,-1,101,175,176,-1,101,176,102,-1,102,176,177,-1,102,177,104,-1,178,75,73,-1,104,177,179,-1,104,179,106,-1,106,179,180,-1,106,180,107,-1,180,181,107,-1,107,181,182,-1,107,182,73,-1,73,182,183,-1,73,183,178,-1,75,178,184,-1,75,184,77,-1,77,184,185,-1,77,185,79,-1,79,185,186,-1,79,186,81,-1,81,186,187,-1,81,187,82,-1,82,187,188,-1,82,188,30,-1,30,188,189,-1,30,189,31,-1,31,189,190,-1,31,190,0,-1,190,191,0,-1,0,191,192,-1,0,192,1,-1,1,192,193,-1,1,193,14,-1,14,193,194,-1,14,194,53,-1,194,195,53,-1,53,195,196,-1,53,196,54,-1,54,196,197,-1,54,197,56,-1,198,21,8,-1,56,197,199,-1,200,22,199,-1,199,22,58,-1,199,58,56,-1,200,201,22,-1,22,201,202,-1,22,202,23,-1,23,202,203,-1,23,203,6,-1,6,203,204,-1,6,204,7,-1,7,204,205,-1,7,205,8,-1,8,205,206,-1,8,206,198,-1,19,21,207,-1,207,21,198,-1,17,19,208,-1,208,19,207,-1,18,17,209,-1,209,17,208,-1,20,18,210,-1,210,18,209,-1,20,210,211,-1,20,211,124,-1,124,211,212,-1,124,212,122,-1,122,212,213,-1,122,213,120,-1,120,213,214,-1,120,214,118,-1,118,214,215,-1,118,215,116,-1,116,215,216,-1,116,216,114,-1,114,216,217,-1,114,217,112,-1,112,217,218,-1,112,218,110,-1,110,218,219,-1,110,219,2,-1,2,219,220,-1,2,220,29,-1,29,220,221,-1,29,221,80,-1,80,221,222,-1,80,222,78,-1,78,222,223,-1,78,223,76,-1,76,223,224,-1,76,224,74,-1,72,74,224,-1,224,225,72,-1,72,225,226,-1,72,226,227,-1,228,103,227,-1,227,103,105,-1,227,105,72,-1,228,229,103,-1,103,229,230,-1,103,230,3,-1,3,230,231,-1,3,231,4,-1,4,231,232,-1,4,232,45,-1,45,232,233,-1,45,233,46,-1,46,233,234,-1,46,234,48,-1,48,234,235,-1,48,235,49,-1,49,235,236,-1,49,236,10,-1,10,236,237,-1,10,237,11,-1,11,237,238,-1,11,238,41,-1,41,238,239,-1,41,239,43,-1,43,239,240,-1,43,240,128,-1,128,240,241,-1,128,241,130,-1,130,241,242,-1,130,242,132,-1,132,242,243,-1,132,243,134,-1,134,243,244,-1,134,244,135,-1,135,244,245,-1,135,245,97,-1,97,245,246,-1,97,246,99,-1,99,246,247,-1,99,247,100,-1,100,247,32,-1,32,247,248,-1,32,248,249,-1,33,32,250,-1,250,32,249,-1,33,250,251,-1,33,251,35,-1,35,251,252,-1,35,252,37,-1,37,252,253,-1,37,253,83,-1,83,253,254,-1,83,254,84,-1,84,254,255,-1,84,255,86,-1,255,256,86,-1,86,256,257,-1,86,257,88,-1,88,257,258,-1,88,258,90,-1,90,258,259,-1,90,259,92,-1,92,259,260,-1,92,260,94,-1,94,260,261,-1,94,261,95,-1,95,261,262,-1,95,262,62,-1,62,262,263,-1,62,263,64,-1,64,263,264,-1,64,264,66,-1,66,264,265,-1,66,265,68,-1,70,68,266,-1,266,68,265,-1,70,266,267,-1,70,267,139,-1,139,267,268,-1,139,268,136,-1,136,268,269,-1,136,269,150,-1,150,269,270,-1,150,270,144,-1,144,270,271,-1,144,271,145,-1,145,271,272,-1,145,272,147,-1,147,272,273,-1,147,273,148,-1,148,273,274,-1,148,274,149,-1,149,274,275,-1,149,275,146,-1,146,275,276,-1,146,276,141,-1,141,276,277,-1,141,277,142,-1,142,277,278,-1,142,278,143,-1,143,278,279,-1,143,279,137,-1,137,279,280,-1,137,280,138,-1,138,280,281,-1,138,281,140,-1,140,281,282,-1,140,282,71,-1,71,282,283,-1,71,283,69,-1,67,69,284,-1,284,69,283,-1,67,284,285,-1,67,285,65,-1,65,285,286,-1,65,286,63,-1,63,286,287,-1,63,287,61,-1,61,287,288,-1,61,288,93,-1,93,288,289,-1,93,289,91,-1,91,289,151,-1,91,151,89,-1,119,290,291,-1,119,291,121,-1,121,291,292,-1,121,292,123,-1,123,292,293,-1,123,293,125,-1,125,293,294,-1,125,294,126,-1,126,294,295,-1,126,295,24,-1,24,295,296,-1,24,296,25,-1,25,296,297,-1,25,297,26,-1,26,297,298,-1,26,298,27,-1,27,298,299,-1,27,299,28,-1,28,299,300,-1,28,300,60,-1,60,300,301,-1,60,301,59,-1,59,301,302,-1,59,302,57,-1,57,302,303,-1,57,303,55,-1,55,303,304,-1,55,304,15,-1,15,304,305,-1,15,305,13,-1,13,305,306,-1,13,306,12,-1,12,306,307,-1,12,307,50,-1,50,307,308,-1,50,308,51,-1,51,308,309,-1,51,309,52,-1,52,309,310,-1,52,310,108,-1,108,310,311,-1,108,311,109,-1,109,311,312,-1,109,312,111,-1,111,312,313,-1,111,313,113,-1,113,313,314,-1,113,314,115,-1,115,314,315,-1,115,315,117,-1,117,315,290,-1,117,290,119,-1,
        ]
    }
}
Shape{
    appearance Appearance {
        material  Material 	{
            diffuseColor 0.25098039215686274 0.25098039215686274 0.25098039215686274
            specularColor 0.12549019607843137 0.12549019607843137 0.12549019607843137
            ambientIntensity 0.251
            transparency 0.0
            shininess 0.5
        }
    }
    geometry IndexedFaceSet {
        ccw TRUE
        solid FALSE
        coord DEF co Coordinate {
            point [
                -3.2362 -1.3171 2.2938, -3.2444 -1.3171 2.2057, -3.234 -1.3171 2.207, -3.2444 -1.3171 2.2946, -3.2547 -1.3171 2.2933, -3.2647 -1.3171 2.2896, -3.2737 -1.3171 2.2835, -3.2805 -1.3171 2.276, -3.2858 -1.3171 2.2661, -3.2885 -1.3171 2.2552, -3.2885 -1.3171 2.2451, -3.2542 -1.3171 2.2068, -3.286 -1.3171 2.2346, -3.2811 -1.3171 2.2252, -3.2738 -1.3171 2.217, -3.2647 -1.3171 2.2107, -3.2152 -1.3171 2.2167, -3.2086 -1.3171 2.2764, -3.2161 -1.3171 2.2844, -3.224 -1.3171 2.2107, -3.2255 -1.3171 2.2903, -3.2027 -1.3171 2.2348, -3.2002 -1.3171 2.2457, -3.2079 -1.3171 2.2249, -3.2005 -1.3171 2.2568, -3.2034 -1.3171 2.2672
            ]
        }
        coordIndex [
            0,1,2,-1,0,3,1,-1,1,3,4,-1,1,4,5,-1,5,6,1,-1,1,6,7,-1,1,7,8,-1,8,9,1,-1,1,9,10,-1,1,10,11,-1,11,10,12,-1,12,13,11,-1,11,13,14,-1,11,14,15,-1,16,17,18,-1,2,19,0,-1,0,19,16,-1,0,16,20,-1,20,16,18,-1,21,22,23,-1,23,22,24,-1,23,24,16,-1,16,24,25,-1,16,25,17,-1,
        ]
    }
}
Shape{
    appearance Appearance {
        material  Material 	{
            diffuseColor 0.7529411764705882 0.7529411764705882 0.7529411764705882
            specularColor 0.3764705882352941 0.3764705882352941 0.3764705882352941
            ambientIntensity 0.7529
            transparency 0.0
            shininess 0.5
        }
    }
    geometry IndexedFaceSet {
        ccw TRUE
        solid FALSE
        coord DEF co Coordinate {
            point [
                -1.5866 0.4067 2.8976, -1.5927 0.3873 2.8836, -1.563 0.1823 2.8976, -1.5983 0.3766 2.8721, -1.6069 0.3598 2.8541, -1.7829 0.2858 2.5376, -1.7662 0.1267 2.5376, -1.7167 0.2928 2.6529, -1.7 0.1337 2.6529, -1.6802 0.3027 2.7175, -1.6864 0.1354 2.6767, -1.6703 0.3054 2.7351, -1.6239 0.1517 2.7873, -1.6472 0.3203 2.7777, -1.623 0.1519 2.7889, -1.6337 0.329 2.8024, -1.6194 0.3455 2.8301, -1.5956 -0.3765 2.8774, -1.5866 -0.4027 2.8976, -1.563 -0.1784 2.8976, -1.598 -0.3725 2.8725, -1.7662 -0.1228 2.5376, -1.7829 -0.2819 2.5376, -1.7 -0.1297 2.6529, -1.7167 -0.2889 2.6529, -1.6323 -0.1446 2.7721, -1.6242 -0.1484 2.7869, -1.6439 -0.3169 2.7835, -1.574 -0.1715 2.8775, -1.6187 -0.341 2.8311, -1.6152 -0.3444 2.8378, -1.6826 -0.2965 2.713, -1.68 -0.2979 2.7177, -1.6466 -0.3155 2.7786, -2.3424 0.592 -0.9524, -2.4924 0.592 -1.1024, -2.3424 0.752 -0.9524, -2.4924 0.752 -1.1024, -2.9624 0.752 -0.9524, -2.8124 0.752 -1.1024, -2.9624 0.592 -0.9524, -2.8124 0.592 -1.1024, -2.4924 -0.588 -1.1024, -2.3424 -0.588 -0.9524, -2.4924 -0.748 -1.1024, -2.3424 -0.748 -0.9524, -2.9624 -0.588 -0.9524, -2.8124 -0.588 -1.1024, -2.9624 -0.748 -0.9524, -2.8124 -0.748 -1.1024, -2.0399 -0.4776 2.8376, -2.6565 -0.4128 2.8376, -2.0456 -0.5321 2.6872, -2.6622 -0.4673 2.6872, -2.034 -0.4209 2.6466, -2.6506 -0.3561 2.6466, -2.6448 -0.3017 2.7969, -2.0282 -0.3665 2.7969, -2.0283 -0.3669 2.6189, -2.6449 -0.3021 2.6189, -2.0235 -0.3212 2.5789, -2.6401 -0.2564 2.5789, -2.0198 -0.2864 2.529, -2.6364 -0.2216 2.529, -2.0175 -0.2647 2.4721, -2.6341 -0.1999 2.4721, -2.0168 -0.2573 2.4116, -2.6334 -0.1925 2.4116, -2.0 -0.0982 2.4116, -2.6166 -0.0334 2.4116, -2.6175 -0.0418 2.4945, -2.0009 -0.1066 2.4945, -2.6202 -0.0667 2.574, -2.0035 -0.1315 2.574, -2.6244 -0.1071 2.6468, -2.0078 -0.1719 2.6468, -2.6301 -0.1613 2.7099, -2.0135 -0.2261 2.7099, -2.637 -0.2271 2.7606, -2.0204 -0.2919 2.7606, -2.0168 -0.2573 1.9676, -2.0 -0.0982 1.9676, -2.6565 0.4168 2.8376, -2.0399 0.4816 2.8376, -2.6622 0.4712 2.6872, -2.0456 0.536 2.6872, -2.6506 0.36 2.6466, -2.034 0.4248 2.6466, -2.0282 0.3704 2.7969, -2.6448 0.3056 2.7969, -2.6449 0.306 2.6189, -2.0283 0.3709 2.6189, -2.6401 0.2603 2.5789, -2.0235 0.3251 2.5789, -2.6364 0.2255 2.529, -2.0198 0.2904 2.529, -2.6341 0.2038 2.4721, -2.0175 0.2686 2.4721, -2.6334 0.1964 2.4116, -2.0168 0.2613 2.4116, -2.6166 0.0373 2.4116, -2.0 0.1021 2.4116, -2.0009 0.1106 2.4945, -2.6175 0.0457 2.4945, -2.0035 0.1355 2.574, -2.6202 0.0707 2.574, -2.0078 0.1759 2.6468, -2.6244 0.1111 2.6468, -2.0135 0.2301 2.7099, -2.6301 0.1653 2.7099, -2.0204 0.2958 2.7606, -2.637 0.231 2.7606, -2.0 0.1021 1.9676, -2.0168 0.2613 1.9676, -3.2524 0.0515 0.9255, -3.2524 -0.228 1.1655, -3.2524 -0.073 1.1655, -3.2524 0.152 1.1655, -3.2524 0.252 1.1655, -3.2524 0.152 0.9723, -3.2524 0.252 0.6855, -3.2524 0.152 0.8693, -3.2524 0.152 0.6855, -3.2524 -0.308 0.4857, -3.2524 -0.308 0.6257, -3.2724 0.252 0.6855, -3.2724 0.252 1.1655, -3.2724 0.152 0.6855, -3.2724 0.152 0.8693, -3.2724 -0.308 0.4857, -3.2724 -0.308 0.6257, -3.2724 0.0515 0.9255, -3.2724 -0.228 1.1655, -3.2724 -0.073 1.1655, -3.2724 0.152 0.9723, -3.2724 0.152 1.1655, -2.6334 -0.1925 1.1176, -2.6166 -0.0334 1.1176, -1.7167 -0.2889 1.1176, -1.7 -0.1297 1.1176, -1.7662 -0.1228 1.9676, -1.7829 -0.2819 1.9676, -1.5546 -0.1841 2.8976, -1.6238 -0.1477 1.1176, -1.5546 -0.1841 1.1176, -1.4967 -0.2367 2.8976, -1.4967 -0.2367 1.1176, -1.4538 -0.3021 2.8976, -1.4538 -0.3021 1.1176, -1.4286 -0.3762 2.8976, -1.4286 -0.3762 1.1176, -1.4228 -0.4543 2.8976, -1.4228 -0.4543 1.1176, -1.4367 -0.5313 2.8976, -1.4367 -0.5313 1.1176, -1.4695 -0.6023 2.8976, -1.4695 -0.6023 1.1176, -1.519 -0.6629 2.8976, -1.519 -0.6629 1.1176, -1.5821 -0.7092 2.8976, -1.5821 -0.7092 1.1176, -1.6548 -0.7382 2.8976, -1.6548 -0.7382 1.1176, -1.7324 -0.748 2.8976, -1.7324 -0.748 1.1176, -1.6799 -0.2975 1.1176, -1.6464 -0.3152 1.1176, -1.6183 -0.3406 1.1176, -1.5976 -0.3723 1.1176, -1.5854 -0.4081 1.1176, -1.7324 -0.588 1.1176, -1.7324 -0.588 2.8976, -1.6948 -0.5833 1.1176, -1.6948 -0.5833 2.8976, -1.6597 -0.5692 1.1176, -1.6597 -0.5692 2.8976, -1.6291 -0.5468 1.1176, -1.6291 -0.5468 2.8976, -1.6052 -0.5175 1.1176, -1.6052 -0.5175 2.8976, -1.5893 -0.4831 1.1176, -1.5893 -0.4831 2.8976, -1.5826 -0.4459 1.1176, -1.5826 -0.4459 2.8976, -1.5854 -0.4081 2.8976, -1.7662 0.1267 1.9676, -2.6166 0.0373 1.1176, -1.7 0.1337 1.1176, -2.6334 0.1964 1.1176, -1.7167 0.2928 1.1176, -1.7829 0.2858 1.9676, -1.6238 0.1516 1.1176, -1.5546 0.188 1.1176, -1.5546 0.188 2.8976, -1.4967 0.2406 1.1176, -1.4967 0.2406 2.8976, -1.4538 0.3061 1.1176, -1.4538 0.3061 2.8976, -1.4286 0.3802 1.1176, -1.4286 0.3802 2.8976, -1.4228 0.4582 1.1176, -1.4228 0.4582 2.8976, -1.4367 0.5352 1.1176, -1.4367 0.5352 2.8976, -1.4695 0.6062 1.1176, -1.4695 0.6062 2.8976, -1.519 0.6668 1.1176, -1.519 0.6668 2.8976, -1.5821 0.7131 1.1176, -1.5821 0.7131 2.8976, -1.6548 0.7421 1.1176, -1.6548 0.7421 2.8976, -1.7324 0.752 1.1176, -1.7324 0.752 2.8976, -1.5854 0.4121 2.8976, -1.5854 0.4121 1.1176, -1.5976 0.3762 1.1176, -1.6183 0.3446 1.1176, -1.6464 0.3191 1.1176, -1.6799 0.3015 1.1176, -1.5826 0.4498 1.1176, -1.5826 0.4498 2.8976, -1.5893 0.4871 1.1176, -1.5893 0.4871 2.8976, -1.6052 0.5215 1.1176, -1.6052 0.5215 2.8976, -1.6291 0.5508 1.1176, -1.6291 0.5508 2.8976, -1.6597 0.5732 1.1176, -1.6597 0.5732 2.8976, -1.6948 0.5872 1.1176, -1.6948 0.5872 2.8976, -1.7324 0.592 1.1176, -1.7324 0.592 2.8976, -2.9624 0.592 2.8976, -2.9624 0.752 2.8976, -2.9624 0.592 0.3976, -2.9624 0.752 0.3976, -2.3424 0.752 0.3976, -2.3424 0.592 0.3976, -1.9718 0.752 0.3976, -1.9718 0.592 0.3976, -1.9718 0.752 0.7976, -1.9718 0.592 0.7976, -2.6018 0.752 0.7976, -2.6018 0.592 0.7976, -2.6018 0.752 1.1176, -2.6018 0.592 1.1176, -2.6433 0.752 1.1122, -2.6433 0.592 1.1122, -2.6818 0.752 1.0962, -2.6818 0.592 1.0962, -2.715 0.752 1.0708, -2.715 0.592 1.0708, -2.7404 0.752 1.0376, -2.7404 0.592 1.0376, -2.7564 0.752 0.9991, -2.7564 0.592 0.9991, -2.7618 0.752 0.9576, -2.7618 0.592 0.9576, -2.7564 0.752 0.9162, -2.7564 0.592 0.9162, -2.7404 0.752 0.8776, -2.7404 0.592 0.8776, -2.715 0.752 0.8445, -2.715 0.592 0.8445, -2.6818 0.752 0.8191, -2.6818 0.592 0.8191, -2.6433 0.752 0.8031, -2.6433 0.592 0.8031, -3.2724 0.442 0.3976, -3.2724 0.442 2.8976, -3.2646 0.511 2.8976, -3.2646 0.511 0.3976, -3.2417 0.5765 2.8976, -3.2417 0.5765 0.3976, -3.2048 0.6353 2.8976, -3.2048 0.6353 0.3976, -3.1557 0.6843 2.8976, -3.1557 0.6843 0.3976, -3.0969 0.7213 2.8976, -3.0969 0.7213 0.3976, -3.0314 0.7442 2.8976, -3.0314 0.7442 0.3976, -3.0012 0.5869 0.3976, -3.0012 0.5869 2.8976, -3.0374 0.5719 0.3976, -3.0374 0.5719 2.8976, -3.0685 0.548 0.3976, -3.0685 0.548 2.8976, -3.0923 0.517 0.3976, -3.0923 0.517 2.8976, -3.1073 0.4808 0.3976, -3.1073 0.4808 2.8976, -3.1124 0.442 0.3976, -3.1124 0.442 2.8976, -2.9624 -0.748 0.3976, -2.9624 -0.588 0.3976, -2.9624 -0.588 2.8976, -2.9624 -0.748 2.8976, -2.3424 -0.588 0.3976, -2.3424 -0.748 0.3976, -2.6018 -0.748 1.1176, -2.6018 -0.588 1.1176, -2.6018 -0.748 0.7976, -2.6018 -0.588 0.7976, -2.6433 -0.748 0.8031, -2.6433 -0.588 0.8031, -2.6818 -0.748 0.8191, -2.6818 -0.588 0.8191, -2.715 -0.748 0.8445, -2.715 -0.588 0.8445, -2.7404 -0.748 0.8776, -2.7404 -0.588 0.8776, -2.7564 -0.748 0.9162, -2.7564 -0.588 0.9162, -2.7618 -0.748 0.9576, -2.7618 -0.588 0.9576, -2.7564 -0.748 0.9991, -2.7564 -0.588 0.9991, -2.7404 -0.748 1.0376, -2.7404 -0.588 1.0376, -2.715 -0.748 1.0708, -2.715 -0.588 1.0708, -2.6818 -0.748 1.0962, -2.6818 -0.588 1.0962, -2.6433 -0.748 1.1122, -2.6433 -0.588 1.1122, -1.9718 -0.748 0.7976, -1.9718 -0.588 0.7976, -1.9718 -0.748 0.3976, -1.9718 -0.588 0.3976, -3.2724 -0.438 2.8976, -3.2724 -0.438 0.3976, -3.2618 -0.5183 0.3976, -3.2618 -0.5183 2.8976, -3.2309 -0.593 0.3976, -3.2309 -0.593 2.8976, -3.1816 -0.6572 0.3976, -3.1816 -0.6572 2.8976, -3.1174 -0.7065 0.3976, -3.1174 -0.7065 2.8976, -3.0426 -0.7375 0.3976, -3.0426 -0.7375 2.8976, -3.0012 -0.5829 2.8976, -3.0012 -0.5829 0.3976, -3.0374 -0.5679 2.8976, -3.0374 -0.5679 0.3976, -3.0685 -0.5441 2.8976, -3.0685 -0.5441 0.3976, -3.0923 -0.513 2.8976, -3.0923 -0.513 0.3976, -3.1073 -0.4769 2.8976, -3.1073 -0.4769 0.3976, -3.1124 -0.438 2.8976, -3.1124 -0.438 0.3976, 1.5857 -0.4027 2.8976, 1.5918 -0.3834 2.8836, 1.5622 -0.1784 2.8976, 1.5974 -0.3726 2.8721, 1.6061 -0.3558 2.8541, 1.782 -0.2819 2.5376, 1.7653 -0.1228 2.5376, 1.7159 -0.2889 2.6529, 1.6991 -0.1297 2.6529, 1.6794 -0.2988 2.7175, 1.6855 -0.1315 2.6767, 1.6694 -0.3015 2.7351, 1.623 -0.1478 2.7873, 1.6463 -0.3164 2.7777, 1.6221 -0.148 2.7889, 1.6328 -0.3251 2.8024, 1.6185 -0.3415 2.8301, 1.5948 0.3804 2.8774, 1.5857 0.4067 2.8976, 1.5622 0.1823 2.8976, 1.5972 0.3765 2.8725, 1.7653 0.1267 2.5376, 1.782 0.2858 2.5376, 1.6991 0.1337 2.6529, 1.7159 0.2928 2.6529, 1.6315 0.1486 2.7721, 1.6233 0.1523 2.7869, 1.643 0.3209 2.7835, 1.5732 0.1755 2.8775, 1.6179 0.345 2.8311, 1.6143 0.3483 2.8378, 1.6818 0.3005 2.713, 1.6792 0.3018 2.7177, 1.6457 0.3195 2.7786, 2.3415 -0.588 -0.9524, 2.4915 -0.588 -1.1024, 2.3415 -0.748 -0.9524, 2.4915 -0.748 -1.1024, 2.9615 -0.748 -0.9524, 2.8115 -0.748 -1.1024, 2.9615 -0.588 -0.9524, 2.8115 -0.588 -1.1024, 2.4915 0.592 -1.1024, 2.3415 0.592 -0.9524, 2.4915 0.752 -1.1024, 2.3415 0.752 -0.9524, 2.9615 0.592 -0.9524, 2.8115 0.592 -1.1024, 2.9615 0.752 -0.9524, 2.8115 0.752 -1.1024, 2.0391 0.4816 2.8376, 2.6557 0.4168 2.8376, 2.0448 0.536 2.6872, 2.6614 0.4712 2.6872, 2.0331 0.4248 2.6466, 2.6497 0.36 2.6466, 2.644 0.3056 2.7969, 2.0274 0.3704 2.7969, 2.0274 0.3709 2.6189, 2.644 0.306 2.6189, 2.0226 0.3251 2.5789, 2.6392 0.2603 2.5789, 2.019 0.2904 2.529, 2.6356 0.2255 2.529, 2.0167 0.2686 2.4721, 2.6333 0.2038 2.4721, 2.0159 0.2613 2.4116, 2.6325 0.1964 2.4116, 1.9992 0.1021 2.4116, 2.6158 0.0373 2.4116, 2.6167 0.0457 2.4945, 2.0001 0.1106 2.4945, 2.6193 0.0707 2.574, 2.0027 0.1355 2.574, 2.6235 0.1111 2.6468, 2.0069 0.1759 2.6468, 2.6292 0.1653 2.7099, 2.0126 0.2301 2.7099, 2.6361 0.231 2.7606, 2.0195 0.2958 2.7606, 2.0159 0.2613 1.9676, 1.9992 0.1021 1.9676, 2.6557 -0.4128 2.8376, 2.0391 -0.4776 2.8376, 2.6614 -0.4673 2.6872, 2.0448 -0.5321 2.6872, 2.6497 -0.3561 2.6466, 2.0331 -0.4209 2.6466, 2.0274 -0.3665 2.7969, 2.644 -0.3017 2.7969, 2.644 -0.3021 2.6189, 2.0274 -0.3669 2.6189, 2.6392 -0.2564 2.5789, 2.0226 -0.3212 2.5789, 2.6356 -0.2216 2.529, 2.019 -0.2864 2.529, 2.6333 -0.1999 2.4721, 2.0167 -0.2647 2.4721, 2.6325 -0.1925 2.4116, 2.0159 -0.2573 2.4116, 2.6158 -0.0334 2.4116, 1.9992 -0.0982 2.4116, 2.0001 -0.1066 2.4945, 2.6167 -0.0418 2.4945, 2.0027 -0.1315 2.574, 2.6193 -0.0667 2.574, 2.0069 -0.1719 2.6468, 2.6235 -0.1071 2.6468, 2.0126 -0.2261 2.7099, 2.6292 -0.1613 2.7099, 2.0195 -0.2919 2.7606, 2.6361 -0.2271 2.7606, 1.9992 -0.0982 1.9676, 2.0159 -0.2573 1.9676, 2.6325 0.1964 1.1176, 2.6158 0.0373 1.1176, 1.7159 0.2928 1.1176, 1.6991 0.1337 1.1176, 1.7653 0.1267 1.9676, 1.782 0.2858 1.9676, 1.5537 0.188 2.8976, 1.623 0.1516 1.1176, 1.5537 0.188 1.1176, 1.4958 0.2406 2.8976, 1.4958 0.2406 1.1176, 1.4529 0.3061 2.8976, 1.4529 0.3061 1.1176, 1.4278 0.3802 2.8976, 1.4278 0.3802 1.1176, 1.422 0.4582 2.8976, 1.422 0.4582 1.1176, 1.4359 0.5352 2.8976, 1.4359 0.5352 1.1176, 1.4686 0.6062 2.8976, 1.4686 0.6062 1.1176, 1.5181 0.6668 2.8976, 1.5181 0.6668 1.1176, 1.5812 0.7131 2.8976, 1.5812 0.7131 1.1176, 1.6539 0.7421 2.8976, 1.6539 0.7421 1.1176, 1.7315 0.752 2.8976, 1.7315 0.752 1.1176, 1.679 0.3015 1.1176, 1.6455 0.3191 1.1176, 1.6175 0.3446 1.1176, 1.5967 0.3762 1.1176, 1.5845 0.4121 1.1176, 1.7315 0.592 1.1176, 1.7315 0.592 2.8976, 1.694 0.5872 1.1176, 1.694 0.5872 2.8976, 1.6588 0.5732 1.1176, 1.6588 0.5732 2.8976, 1.6283 0.5508 1.1176, 1.6283 0.5508 2.8976, 1.6043 0.5215 1.1176, 1.6043 0.5215 2.8976, 1.5885 0.4871 1.1176, 1.5885 0.4871 2.8976, 1.5817 0.4498 1.1176, 1.5817 0.4498 2.8976, 1.5845 0.4121 2.8976, 1.7653 -0.1228 1.9676, 2.6158 -0.0334 1.1176, 1.6991 -0.1297 1.1176, 2.6325 -0.1925 1.1176, 1.7159 -0.2889 1.1176, 1.782 -0.2819 1.9676, 1.623 -0.1477 1.1176, 1.5537 -0.1841 1.1176, 1.5537 -0.1841 2.8976, 1.4958 -0.2367 1.1176, 1.4958 -0.2367 2.8976, 1.4529 -0.3021 1.1176, 1.4529 -0.3021 2.8976, 1.4278 -0.3762 1.1176, 1.4278 -0.3762 2.8976, 1.422 -0.4543 1.1176, 1.422 -0.4543 2.8976, 1.4359 -0.5313 1.1176, 1.4359 -0.5313 2.8976, 1.4686 -0.6023 1.1176, 1.4686 -0.6023 2.8976, 1.5181 -0.6629 1.1176, 1.5181 -0.6629 2.8976, 1.5812 -0.7092 1.1176, 1.5812 -0.7092 2.8976, 1.6539 -0.7382 1.1176, 1.6539 -0.7382 2.8976, 1.7315 -0.748 1.1176, 1.7315 -0.748 2.8976, 1.5845 -0.4081 2.8976, 1.5845 -0.4081 1.1176, 1.5967 -0.3723 1.1176, 1.6175 -0.3406 1.1176, 1.6455 -0.3152 1.1176, 1.679 -0.2975 1.1176, 1.5817 -0.4459 1.1176, 1.5817 -0.4459 2.8976, 1.5885 -0.4831 1.1176, 1.5885 -0.4831 2.8976, 1.6043 -0.5175 1.1176, 1.6043 -0.5175 2.8976, 1.6283 -0.5468 1.1176, 1.6283 -0.5468 2.8976, 1.6588 -0.5692 1.1176, 1.6588 -0.5692 2.8976, 1.694 -0.5833 1.1176, 1.694 -0.5833 2.8976, 1.7315 -0.588 1.1176, 1.7315 -0.588 2.8976, 2.9615 -0.588 2.8976, 2.9615 -0.748 2.8976, 2.9615 -0.588 0.3976, 2.9615 -0.748 0.3976, 2.3415 -0.748 0.3976, 2.3415 -0.588 0.3976, 1.971 -0.748 0.3976, 1.971 -0.588 0.3976, 1.971 -0.748 0.7976, 1.971 -0.588 0.7976, 2.601 -0.748 0.7976, 2.601 -0.588 0.7976, 2.601 -0.748 1.1176, 2.601 -0.588 1.1176, 2.6424 -0.748 1.1122, 2.6424 -0.588 1.1122, 2.681 -0.748 1.0962, 2.681 -0.588 1.0962, 2.7141 -0.748 1.0708, 2.7141 -0.588 1.0708, 2.7395 -0.748 1.0376, 2.7395 -0.588 1.0376, 2.7555 -0.748 0.9991, 2.7555 -0.588 0.9991, 2.761 -0.748 0.9576, 2.761 -0.588 0.9576, 2.7555 -0.748 0.9162, 2.7555 -0.588 0.9162, 2.7395 -0.748 0.8776, 2.7395 -0.588 0.8776, 2.7141 -0.748 0.8445, 2.7141 -0.588 0.8445, 2.681 -0.748 0.8191, 2.681 -0.588 0.8191, 2.6424 -0.748 0.8031, 2.6424 -0.588 0.8031, 3.2715 -0.438 0.3976, 3.2715 -0.438 2.8976, 3.2638 -0.507 2.8976, 3.2638 -0.507 0.3976, 3.2408 -0.5725 2.8976, 3.2408 -0.5725 0.3976, 3.2039 -0.6313 2.8976, 3.2039 -0.6313 0.3976, 3.1548 -0.6804 2.8976, 3.1548 -0.6804 0.3976, 3.096 -0.7173 2.8976, 3.096 -0.7173 0.3976, 3.0305 -0.7403 2.8976, 3.0305 -0.7403 0.3976, 2.9949 -0.5843 0.3976, 2.9949 -0.5843 2.8976, 3.0266 -0.5732 0.3976, 3.0266 -0.5732 2.8976, 3.0551 -0.5553 0.3976, 3.0551 -0.5553 2.8976, 3.0788 -0.5316 0.3976, 3.0788 -0.5316 2.8976, 3.0967 -0.5031 0.3976, 3.0967 -0.5031 2.8976, 3.1078 -0.4714 0.3976, 3.1078 -0.4714 2.8976, 3.1115 -0.438 0.3976, 3.1115 -0.438 2.8976, 2.9615 0.752 0.3976, 2.9615 0.592 0.3976, 2.9615 0.592 2.8976, 2.9615 0.752 2.8976, 2.3415 0.592 0.3976, 2.3415 0.752 0.3976, 2.601 0.752 1.1176, 2.601 0.592 1.1176, 2.601 0.752 0.7976, 2.601 0.592 0.7976, 2.6424 0.752 0.8031, 2.6424 0.592 0.8031, 2.681 0.752 0.8191, 2.681 0.592 0.8191, 2.7141 0.752 0.8445, 2.7141 0.592 0.8445, 2.7395 0.752 0.8776, 2.7395 0.592 0.8776, 2.7555 0.752 0.9162, 2.7555 0.592 0.9162, 2.761 0.752 0.9576, 2.761 0.592 0.9576, 2.7555 0.752 0.9991, 2.7555 0.592 0.9991, 2.7395 0.752 1.0376, 2.7395 0.592 1.0376, 2.7141 0.752 1.0708, 2.7141 0.592 1.0708, 2.681 0.752 1.0962, 2.681 0.592 1.0962, 2.6424 0.752 1.1122, 2.6424 0.592 1.1122, 1.971 0.752 0.7976, 1.971 0.592 0.7976, 1.971 0.752 0.3976, 1.971 0.592 0.3976, 3.2715 0.442 2.8976, 3.2715 0.442 0.3976, 3.261 0.5222 0.3976, 3.261 0.5222 2.8976, 3.23 0.597 0.3976, 3.23 0.597 2.8976, 3.1807 0.6612 0.3976, 3.1807 0.6612 2.8976, 3.1165 0.7104 0.3976, 3.1165 0.7104 2.8976, 3.0418 0.7414 0.3976, 3.0418 0.7414 2.8976, 3.0004 0.5869 2.8976, 3.0004 0.5869 0.3976, 3.0365 0.5719 2.8976, 3.0365 0.5719 0.3976, 3.0676 0.548 2.8976, 3.0676 0.548 0.3976, 3.0914 0.517 2.8976, 3.0914 0.517 0.3976, 3.1064 0.4808 2.8976, 3.1064 0.4808 0.3976, 3.1115 0.442 2.8976, 3.1115 0.442 0.3976
            ]
        }
        coordIndex [
            0,1,2,-1,2,1,3,-1,2,3,4,-1,5,6,7,-1,7,6,8,-1,7,8,9,-1,9,8,10,-1,9,10,11,-1,11,10,12,-1,11,12,13,-1,13,12,14,-1,13,14,15,-1,15,14,2,-1,15,2,16,-1,16,2,4,-1,17,18,19,-1,17,19,20,-1,21,22,23,-1,23,22,24,-1,23,24,25,-1,26,27,28,-1,28,27,29,-1,28,29,19,-1,19,29,30,-1,19,30,20,-1,24,31,25,-1,25,31,32,-1,25,32,26,-1,26,32,33,-1,26,33,27,-1,34,35,36,-1,36,35,37,-1,38,39,40,-1,40,39,41,-1,42,43,44,-1,44,43,45,-1,46,47,48,-1,48,47,49,-1,50,51,52,-1,52,51,53,-1,54,52,55,-1,55,52,53,-1,51,50,56,-1,56,50,57,-1,57,50,54,-1,54,50,52,-1,55,53,56,-1,56,53,51,-1,54,55,58,-1,58,55,59,-1,58,59,60,-1,60,59,61,-1,60,61,62,-1,62,61,63,-1,62,63,64,-1,64,63,65,-1,64,65,66,-1,66,65,67,-1,68,69,70,-1,68,70,71,-1,71,70,72,-1,71,72,73,-1,73,72,74,-1,73,74,75,-1,75,74,76,-1,75,76,77,-1,77,76,78,-1,77,78,79,-1,79,78,56,-1,79,56,57,-1,55,56,59,-1,59,56,78,-1,59,78,61,-1,69,67,70,-1,70,67,65,-1,70,65,72,-1,72,65,63,-1,72,63,74,-1,74,63,61,-1,74,61,76,-1,76,61,78,-1,57,54,79,-1,79,54,58,-1,79,58,77,-1,77,58,60,-1,77,60,75,-1,75,60,62,-1,66,68,64,-1,64,68,71,-1,64,71,62,-1,62,71,73,-1,62,73,75,-1,66,80,68,-1,68,80,81,-1,82,83,84,-1,84,83,85,-1,86,84,87,-1,87,84,85,-1,83,82,88,-1,88,82,89,-1,82,84,89,-1,89,84,86,-1,85,83,87,-1,87,83,88,-1,86,87,90,-1,90,87,91,-1,90,91,92,-1,92,91,93,-1,92,93,94,-1,94,93,95,-1,94,95,96,-1,96,95,97,-1,96,97,98,-1,98,97,99,-1,100,101,102,-1,100,102,103,-1,103,102,104,-1,103,104,105,-1,105,104,106,-1,105,106,107,-1,107,106,108,-1,107,108,109,-1,109,108,110,-1,109,110,111,-1,111,110,88,-1,111,88,89,-1,87,88,91,-1,91,88,110,-1,91,110,93,-1,101,99,102,-1,102,99,97,-1,102,97,104,-1,104,97,95,-1,104,95,106,-1,106,95,93,-1,106,93,108,-1,108,93,110,-1,89,86,111,-1,111,86,90,-1,111,90,109,-1,109,90,92,-1,109,92,107,-1,107,92,94,-1,98,100,96,-1,96,100,103,-1,96,103,94,-1,94,103,105,-1,94,105,107,-1,101,112,99,-1,99,112,113,-1,114,115,116,-1,117,118,119,-1,119,118,120,-1,119,120,121,-1,121,120,122,-1,123,124,121,-1,121,124,114,-1,121,114,119,-1,119,114,116,-1,120,118,125,-1,125,118,126,-1,122,120,127,-1,127,120,125,-1,121,122,128,-1,128,122,127,-1,123,121,129,-1,129,121,128,-1,124,123,130,-1,130,123,129,-1,114,124,131,-1,131,124,130,-1,115,114,132,-1,132,114,131,-1,116,115,133,-1,133,115,132,-1,119,116,134,-1,134,116,133,-1,117,119,135,-1,135,119,134,-1,118,117,126,-1,126,117,135,-1,136,137,138,-1,138,137,139,-1,21,23,140,-1,140,23,139,-1,140,139,81,-1,81,139,137,-1,81,137,68,-1,68,137,69,-1,24,22,141,-1,66,67,80,-1,80,67,136,-1,80,136,141,-1,141,136,138,-1,141,138,24,-1,21,140,22,-1,22,140,141,-1,69,137,67,-1,67,137,136,-1,28,19,142,-1,143,139,23,-1,28,144,26,-1,26,144,143,-1,26,143,25,-1,25,143,23,-1,28,142,144,-1,144,142,145,-1,144,145,146,-1,146,145,147,-1,146,147,148,-1,148,147,149,-1,148,149,150,-1,150,149,151,-1,150,151,152,-1,152,151,153,-1,152,153,154,-1,154,153,155,-1,154,155,156,-1,156,155,157,-1,156,157,158,-1,158,157,159,-1,158,159,160,-1,160,159,161,-1,160,161,162,-1,162,161,163,-1,162,163,164,-1,24,138,31,-1,31,138,165,-1,31,165,32,-1,32,165,166,-1,32,166,33,-1,33,166,27,-1,27,166,167,-1,27,167,29,-1,29,167,30,-1,30,167,168,-1,30,168,20,-1,20,168,17,-1,17,168,169,-1,17,169,18,-1,170,171,172,-1,172,171,173,-1,172,173,174,-1,174,173,175,-1,174,175,176,-1,176,175,177,-1,176,177,178,-1,178,177,179,-1,178,179,180,-1,180,179,181,-1,180,181,182,-1,182,181,183,-1,182,183,169,-1,169,183,184,-1,169,184,18,-1,142,19,18,-1,142,18,145,-1,171,163,173,-1,173,163,161,-1,173,161,175,-1,175,161,159,-1,175,159,177,-1,177,159,157,-1,177,157,179,-1,179,157,155,-1,179,155,181,-1,181,155,153,-1,181,153,183,-1,183,153,151,-1,183,151,184,-1,184,151,149,-1,184,149,18,-1,18,149,147,-1,18,147,145,-1,138,139,165,-1,165,139,143,-1,165,143,166,-1,166,143,144,-1,166,144,167,-1,167,144,146,-1,167,146,168,-1,168,146,148,-1,168,148,169,-1,169,148,150,-1,169,150,182,-1,182,150,152,-1,182,152,180,-1,180,152,154,-1,180,154,178,-1,178,154,156,-1,178,156,176,-1,176,156,158,-1,176,158,174,-1,174,158,160,-1,174,160,172,-1,172,160,162,-1,172,162,170,-1,170,162,164,-1,8,6,185,-1,101,100,112,-1,112,100,186,-1,112,186,185,-1,185,186,187,-1,185,187,8,-1,186,188,187,-1,187,188,189,-1,5,7,190,-1,190,7,189,-1,190,189,113,-1,113,189,188,-1,113,188,99,-1,99,188,98,-1,112,185,113,-1,113,185,190,-1,5,190,6,-1,6,190,185,-1,98,188,100,-1,100,188,186,-1,8,187,10,-1,10,187,191,-1,10,191,12,-1,12,191,14,-1,14,191,192,-1,14,192,2,-1,2,192,193,-1,193,192,194,-1,193,194,195,-1,195,194,196,-1,195,196,197,-1,197,196,198,-1,197,198,199,-1,199,198,200,-1,199,200,201,-1,201,200,202,-1,201,202,203,-1,203,202,204,-1,203,204,205,-1,205,204,206,-1,205,206,207,-1,207,206,208,-1,207,208,209,-1,209,208,210,-1,209,210,211,-1,211,210,212,-1,211,212,213,-1,1,0,214,-1,215,216,3,-1,217,16,216,-1,216,16,4,-1,216,4,3,-1,9,11,218,-1,218,11,13,-1,218,13,217,-1,217,13,15,-1,217,15,16,-1,218,219,9,-1,9,219,189,-1,9,189,7,-1,3,1,215,-1,215,1,214,-1,215,214,220,-1,220,214,221,-1,220,221,222,-1,222,221,223,-1,222,223,224,-1,224,223,225,-1,224,225,226,-1,226,225,227,-1,226,227,228,-1,228,227,229,-1,228,229,230,-1,230,229,231,-1,230,231,232,-1,232,231,233,-1,0,2,193,-1,213,233,211,-1,211,233,231,-1,211,231,209,-1,209,231,229,-1,209,229,207,-1,207,229,227,-1,207,227,205,-1,205,227,225,-1,205,225,203,-1,203,225,223,-1,203,223,201,-1,201,223,221,-1,201,221,199,-1,199,221,214,-1,199,214,197,-1,197,214,0,-1,197,0,195,-1,195,0,193,-1,232,212,230,-1,230,212,210,-1,230,210,228,-1,228,210,208,-1,228,208,226,-1,226,208,206,-1,226,206,224,-1,224,206,204,-1,224,204,222,-1,222,204,202,-1,222,202,220,-1,220,202,200,-1,220,200,215,-1,215,200,198,-1,215,198,216,-1,216,198,196,-1,216,196,217,-1,217,196,194,-1,217,194,218,-1,218,194,192,-1,218,192,219,-1,219,192,191,-1,219,191,189,-1,189,191,187,-1,234,233,235,-1,235,233,213,-1,40,236,38,-1,38,236,237,-1,36,238,34,-1,34,238,239,-1,238,240,239,-1,239,240,241,-1,240,242,241,-1,241,242,243,-1,242,244,243,-1,243,244,245,-1,246,247,248,-1,248,247,249,-1,248,249,250,-1,250,249,251,-1,250,251,252,-1,252,251,253,-1,252,253,254,-1,254,253,255,-1,254,255,256,-1,256,255,257,-1,256,257,258,-1,258,257,259,-1,258,259,260,-1,260,259,261,-1,260,261,262,-1,262,261,263,-1,262,263,264,-1,264,263,265,-1,264,265,266,-1,266,265,267,-1,266,267,268,-1,268,267,269,-1,268,269,244,-1,244,269,245,-1,247,246,232,-1,232,246,212,-1,39,37,41,-1,41,37,35,-1,270,271,272,-1,270,272,273,-1,273,272,274,-1,273,274,275,-1,275,274,276,-1,275,276,277,-1,277,276,278,-1,277,278,279,-1,279,278,280,-1,279,280,281,-1,281,280,282,-1,281,282,283,-1,283,282,235,-1,283,235,237,-1,236,234,284,-1,284,234,285,-1,284,285,286,-1,286,285,287,-1,286,287,288,-1,288,287,289,-1,288,289,290,-1,290,289,291,-1,290,291,292,-1,292,291,293,-1,292,293,294,-1,294,293,295,-1,287,278,289,-1,289,278,276,-1,289,276,291,-1,291,276,274,-1,291,274,293,-1,293,274,272,-1,293,272,295,-1,295,272,271,-1,234,235,285,-1,285,235,282,-1,285,282,287,-1,287,282,280,-1,287,280,278,-1,237,236,283,-1,283,236,284,-1,283,284,281,-1,281,284,286,-1,281,286,279,-1,279,286,288,-1,294,270,292,-1,292,270,273,-1,292,273,290,-1,290,273,275,-1,290,275,288,-1,288,275,277,-1,288,277,279,-1,48,296,46,-1,46,296,297,-1,171,298,163,-1,163,298,299,-1,43,300,45,-1,45,300,301,-1,47,42,49,-1,49,42,44,-1,302,303,164,-1,164,303,170,-1,304,305,306,-1,306,305,307,-1,306,307,308,-1,308,307,309,-1,308,309,310,-1,310,309,311,-1,310,311,312,-1,312,311,313,-1,312,313,314,-1,314,313,315,-1,314,315,316,-1,316,315,317,-1,316,317,318,-1,318,317,319,-1,318,319,320,-1,320,319,321,-1,320,321,322,-1,322,321,323,-1,322,323,324,-1,324,323,325,-1,324,325,326,-1,326,325,327,-1,326,327,302,-1,302,327,303,-1,304,328,305,-1,305,328,329,-1,328,330,329,-1,329,330,331,-1,330,301,331,-1,331,301,300,-1,332,333,334,-1,332,334,335,-1,335,334,336,-1,335,336,337,-1,337,336,338,-1,337,338,339,-1,339,338,340,-1,339,340,341,-1,341,340,342,-1,341,342,343,-1,343,342,296,-1,343,296,299,-1,298,297,344,-1,344,297,345,-1,344,345,346,-1,346,345,347,-1,346,347,348,-1,348,347,349,-1,348,349,350,-1,350,349,351,-1,350,351,352,-1,352,351,353,-1,352,353,354,-1,354,353,355,-1,354,332,352,-1,352,332,335,-1,352,335,350,-1,350,335,337,-1,350,337,348,-1,348,337,339,-1,348,339,346,-1,346,339,341,-1,346,341,344,-1,344,341,343,-1,344,343,298,-1,298,343,299,-1,297,296,345,-1,345,296,342,-1,345,342,347,-1,347,342,340,-1,347,340,349,-1,349,340,338,-1,349,338,351,-1,351,338,336,-1,351,336,353,-1,353,336,334,-1,353,334,355,-1,355,334,333,-1,355,333,294,-1,294,333,270,-1,126,271,270,-1,271,126,332,-1,132,131,130,-1,129,128,127,-1,126,135,332,-1,332,135,134,-1,332,134,133,-1,133,132,332,-1,332,132,130,-1,332,130,333,-1,130,129,333,-1,333,129,127,-1,333,127,270,-1,270,127,125,-1,270,125,126,-1,295,354,294,-1,294,354,355,-1,354,295,332,-1,332,295,271,-1,238,264,266,-1,242,240,244,-1,244,240,238,-1,244,238,268,-1,268,238,266,-1,248,250,235,-1,235,250,252,-1,235,252,254,-1,213,212,235,-1,235,212,246,-1,235,246,248,-1,254,256,235,-1,235,256,258,-1,235,258,237,-1,237,258,260,-1,237,260,262,-1,37,39,36,-1,36,39,38,-1,36,38,238,-1,238,38,237,-1,238,237,264,-1,264,237,262,-1,255,253,234,-1,232,233,247,-1,247,233,234,-1,241,243,239,-1,239,243,245,-1,239,245,269,-1,253,251,234,-1,234,251,249,-1,234,249,247,-1,263,236,265,-1,265,236,239,-1,265,239,267,-1,267,239,269,-1,263,261,236,-1,236,261,259,-1,236,259,234,-1,234,259,257,-1,234,257,255,-1,35,34,41,-1,41,34,239,-1,41,239,40,-1,40,239,236,-1,164,163,302,-1,302,163,299,-1,302,299,326,-1,312,296,310,-1,310,296,301,-1,310,301,308,-1,308,301,306,-1,330,328,301,-1,301,328,304,-1,301,304,306,-1,45,301,44,-1,44,301,296,-1,44,296,49,-1,49,296,48,-1,312,314,296,-1,296,314,316,-1,296,316,299,-1,299,316,318,-1,299,318,320,-1,320,322,299,-1,299,322,324,-1,299,324,326,-1,309,300,311,-1,311,300,297,-1,311,297,313,-1,329,331,305,-1,305,331,300,-1,305,300,307,-1,307,300,309,-1,327,325,298,-1,298,325,323,-1,298,323,321,-1,321,319,298,-1,298,319,317,-1,298,317,297,-1,297,317,315,-1,297,315,313,-1,171,170,298,-1,298,170,303,-1,298,303,327,-1,46,297,47,-1,47,297,300,-1,47,300,42,-1,42,300,43,-1,141,140,80,-1,80,140,81,-1,356,357,358,-1,358,357,359,-1,358,359,360,-1,361,362,363,-1,363,362,364,-1,363,364,365,-1,365,364,366,-1,365,366,367,-1,367,366,368,-1,367,368,369,-1,369,368,370,-1,369,370,371,-1,371,370,358,-1,371,358,372,-1,372,358,360,-1,373,374,375,-1,373,375,376,-1,377,378,379,-1,379,378,380,-1,379,380,381,-1,382,383,384,-1,384,383,385,-1,384,385,375,-1,375,385,386,-1,375,386,376,-1,380,387,381,-1,381,387,388,-1,381,388,382,-1,382,388,389,-1,382,389,383,-1,390,391,392,-1,392,391,393,-1,394,395,396,-1,396,395,397,-1,398,399,400,-1,400,399,401,-1,402,403,404,-1,404,403,405,-1,406,407,408,-1,408,407,409,-1,410,408,411,-1,411,408,409,-1,407,406,412,-1,412,406,413,-1,413,406,410,-1,410,406,408,-1,411,409,412,-1,412,409,407,-1,410,411,414,-1,414,411,415,-1,414,415,416,-1,416,415,417,-1,416,417,418,-1,418,417,419,-1,418,419,420,-1,420,419,421,-1,420,421,422,-1,422,421,423,-1,424,425,426,-1,424,426,427,-1,427,426,428,-1,427,428,429,-1,429,428,430,-1,429,430,431,-1,431,430,432,-1,431,432,433,-1,433,432,434,-1,433,434,435,-1,435,434,412,-1,435,412,413,-1,411,412,415,-1,415,412,434,-1,415,434,417,-1,425,423,426,-1,426,423,421,-1,426,421,428,-1,428,421,419,-1,428,419,430,-1,430,419,417,-1,430,417,432,-1,432,417,434,-1,422,424,420,-1,420,424,427,-1,420,427,418,-1,413,410,435,-1,435,410,414,-1,435,414,433,-1,433,414,416,-1,433,416,431,-1,431,416,418,-1,431,418,429,-1,429,418,427,-1,422,436,424,-1,424,436,437,-1,438,439,440,-1,440,439,441,-1,442,440,443,-1,443,440,441,-1,439,438,444,-1,444,438,445,-1,438,440,445,-1,445,440,442,-1,441,439,443,-1,443,439,444,-1,442,443,446,-1,446,443,447,-1,446,447,448,-1,448,447,449,-1,448,449,450,-1,450,449,451,-1,450,451,452,-1,452,451,453,-1,452,453,454,-1,454,453,455,-1,456,457,458,-1,456,458,459,-1,459,458,460,-1,459,460,461,-1,461,460,462,-1,461,462,463,-1,463,462,464,-1,463,464,465,-1,465,464,466,-1,465,466,467,-1,467,466,444,-1,467,444,445,-1,443,444,447,-1,447,444,466,-1,447,466,449,-1,457,455,458,-1,458,455,453,-1,458,453,460,-1,460,453,451,-1,460,451,462,-1,462,451,449,-1,462,449,464,-1,464,449,466,-1,445,442,467,-1,467,442,446,-1,467,446,465,-1,465,446,448,-1,465,448,463,-1,463,448,450,-1,454,456,452,-1,452,456,459,-1,452,459,450,-1,450,459,461,-1,450,461,463,-1,457,468,455,-1,455,468,469,-1,470,471,472,-1,472,471,473,-1,377,379,474,-1,474,379,473,-1,474,473,437,-1,437,473,471,-1,437,471,424,-1,424,471,425,-1,380,378,475,-1,422,423,436,-1,436,423,470,-1,436,470,475,-1,475,470,472,-1,475,472,380,-1,377,474,378,-1,378,474,475,-1,425,471,423,-1,423,471,470,-1,384,375,476,-1,477,473,379,-1,384,478,382,-1,382,478,477,-1,382,477,381,-1,381,477,379,-1,384,476,478,-1,478,476,479,-1,478,479,480,-1,480,479,481,-1,480,481,482,-1,482,481,483,-1,482,483,484,-1,484,483,485,-1,484,485,486,-1,486,485,487,-1,486,487,488,-1,488,487,489,-1,488,489,490,-1,490,489,491,-1,490,491,492,-1,492,491,493,-1,492,493,494,-1,494,493,495,-1,494,495,496,-1,496,495,497,-1,496,497,498,-1,380,472,387,-1,387,472,499,-1,387,499,388,-1,388,499,500,-1,388,500,389,-1,389,500,383,-1,383,500,501,-1,383,501,385,-1,385,501,386,-1,386,501,502,-1,386,502,376,-1,376,502,373,-1,373,502,503,-1,373,503,374,-1,504,505,506,-1,506,505,507,-1,506,507,508,-1,508,507,509,-1,508,509,510,-1,510,509,511,-1,510,511,512,-1,512,511,513,-1,512,513,514,-1,514,513,515,-1,514,515,516,-1,516,515,517,-1,516,517,503,-1,503,517,518,-1,503,518,374,-1,476,375,374,-1,505,497,507,-1,507,497,495,-1,507,495,509,-1,509,495,493,-1,509,493,511,-1,511,493,491,-1,511,491,513,-1,513,491,489,-1,513,489,515,-1,515,489,487,-1,515,487,517,-1,517,487,485,-1,517,485,518,-1,485,483,518,-1,518,483,481,-1,518,481,374,-1,374,481,479,-1,374,479,476,-1,472,473,499,-1,499,473,477,-1,499,477,500,-1,500,477,478,-1,500,478,501,-1,501,478,480,-1,501,480,502,-1,502,480,482,-1,502,482,503,-1,503,482,484,-1,503,484,516,-1,516,484,486,-1,516,486,514,-1,514,486,488,-1,514,488,512,-1,512,488,490,-1,512,490,510,-1,510,490,492,-1,510,492,508,-1,508,492,494,-1,508,494,506,-1,506,494,496,-1,506,496,504,-1,504,496,498,-1,364,362,519,-1,457,456,468,-1,468,456,520,-1,468,520,519,-1,519,520,521,-1,519,521,364,-1,520,522,521,-1,521,522,523,-1,361,363,524,-1,524,363,523,-1,524,523,469,-1,469,523,522,-1,469,522,455,-1,455,522,454,-1,468,519,469,-1,469,519,524,-1,361,524,362,-1,362,524,519,-1,454,522,456,-1,456,522,520,-1,364,521,366,-1,366,521,525,-1,366,525,368,-1,368,525,370,-1,370,525,526,-1,370,526,358,-1,358,526,527,-1,527,526,528,-1,527,528,529,-1,529,528,530,-1,529,530,531,-1,531,530,532,-1,531,532,533,-1,533,532,534,-1,533,534,535,-1,535,534,536,-1,535,536,537,-1,537,536,538,-1,537,538,539,-1,539,538,540,-1,539,540,541,-1,541,540,542,-1,541,542,543,-1,543,542,544,-1,543,544,545,-1,545,544,546,-1,545,546,547,-1,357,356,548,-1,549,550,359,-1,551,372,550,-1,550,372,360,-1,550,360,359,-1,365,367,552,-1,552,367,369,-1,552,369,551,-1,551,369,371,-1,551,371,372,-1,552,553,365,-1,365,553,523,-1,365,523,363,-1,359,357,549,-1,549,357,548,-1,549,548,554,-1,554,548,555,-1,554,555,556,-1,556,555,557,-1,556,557,558,-1,558,557,559,-1,558,559,560,-1,560,559,561,-1,560,561,562,-1,562,561,563,-1,562,563,564,-1,564,563,565,-1,564,565,566,-1,566,565,567,-1,356,358,527,-1,547,567,545,-1,545,567,565,-1,545,565,543,-1,543,565,563,-1,543,563,541,-1,541,563,561,-1,541,561,539,-1,539,561,559,-1,539,559,537,-1,537,559,557,-1,537,557,535,-1,535,557,555,-1,535,555,533,-1,533,555,548,-1,533,548,531,-1,531,548,356,-1,531,356,529,-1,529,356,527,-1,566,546,564,-1,564,546,544,-1,564,544,562,-1,562,544,542,-1,562,542,560,-1,560,542,540,-1,560,540,558,-1,558,540,538,-1,558,538,556,-1,556,538,536,-1,556,536,554,-1,554,536,534,-1,554,534,549,-1,549,534,532,-1,549,532,550,-1,550,532,530,-1,550,530,551,-1,551,530,528,-1,551,528,552,-1,552,528,526,-1,552,526,553,-1,553,526,525,-1,553,525,523,-1,523,525,521,-1,568,567,569,-1,569,567,547,-1,396,570,394,-1,394,570,571,-1,392,572,390,-1,390,572,573,-1,572,574,573,-1,573,574,575,-1,574,576,575,-1,575,576,577,-1,576,578,577,-1,577,578,579,-1,580,581,582,-1,582,581,583,-1,582,583,584,-1,584,583,585,-1,584,585,586,-1,586,585,587,-1,586,587,588,-1,588,587,589,-1,588,589,590,-1,590,589,591,-1,590,591,592,-1,592,591,593,-1,592,593,594,-1,594,593,595,-1,594,595,596,-1,596,595,597,-1,596,597,598,-1,598,597,599,-1,598,599,600,-1,600,599,601,-1,600,601,602,-1,602,601,603,-1,602,603,578,-1,578,603,579,-1,581,580,566,-1,566,580,546,-1,395,393,397,-1,397,393,391,-1,604,605,606,-1,604,606,607,-1,607,606,608,-1,607,608,609,-1,609,608,610,-1,609,610,611,-1,611,610,612,-1,611,612,613,-1,613,612,614,-1,613,614,615,-1,615,614,616,-1,615,616,617,-1,617,616,569,-1,617,569,571,-1,570,568,618,-1,618,568,619,-1,618,619,620,-1,620,619,621,-1,620,621,622,-1,622,621,623,-1,622,623,624,-1,624,623,625,-1,624,625,626,-1,626,625,627,-1,626,627,628,-1,628,627,629,-1,628,629,630,-1,630,629,631,-1,568,569,619,-1,619,569,616,-1,619,616,621,-1,621,616,614,-1,621,614,623,-1,623,614,612,-1,623,612,625,-1,625,612,610,-1,625,610,627,-1,627,610,608,-1,627,608,629,-1,629,608,606,-1,629,606,631,-1,631,606,605,-1,630,604,628,-1,628,604,607,-1,628,607,626,-1,626,607,609,-1,626,609,624,-1,624,609,611,-1,624,611,622,-1,622,611,613,-1,622,613,620,-1,620,613,615,-1,620,615,618,-1,618,615,617,-1,618,617,570,-1,570,617,571,-1,404,632,402,-1,402,632,633,-1,505,634,497,-1,497,634,635,-1,399,636,401,-1,401,636,637,-1,403,398,405,-1,405,398,400,-1,638,639,498,-1,498,639,504,-1,640,641,642,-1,642,641,643,-1,642,643,644,-1,644,643,645,-1,644,645,646,-1,646,645,647,-1,646,647,648,-1,648,647,649,-1,648,649,650,-1,650,649,651,-1,650,651,652,-1,652,651,653,-1,652,653,654,-1,654,653,655,-1,654,655,656,-1,656,655,657,-1,656,657,658,-1,658,657,659,-1,658,659,660,-1,660,659,661,-1,660,661,662,-1,662,661,663,-1,662,663,638,-1,638,663,639,-1,640,664,641,-1,641,664,665,-1,664,666,665,-1,665,666,667,-1,666,637,667,-1,667,637,636,-1,668,669,670,-1,668,670,671,-1,671,670,672,-1,671,672,673,-1,673,672,674,-1,673,674,675,-1,675,674,676,-1,675,676,677,-1,677,676,678,-1,677,678,679,-1,679,678,632,-1,679,632,635,-1,634,633,680,-1,680,633,681,-1,680,681,682,-1,682,681,683,-1,682,683,684,-1,684,683,685,-1,684,685,686,-1,686,685,687,-1,686,687,688,-1,688,687,689,-1,688,689,690,-1,690,689,691,-1,690,668,688,-1,688,668,671,-1,688,671,686,-1,686,671,673,-1,686,673,684,-1,684,673,675,-1,684,675,682,-1,682,675,677,-1,682,677,680,-1,680,677,679,-1,680,679,634,-1,634,679,635,-1,633,632,681,-1,681,632,678,-1,681,678,683,-1,683,678,676,-1,683,676,685,-1,685,676,674,-1,685,674,687,-1,687,674,672,-1,687,672,689,-1,689,672,670,-1,689,670,691,-1,691,670,669,-1,691,669,630,-1,630,669,604,-1,669,668,604,-1,604,668,605,-1,631,690,630,-1,630,690,691,-1,690,631,668,-1,668,631,605,-1,572,598,600,-1,576,574,578,-1,578,574,572,-1,578,572,602,-1,602,572,600,-1,582,584,569,-1,569,584,586,-1,569,586,588,-1,588,590,569,-1,569,590,592,-1,569,592,571,-1,571,592,594,-1,571,594,596,-1,547,546,569,-1,569,546,580,-1,569,580,582,-1,596,598,571,-1,571,598,572,-1,571,572,394,-1,394,572,392,-1,394,392,395,-1,395,392,393,-1,566,567,581,-1,581,567,568,-1,581,568,583,-1,575,577,573,-1,573,577,579,-1,573,579,603,-1,597,570,599,-1,599,570,573,-1,599,573,601,-1,601,573,603,-1,589,587,568,-1,568,587,585,-1,568,585,583,-1,597,595,570,-1,570,595,593,-1,570,593,568,-1,568,593,591,-1,568,591,589,-1,391,390,397,-1,397,390,573,-1,397,573,396,-1,396,573,570,-1,642,644,637,-1,646,648,632,-1,498,497,638,-1,638,497,635,-1,638,635,662,-1,666,664,637,-1,637,664,640,-1,637,640,642,-1,648,650,632,-1,632,650,652,-1,632,652,635,-1,635,652,654,-1,635,654,656,-1,656,658,635,-1,635,658,660,-1,635,660,662,-1,405,400,404,-1,404,400,401,-1,404,401,632,-1,632,401,637,-1,632,637,646,-1,646,637,644,-1,645,636,647,-1,647,636,633,-1,647,633,649,-1,665,667,641,-1,641,667,636,-1,641,636,643,-1,643,636,645,-1,663,661,634,-1,634,661,659,-1,634,659,657,-1,657,655,634,-1,634,655,653,-1,634,653,633,-1,633,653,651,-1,633,651,649,-1,402,633,403,-1,403,633,636,-1,403,636,398,-1,398,636,399,-1,505,504,634,-1,634,504,639,-1,634,639,663,-1,475,474,436,-1,436,474,437,-1,
        ]
    }
}