#VRML V2.0 utf8
# 3D model generated by easyeda2kicad.py (https://github.com/uPesy/easyeda2kicad.py)

Shape{
    appearance Appearance {
        material  Material 	{
            diffuseColor 0.2235294117647059 0.2235294117647059 0.2235294117647059
            specularColor 0.11372549019607843 0.11372549019607843 0.11372549019607843
            ambientIntensity 0.2
            transparency 0
            shininess 0.5
        }
    }
    geometry IndexedFaceSet {
        ccw TRUE
        solid FALSE
        coord DEF co Coordinate {
            point [
                0.4648 -0.9723 0.2835, 0.4648 0.0267 0.2835, 0.4291 0.0267 0.2835, 0.4648 1.1811 0.2835, 0.4291 1.1811 0.2835, 0.7874 0.0267 0.2835, 0.7874 1.1811 0.2835, 0.5703 1.1811 0.2835, 0.5073 -1.0687 0.2835, 0.5063 -1.0688 0.2835, 0.5153 -1.0688 0.2835, 0.5443 -0.9734 0.2835, 0.5444 -0.9734 0.2835, 0.5444 -0.9723 0.2835, 0.3969 -1.0015 0.2835, 0.4041 -1.0075 0.2835, 0.4291 -0.9723 0.2835, 0.4291 -1.01 0.2835, 0.3619 -0.9685 0.2835, 0.3675 -0.9723 0.2835, 0.3736 -0.9764 0.2835, 0.3823 -0.9865 0.2835, 0.3878 -0.9972 0.2835, 0.3891 -0.9976 0.2835, 0.3125 -0.9689 0.2835, 0.3247 -0.9643 0.2835, -0.1792 0.0267 0.2835, 0.3377 -0.9627 0.2835, 0.3486 -0.9638 0.2835, 0.3071 -0.9723 0.2835, -0.1792 -0.9723 0.2835, 0.3061 -0.9729 0.2835, 0.2781 -0.9853 0.2835, 0.2884 -0.984 0.2835, 0.2999 -0.9782 0.2835, 0.2915 -0.9842 0.2835, 0.2945 -0.9845 0.2835, 0.2581 -0.9967 0.2835, 0.2599 -0.995 0.2835, 0.2683 -0.9891 0.2835, -0.1792 -1.01 0.2835, -0.1792 -1.0208 0.2835, 0.2464 -1.0208 0.2835, 0.2476 -1.0143 0.2835, 0.2495 -1.01 0.2835, 0.2518 -1.0048 0.2835, 0.2746 -1.0671 0.2835, 0.265 -1.0624 0.2835, -0.1792 -1.0688 0.2835, 0.2568 -1.0554 0.2835, 0.2508 -1.0468 0.2835, 0.247 -1.037 0.2835, 0.2457 -1.0267 0.2835, 0.2458 -1.0242 0.2835, 0.2779 -1.0681 0.2835, 0.2782 -1.0688 0.2835, 0.2805 -1.0737 0.2835, 0.2845 -1.0786 0.2835, 0.3138 -1.0835 0.2835, 0.3093 -1.0852 0.2835, 0.4291 -1.1811 0.2835, 0.3029 -1.086 0.2835, 0.3019 -1.086 0.2835, -0.1792 -1.1811 0.2835, 0.2957 -1.085 0.2835, -0.1792 -1.0835 0.2835, 0.292 -1.0835 0.2835, 0.2896 -1.0825 0.2835, 0.3276 -1.0688 0.2835, 0.3276 -1.0689 0.2835, 0.4291 -1.0835 0.2835, 0.3245 -1.0748 0.2835, 0.3205 -1.0793 0.2835, 0.3152 -1.0829 0.2835, 0.4127 -1.0231 0.2835, 0.4139 -1.0317 0.2835, 0.4291 -1.0208 0.2835, 0.3613 -1.0532 0.2835, 0.3631 -1.0525 0.2835, 0.3662 -1.0375 0.2835, 0.4041 -1.0567 0.2835, 0.397 -1.0628 0.2835, 0.4291 -1.0688 0.2835, 0.3227 -1.042 0.2835, 0.358 -1.0235 0.2835, 0.3181 -1.0378 0.2835, 0.3125 -1.0348 0.2835, 0.3597 -1.0544 0.2835, 0.4094 -1.0494 0.2835, 0.3974 -1.0296 0.2835, 0.3962 -1.0246 0.2835, 0.3942 -1.0208 0.2835, 0.263 -1.0208 0.2835, 0.4127 -1.0411 0.2835, 0.3651 -1.0523 0.2835, 0.3654 -1.0523 0.2835, 0.3662 -1.0525 0.2835, 0.2646 -1.0367 0.2835, 0.2677 -1.042 0.2835, 0.2811 -1.0448 0.2835, 0.2724 -1.0469 0.2835, 0.2782 -1.0504 0.2835, 0.2908 -1.036 0.2835, 0.2854 -1.0398 0.2835, 0.2623 -1.0262 0.2835, 0.2627 -1.0303 0.2835, 0.2966 -1.0338 0.2835, 0.3029 -1.033 0.2835, 0.3061 -1.0332 0.2835, 0.357 -1.0604 0.2835, 0.357 -1.0594 0.2835, 0.3293 -1.057 0.2835, 0.3576 -1.0574 0.2835, 0.3586 -1.0556 0.2835, 0.3922 -1.0459 0.2835, 0.3951 -1.0418 0.2835, 0.3969 -1.0371 0.2835, 0.3976 -1.032 0.2835, 0.3631 -1.0684 0.2835, 0.3614 -1.0677 0.2835, 0.3597 -1.0665 0.2835, 0.3591 -1.0658 0.2835, 0.3579 -1.0642 0.2835, 0.3572 -1.0624 0.2835, 0.3291 -1.0624 0.2835, 0.3293 -1.0596 0.2835, 0.3889 -1.0667 0.2835, 0.3802 -1.0686 0.2835, 0.3646 -1.0686 0.2835, 0.3667 -1.0525 0.2835, 0.3786 -1.0525 0.2835, 0.3833 -1.0516 0.2835, 0.388 -1.0494 0.2835, 0.3919 -1.0463 0.2835, 0.3749 -1.0114 0.2835, 0.2654 -1.0139 0.2835, 0.2631 -1.0198 0.2835, 0.377 -1.0114 0.2835, 0.3937 -1.02 0.2835, 0.3907 -1.0167 0.2835, 0.3866 -1.0138 0.2835, 0.382 -1.012 0.2835, 0.3692 -0.9955 0.2835, 0.3632 -0.9884 0.2835, 0.3027 -1.0038 0.2835, 0.3626 -0.9879 0.2835, 0.3552 -0.9827 0.2835, 0.3067 -0.9954 0.2835, 0.2681 -1.01 0.2835, 0.3008 -1.0028 0.2835, 0.3746 -1.01 0.2835, 0.3733 -1.004 0.2835, 0.2949 -1.0006 0.2835, 0.2887 -0.9998 0.2835, 0.2859 -1.0 0.2835, 0.3126 -0.9884 0.2835, 0.3469 -0.9796 0.2835, 0.3197 -0.9832 0.2835, 0.338 -0.9785 0.2835, 0.3283 -0.9797 0.2835, 0.2794 -1.0015 0.2835, 0.2736 -1.0046 0.2835, 0.2691 -1.0087 0.2835, 0.4058 -1.01 0.2835, 0.4095 -1.015 0.2835, 0.4118 -1.0208 0.2835, 0.584 -0.9995 0.2835, 0.5703 -0.9995 0.2835, 0.5877 -1.0097 0.2835, 0.5703 -1.01 0.2835, 0.593 -1.0097 0.2835, 0.7874 -1.01 0.2835, 0.7874 -0.9723 0.2835, 0.5789 -0.9726 0.2835, 0.5703 -0.9723 0.2835, 0.5685 -0.9995 0.2835, 0.565 -1.0097 0.2835, 0.5586 -1.01 0.2835, 0.5597 -1.0097 0.2835, 0.5586 -0.9723 0.2835, 0.5703 -0.9816 0.2835, 0.5738 -0.9726 0.2835, 0.5153 -0.993 0.2835, 0.5053 -0.993 0.2835, 0.5153 -1.0054 0.2835, 0.5053 -1.0054 0.2835, 0.5239 -0.9723 0.2835, 0.5153 -0.9723 0.2835, 0.5196 -0.9726 0.2835, 0.5153 -0.9726 0.2835, 0.5185 -0.993 0.2835, 0.5204 -1.0054 0.2835, 0.5185 -0.9887 0.2835, 0.5196 -0.9769 0.2835, 0.5153 -0.9887 0.2835, 0.5153 -0.9769 0.2835, 0.5053 -0.9769 0.2835, 0.5053 -0.9887 0.2835, 0.5005 -1.0097 0.2835, 0.4983 -1.01 0.2835, 0.5153 -1.01 0.2835, 0.5239 -1.01 0.2835, 0.5204 -1.0097 0.2835, 0.5153 -1.0097 0.2835, 0.5005 -0.9726 0.2835, 0.4983 -0.9723 0.2835, 0.488 -0.9723 0.2835, 0.4896 -0.9724 0.2835, 0.4931 -0.9735 0.2835, 0.4931 -0.9785 0.2835, 0.4931 -1.0035 0.2835, 0.4931 -1.0081 0.2835, 0.4924 -1.0084 0.2835, 0.4885 -1.0098 0.2835, 0.4861 -1.01 0.2835, 0.4922 -0.978 0.2835, 0.4884 -0.9767 0.2835, 0.4856 -1.0059 0.2835, 0.4897 -1.0051 0.2835, 0.4703 -0.992 0.2835, 0.4703 -0.9915 0.2835, 0.4843 -0.9763 0.2835, 0.483 -0.9763 0.2835, 0.4797 -0.977 0.2835, 0.4736 -0.9812 0.2835, 0.4719 -0.9838 0.2835, 0.4708 -0.9872 0.2835, 0.4709 -0.9965 0.2835, 0.4721 -0.9995 0.2835, 0.474 -1.0021 0.2835, 0.4772 -1.0046 0.2835, 0.4799 -1.0056 0.2835, 0.4835 -1.006 0.2835, 0.4768 -0.9783 0.2835, 0.4742 -0.9804 0.2835, 0.4748 -1.0029 0.2835, 0.4751 -0.9741 0.2835, 0.479 -0.9726 0.2835, 0.467 -0.9723 0.2835, 0.4817 -0.9723 0.2835, 0.467 0.0267 0.2835, 0.4843 -0.972 0.2835, 0.4983 0.0267 0.2835, 0.4849 -0.972 0.2835, 0.4664 -0.9845 0.2835, 0.467 -0.9833 0.2835, 0.4683 -0.9805 0.2835, 0.4707 -0.9774 0.2835, 0.4715 -0.9766 0.2835, 0.467 -1.0002 0.2835, 0.466 -0.9978 0.2835, 0.4648 -1.01 0.2835, 0.4653 -0.9918 0.2835, 0.4654 -0.9893 0.2835, 0.4763 -1.0093 0.2835, 0.4729 -1.0076 0.2835, 0.467 -1.01 0.2835, 0.4701 -1.0052 0.2835, 0.4697 -1.0049 0.2835, 0.4675 -1.0017 0.2835, 0.4795 -1.01 0.2835, 0.467 -1.0208 0.2835, 0.4803 -1.0102 0.2835, 0.4828 -1.0103 0.2835, 0.4983 -1.0208 0.2835, 0.5534 -0.9788 0.2835, 0.5556 -0.9821 0.2835, 0.5565 -0.9978 0.2835, 0.5545 -1.0016 0.2835, 0.552 -0.9775 0.2835, 0.5444 -1.0087 0.2835, 0.5444 -1.01 0.2835, 0.5481 -1.0073 0.2835, 0.552 -1.0045 0.2835, 0.5487 -0.9752 0.2835, 0.557 -0.9856 0.2835, 0.5576 -0.9907 0.2835, 0.5574 -0.9935 0.2835, 0.538 -0.9726 0.2835, 0.5388 -0.9726 0.2835, 0.5439 -1.0089 0.2835, 0.5376 -1.0097 0.2835, 0.5274 -1.0097 0.2835, 0.5274 -0.9726 0.2835, 0.4813 -1.0682 0.2835, 0.4796 -1.0688 0.2835, 0.4853 -1.0685 0.2835, 0.4704 -1.056 0.2835, 0.4712 -1.0484 0.2835, 0.4694 -1.0575 0.2835, 0.4689 -1.0592 0.2835, 0.4829 -1.0671 0.2835, 0.4743 -1.0688 0.2835, 0.4725 -1.0681 0.2835, 0.467 -1.0688 0.2835, 0.4718 -1.0547 0.2835, 0.4737 -1.0537 0.2835, 0.4743 -1.0464 0.2835, 0.4774 -1.0527 0.2835, 0.4815 -1.0453 0.2835, 0.4799 -1.0452 0.2835, 0.4772 -1.0454 0.2835, 0.4709 -1.067 0.2835, 0.4704 -1.0665 0.2835, 0.4694 -1.0651 0.2835, 0.4978 -1.0447 0.2835, 0.4867 -1.0432 0.2835, 0.497 -1.046 0.2835, 0.4878 -1.0442 0.2835, 0.4964 -1.0475 0.2835, 0.4887 -1.0456 0.2835, 0.4895 -1.0476 0.2835, 0.4762 -1.0418 0.2835, 0.4727 -1.043 0.2835, 0.4712 -1.0439 0.2835, 0.4853 -1.0644 0.2835, 0.4851 -1.0644 0.2835, 0.4844 -1.0655 0.2835, 0.4689 -1.0635 0.2835, 0.4686 -1.0614 0.2835, 0.4853 -1.0516 0.2835, 0.4851 -1.0496 0.2835, 0.4846 -1.0479 0.2835, 0.4841 -1.047 0.2835, 0.4983 -1.064 0.2835, 0.4983 -1.0542 0.2835, 0.4977 -1.0637 0.2835, 0.4983 -1.0541 0.2835, 0.4962 -1.0627 0.2835, 0.4975 -1.0533 0.2835, 0.4969 -1.0524 0.2835, 0.4899 -1.0514 0.2835, 0.4964 -1.0509 0.2835, 0.4962 -1.0491 0.2835, 0.4803 -1.0414 0.2835, 0.4832 -1.0417 0.2835, 0.4852 -1.0423 0.2835, 0.4834 -1.0462 0.2835, 0.4825 -1.0457 0.2835, 0.4794 -1.0688 0.2835, 0.4983 -1.0835 0.2835, 0.467 -1.0835 0.2835, 0.477 -1.0691 0.2835, 0.4743 -1.0688 0.2835, 0.4962 -1.0675 0.2835, 0.4899 -1.0685 0.2835, 0.4983 -1.0683 0.2835, 0.4983 -1.0688 0.2835, 0.4994 -1.0687 0.2835, 0.5004 -1.0688 0.2835, 0.5034 -1.0691 0.2835, 0.5153 -1.0835 0.2835, 0.5128 -1.0426 0.2835, 0.5128 -1.0471 0.2835, 0.4992 -1.0435 0.2835, 0.5004 -1.0428 0.2835, 0.5139 -1.0631 0.2835, 0.5133 -1.0646 0.2835, 0.5124 -1.0658 0.2835, 0.4983 -1.0443 0.2835, 0.5029 -1.0418 0.2835, 0.5065 -1.0414 0.2835, 0.5153 -1.0208 0.2835, 0.5094 -1.0416 0.2835, 0.5125 -1.0569 0.2835, 0.5134 -1.0582 0.2835, 0.5139 -1.0595 0.2835, 0.5141 -1.0613 0.2835, 0.5111 -1.067 0.2835, 0.5098 -1.0678 0.2835, 0.5061 -1.0452 0.2835, 0.5047 -1.0453 0.2835, 0.501 -1.0487 0.2835, 0.5035 -1.0456 0.2835, 0.5024 -1.0461 0.2835, 0.5011 -1.0493 0.2835, 0.5012 -1.0501 0.2835, 0.5016 -1.0507 0.2835, 0.502 -1.0512 0.2835, 0.5037 -1.0522 0.2835, 0.5094 -1.0456 0.2835, 0.5065 -1.0535 0.2835, 0.512 -1.0466 0.2835, 0.5083 -1.0542 0.2835, 0.5114 -1.0559 0.2835, 0.5017 -1.0468 0.2835, 0.5013 -1.0474 0.2835, 0.5011 -1.048 0.2835, 0.5006 -1.0649 0.2835, 0.5033 -1.0568 0.2835, 0.5005 -1.0556 0.2835, 0.5038 -1.0653 0.2835, 0.504 -1.0653 0.2835, 0.5063 -1.0581 0.2835, 0.5064 -1.065 0.2835, 0.5093 -1.0617 0.2835, 0.5093 -1.0611 0.2835, 0.5076 -1.0646 0.2835, 0.508 -1.0643 0.2835, 0.5086 -1.0639 0.2835, 0.509 -1.0633 0.2835, 0.5092 -1.0626 0.2835, 0.5091 -1.0604 0.2835, 0.5087 -1.0598 0.2835, 0.5081 -1.0592 0.2835, 0.5371 -1.042 0.2835, 0.5419 -1.042 0.2835, 0.5444 -1.0208 0.2835, 0.5286 -1.0619 0.2835, 0.5292 -1.0641 0.2835, 0.5293 -1.0641 0.2835, 0.5239 -1.0208 0.2835, 0.5239 -1.0484 0.2835, 0.5299 -1.0619 0.2835, 0.5295 -1.0632 0.2835, 0.5239 -1.0609 0.2835, 0.5165 -1.042 0.2835, 0.5217 -1.042 0.2835, 0.5267 -1.0688 0.2835, 0.5269 -1.0684 0.2835, 0.5239 -1.0749 0.2835, 0.5239 -1.0749 0.2835, 0.5239 -1.0688 0.2835, 0.5248 -1.0732 0.2835, 0.5175 -1.0764 0.2835, 0.5175 -1.0806 0.2835, 0.5184 -1.0767 0.2835, 0.5201 -1.077 0.2835, 0.5212 -1.0768 0.2835, 0.5239 -1.0801 0.2835, 0.5223 -1.0807 0.2835, 0.5239 -1.0835 0.2835, 0.5204 -1.0809 0.2835, 0.5194 -1.0809 0.2835, 0.5222 -1.0765 0.2835, 0.5231 -1.0759 0.2835, 0.5299 -1.0725 0.2835, 0.5278 -1.0766 0.2835, 0.5444 -1.0835 0.2835, 0.5313 -1.0688 0.2835, 0.5261 -1.0786 0.2835, 0.5258 -1.0789 0.2835, 0.5242 -1.08 0.2835, 0.5586 -1.0518 0.2835, 0.5517 -1.0518 0.2835, 0.5586 -1.0642 0.2835, 0.5517 -1.0642 0.2835, 0.566 -1.0314 0.2835, 0.566 -1.0357 0.2835, 0.5703 -1.0208 0.2835, 0.5668 -1.0642 0.2835, 0.5703 -1.0688 0.2835, 0.5668 -1.0685 0.2835, 0.5586 -1.0688 0.2835, 0.565 -1.0518 0.2835, 0.565 -1.0475 0.2835, 0.5586 -1.0475 0.2835, 0.5586 -1.0357 0.2835, 0.5517 -1.0357 0.2835, 0.5517 -1.0475 0.2835, 0.5586 -1.0685 0.2835, 0.5469 -1.0685 0.2835, 0.5444 -1.0688 0.2835, 0.5469 -1.0314 0.2835, 0.5586 -1.0314 0.2835, 0.5586 -1.0208 0.2835, 0.5703 0.0267 0.2835, 0.5586 1.1811 0.2835, 0.5586 0.0267 0.2835, 0.5444 1.1811 0.2835, 0.5444 0.0267 0.2835, 0.5239 1.1811 0.2835, 0.5239 0.0267 0.2835, 0.5153 1.1811 0.2835, 0.5153 0.0267 0.2835, 0.4983 1.1811 0.2835, 0.467 1.1811 0.2835, -0.1792 1.1811 0.2835, -0.6041 1.075 0.2835, -0.6061 1.0597 0.2835, -0.6336 1.1262 0.2835, -0.6214 1.1168 0.2835, -0.6478 1.018 0.2835, -0.6631 1.016 0.2835, -0.7874 0.0267 0.2835, -0.612 1.0455 0.2835, -0.6214 1.0332 0.2835, -0.6336 1.0239 0.2835, -0.6784 1.018 0.2835, -0.6927 1.0239 0.2835, -0.7049 1.0332 0.2835, -0.7202 1.0903 0.2835, -0.7143 1.1045 0.2835, -0.7874 1.1811 0.2835, -0.7049 1.1168 0.2835, -0.6927 1.1262 0.2835, -0.612 1.1045 0.2835, -0.6061 1.0903 0.2835, -0.6784 1.1321 0.2835, -0.6631 1.1341 0.2835, -0.6478 1.1321 0.2835, -0.7143 1.0455 0.2835, -0.7202 1.0597 0.2835, -0.7222 1.075 0.2835, 0.4638 -1.0054 0.2835, 0.4638 -1.0097 0.2835, 0.4443 -1.0097 0.2835, 0.4443 -0.9726 0.2835, 0.449 -0.9726 0.2835, 0.449 -1.0054 0.2835, 0.4648 -1.0208 0.2835, 0.6114 -1.0685 0.2835, 0.6061 -1.0685 0.2835, 0.6342 -1.0685 0.2835, 0.6304 -1.0583 0.2835, 0.6149 -1.0583 0.2835, 0.6394 -1.0685 0.2835, 0.7874 -1.0688 0.2835, 0.6253 -1.0314 0.2835, 0.7874 -1.0208 0.2835, 0.6029 -1.0566 0.2835, 0.6039 -1.0523 0.2835, 0.6202 -1.0314 0.2835, 0.604 -1.0495 0.2835, 0.6034 -1.0444 0.2835, 0.601 -1.0604 0.2835, 0.5984 -1.0633 0.2835, 0.5945 -1.0661 0.2835, 0.5903 -1.0677 0.2835, 0.584 -1.0685 0.2835, 0.5739 -1.0685 0.2835, 0.5739 -1.0314 0.2835, 0.5844 -1.0314 0.2835, 0.5984 -1.0363 0.2835, 0.5998 -1.0376 0.2835, 0.6021 -1.0409 0.2835, 0.5852 -1.0314 0.2835, 0.5908 -1.0322 0.2835, 0.5952 -1.034 0.2835, 0.4648 -1.0688 0.2835, 0.4443 -1.0685 0.2835, 0.4642 -1.0685 0.2835, 0.4642 -1.0642 0.2835, 0.4633 -1.0357 0.2835, 0.4443 -1.0314 0.2835, 0.4633 -1.0314 0.2835, 0.449 -1.0518 0.2835, 0.449 -1.0642 0.2835, 0.4623 -1.0518 0.2835, 0.4623 -1.0475 0.2835, 0.449 -1.0475 0.2835, 0.449 -1.0357 0.2835, 0.5586 -1.0835 0.2835, 0.5703 -1.0835 0.2835, 0.7874 -1.0835 0.2835, 0.4648 -1.0835 0.2835, 0.4648 -1.1811 0.2835, 0.467 -1.1811 0.2835, 0.4983 -1.1811 0.2835, 0.5153 -1.1811 0.2835, 0.5239 -1.1811 0.2835, 0.5444 -1.1811 0.2835, 0.5586 -1.1811 0.2835, 0.5703 -1.1811 0.2835, 0.7874 -1.1811 0.2835, -0.7874 -0.9723 0.2835, -0.7874 -1.01 0.2835, -0.7874 -1.0208 0.2835, -0.7874 -1.0688 0.2835, -0.7874 -1.0835 0.2835, -0.7874 -1.1811 0.2835, -0.5896 -0.828 -0.0315, -0.5834 -0.8218 -0.0315, -0.5971 -0.9389 -0.0315, 0.2609 -1.0361 -0.0315, 0.2547 -1.0424 -0.0315, -0.3543 -0.8858 -0.0315, -0.6142 -1.0335 -0.0315, -0.7795 -1.1732 -0.0315, -0.7717 -1.0335 -0.0315, -0.7795 -1.0335 -0.0315, -0.6054 -1.0325 -0.0315, -0.5971 -1.0296 -0.0315, -0.5896 -1.0249 -0.0315, 0.3445 -1.0669 -0.0315, 0.7795 -1.1732 -0.0315, 0.3445 -1.1654 -0.0315, 0.3445 -1.1732 -0.0315, 0.3435 -1.0582 -0.0315, 0.3406 -1.0498 -0.0315, 0.3543 -0.8858 -0.0315, 0.3359 -1.0424 -0.0315, 0.3297 -1.0361 -0.0315, -0.5834 -1.0186 -0.0315, -0.5787 -1.0112 -0.0315, -0.5758 -1.0029 -0.0315, -0.6054 -0.8356 -0.0315, -0.6054 -0.936 -0.0315, -0.6142 -0.935 -0.0315, -0.5971 -0.8327 -0.0315, -0.3406 -1.0498 -0.0315, -0.3435 -1.0582 -0.0315, -0.7717 0.935 -0.0315, -0.6142 0.935 -0.0315, -0.3543 0.7677 -0.0315, -0.6054 0.936 -0.0315, -0.5971 0.9389 -0.0315, -0.5834 -0.753 -0.0315, -0.5896 -0.7468 -0.0315, -0.6054 -0.6388 -0.0315, -0.2547 -1.0424 -0.0315, -0.1083 -1.0276 -0.0315, -0.117 -1.0285 -0.0315, -0.1253 -1.0315 -0.0315, -0.1328 -1.0361 -0.0315, -0.139 -1.0424 -0.0315, 0.7795 1.0335 -0.0315, 0.7717 1.0335 -0.0315, 0.7795 1.1732 -0.0315, 0.6142 1.0335 -0.0315, 0.6054 1.0325 -0.0315, 0.3543 0.8858 -0.0315, 0.5787 1.0112 -0.0315, 0.5758 1.0029 -0.0315, 0.5834 0.9499 -0.0315, 0.5787 0.9573 -0.0315, 0.5758 0.9656 -0.0315, 0.3222 1.0315 -0.0315, 0.3297 1.0361 -0.0315, 0.3359 1.0424 -0.0315, 0.3406 1.0498 -0.0315, 0.3435 1.0582 -0.0315, -0.5896 0.9436 -0.0315, -0.5834 0.9499 -0.0315, -0.2362 0.8858 -0.0315, -0.5787 0.9573 -0.0315, -0.7795 1.1732 -0.0315, -0.3445 1.1732 -0.0315, -0.6054 1.0325 -0.0315, -0.5748 -0.9941 -0.0315, -0.5748 -0.9744 -0.0315, -0.5758 -0.9656 -0.0315, -0.5787 -0.9573 -0.0315, -0.5834 -0.9499 -0.0315, -0.5896 -0.9436 -0.0315, -0.5787 -0.8143 -0.0315, -0.5758 -0.806 -0.0315, -0.5748 -0.7972 -0.0315, -0.5971 -0.7421 -0.0315, -0.6054 -0.7392 -0.0315, -0.6142 -0.7382 -0.0315, -0.5834 -0.6249 -0.0315, -0.5787 -0.6175 -0.0315, -0.5758 -0.6092 -0.0315, -0.5748 -0.6004 -0.0315, -0.5834 -0.5562 -0.0315, -0.5896 -0.5499 -0.0315, -0.6054 -0.4419 -0.0315, -0.5787 -0.4206 -0.0315, -0.5758 -0.4123 -0.0315, -0.5971 -0.2422 -0.0315, -0.5896 -0.2375 -0.0315, -0.5787 -0.3668 -0.0315, 0.3222 -1.0315 -0.0315, 0.3139 -1.0285 -0.0315, 0.3051 -1.0276 -0.0315, 0.2854 -1.0276 -0.0315, 0.2767 -1.0285 -0.0315, 0.2684 -1.0315 -0.0315, -0.2471 -1.0582 -0.0315, -0.1467 -1.0582 -0.0315, -0.1476 -1.0669 -0.0315, -0.1437 -1.0498 -0.0315, -0.25 -1.0498 -0.0315, -0.3359 -1.0424 -0.0315, -0.3445 -1.0669 -0.0315, -0.3445 -1.1654 -0.0315, -0.3445 -1.1732 -0.0315, 0.5971 1.0296 -0.0315, 0.5896 1.0249 -0.0315, 0.5834 1.0186 -0.0315, 0.6054 0.936 -0.0315, 0.5971 0.8327 -0.0315, 0.5971 0.9389 -0.0315, 0.5896 0.9436 -0.0315, 0.6054 -1.0325 -0.0315, 0.6142 -1.0335 -0.0315, 0.7717 -1.0335 -0.0315, 0.7795 -1.0335 -0.0315, -0.139 1.0424 -0.0315, -0.2547 1.0424 -0.0315, -0.1437 1.0498 -0.0315, -0.1467 1.0582 -0.0315, -0.5787 1.0112 -0.0315, -0.5834 1.0186 -0.0315, -0.6142 1.0335 -0.0315, -0.7717 1.0335 -0.0315, -0.7795 1.0335 -0.0315, -0.7795 -0.935 -0.0315, -0.7795 -0.8366 -0.0315, -0.7717 -0.935 -0.0315, -0.7717 -0.8366 -0.0315, -0.6142 -0.8366 -0.0315, -0.5748 -0.7776 -0.0315, -0.5758 -0.7688 -0.0315, -0.5787 -0.7605 -0.0315, -0.5971 -0.6359 -0.0315, -0.5896 -0.6312 -0.0315, -0.5896 -0.4343 -0.0315, -0.5834 -0.4281 -0.0315, -0.5787 -0.5636 -0.0315, -0.5758 -0.5719 -0.0315, -0.5748 -0.5807 -0.0315, -0.5971 -0.5452 -0.0315, -0.6054 -0.5423 -0.0315, -0.6142 -0.5413 -0.0315, -0.5971 -0.439 -0.0315, -0.5834 -0.2312 -0.0315, -0.5787 -0.2238 -0.0315, -0.5758 -0.3751 -0.0315, 0.2461 -1.0669 -0.0315, 0.1467 -1.0582 -0.0315, 0.2471 -1.0582 -0.0315, 0.1437 -1.0498 -0.0315, 0.139 -1.0424 -0.0315, -0.3051 -1.0276 -0.0315, -0.3139 -1.0285 -0.0315, 0.5748 0.9941 -0.0315, 0.5748 0.9744 -0.0315, 0.5896 0.828 -0.0315, 0.5834 -0.8218 -0.0315, 0.5896 -0.828 -0.0315, 0.5971 -0.9389 -0.0315, 0.5971 -0.8327 -0.0315, 0.6054 -0.8356 -0.0315, 0.5896 -0.9436 -0.0315, 0.5834 -0.9499 -0.0315, 0.5787 -0.9573 -0.0315, 0.5758 -0.9656 -0.0315, 0.5758 -1.0029 -0.0315, 0.5787 -1.0112 -0.0315, 0.5834 -1.0186 -0.0315, 0.5896 -1.0249 -0.0315, 0.5971 -1.0296 -0.0315, 0.2471 1.0582 -0.0315, 0.25 1.0498 -0.0315, 0.139 1.0424 -0.0315, 0.2547 1.0424 -0.0315, 0.1328 1.0361 -0.0315, 0.0502 1.0582 -0.0315, 0.0531 1.0498 -0.0315, -0.0578 1.0424 -0.0315, 0.0578 1.0424 -0.0315, 0.064 1.0361 -0.0315, -0.1328 1.0361 -0.0315, -0.1253 1.0315 -0.0315, -0.117 1.0285 -0.0315, 0.3445 1.0669 -0.0315, 0.3445 1.1654 -0.0315, 0.3445 1.1732 -0.0315, -0.5896 1.0249 -0.0315, -0.5971 1.0296 -0.0315, -0.6054 -0.2451 -0.0315, -0.5834 -0.3593 -0.0315, -0.5896 -0.3531 -0.0315, -0.5971 -0.3484 -0.0315, -0.6054 -0.3455 -0.0315, -0.6142 -0.3445 -0.0315, 0.0715 -1.0315 -0.0315, 0.064 -1.0361 -0.0315, -0.0578 -1.0424 -0.0315, 0.0578 -1.0424 -0.0315, -0.0531 -1.0498 -0.0315, -0.0502 -1.0582 -0.0315, 0.1328 -1.0361 -0.0315, 0.25 -1.0498 -0.0315, 0.5896 0.7468 -0.0315, 0.5834 0.6249 -0.0315, 0.5787 0.6175 -0.0315, 0.5748 -0.4035 -0.0315, 0.5758 -0.4123 -0.0315, 0.5834 -0.6249 -0.0315, 0.5896 -0.6312 -0.0315, 0.0715 1.0315 -0.0315, 0.0798 1.0285 -0.0315, 0.0886 1.0276 -0.0315, -0.25 1.0498 -0.0315, -0.2471 1.0582 -0.0315, -0.2461 1.0669 -0.0315, 0.2609 1.0361 -0.0315, 0.2684 1.0315 -0.0315, 0.2767 1.0285 -0.0315, 0.2854 1.0276 -0.0315, 0.3051 1.0276 -0.0315, 0.3139 1.0285 -0.0315, -0.7795 -0.7382 -0.0315, -0.7795 -0.6398 -0.0315, -0.7717 -0.7382 -0.0315, -0.7717 -0.6398 -0.0315, -0.6142 -0.6398 -0.0315, -0.5748 -0.4035 -0.0315, -0.5748 -0.3839 -0.0315, -0.5971 0.3484 -0.0315, -0.5896 0.3531 -0.0315, -0.5787 0.2238 -0.0315, -0.5834 0.3593 -0.0315, -0.5787 0.3668 -0.0315, -0.5971 -0.0453 -0.0315, -0.5896 -0.0406 -0.0315, -0.5787 -0.1699 -0.0315, -0.5834 -0.0344 -0.0315, -0.5787 -0.0269 -0.0315, -0.5748 0.3839 -0.0315, -0.5758 0.3751 -0.0315, -0.5834 0.4281 -0.0315, -0.5896 0.4343 -0.0315, -0.6054 0.5423 -0.0315, -0.5748 0.4035 -0.0315, -0.5758 0.4123 -0.0315, -0.5787 0.5636 -0.0315, -0.5787 0.4206 -0.0315, -0.5834 0.5562 -0.0315, -0.5896 0.5499 -0.0315, -0.5787 0.8143 -0.0315, -0.5834 0.8218 -0.0315, -0.1476 -1.1732 -0.0315, -0.2461 -1.1732 -0.0315, -0.1476 -1.1654 -0.0315, -0.2461 -1.1654 -0.0315, -0.2461 -1.0669 -0.0315, 0.0531 -1.0498 -0.0315, 0.0502 -1.0582 -0.0315, 0.0492 -1.0669 -0.0315, -0.064 -1.0361 -0.0315, 0.0886 -1.0276 -0.0315, 0.0798 -1.0285 -0.0315, -0.2854 -1.0276 -0.0315, -0.3222 -1.0315 -0.0315, -0.3297 -1.0361 -0.0315, 0.7795 0.935 -0.0315, 0.7795 0.8366 -0.0315, 0.7717 0.935 -0.0315, 0.7717 0.8366 -0.0315, 0.6142 0.935 -0.0315, 0.6142 0.8366 -0.0315, 0.6054 0.8356 -0.0315, 0.5896 0.5499 -0.0315, 0.5834 0.4281 -0.0315, 0.5787 0.4206 -0.0315, 0.5748 -0.9744 -0.0315, 0.5748 -0.9941 -0.0315, 0.1437 1.0498 -0.0315, 0.1467 1.0582 -0.0315, 0.1476 1.0669 -0.0315, -0.7795 -0.5413 -0.0315, -0.7795 -0.4429 -0.0315, -0.7717 -0.5413 -0.0315, -0.7717 -0.4429 -0.0315, -0.6142 -0.4429 -0.0315, -0.5971 0.1515 -0.0315, -0.5896 0.1562 -0.0315, -0.5787 0.0269 -0.0315, -0.5787 0.1699 -0.0315, -0.5758 0.1782 -0.0315, -0.6054 0.3455 -0.0315, -0.5834 0.2312 -0.0315, -0.5896 0.2375 -0.0315, -0.5971 0.2422 -0.0315, -0.6054 0.2451 -0.0315, -0.6142 0.2461 -0.0315, -0.6054 -0.0482 -0.0315, -0.5834 -0.1625 -0.0315, -0.5896 -0.1562 -0.0315, -0.5971 -0.1515 -0.0315, -0.6054 -0.1486 -0.0315, -0.6142 -0.1476 -0.0315, -0.5971 0.439 -0.0315, -0.6054 0.4419 -0.0315, -0.6142 0.4429 -0.0315, -0.5971 0.5452 -0.0315, -0.5758 0.5719 -0.0315, -0.5748 0.5807 -0.0315, -0.5787 0.7605 -0.0315, -0.5758 0.7688 -0.0315, -0.5748 0.7776 -0.0315, -0.6054 0.8356 -0.0315, -0.5971 0.8327 -0.0315, -0.5896 0.828 -0.0315, 0.2461 -1.1732 -0.0315, 0.1476 -1.1732 -0.0315, 0.2461 -1.1654 -0.0315, 0.1476 -1.1654 -0.0315, 0.1476 -1.0669 -0.0315, 0.5834 0.8218 -0.0315, 0.5787 0.8143 -0.0315, 0.5758 0.806 -0.0315, 0.5758 0.4123 -0.0315, 0.5748 0.4035 -0.0315, 0.5834 0.5562 -0.0315, 0.5971 0.7421 -0.0315, 0.6054 0.7392 -0.0315, 0.5896 0.6312 -0.0315, 0.5971 0.6359 -0.0315, 0.5787 -0.4206 -0.0315, 0.5834 -0.4281 -0.0315, 0.5896 -0.4343 -0.0315, 0.7795 -0.8366 -0.0315, 0.7795 -0.935 -0.0315, 0.7717 -0.8366 -0.0315, 0.7717 -0.935 -0.0315, 0.6142 -0.8366 -0.0315, 0.6142 -0.935 -0.0315, 0.6054 -0.936 -0.0315, -0.5758 0.9656 -0.0315, -0.3406 1.0498 -0.0315, -0.3359 1.0424 -0.0315, -0.3297 1.0361 -0.0315, -0.3445 1.1654 -0.0315, -0.3445 1.0669 -0.0315, -0.5758 1.0029 -0.0315, -0.3435 1.0582 -0.0315, -0.5748 0.9941 -0.0315, -0.5748 0.9744 -0.0315, -0.7795 -0.3445 -0.0315, -0.7795 -0.2461 -0.0315, -0.7717 -0.3445 -0.0315, -0.7717 -0.2461 -0.0315, -0.6142 -0.2461 -0.0315, -0.5748 0.187 -0.0315, -0.5748 0.2067 -0.0315, -0.5758 0.2155 -0.0315, -0.5748 0.6004 -0.0315, -0.5758 0.6092 -0.0315, -0.5787 0.6175 -0.0315, -0.5896 0.6312 -0.0315, -0.6054 0.7392 -0.0315, -0.5834 0.6249 -0.0315, -0.5971 0.6359 -0.0315, -0.6054 0.6388 -0.0315, -0.6142 0.6398 -0.0315, -0.5748 0.7972 -0.0315, -0.5758 0.806 -0.0315, -0.7795 0.8366 -0.0315, -0.7795 0.935 -0.0315, -0.7717 0.8366 -0.0315, -0.6142 0.8366 -0.0315, 0.5834 0.2312 -0.0315, 0.5834 0.3593 -0.0315, 0.5896 0.3531 -0.0315, 0.5971 0.5452 -0.0315, 0.6054 0.5423 -0.0315, 0.5896 0.4343 -0.0315, 0.5971 0.439 -0.0315, 0.5787 0.2238 -0.0315, 0.5758 0.2155 -0.0315, 0.5748 0.2067 -0.0315, 0.5748 0.187 -0.0315, 0.5758 0.1782 -0.0315, 0.5834 0.0344 -0.0315, 0.5787 0.1699 -0.0315, 0.5834 0.1625 -0.0315, 0.6054 0.1486 -0.0315, 0.5896 0.0406 -0.0315, 0.5971 0.0453 -0.0315, 0.5787 -0.6175 -0.0315, 0.5787 -0.8143 -0.0315, 0.5758 -0.806 -0.0315, -0.3222 1.0315 -0.0315, -0.3139 1.0285 -0.0315, -0.3051 1.0276 -0.0315, -0.1083 1.0276 -0.0315, -0.0886 1.0276 -0.0315, 0.1083 1.0276 -0.0315, 0.117 1.0285 -0.0315, 0.1253 1.0315 -0.0315, -0.2461 1.1732 -0.0315, -0.1476 1.1732 -0.0315, -0.2461 1.1654 -0.0315, -0.1476 1.1654 -0.0315, -0.1476 1.0669 -0.0315, -0.5758 -0.2155 -0.0315, -0.5748 -0.2067 -0.0315, -0.6054 0.1486 -0.0315, -0.5834 0.0344 -0.0315, -0.5896 0.0406 -0.0315, -0.5971 0.0453 -0.0315, -0.6054 0.0482 -0.0315, -0.6142 0.0492 -0.0315, -0.5971 0.7421 -0.0315, -0.5896 0.7468 -0.0315, -0.5834 0.753 -0.0315, 0.0492 -1.1732 -0.0315, -0.0492 -1.1732 -0.0315, 0.0492 -1.1654 -0.0315, -0.0492 -1.1654 -0.0315, -0.0492 -1.0669 -0.0315, 0.1253 -1.0315 -0.0315, 0.117 -1.0285 -0.0315, 0.1083 -1.0276 -0.0315, 0.5748 0.7972 -0.0315, 0.5748 0.7776 -0.0315, 0.5758 0.7688 -0.0315, 0.5971 0.2422 -0.0315, 0.5896 0.2375 -0.0315, 0.6054 0.3455 -0.0315, 0.5971 0.3484 -0.0315, 0.5896 0.1562 -0.0315, 0.5971 0.1515 -0.0315, 0.5834 -0.1625 -0.0315, 0.5834 -0.0344 -0.0315, 0.5896 -0.0406 -0.0315, 0.5787 -0.1699 -0.0315, 0.5758 -0.1782 -0.0315, 0.5748 -0.187 -0.0315, 0.5748 -0.2067 -0.0315, 0.5758 -0.2155 -0.0315, 0.5834 -0.3593 -0.0315, 0.5787 -0.2238 -0.0315, 0.5834 -0.2312 -0.0315, 0.5896 -0.2375 -0.0315, 0.5787 -0.3668 -0.0315, 0.5758 -0.3751 -0.0315, 0.5748 -0.3839 -0.0315, 0.5971 -0.5452 -0.0315, 0.5896 -0.5499 -0.0315, 0.6054 -0.4419 -0.0315, 0.5834 -0.5562 -0.0315, 0.5971 -0.439 -0.0315, 0.5971 -0.6359 -0.0315, 0.5834 -0.753 -0.0315, 0.6054 -0.6388 -0.0315, 0.5896 -0.7468 -0.0315, 0.5971 -0.7421 -0.0315, 0.5787 -0.7605 -0.0315, 0.5758 -0.7688 -0.0315, -0.2854 1.0276 -0.0315, -0.2767 1.0285 -0.0315, -0.2684 1.0315 -0.0315, 0.1476 1.1732 -0.0315, 0.2461 1.1732 -0.0315, 0.1476 1.1654 -0.0315, 0.2461 1.1654 -0.0315, 0.2461 1.0669 -0.0315, -0.0531 1.0498 -0.0315, -0.0502 1.0582 -0.0315, 0.0492 1.0669 -0.0315, -0.0492 1.0669 -0.0315, 0.0492 1.1654 -0.0315, -0.0492 1.1654 -0.0315, 0.0492 1.1732 -0.0315, -0.0492 1.1732 -0.0315, -0.7795 0.2461 -0.0315, -0.7795 0.3445 -0.0315, -0.7717 0.2461 -0.0315, -0.7717 0.3445 -0.0315, -0.6142 0.3445 -0.0315, -0.7795 -0.1476 -0.0315, -0.7795 -0.0492 -0.0315, -0.7717 -0.1476 -0.0315, -0.7717 -0.0492 -0.0315, -0.6142 -0.0492 -0.0315, -0.7795 0.4429 -0.0315, -0.7795 0.5413 -0.0315, -0.7717 0.4429 -0.0315, -0.7717 0.5413 -0.0315, -0.6142 0.5413 -0.0315, -0.0715 -1.0315 -0.0315, -0.0798 -1.0285 -0.0315, -0.0886 -1.0276 -0.0315, -0.2609 -1.0361 -0.0315, -0.2684 -1.0315 -0.0315, -0.2767 -1.0285 -0.0315, 0.5748 0.3839 -0.0315, 0.5758 0.3751 -0.0315, 0.5787 0.3668 -0.0315, 0.5787 0.0269 -0.0315, 0.5758 0.0186 -0.0315, 0.5748 0.0098 -0.0315, 0.5748 -0.0098 -0.0315, 0.5758 -0.0186 -0.0315, 0.5787 -0.0269 -0.0315, 0.5971 -0.1515 -0.0315, 0.5896 -0.1562 -0.0315, 0.6054 -0.0482 -0.0315, 0.5971 -0.0453 -0.0315, 0.5971 -0.3484 -0.0315, 0.5896 -0.3531 -0.0315, 0.6054 -0.2451 -0.0315, 0.5971 -0.2422 -0.0315, 0.5748 -0.5807 -0.0315, 0.5748 -0.6004 -0.0315, 0.5758 -0.6092 -0.0315, -0.2609 1.0361 -0.0315, -0.0798 1.0285 -0.0315, -0.0715 1.0315 -0.0315, -0.064 1.0361 -0.0315, -0.7795 0.6398 -0.0315, -0.7795 0.7382 -0.0315, -0.7717 0.6398 -0.0315, -0.7717 0.7382 -0.0315, -0.6142 0.7382 -0.0315, 0.7795 0.7382 -0.0315, 0.7795 0.6398 -0.0315, 0.7717 0.7382 -0.0315, 0.7717 0.6398 -0.0315, 0.6142 0.7382 -0.0315, 0.6142 0.6398 -0.0315, 0.6054 0.6388 -0.0315, 0.7795 -0.0492 -0.0315, 0.7795 -0.1476 -0.0315, 0.7717 -0.0492 -0.0315, 0.7717 -0.1476 -0.0315, 0.6142 -0.0492 -0.0315, 0.6142 -0.1476 -0.0315, 0.6054 -0.1486 -0.0315, 0.5787 -0.5636 -0.0315, 0.5758 -0.5719 -0.0315, 0.5748 -0.7776 -0.0315, 0.5748 -0.7972 -0.0315, -0.5748 -0.0098 -0.0315, -0.5748 0.0098 -0.0315, -0.5758 0.0186 -0.0315, -0.5834 0.1625 -0.0315, -0.7795 0.0492 -0.0315, -0.7795 0.1476 -0.0315, -0.7717 0.0492 -0.0315, -0.7717 0.1476 -0.0315, -0.6142 0.1476 -0.0315, 0.5758 0.6092 -0.0315, 0.5748 0.6004 -0.0315, 0.5834 0.753 -0.0315, 0.5787 0.7605 -0.0315, 0.5748 0.5807 -0.0315, 0.5758 0.5719 -0.0315, 0.5787 0.5636 -0.0315, 0.7795 0.3445 -0.0315, 0.7795 0.2461 -0.0315, 0.7717 0.3445 -0.0315, 0.7717 0.2461 -0.0315, 0.6142 0.3445 -0.0315, 0.6142 0.2461 -0.0315, 0.6054 0.2451 -0.0315, 0.7795 0.5413 -0.0315, 0.7795 0.4429 -0.0315, 0.7717 0.5413 -0.0315, 0.7717 0.4429 -0.0315, 0.6142 0.5413 -0.0315, 0.6142 0.4429 -0.0315, 0.6054 0.4419 -0.0315, 0.7795 0.1476 -0.0315, 0.7795 0.0492 -0.0315, 0.7717 0.1476 -0.0315, 0.7717 0.0492 -0.0315, 0.6142 0.1476 -0.0315, 0.6142 0.0492 -0.0315, 0.6054 0.0482 -0.0315, -0.5748 -0.187 -0.0315, -0.5758 -0.1782 -0.0315, -0.5758 -0.0186 -0.0315, 0.7795 -0.2461 -0.0315, 0.7795 -0.3445 -0.0315, 0.7717 -0.2461 -0.0315, 0.7717 -0.3445 -0.0315, 0.6142 -0.2461 -0.0315, 0.6142 -0.3445 -0.0315, 0.6054 -0.3455 -0.0315, 0.7795 -0.4429 -0.0315, 0.7795 -0.5413 -0.0315, 0.7717 -0.4429 -0.0315, 0.7717 -0.5413 -0.0315, 0.6142 -0.4429 -0.0315, 0.6142 -0.5413 -0.0315, 0.6054 -0.5423 -0.0315, 0.7795 -0.6398 -0.0315, 0.7795 -0.7382 -0.0315, 0.7717 -0.6398 -0.0315, 0.7717 -0.7382 -0.0315, 0.6142 -0.6398 -0.0315, 0.6142 -0.7382 -0.0315, 0.6054 -0.7392 -0.0315, 0.6054 -0.7392 -0.0315
            ]
        }
        coordIndex [
            0,1,2,-1,1,3,4,-1,5,6,7,-1,8,9,10,-1,11,12,13,-1,14,15,16,-1,16,15,17,-1,18,19,16,-1,16,19,20,-1,16,20,21,-1,21,22,16,-1,16,22,23,-1,16,23,14,-1,24,25,26,-1,26,25,2,-1,2,25,27,-1,2,27,28,-1,24,26,29,-1,29,26,30,-1,29,30,31,-1,30,32,31,-1,31,32,33,-1,31,33,34,-1,34,33,35,-1,34,35,36,-1,37,38,30,-1,30,38,39,-1,30,39,32,-1,40,41,42,-1,42,43,40,-1,40,43,44,-1,40,44,30,-1,30,44,45,-1,30,45,37,-1,46,47,48,-1,48,47,49,-1,48,49,50,-1,50,51,48,-1,48,51,52,-1,48,52,41,-1,41,52,53,-1,41,53,42,-1,54,46,55,-1,55,46,48,-1,55,48,56,-1,56,48,57,-1,58,59,60,-1,59,61,60,-1,60,61,62,-1,60,62,63,-1,63,62,64,-1,63,64,65,-1,65,64,66,-1,65,66,48,-1,48,66,67,-1,48,67,57,-1,68,69,70,-1,70,69,71,-1,71,72,70,-1,70,72,73,-1,70,73,58,-1,74,75,76,-1,77,78,79,-1,80,81,82,-1,83,84,85,-1,85,84,86,-1,77,79,87,-1,80,82,88,-1,89,90,84,-1,84,90,91,-1,84,91,92,-1,76,75,82,-1,82,75,93,-1,82,93,88,-1,78,94,79,-1,79,94,95,-1,79,95,96,-1,97,98,99,-1,99,98,100,-1,99,100,101,-1,102,92,103,-1,103,92,104,-1,103,104,99,-1,99,104,105,-1,99,105,97,-1,102,106,92,-1,92,106,107,-1,92,107,84,-1,84,107,108,-1,84,108,86,-1,109,110,111,-1,111,110,112,-1,111,112,79,-1,79,112,113,-1,79,113,87,-1,114,115,79,-1,79,115,116,-1,79,116,84,-1,84,116,117,-1,84,117,89,-1,118,119,68,-1,68,119,120,-1,68,120,121,-1,121,122,68,-1,68,122,123,-1,68,123,124,-1,124,123,109,-1,124,109,125,-1,125,109,111,-1,81,126,82,-1,82,126,127,-1,82,127,68,-1,68,127,128,-1,68,128,118,-1,96,129,79,-1,79,129,130,-1,79,130,131,-1,131,132,79,-1,79,132,133,-1,79,133,114,-1,134,135,136,-1,136,92,134,-1,134,92,91,-1,134,91,137,-1,137,91,138,-1,138,139,137,-1,137,139,140,-1,137,140,141,-1,142,143,144,-1,143,145,144,-1,144,145,146,-1,144,146,147,-1,148,144,149,-1,135,134,148,-1,148,134,150,-1,148,150,144,-1,144,150,151,-1,144,151,142,-1,149,152,148,-1,148,152,153,-1,148,153,154,-1,147,146,155,-1,155,146,156,-1,155,156,157,-1,157,156,158,-1,157,158,159,-1,160,161,154,-1,154,161,162,-1,154,162,148,-1,15,163,17,-1,17,163,164,-1,17,164,76,-1,76,164,165,-1,76,165,74,-1,166,167,168,-1,168,167,169,-1,168,169,170,-1,171,172,173,-1,173,172,174,-1,167,175,169,-1,169,175,176,-1,169,176,177,-1,177,176,178,-1,177,178,179,-1,179,178,180,-1,179,180,174,-1,174,180,181,-1,174,181,173,-1,182,183,184,-1,184,183,185,-1,186,187,188,-1,188,187,189,-1,182,184,190,-1,190,184,191,-1,190,191,192,-1,192,191,193,-1,192,193,194,-1,193,195,194,-1,194,195,196,-1,194,196,197,-1,198,199,200,-1,188,193,186,-1,186,193,191,-1,186,191,201,-1,201,191,202,-1,201,202,200,-1,200,202,203,-1,200,203,198,-1,189,187,204,-1,204,187,205,-1,204,205,198,-1,206,207,205,-1,205,207,208,-1,205,208,209,-1,210,211,199,-1,211,212,199,-1,199,212,213,-1,199,213,214,-1,198,205,199,-1,199,205,209,-1,199,209,210,-1,210,209,215,-1,210,215,216,-1,217,218,219,-1,219,218,210,-1,219,210,220,-1,216,221,210,-1,210,221,222,-1,210,222,223,-1,224,225,210,-1,210,225,226,-1,210,226,220,-1,227,228,229,-1,230,231,219,-1,219,231,232,-1,219,232,217,-1,223,233,210,-1,210,233,234,-1,210,234,224,-1,227,229,219,-1,219,229,235,-1,219,235,230,-1,236,237,238,-1,238,237,239,-1,238,239,240,-1,240,239,241,-1,240,241,242,-1,242,241,243,-1,242,243,206,-1,244,245,238,-1,238,245,246,-1,246,247,238,-1,238,247,248,-1,238,248,236,-1,249,250,251,-1,251,250,252,-1,252,253,0,-1,254,255,256,-1,255,257,256,-1,256,257,258,-1,256,258,259,-1,254,256,260,-1,260,256,261,-1,260,261,262,-1,262,261,263,-1,263,261,264,-1,263,264,214,-1,265,266,179,-1,177,267,268,-1,265,179,269,-1,270,271,272,-1,272,271,177,-1,272,177,273,-1,273,177,268,-1,13,12,179,-1,179,12,274,-1,179,274,269,-1,266,275,179,-1,179,275,276,-1,179,276,177,-1,177,276,277,-1,177,277,267,-1,186,278,13,-1,13,278,279,-1,13,279,11,-1,270,280,271,-1,271,280,281,-1,271,281,201,-1,201,281,282,-1,201,282,186,-1,186,282,283,-1,186,283,278,-1,284,285,286,-1,287,288,289,-1,289,288,290,-1,284,286,291,-1,292,293,294,-1,287,295,288,-1,288,295,296,-1,288,296,297,-1,297,296,298,-1,299,300,298,-1,298,300,301,-1,298,301,297,-1,293,302,294,-1,294,302,303,-1,294,303,304,-1,305,306,307,-1,307,306,308,-1,307,308,309,-1,309,308,310,-1,309,310,311,-1,312,261,313,-1,313,261,314,-1,315,316,286,-1,286,316,317,-1,286,317,291,-1,304,318,294,-1,294,318,319,-1,294,319,261,-1,261,319,290,-1,261,290,314,-1,314,290,288,-1,320,321,298,-1,298,321,322,-1,298,322,323,-1,324,325,326,-1,326,325,327,-1,326,327,328,-1,329,330,331,-1,331,330,332,-1,331,332,311,-1,311,332,333,-1,311,333,309,-1,312,334,261,-1,261,334,335,-1,261,335,336,-1,323,337,298,-1,298,337,338,-1,298,338,299,-1,285,339,340,-1,340,339,341,-1,341,339,342,-1,341,342,343,-1,327,329,328,-1,328,329,331,-1,328,331,344,-1,344,331,345,-1,344,345,346,-1,346,345,347,-1,346,347,348,-1,348,347,349,-1,350,349,340,-1,340,349,347,-1,340,347,285,-1,285,347,345,-1,285,345,286,-1,350,340,9,-1,9,340,351,-1,9,351,10,-1,352,353,10,-1,354,355,264,-1,356,357,10,-1,10,357,358,-1,336,306,261,-1,261,306,305,-1,261,305,264,-1,264,305,359,-1,264,359,354,-1,355,360,264,-1,264,360,361,-1,264,361,362,-1,362,361,363,-1,362,363,352,-1,364,365,353,-1,353,365,366,-1,353,366,10,-1,10,366,367,-1,10,367,356,-1,358,368,10,-1,10,368,369,-1,10,369,8,-1,370,371,372,-1,372,371,373,-1,372,373,374,-1,372,375,370,-1,370,375,376,-1,370,376,377,-1,377,378,370,-1,370,378,379,-1,370,379,380,-1,380,379,381,-1,380,381,382,-1,382,381,383,-1,382,383,353,-1,353,383,384,-1,353,384,364,-1,385,386,374,-1,374,386,387,-1,374,387,372,-1,388,389,324,-1,324,389,390,-1,324,390,325,-1,388,391,389,-1,389,391,392,-1,389,392,393,-1,393,392,394,-1,393,395,396,-1,394,397,393,-1,393,397,398,-1,393,398,399,-1,399,400,393,-1,393,400,401,-1,393,401,395,-1,396,402,393,-1,393,402,403,-1,393,403,404,-1,405,406,407,-1,408,409,410,-1,407,411,405,-1,405,411,412,-1,405,412,413,-1,413,412,408,-1,413,408,414,-1,414,408,410,-1,415,416,10,-1,352,10,362,-1,362,10,416,-1,362,416,411,-1,411,416,417,-1,411,417,412,-1,418,419,415,-1,420,421,422,-1,422,421,423,-1,422,423,418,-1,418,415,422,-1,422,415,10,-1,422,10,424,-1,424,10,351,-1,424,351,425,-1,424,426,422,-1,422,426,427,-1,422,427,428,-1,429,430,431,-1,431,430,432,-1,431,432,351,-1,351,432,433,-1,351,433,425,-1,428,434,422,-1,422,434,435,-1,422,435,420,-1,436,437,438,-1,436,438,439,-1,437,440,438,-1,438,440,441,-1,438,441,431,-1,431,441,442,-1,431,442,429,-1,443,444,445,-1,445,444,446,-1,447,448,449,-1,449,448,450,-1,449,450,451,-1,451,450,452,-1,451,452,453,-1,443,445,454,-1,454,445,450,-1,454,450,455,-1,455,450,448,-1,455,448,456,-1,448,457,456,-1,456,457,458,-1,456,458,459,-1,452,460,453,-1,453,460,461,-1,453,461,462,-1,462,461,463,-1,447,449,464,-1,464,449,465,-1,464,465,463,-1,463,465,407,-1,463,407,462,-1,462,407,406,-1,462,406,439,-1,5,7,466,-1,466,7,467,-1,466,467,468,-1,468,467,469,-1,468,469,470,-1,470,469,471,-1,470,471,472,-1,472,471,473,-1,472,473,474,-1,474,473,475,-1,474,475,242,-1,242,475,476,-1,242,476,240,-1,477,478,479,-1,480,481,477,-1,482,483,484,-1,485,486,26,-1,26,486,487,-1,483,488,484,-1,484,488,489,-1,484,489,490,-1,491,492,493,-1,493,492,494,-1,493,494,495,-1,481,496,477,-1,477,496,497,-1,477,497,478,-1,1,4,2,-1,2,4,477,-1,2,477,26,-1,26,477,479,-1,26,479,485,-1,495,498,493,-1,493,498,499,-1,493,499,477,-1,477,499,500,-1,477,500,480,-1,490,501,484,-1,484,501,502,-1,484,502,493,-1,493,502,503,-1,493,503,491,-1,206,205,242,-1,242,205,187,-1,242,187,474,-1,474,187,186,-1,474,186,472,-1,472,186,13,-1,472,13,470,-1,470,13,179,-1,470,179,468,-1,468,179,174,-1,468,174,466,-1,466,174,172,-1,466,172,5,-1,476,3,240,-1,240,3,1,-1,240,1,238,-1,238,1,0,-1,238,0,244,-1,244,0,253,-1,252,0,251,-1,251,0,504,-1,251,504,505,-1,17,506,16,-1,16,506,507,-1,16,507,508,-1,509,504,508,-1,508,504,0,-1,508,0,16,-1,16,0,2,-1,16,2,18,-1,18,2,28,-1,214,264,199,-1,199,264,362,-1,199,362,200,-1,200,362,411,-1,200,411,201,-1,201,411,407,-1,201,407,271,-1,271,407,465,-1,271,465,177,-1,177,465,449,-1,177,449,169,-1,505,506,251,-1,251,506,17,-1,251,17,510,-1,510,17,76,-1,511,512,451,-1,513,514,515,-1,515,511,513,-1,513,511,451,-1,513,451,516,-1,516,451,517,-1,516,517,518,-1,518,517,519,-1,520,512,521,-1,521,512,522,-1,521,522,523,-1,523,522,524,-1,520,525,512,-1,512,525,526,-1,512,526,527,-1,173,170,171,-1,171,170,169,-1,171,169,519,-1,519,169,449,-1,519,449,518,-1,518,449,522,-1,527,528,512,-1,512,528,529,-1,512,529,451,-1,451,529,530,-1,451,530,449,-1,449,530,531,-1,449,531,532,-1,533,534,522,-1,522,534,535,-1,522,535,524,-1,532,536,449,-1,449,536,537,-1,449,537,522,-1,522,537,538,-1,522,538,533,-1,259,249,256,-1,256,249,251,-1,256,251,261,-1,261,251,510,-1,261,510,294,-1,294,510,539,-1,82,539,540,-1,540,539,541,-1,541,539,542,-1,542,539,510,-1,542,510,543,-1,82,540,76,-1,76,540,544,-1,76,544,510,-1,510,544,545,-1,510,545,543,-1,546,547,548,-1,548,547,542,-1,548,542,549,-1,549,542,543,-1,549,543,550,-1,550,543,551,-1,439,438,462,-1,462,438,552,-1,462,552,453,-1,453,552,553,-1,453,553,451,-1,451,553,554,-1,451,554,517,-1,68,70,82,-1,82,70,555,-1,82,555,539,-1,539,555,341,-1,539,341,294,-1,294,341,343,-1,294,343,292,-1,58,60,70,-1,70,60,556,-1,70,556,555,-1,555,556,557,-1,555,557,341,-1,341,557,558,-1,341,558,340,-1,340,558,559,-1,340,559,351,-1,351,559,560,-1,351,560,431,-1,431,560,561,-1,431,561,438,-1,438,561,562,-1,438,562,552,-1,552,562,563,-1,552,563,553,-1,553,563,564,-1,553,564,554,-1,487,482,26,-1,26,482,484,-1,26,484,30,-1,30,484,565,-1,30,565,40,-1,40,565,566,-1,40,566,41,-1,41,566,567,-1,41,567,48,-1,48,567,568,-1,48,568,65,-1,65,568,569,-1,65,569,63,-1,63,569,570,-1,571,572,573,-1,574,575,576,-1,577,578,579,-1,579,578,580,-1,577,581,578,-1,578,581,582,-1,578,582,583,-1,584,585,586,-1,586,585,587,-1,584,588,585,-1,585,588,589,-1,585,589,590,-1,590,589,591,-1,590,591,592,-1,583,593,576,-1,576,593,594,-1,576,594,595,-1,596,597,598,-1,597,596,573,-1,573,596,599,-1,573,599,571,-1,600,601,578,-1,602,603,604,-1,604,603,605,-1,604,605,606,-1,607,608,609,-1,610,611,612,-1,612,613,610,-1,610,613,614,-1,610,614,615,-1,616,617,618,-1,618,617,619,-1,618,619,620,-1,621,622,623,-1,624,621,625,-1,625,621,626,-1,627,628,621,-1,621,628,629,-1,621,629,618,-1,618,629,630,-1,618,630,631,-1,606,632,604,-1,604,632,633,-1,604,633,634,-1,634,633,635,-1,636,637,638,-1,595,639,576,-1,576,639,640,-1,576,640,641,-1,641,642,576,-1,576,642,643,-1,576,643,572,-1,572,643,644,-1,572,644,573,-1,572,645,576,-1,576,645,646,-1,576,646,647,-1,608,648,609,-1,609,648,649,-1,609,649,650,-1,651,652,576,-1,576,652,653,-1,576,653,654,-1,655,656,657,-1,576,658,659,-1,660,661,662,-1,592,663,590,-1,590,663,664,-1,590,664,665,-1,665,666,590,-1,590,666,667,-1,590,667,576,-1,576,667,668,-1,576,668,574,-1,669,670,671,-1,615,672,610,-1,610,672,670,-1,610,670,673,-1,673,670,669,-1,583,576,578,-1,578,576,674,-1,578,674,600,-1,601,675,578,-1,578,675,676,-1,578,676,677,-1,620,678,618,-1,618,678,679,-1,618,679,621,-1,621,679,680,-1,621,680,622,-1,681,682,683,-1,683,682,684,-1,685,686,585,-1,585,686,687,-1,585,687,688,-1,689,690,691,-1,691,690,692,-1,693,694,637,-1,638,695,636,-1,636,695,696,-1,636,696,697,-1,698,699,700,-1,700,699,701,-1,700,701,598,-1,598,701,702,-1,598,702,596,-1,647,703,576,-1,576,703,704,-1,576,704,705,-1,607,609,705,-1,705,609,706,-1,705,706,576,-1,576,706,707,-1,576,707,651,-1,708,709,710,-1,710,709,658,-1,710,658,711,-1,711,658,576,-1,711,576,712,-1,712,576,654,-1,656,713,657,-1,657,713,714,-1,657,714,715,-1,655,657,710,-1,710,657,716,-1,710,716,708,-1,661,717,662,-1,662,717,718,-1,662,718,719,-1,720,721,722,-1,722,721,723,-1,722,723,724,-1,725,726,576,-1,623,727,621,-1,621,727,728,-1,621,728,626,-1,684,682,624,-1,624,682,729,-1,624,729,621,-1,730,731,732,-1,732,731,733,-1,732,733,734,-1,735,736,590,-1,590,736,737,-1,590,737,738,-1,590,739,740,-1,740,741,590,-1,590,741,742,-1,590,742,585,-1,585,742,743,-1,585,743,685,-1,744,745,746,-1,746,745,747,-1,746,747,748,-1,749,750,751,-1,751,750,752,-1,751,752,753,-1,689,754,690,-1,690,754,755,-1,690,755,756,-1,631,757,618,-1,618,757,758,-1,618,758,759,-1,694,760,637,-1,637,760,761,-1,637,761,638,-1,660,662,762,-1,762,662,763,-1,762,763,764,-1,764,765,762,-1,762,765,766,-1,762,766,767,-1,768,769,770,-1,770,769,771,-1,770,771,772,-1,772,771,773,-1,774,575,724,-1,724,575,775,-1,724,775,722,-1,776,777,778,-1,779,780,590,-1,781,782,590,-1,753,783,751,-1,751,783,784,-1,751,784,785,-1,690,786,692,-1,692,786,787,-1,692,787,788,-1,747,789,634,-1,634,789,790,-1,634,790,621,-1,621,790,791,-1,621,791,792,-1,792,793,621,-1,621,793,794,-1,621,794,627,-1,795,796,797,-1,797,796,798,-1,797,798,650,-1,650,798,799,-1,650,799,609,-1,659,800,576,-1,576,800,801,-1,576,801,719,-1,802,803,804,-1,804,803,805,-1,804,805,806,-1,807,808,809,-1,809,808,810,-1,809,810,811,-1,812,576,813,-1,813,576,806,-1,814,815,816,-1,817,818,819,-1,819,818,820,-1,819,820,821,-1,821,820,822,-1,823,824,604,-1,825,826,827,-1,827,826,828,-1,827,828,671,-1,671,828,829,-1,671,829,669,-1,771,830,773,-1,773,830,831,-1,773,831,832,-1,833,834,770,-1,770,834,835,-1,770,835,768,-1,725,576,836,-1,726,837,576,-1,576,837,838,-1,576,838,674,-1,839,840,841,-1,841,840,842,-1,841,842,843,-1,843,842,844,-1,843,844,681,-1,681,844,845,-1,681,845,682,-1,846,847,848,-1,738,849,590,-1,590,849,850,-1,590,850,739,-1,746,851,744,-1,744,851,852,-1,744,852,853,-1,854,855,856,-1,856,855,857,-1,856,857,715,-1,715,857,858,-1,715,858,657,-1,859,860,861,-1,576,862,863,-1,802,804,864,-1,864,804,865,-1,864,865,866,-1,866,867,864,-1,864,867,868,-1,864,868,869,-1,807,809,870,-1,870,809,871,-1,870,871,872,-1,872,873,870,-1,870,873,874,-1,870,874,875,-1,815,876,816,-1,816,876,877,-1,816,877,878,-1,814,816,820,-1,820,816,879,-1,820,879,822,-1,812,817,576,-1,576,817,819,-1,576,819,604,-1,604,819,880,-1,604,880,881,-1,882,883,604,-1,604,883,884,-1,885,602,886,-1,886,602,604,-1,886,604,887,-1,887,604,824,-1,888,889,890,-1,890,889,891,-1,890,891,720,-1,720,891,892,-1,720,892,721,-1,729,893,621,-1,621,893,894,-1,621,894,895,-1,848,896,846,-1,846,896,897,-1,846,897,898,-1,776,899,777,-1,777,899,900,-1,777,900,901,-1,901,900,902,-1,780,903,590,-1,590,903,904,-1,590,904,905,-1,906,907,908,-1,908,907,909,-1,908,909,910,-1,910,909,911,-1,910,911,734,-1,734,911,912,-1,734,912,732,-1,913,914,635,-1,635,914,915,-1,635,915,634,-1,634,915,916,-1,637,917,693,-1,693,917,918,-1,693,918,919,-1,919,918,920,-1,919,920,921,-1,921,920,914,-1,921,914,922,-1,922,914,913,-1,923,924,925,-1,925,924,926,-1,925,926,767,-1,767,926,927,-1,767,927,762,-1,863,928,576,-1,576,928,929,-1,576,929,806,-1,806,929,930,-1,806,930,804,-1,881,931,604,-1,604,931,932,-1,604,932,933,-1,934,935,936,-1,936,935,933,-1,934,937,935,-1,935,937,938,-1,935,938,939,-1,884,940,604,-1,604,940,941,-1,604,941,823,-1,942,943,944,-1,944,943,602,-1,944,602,945,-1,945,602,885,-1,946,947,948,-1,846,949,847,-1,847,949,950,-1,847,950,951,-1,951,950,952,-1,946,953,621,-1,621,953,954,-1,621,954,955,-1,955,956,621,-1,621,956,957,-1,621,957,958,-1,958,957,959,-1,958,959,960,-1,958,961,962,-1,962,961,963,-1,781,590,964,-1,732,735,730,-1,730,735,590,-1,730,590,965,-1,965,590,966,-1,916,967,634,-1,634,967,968,-1,634,968,969,-1,970,971,634,-1,785,972,634,-1,634,972,973,-1,634,973,747,-1,747,973,974,-1,747,974,748,-1,975,976,977,-1,977,976,978,-1,977,978,788,-1,788,978,979,-1,788,979,692,-1,719,718,576,-1,576,718,980,-1,576,980,981,-1,859,861,982,-1,982,861,983,-1,982,983,984,-1,984,985,982,-1,982,985,986,-1,982,986,987,-1,935,988,933,-1,933,988,989,-1,933,989,604,-1,604,989,990,-1,604,990,882,-1,991,992,993,-1,993,992,994,-1,993,994,832,-1,832,994,995,-1,832,995,773,-1,774,996,575,-1,575,996,997,-1,575,997,576,-1,576,997,998,-1,576,998,834,-1,895,999,621,-1,621,999,1000,-1,621,1000,1001,-1,1002,1003,1004,-1,1004,1003,946,-1,1004,946,1005,-1,1005,946,948,-1,960,1006,958,-1,958,1006,1007,-1,958,1007,961,-1,1008,1009,1010,-1,1008,1011,621,-1,621,1011,1012,-1,621,1012,1013,-1,1013,1014,621,-1,621,1014,1015,-1,621,1015,1016,-1,1015,1017,1016,-1,1016,1017,1018,-1,1016,1018,1019,-1,1016,1020,621,-1,621,1020,1021,-1,621,1021,590,-1,590,1021,1022,-1,590,1022,779,-1,1023,1024,1025,-1,1025,1024,1026,-1,1025,1026,1027,-1,782,1028,1029,-1,1029,1028,1030,-1,1029,1030,1031,-1,1031,1030,1032,-1,782,1029,590,-1,590,1029,1033,-1,590,1033,1034,-1,969,1035,634,-1,634,1035,1036,-1,634,1036,1037,-1,1038,1039,1040,-1,1040,1039,1041,-1,1040,1041,853,-1,853,1041,1042,-1,853,1042,744,-1,751,1043,749,-1,749,1043,1044,-1,749,1044,1045,-1,1045,1044,1046,-1,1045,1046,1047,-1,1047,1046,1048,-1,1047,1048,1049,-1,1049,1048,1050,-1,1051,1052,1053,-1,1053,1052,1054,-1,1053,1054,869,-1,869,1054,1055,-1,869,1055,864,-1,1056,1057,1058,-1,1058,1057,1059,-1,1058,1059,875,-1,875,1059,1060,-1,875,1060,870,-1,1061,1062,1063,-1,1063,1062,1064,-1,1063,1064,878,-1,878,1064,1065,-1,878,1065,816,-1,833,1066,834,-1,834,1066,1067,-1,834,1067,576,-1,576,1067,1068,-1,576,1068,611,-1,610,1069,611,-1,611,1069,1070,-1,611,1070,576,-1,576,1070,1071,-1,576,1071,836,-1,897,1072,621,-1,621,1072,1073,-1,621,1073,946,-1,946,1073,1074,-1,946,1074,947,-1,958,1075,621,-1,621,1075,1076,-1,621,1076,1077,-1,1077,1078,621,-1,621,1078,1079,-1,621,1079,1008,-1,1008,1079,1080,-1,1008,1080,1009,-1,1081,1082,1083,-1,1083,1082,1008,-1,1083,1008,1084,-1,1084,1008,1010,-1,1085,1086,1087,-1,1087,1086,1016,-1,1087,1016,1088,-1,1088,1016,1019,-1,1089,1090,590,-1,590,1090,1091,-1,590,1091,964,-1,756,970,690,-1,690,970,634,-1,690,634,1092,-1,1092,634,1037,-1,971,1093,634,-1,634,1093,1094,-1,634,1094,785,-1,785,1094,1095,-1,785,1095,751,-1,1096,1097,1098,-1,1098,1097,1099,-1,1098,1099,939,-1,939,1099,1100,-1,939,1100,935,-1,1101,1102,1103,-1,1103,1102,1104,-1,1103,1104,1105,-1,1105,1104,1106,-1,1105,1106,900,-1,900,1106,1107,-1,900,1107,902,-1,1108,1109,1110,-1,1110,1109,1111,-1,1110,1111,1112,-1,1112,1111,1113,-1,1112,1113,1083,-1,1083,1113,1114,-1,1083,1114,1081,-1,1027,1026,905,-1,905,1026,1115,-1,905,1115,590,-1,590,1115,1116,-1,590,1116,1089,-1,1034,1117,590,-1,590,1117,1118,-1,590,1118,966,-1,1119,1120,576,-1,576,1120,1121,-1,576,1121,862,-1,862,1121,861,-1,862,861,1122,-1,1122,861,860,-1,1123,1124,1125,-1,1125,1124,1126,-1,1125,1126,987,-1,987,1126,1127,-1,987,1127,982,-1,778,1128,776,-1,776,1128,1129,-1,776,1129,1130,-1,1130,1129,621,-1,1130,621,1131,-1,1131,621,1001,-1,1129,1132,621,-1,621,1132,1133,-1,621,1133,897,-1,897,1133,1134,-1,897,1134,898,-1,1135,1136,1137,-1,1137,1136,1138,-1,1137,1138,1139,-1,1139,1138,1140,-1,1139,1140,1004,-1,1004,1140,1141,-1,1004,1141,1002,-1,1142,1143,1144,-1,1144,1143,1145,-1,1144,1145,1146,-1,1146,1145,1147,-1,1146,1147,950,-1,950,1147,1148,-1,950,1148,952,-1,1149,1150,1151,-1,1151,1150,1152,-1,1151,1152,1153,-1,1153,1152,1154,-1,1153,1154,961,-1,961,1154,1155,-1,961,1155,963,-1,981,1156,576,-1,576,1156,1157,-1,576,1157,1119,-1,1119,1157,809,-1,1119,809,1158,-1,1158,809,811,-1,1159,1160,1161,-1,1161,1160,1162,-1,1161,1162,1163,-1,1163,1162,1164,-1,1163,1164,1087,-1,1087,1164,1165,-1,1087,1165,1085,-1,1166,1167,1168,-1,1168,1167,1169,-1,1168,1169,1170,-1,1170,1169,1171,-1,1170,1171,1025,-1,1025,1171,1172,-1,1025,1172,1023,-1,1173,1174,1175,-1,1175,1174,1176,-1,1175,1176,1177,-1,1177,1176,1178,-1,1177,1178,1030,-1,1030,1178,1179,-1,1030,1179,1032,-1,
        ]
    }
}
Shape{
    appearance Appearance {
        material  Material 	{
            diffuseColor 0.6666666666666666 0.6980392156862745 0.7686274509803922
            specularColor 0.3333333333333333 0.34901960784313724 0.3843137254901961
            ambientIntensity 0.2
            transparency 0
            shininess 0.5
        }
    }
    geometry IndexedFaceSet {
        ccw TRUE
        solid FALSE
        coord DEF co Coordinate {
            point [
                0.2461 -1.0669 -0.0315, 0.2461 -1.0669 -0.0394, 0.2461 -1.1654 -0.0315, 0.2461 -1.1654 -0.0394, 0.2461 -1.1732 0.0, 0.2461 -1.1732 -0.0079, 0.2461 -1.1811 0.0, 0.2461 -1.185 -0.0079, 0.2461 -1.1811 0.0472, 0.2461 -1.185 0.0472, 0.3445 -1.0669 -0.0394, 0.3445 -1.0669 -0.0315, 0.3445 -1.1654 -0.0394, 0.3445 -1.1654 -0.0315, 0.3445 -1.1811 0.0472, 0.3445 -1.185 0.0472, 0.3445 -1.1811 0.0, 0.3445 -1.185 -0.0079, 0.3445 -1.1732 0.0, 0.3445 -1.1732 -0.0079, 0.3139 -1.0285 -0.0394, 0.3051 -1.0276 -0.0394, 0.2854 -1.0276 -0.0394, 0.3297 -1.0361 -0.0394, 0.3359 -1.0424 -0.0394, 0.3406 -1.0498 -0.0394, 0.2767 -1.0285 -0.0394, 0.2684 -1.0315 -0.0394, 0.3222 -1.0315 -0.0394, 0.3435 -1.0582 -0.0394, 0.2471 -1.0582 -0.0394, 0.25 -1.0498 -0.0394, 0.2609 -1.0361 -0.0394, 0.2547 -1.0424 -0.0394, 0.0492 -1.0669 -0.0315, 0.0492 -1.0669 -0.0394, 0.0492 -1.1654 -0.0315, 0.0492 -1.1654 -0.0394, 0.0492 -1.1732 0.0, 0.0492 -1.1732 -0.0079, 0.0492 -1.1811 0.0, 0.0492 -1.185 -0.0079, 0.0492 -1.1811 0.0472, 0.0492 -1.185 0.0472, 0.1476 -1.0669 -0.0394, 0.1476 -1.0669 -0.0315, 0.1476 -1.1654 -0.0394, 0.1476 -1.1654 -0.0315, 0.1476 -1.1811 0.0472, 0.1476 -1.185 0.0472, 0.1476 -1.1811 0.0, 0.1476 -1.185 -0.0079, 0.1476 -1.1732 0.0, 0.1476 -1.1732 -0.0079, 0.117 -1.0285 -0.0394, 0.1083 -1.0276 -0.0394, 0.0886 -1.0276 -0.0394, 0.1328 -1.0361 -0.0394, 0.139 -1.0424 -0.0394, 0.1437 -1.0498 -0.0394, 0.0798 -1.0285 -0.0394, 0.0715 -1.0315 -0.0394, 0.1253 -1.0315 -0.0394, 0.1467 -1.0582 -0.0394, 0.0502 -1.0582 -0.0394, 0.0531 -1.0498 -0.0394, 0.064 -1.0361 -0.0394, 0.0578 -1.0424 -0.0394, -0.1476 -1.0669 -0.0315, -0.1476 -1.0669 -0.0394, -0.1476 -1.1654 -0.0315, -0.1476 -1.1654 -0.0394, -0.1476 -1.1732 0.0, -0.1476 -1.1732 -0.0079, -0.1476 -1.1811 0.0, -0.1476 -1.185 -0.0079, -0.1476 -1.1811 0.0472, -0.1476 -1.185 0.0472, -0.0492 -1.0669 -0.0394, -0.0492 -1.0669 -0.0315, -0.0492 -1.1654 -0.0394, -0.0492 -1.1654 -0.0315, -0.0492 -1.1811 0.0472, -0.0492 -1.185 0.0472, -0.0492 -1.1811 0.0, -0.0492 -1.185 -0.0079, -0.0492 -1.1732 0.0, -0.0492 -1.1732 -0.0079, -0.0798 -1.0285 -0.0394, -0.0886 -1.0276 -0.0394, -0.1083 -1.0276 -0.0394, -0.064 -1.0361 -0.0394, -0.0578 -1.0424 -0.0394, -0.0531 -1.0498 -0.0394, -0.117 -1.0285 -0.0394, -0.1253 -1.0315 -0.0394, -0.0715 -1.0315 -0.0394, -0.0502 -1.0582 -0.0394, -0.1467 -1.0582 -0.0394, -0.1437 -1.0498 -0.0394, -0.1328 -1.0361 -0.0394, -0.139 -1.0424 -0.0394, -0.3445 -1.0669 -0.0315, -0.3445 -1.0669 -0.0394, -0.3445 -1.1654 -0.0315, -0.3445 -1.1654 -0.0394, -0.3445 -1.1732 0.0, -0.3445 -1.1732 -0.0079, -0.3445 -1.1811 0.0, -0.3445 -1.185 -0.0079, -0.3445 -1.1811 0.0472, -0.3445 -1.185 0.0472, -0.2461 -1.0669 -0.0394, -0.2461 -1.0669 -0.0315, -0.2461 -1.1654 -0.0394, -0.2461 -1.1654 -0.0315, -0.2461 -1.1811 0.0472, -0.2461 -1.185 0.0472, -0.2461 -1.1811 0.0, -0.2461 -1.185 -0.0079, -0.2461 -1.1732 0.0, -0.2461 -1.1732 -0.0079, -0.2767 -1.0285 -0.0394, -0.2854 -1.0276 -0.0394, -0.3051 -1.0276 -0.0394, -0.2609 -1.0361 -0.0394, -0.2547 -1.0424 -0.0394, -0.25 -1.0498 -0.0394, -0.3139 -1.0285 -0.0394, -0.3222 -1.0315 -0.0394, -0.2684 -1.0315 -0.0394, -0.2471 -1.0582 -0.0394, -0.3435 -1.0582 -0.0394, -0.3406 -1.0498 -0.0394, -0.3297 -1.0361 -0.0394, -0.3359 -1.0424 -0.0394, -0.3359 -1.0424 -0.0394
            ]
        }
        coordIndex [
            0,1,2,-1,2,1,3,-1,4,5,6,-1,6,5,7,-1,6,7,8,-1,8,7,9,-1,10,11,12,-1,12,11,13,-1,14,15,16,-1,16,15,17,-1,16,17,18,-1,18,17,19,-1,15,9,17,-1,17,9,7,-1,20,10,21,-1,21,10,12,-1,21,12,22,-1,23,24,25,-1,12,3,22,-1,22,3,1,-1,22,1,26,-1,26,1,27,-1,20,28,10,-1,10,28,23,-1,10,23,29,-1,29,23,25,-1,1,30,27,-1,27,30,31,-1,27,31,32,-1,32,31,33,-1,34,35,36,-1,36,35,37,-1,38,39,40,-1,40,39,41,-1,40,41,42,-1,42,41,43,-1,44,45,46,-1,46,45,47,-1,48,49,50,-1,50,49,51,-1,50,51,52,-1,52,51,53,-1,49,43,51,-1,51,43,41,-1,54,44,55,-1,55,44,46,-1,55,46,56,-1,57,58,59,-1,46,37,56,-1,56,37,35,-1,56,35,60,-1,60,35,61,-1,54,62,44,-1,44,62,57,-1,44,57,63,-1,63,57,59,-1,35,64,61,-1,61,64,65,-1,61,65,66,-1,66,65,67,-1,68,69,70,-1,70,69,71,-1,72,73,74,-1,74,73,75,-1,74,75,76,-1,76,75,77,-1,78,79,80,-1,80,79,81,-1,82,83,84,-1,84,83,85,-1,84,85,86,-1,86,85,87,-1,83,77,85,-1,85,77,75,-1,88,78,89,-1,89,78,80,-1,89,80,90,-1,91,92,93,-1,80,71,90,-1,90,71,69,-1,90,69,94,-1,94,69,95,-1,88,96,78,-1,78,96,91,-1,78,91,97,-1,97,91,93,-1,69,98,95,-1,95,98,99,-1,95,99,100,-1,100,99,101,-1,102,103,104,-1,104,103,105,-1,106,107,108,-1,108,107,109,-1,108,109,110,-1,110,109,111,-1,112,113,114,-1,114,113,115,-1,116,117,118,-1,118,117,119,-1,118,119,120,-1,120,119,121,-1,117,111,119,-1,119,111,109,-1,122,112,123,-1,123,112,114,-1,123,114,124,-1,125,126,127,-1,114,105,124,-1,124,105,103,-1,124,103,128,-1,128,103,129,-1,122,130,112,-1,112,130,125,-1,112,125,131,-1,131,125,127,-1,103,132,129,-1,129,132,133,-1,129,133,134,-1,134,133,135,-1,
        ]
    }
}
Shape{
    appearance Appearance {
        material  Material 	{
            diffuseColor 0.2235294117647059 0.2235294117647059 0.2235294117647059
            specularColor 0.11372549019607843 0.11372549019607843 0.11372549019607843
            ambientIntensity 0.2
            transparency 0
            shininess 0.5
        }
    }
    geometry IndexedFaceSet {
        ccw TRUE
        solid FALSE
        coord DEF co Coordinate {
            point [
                -0.3445 -1.1732 0.0, -0.3445 -1.1811 0.0, -0.7795 -1.1732 0.0, -0.7874 -1.1811 0.0, -0.7795 -1.0335 0.0, -0.7874 -1.0335 0.0, -0.1476 -1.1732 0.0, -0.1476 -1.1811 0.0, -0.2461 -1.1732 0.0, -0.2461 -1.1811 0.0, -0.7874 -1.1811 0.2835, -0.3445 -1.1811 0.0472, -0.2461 -1.1811 0.0472, 0.7874 -1.1811 0.2835, -0.0492 -1.1811 0.0472, -0.0492 -1.1811 0.0, 0.0492 -1.1811 0.0, 0.0492 -1.1811 0.0472, 0.1476 -1.1811 0.0472, -0.1476 -1.1811 0.0472, 0.3445 -1.1811 0.0, 0.7874 -1.1811 0.0, 0.3445 -1.1811 0.0472, 0.2461 -1.1811 0.0472, 0.2461 -1.1811 0.0, 0.1476 -1.1811 0.0, -0.3445 -1.1732 -0.0079, -0.7795 -1.1732 -0.0315, -0.3445 -1.1732 -0.0315, -0.1476 -1.1732 -0.0079, -0.2461 -1.1732 -0.0079, -0.1476 -1.1732 -0.0315, -0.2461 -1.1732 -0.0315, 0.0492 -1.1732 0.0, -0.0492 -1.1732 0.0, -0.0492 -1.1732 -0.0315, 0.0492 -1.1732 -0.0315, -0.0492 -1.1732 -0.0079, 0.0492 -1.1732 -0.0079, 0.2461 -1.1732 0.0, 0.1476 -1.1732 0.0, 0.2461 -1.1732 -0.0079, 0.1476 -1.1732 -0.0079, 0.2461 -1.1732 -0.0315, 0.1476 -1.1732 -0.0315, 0.7795 -1.0335 0.0, 0.7874 -1.0335 0.0, 0.7795 -1.1732 0.0, 0.3445 -1.1732 0.0, 0.3445 -1.1732 -0.0315, 0.7795 -1.1732 -0.0315, 0.3445 -1.1732 -0.0079, 0.3445 -1.1732 -0.0079
            ]
        }
        coordIndex [
            0,1,2,-1,2,1,3,-1,2,3,4,-1,4,3,5,-1,6,7,8,-1,8,7,9,-1,10,3,1,-1,1,11,10,-1,10,11,12,-1,10,12,13,-1,14,15,16,-1,17,18,13,-1,16,17,14,-1,14,17,13,-1,14,13,19,-1,19,13,12,-1,19,12,7,-1,7,12,9,-1,20,21,22,-1,22,21,13,-1,22,13,23,-1,23,13,18,-1,23,18,24,-1,24,18,25,-1,0,2,26,-1,26,2,27,-1,26,27,28,-1,6,8,29,-1,29,8,30,-1,29,30,31,-1,31,30,32,-1,33,16,34,-1,34,16,15,-1,35,36,37,-1,37,36,38,-1,37,38,34,-1,34,38,33,-1,39,24,40,-1,40,24,25,-1,39,40,41,-1,41,40,42,-1,41,42,43,-1,43,42,44,-1,45,46,47,-1,47,46,21,-1,47,21,48,-1,48,21,20,-1,49,50,51,-1,51,50,47,-1,51,47,48,-1,
        ]
    }
}
Shape{
    appearance Appearance {
        material  Material 	{
            diffuseColor 0.6666666666666666 0.6980392156862745 0.7686274509803922
            specularColor 0.3333333333333333 0.34901960784313724 0.3843137254901961
            ambientIntensity 0.2
            transparency 0
            shininess 0.5
        }
    }
    geometry IndexedFaceSet {
        ccw TRUE
        solid FALSE
        coord DEF co Coordinate {
            point [
                0.0492 1.1811 0.0472, 0.0492 1.185 0.0472, 0.0492 1.1811 0.0, 0.0492 1.185 -0.0079, 0.0492 1.1732 0.0, 0.0492 1.1732 -0.0079, 0.1476 1.1732 0.0, 0.1476 1.1732 -0.0079, 0.1476 1.1811 0.0, 0.1476 1.185 -0.0079, 0.1476 1.1811 0.0472, 0.1476 1.185 0.0472, -0.1476 1.1811 0.0472, -0.1476 1.185 0.0472, -0.1476 1.1811 0.0, -0.1476 1.185 -0.0079, -0.1476 1.1732 0.0, -0.1476 1.1732 -0.0079, -0.0492 1.1732 0.0, -0.0492 1.1732 -0.0079, -0.0492 1.1811 0.0, -0.0492 1.185 -0.0079, -0.0492 1.1811 0.0472, -0.0492 1.185 0.0472, -0.3445 1.1811 0.0472, -0.3445 1.185 0.0472, -0.3445 1.1811 0.0, -0.3445 1.185 -0.0079, -0.3445 1.1732 0.0, -0.3445 1.1732 -0.0079, -0.2461 1.1732 0.0, -0.2461 1.1732 -0.0079, -0.2461 1.1811 0.0, -0.2461 1.185 -0.0079, -0.2461 1.1811 0.0472, -0.2461 1.185 0.0472, -0.2461 1.185 0.0472
            ]
        }
        coordIndex [
            0,1,2,-1,2,1,3,-1,2,3,4,-1,4,3,5,-1,6,7,8,-1,8,7,9,-1,8,9,10,-1,10,9,11,-1,3,1,9,-1,9,1,11,-1,12,13,14,-1,14,13,15,-1,14,15,16,-1,16,15,17,-1,18,19,20,-1,20,19,21,-1,20,21,22,-1,22,21,23,-1,15,13,21,-1,21,13,23,-1,24,25,26,-1,26,25,27,-1,26,27,28,-1,28,27,29,-1,30,31,32,-1,32,31,33,-1,32,33,34,-1,34,33,35,-1,27,25,33,-1,33,25,35,-1,
        ]
    }
}
Shape{
    appearance Appearance {
        material  Material 	{
            diffuseColor 0.2235294117647059 0.2235294117647059 0.2235294117647059
            specularColor 0.11372549019607843 0.11372549019607843 0.11372549019607843
            ambientIntensity 0.2
            transparency 0
            shininess 0.5
        }
    }
    geometry IndexedFaceSet {
        ccw TRUE
        solid FALSE
        coord DEF co Coordinate {
            point [
                -0.7795 1.0335 0.0, -0.7874 1.0335 0.0, -0.7795 1.1732 0.0, -0.7874 1.1811 0.0, -0.3445 1.1732 0.0, -0.3445 1.1811 0.0, -0.3445 1.1732 -0.0315, -0.7795 1.1732 -0.0315, -0.3445 1.1732 -0.0079, -0.2461 1.1811 0.0, -0.1476 1.1811 0.0, -0.2461 1.1732 0.0, -0.1476 1.1732 0.0, -0.2461 1.1732 -0.0079, -0.1476 1.1732 -0.0079, -0.2461 1.1732 -0.0315, -0.1476 1.1732 -0.0315, -0.0492 1.1811 0.0, 0.0492 1.1811 0.0, -0.0492 1.1732 0.0, 0.0492 1.1732 0.0, -0.0492 1.1732 -0.0079, 0.0492 1.1732 -0.0079, -0.0492 1.1732 -0.0315, 0.0492 1.1732 -0.0315, 0.0492 1.1732 -0.0315
            ]
        }
        coordIndex [
            0,1,2,-1,2,1,3,-1,2,3,4,-1,4,3,5,-1,6,7,8,-1,8,7,2,-1,8,2,4,-1,9,10,11,-1,11,10,12,-1,11,12,13,-1,13,12,14,-1,13,14,15,-1,15,14,16,-1,17,18,19,-1,19,18,20,-1,19,20,21,-1,21,20,22,-1,21,22,23,-1,23,22,24,-1,
        ]
    }
}
Shape{
    appearance Appearance {
        material  Material 	{
            diffuseColor 0.6666666666666666 0.6980392156862745 0.7686274509803922
            specularColor 0.3333333333333333 0.34901960784313724 0.3843137254901961
            ambientIntensity 0.2
            transparency 0
            shininess 0.5
        }
    }
    geometry IndexedFaceSet {
        ccw TRUE
        solid FALSE
        coord DEF co Coordinate {
            point [
                0.2461 1.1811 0.0472, 0.2461 1.185 0.0472, 0.2461 1.1811 0.0, 0.2461 1.185 -0.0079, 0.2461 1.1732 0.0, 0.2461 1.1732 -0.0079, 0.3445 1.1732 0.0, 0.3445 1.1732 -0.0079, 0.3445 1.1811 0.0, 0.3445 1.185 -0.0079, 0.3445 1.1811 0.0472, 0.3445 1.185 0.0472, 0.3445 1.185 0.0472
            ]
        }
        coordIndex [
            0,1,2,-1,2,1,3,-1,2,3,4,-1,4,3,5,-1,6,7,8,-1,8,7,9,-1,8,9,10,-1,10,9,11,-1,3,1,9,-1,9,1,11,-1,
        ]
    }
}
Shape{
    appearance Appearance {
        material  Material 	{
            diffuseColor 0.2235294117647059 0.2235294117647059 0.2235294117647059
            specularColor 0.11372549019607843 0.11372549019607843 0.11372549019607843
            ambientIntensity 0.2
            transparency 0
            shininess 0.5
        }
    }
    geometry IndexedFaceSet {
        ccw TRUE
        solid FALSE
        coord DEF co Coordinate {
            point [
                0.1476 1.1811 0.0, 0.2461 1.1811 0.0, 0.1476 1.1732 0.0, 0.2461 1.1732 0.0, 0.2461 1.1732 -0.0315, 0.1476 1.1732 -0.0315, 0.2461 1.1732 -0.0079, 0.1476 1.1732 -0.0079, 0.1476 1.1732 -0.0079
            ]
        }
        coordIndex [
            0,1,2,-1,2,1,3,-1,4,5,6,-1,6,5,7,-1,6,7,3,-1,3,7,2,-1,
        ]
    }
}
Shape{
    appearance Appearance {
        material  Material 	{
            diffuseColor 0.6666666666666666 0.6980392156862745 0.7686274509803922
            specularColor 0.3333333333333333 0.34901960784313724 0.3843137254901961
            ambientIntensity 0.2
            transparency 0
            shininess 0.5
        }
    }
    geometry IndexedFaceSet {
        ccw TRUE
        solid FALSE
        coord DEF co Coordinate {
            point [
                -0.6142 0.935 -0.0394, -0.6142 0.935 -0.0315, -0.7717 0.935 -0.0394, -0.7717 0.935 -0.0315, -0.6142 1.0335 -0.0315, -0.6142 1.0335 -0.0394, -0.7717 1.0335 -0.0315, -0.7717 1.0335 -0.0394, -0.6054 1.0325 -0.0394, -0.5971 1.0296 -0.0394, -0.5748 0.9941 -0.0394, -0.5896 1.0249 -0.0394, -0.5758 1.0029 -0.0394, -0.5834 1.0186 -0.0394, -0.5787 1.0112 -0.0394, -0.5758 0.9656 -0.0394, -0.5787 0.9573 -0.0394, -0.5834 0.9499 -0.0394, -0.5971 0.9389 -0.0394, -0.6054 0.936 -0.0394, -0.5748 0.9744 -0.0394, -0.5896 0.9436 -0.0394, -0.6142 0.7382 -0.0394, -0.6142 0.7382 -0.0315, -0.7717 0.7382 -0.0394, -0.7717 0.7382 -0.0315, -0.6142 0.8366 -0.0315, -0.6142 0.8366 -0.0394, -0.7717 0.8366 -0.0315, -0.7717 0.8366 -0.0394, -0.5748 0.7972 -0.0394, -0.5748 0.7776 -0.0394, -0.5758 0.7688 -0.0394, -0.6054 0.8356 -0.0394, -0.5971 0.8327 -0.0394, -0.5896 0.828 -0.0394, -0.5834 0.8218 -0.0394, -0.5758 0.806 -0.0394, -0.5787 0.8143 -0.0394, -0.5896 0.7468 -0.0394, -0.6054 0.7392 -0.0394, -0.5971 0.7421 -0.0394, -0.5787 0.7605 -0.0394, -0.5834 0.753 -0.0394, -0.6142 0.5413 -0.0394, -0.6142 0.5413 -0.0315, -0.7717 0.5413 -0.0394, -0.7717 0.5413 -0.0315, -0.6142 0.6398 -0.0315, -0.6142 0.6398 -0.0394, -0.7717 0.6398 -0.0315, -0.7717 0.6398 -0.0394, -0.5758 0.6092 -0.0394, -0.5748 0.6004 -0.0394, -0.5748 0.5807 -0.0394, -0.5758 0.5719 -0.0394, -0.5971 0.6359 -0.0394, -0.5896 0.6312 -0.0394, -0.6054 0.6388 -0.0394, -0.5834 0.6249 -0.0394, -0.5787 0.6175 -0.0394, -0.5896 0.5499 -0.0394, -0.6054 0.5423 -0.0394, -0.5971 0.5452 -0.0394, -0.5787 0.5636 -0.0394, -0.5834 0.5562 -0.0394, -0.6142 0.3445 -0.0394, -0.6142 0.3445 -0.0315, -0.7717 0.3445 -0.0394, -0.7717 0.3445 -0.0315, -0.6142 0.4429 -0.0315, -0.6142 0.4429 -0.0394, -0.7717 0.4429 -0.0315, -0.7717 0.4429 -0.0394, -0.5758 0.4123 -0.0394, -0.5748 0.4035 -0.0394, -0.5971 0.439 -0.0394, -0.5896 0.4343 -0.0394, -0.6054 0.4419 -0.0394, -0.5834 0.4281 -0.0394, -0.5787 0.4206 -0.0394, -0.5787 0.3668 -0.0394, -0.5834 0.3593 -0.0394, -0.5758 0.3751 -0.0394, -0.5896 0.3531 -0.0394, -0.5971 0.3484 -0.0394, -0.5748 0.3839 -0.0394, -0.6054 0.3455 -0.0394, -0.6142 0.1476 -0.0394, -0.6142 0.1476 -0.0315, -0.7717 0.1476 -0.0394, -0.7717 0.1476 -0.0315, -0.6142 0.2461 -0.0315, -0.6142 0.2461 -0.0394, -0.7717 0.2461 -0.0315, -0.7717 0.2461 -0.0394, -0.5758 0.2155 -0.0394, -0.5748 0.2067 -0.0394, -0.5971 0.2422 -0.0394, -0.5896 0.2375 -0.0394, -0.6054 0.2451 -0.0394, -0.5834 0.2312 -0.0394, -0.5787 0.2238 -0.0394, -0.5787 0.1699 -0.0394, -0.5834 0.1625 -0.0394, -0.5758 0.1782 -0.0394, -0.5896 0.1562 -0.0394, -0.5971 0.1515 -0.0394, -0.5748 0.187 -0.0394, -0.6054 0.1486 -0.0394, -0.6142 -0.0492 -0.0394, -0.6142 -0.0492 -0.0315, -0.7717 -0.0492 -0.0394, -0.7717 -0.0492 -0.0315, -0.6142 0.0492 -0.0315, -0.6142 0.0492 -0.0394, -0.7717 0.0492 -0.0315, -0.7717 0.0492 -0.0394, -0.5748 0.0098 -0.0394, -0.5748 -0.0098 -0.0394, -0.6054 0.0482 -0.0394, -0.5971 0.0453 -0.0394, -0.5896 0.0406 -0.0394, -0.5834 0.0344 -0.0394, -0.5787 0.0269 -0.0394, -0.5758 0.0186 -0.0394, -0.5758 -0.0186 -0.0394, -0.5787 -0.0269 -0.0394, -0.5834 -0.0344 -0.0394, -0.5896 -0.0406 -0.0394, -0.5971 -0.0453 -0.0394, -0.6054 -0.0482 -0.0394, -0.6142 -0.2461 -0.0394, -0.6142 -0.2461 -0.0315, -0.7717 -0.2461 -0.0394, -0.7717 -0.2461 -0.0315, -0.6142 -0.1476 -0.0315, -0.6142 -0.1476 -0.0394, -0.7717 -0.1476 -0.0315, -0.7717 -0.1476 -0.0394, -0.5748 -0.187 -0.0394, -0.6054 -0.1486 -0.0394, -0.5971 -0.1515 -0.0394, -0.5896 -0.1562 -0.0394, -0.5834 -0.1625 -0.0394, -0.5787 -0.1699 -0.0394, -0.5758 -0.1782 -0.0394, -0.5787 -0.2238 -0.0394, -0.5834 -0.2312 -0.0394, -0.5758 -0.2155 -0.0394, -0.5896 -0.2375 -0.0394, -0.5971 -0.2422 -0.0394, -0.5748 -0.2067 -0.0394, -0.6054 -0.2451 -0.0394, -0.6142 -0.4429 -0.0394, -0.6142 -0.4429 -0.0315, -0.7717 -0.4429 -0.0394, -0.7717 -0.4429 -0.0315, -0.6142 -0.3445 -0.0315, -0.6142 -0.3445 -0.0394, -0.7717 -0.3445 -0.0315, -0.7717 -0.3445 -0.0394, -0.5758 -0.3751 -0.0394, -0.5748 -0.3839 -0.0394, -0.5748 -0.4035 -0.0394, -0.5758 -0.4123 -0.0394, -0.5971 -0.3484 -0.0394, -0.5896 -0.3531 -0.0394, -0.6054 -0.3455 -0.0394, -0.5834 -0.3593 -0.0394, -0.5787 -0.3668 -0.0394, -0.5896 -0.4343 -0.0394, -0.6054 -0.4419 -0.0394, -0.5971 -0.439 -0.0394, -0.5787 -0.4206 -0.0394, -0.5834 -0.4281 -0.0394, -0.6142 -0.6398 -0.0394, -0.6142 -0.6398 -0.0315, -0.7717 -0.6398 -0.0394, -0.7717 -0.6398 -0.0315, -0.6142 -0.5413 -0.0315, -0.6142 -0.5413 -0.0394, -0.7717 -0.5413 -0.0315, -0.7717 -0.5413 -0.0394, -0.5758 -0.5719 -0.0394, -0.5748 -0.5807 -0.0394, -0.5748 -0.6004 -0.0394, -0.5758 -0.6092 -0.0394, -0.5971 -0.5452 -0.0394, -0.5896 -0.5499 -0.0394, -0.6054 -0.5423 -0.0394, -0.5834 -0.5562 -0.0394, -0.5787 -0.5636 -0.0394, -0.5896 -0.6312 -0.0394, -0.6054 -0.6388 -0.0394, -0.5971 -0.6359 -0.0394, -0.5787 -0.6175 -0.0394, -0.5834 -0.6249 -0.0394, -0.6142 -0.8366 -0.0394, -0.6142 -0.8366 -0.0315, -0.7717 -0.8366 -0.0394, -0.7717 -0.8366 -0.0315, -0.6142 -0.7382 -0.0315, -0.6142 -0.7382 -0.0394, -0.7717 -0.7382 -0.0315, -0.7717 -0.7382 -0.0394, -0.5971 -0.7421 -0.0394, -0.5896 -0.7468 -0.0394, -0.6054 -0.7392 -0.0394, -0.5834 -0.753 -0.0394, -0.5787 -0.7605 -0.0394, -0.5758 -0.806 -0.0394, -0.5787 -0.8143 -0.0394, -0.5834 -0.8218 -0.0394, -0.5758 -0.7688 -0.0394, -0.5748 -0.7776 -0.0394, -0.5748 -0.7972 -0.0394, -0.6054 -0.8356 -0.0394, -0.5971 -0.8327 -0.0394, -0.5896 -0.828 -0.0394, -0.6142 -1.0335 -0.0394, -0.6142 -1.0335 -0.0315, -0.7717 -1.0335 -0.0394, -0.7717 -1.0335 -0.0315, -0.6142 -0.935 -0.0315, -0.6142 -0.935 -0.0394, -0.7717 -0.935 -0.0315, -0.7717 -0.935 -0.0394, -0.6054 -0.936 -0.0394, -0.5971 -0.9389 -0.0394, -0.5748 -0.9744 -0.0394, -0.5896 -0.9436 -0.0394, -0.5758 -0.9656 -0.0394, -0.5834 -0.9499 -0.0394, -0.5787 -0.9573 -0.0394, -0.5758 -1.0029 -0.0394, -0.5787 -1.0112 -0.0394, -0.5834 -1.0186 -0.0394, -0.5971 -1.0296 -0.0394, -0.6054 -1.0325 -0.0394, -0.5748 -0.9941 -0.0394, -0.5896 -1.0249 -0.0394, -0.5896 -1.0249 -0.0394
            ]
        }
        coordIndex [
            0,1,2,-1,2,1,3,-1,4,5,6,-1,6,5,7,-1,2,7,0,-1,0,7,5,-1,8,9,10,-1,10,9,11,-1,10,11,12,-1,12,11,13,-1,12,13,14,-1,15,16,17,-1,18,19,20,-1,20,19,0,-1,20,0,10,-1,10,0,5,-1,10,5,8,-1,15,17,20,-1,20,17,21,-1,20,21,18,-1,22,23,24,-1,24,23,25,-1,26,27,28,-1,28,27,29,-1,30,31,22,-1,22,31,32,-1,24,29,22,-1,22,29,27,-1,22,27,30,-1,30,27,33,-1,30,33,34,-1,34,35,30,-1,30,35,36,-1,30,36,37,-1,37,36,38,-1,22,39,40,-1,40,39,41,-1,32,42,22,-1,22,42,43,-1,22,43,39,-1,44,45,46,-1,46,45,47,-1,48,49,50,-1,50,49,51,-1,52,53,49,-1,46,51,44,-1,44,51,49,-1,49,53,44,-1,44,53,54,-1,44,54,55,-1,56,57,58,-1,58,57,59,-1,58,59,49,-1,49,59,60,-1,49,60,52,-1,44,61,62,-1,62,61,63,-1,55,64,44,-1,44,64,65,-1,44,65,61,-1,66,67,68,-1,68,67,69,-1,70,71,72,-1,72,71,73,-1,74,75,71,-1,71,75,66,-1,71,66,73,-1,73,66,68,-1,76,77,78,-1,78,77,79,-1,78,79,71,-1,71,79,80,-1,71,80,74,-1,81,82,83,-1,83,82,84,-1,83,84,85,-1,75,86,66,-1,66,86,83,-1,66,83,87,-1,87,83,85,-1,88,89,90,-1,90,89,91,-1,92,93,94,-1,94,93,95,-1,96,97,93,-1,93,97,88,-1,93,88,95,-1,95,88,90,-1,98,99,100,-1,100,99,101,-1,100,101,93,-1,93,101,102,-1,93,102,96,-1,103,104,105,-1,105,104,106,-1,105,106,107,-1,97,108,88,-1,88,108,105,-1,88,105,109,-1,109,105,107,-1,110,111,112,-1,112,111,113,-1,114,115,116,-1,116,115,117,-1,110,112,117,-1,117,115,110,-1,110,115,118,-1,110,118,119,-1,120,121,115,-1,115,121,122,-1,115,122,123,-1,123,124,115,-1,115,124,125,-1,115,125,118,-1,119,126,110,-1,110,126,127,-1,110,127,128,-1,128,129,110,-1,110,129,130,-1,110,130,131,-1,132,133,134,-1,134,133,135,-1,136,137,138,-1,138,137,139,-1,134,139,132,-1,132,139,137,-1,132,137,140,-1,141,142,137,-1,137,142,143,-1,137,143,144,-1,144,145,137,-1,137,145,146,-1,137,146,140,-1,147,148,149,-1,149,148,150,-1,149,150,151,-1,140,152,132,-1,132,152,149,-1,132,149,153,-1,153,149,151,-1,154,155,156,-1,156,155,157,-1,158,159,160,-1,160,159,161,-1,162,163,159,-1,156,161,154,-1,154,161,159,-1,159,163,154,-1,154,163,164,-1,154,164,165,-1,166,167,168,-1,168,167,169,-1,168,169,159,-1,159,169,170,-1,159,170,162,-1,154,171,172,-1,172,171,173,-1,165,174,154,-1,154,174,175,-1,154,175,171,-1,176,177,178,-1,178,177,179,-1,180,181,182,-1,182,181,183,-1,184,185,181,-1,178,183,176,-1,176,183,181,-1,181,185,176,-1,176,185,186,-1,176,186,187,-1,188,189,190,-1,190,189,191,-1,190,191,181,-1,181,191,192,-1,181,192,184,-1,176,193,194,-1,194,193,195,-1,187,196,176,-1,176,196,197,-1,176,197,193,-1,198,199,200,-1,200,199,201,-1,202,203,204,-1,204,203,205,-1,200,205,198,-1,198,205,203,-1,206,207,208,-1,208,207,209,-1,208,209,203,-1,203,209,210,-1,211,212,213,-1,210,214,203,-1,203,214,215,-1,203,215,198,-1,198,215,216,-1,198,216,217,-1,217,216,218,-1,211,213,216,-1,216,213,219,-1,216,219,218,-1,220,221,222,-1,222,221,223,-1,224,225,226,-1,226,225,227,-1,222,227,220,-1,220,227,225,-1,228,229,230,-1,230,229,231,-1,230,231,232,-1,232,231,233,-1,232,233,234,-1,235,236,237,-1,238,239,240,-1,240,239,220,-1,240,220,230,-1,230,220,225,-1,230,225,228,-1,235,237,240,-1,240,237,241,-1,240,241,238,-1,
        ]
    }
}
Shape{
    appearance Appearance {
        material  Material 	{
            diffuseColor 0.2235294117647059 0.2235294117647059 0.2235294117647059
            specularColor 0.11372549019607843 0.11372549019607843 0.11372549019607843
            ambientIntensity 0.2
            transparency 0
            shininess 0.5
        }
    }
    geometry IndexedFaceSet {
        ccw TRUE
        solid FALSE
        coord DEF co Coordinate {
            point [
                -0.7874 -0.8366 0.0, -0.7795 -0.8366 0.0, -0.7874 -0.935 0.0, -0.7795 -0.935 0.0, -0.7874 1.1811 0.2835, -0.7874 1.1811 0.0, -0.7874 1.0335 0.0, -0.7874 0.935 0.0, -0.7874 0.8366 0.0, -0.7874 0.935 0.0472, -0.7874 0.8366 0.0472, -0.7874 1.0335 0.0472, -0.7874 -1.1811 0.2835, -0.7874 0.7382 0.0472, -0.7874 0.5413 0.0472, -0.7874 0.5413 0.0, -0.7874 0.4429 0.0, -0.7874 0.4429 0.0472, -0.7874 0.3445 0.0472, -0.7874 0.6398 0.0472, -0.7874 0.6398 0.0, -0.7874 0.7382 0.0, -0.7874 0.1476 0.0472, -0.7874 0.1476 0.0, -0.7874 0.0492 0.0, -0.7874 0.0492 0.0472, -0.7874 -0.0492 0.0472, -0.7874 0.2461 0.0472, -0.7874 0.2461 0.0, -0.7874 0.3445 0.0, -0.7874 -0.2461 0.0472, -0.7874 -0.2461 0.0, -0.7874 -0.3445 0.0, -0.7874 -0.3445 0.0472, -0.7874 -0.4429 0.0472, -0.7874 -0.1476 0.0472, -0.7874 -0.1476 0.0, -0.7874 -0.0492 0.0, -0.7874 -0.6398 0.0472, -0.7874 -0.6398 0.0, -0.7874 -0.7382 0.0, -0.7874 -0.7382 0.0472, -0.7874 -0.8366 0.0472, -0.7874 -0.5413 0.0472, -0.7874 -0.5413 0.0, -0.7874 -0.4429 0.0, -0.7874 -1.0335 0.0, -0.7874 -1.1811 0.0, -0.7874 -1.0335 0.0472, -0.7874 -0.935 0.0472, -0.7795 -1.0335 -0.0315, -0.7795 -1.1732 -0.0315, -0.7795 -1.0335 -0.0079, -0.7795 -1.1732 0.0, -0.7795 -1.0335 0.0, -0.7795 -0.8366 -0.0315, -0.7795 -0.935 -0.0315, -0.7795 -0.8366 -0.0079, -0.7795 -0.935 -0.0079, -0.7795 -0.6398 0.0, -0.7795 -0.7382 0.0, -0.7795 -0.7382 -0.0079, -0.7795 -0.6398 -0.0079, -0.7795 -0.7382 -0.0315, -0.7795 -0.6398 -0.0315, -0.7795 -0.4429 0.0, -0.7795 -0.5413 0.0, -0.7795 -0.4429 -0.0315, -0.7795 -0.5413 -0.0315, -0.7795 -0.4429 -0.0079, -0.7795 -0.5413 -0.0079, -0.7795 -0.2461 0.0, -0.7795 -0.3445 0.0, -0.7795 -0.3445 -0.0079, -0.7795 -0.2461 -0.0079, -0.7795 -0.3445 -0.0315, -0.7795 -0.2461 -0.0315, -0.7795 -0.0492 0.0, -0.7795 -0.1476 0.0, -0.7795 -0.1476 -0.0079, -0.7795 -0.0492 -0.0079, -0.7795 -0.1476 -0.0315, -0.7795 -0.0492 -0.0315, -0.7795 0.1476 0.0, -0.7795 0.0492 0.0, -0.7795 0.1476 -0.0315, -0.7795 0.0492 -0.0315, -0.7795 0.1476 -0.0079, -0.7795 0.0492 -0.0079, -0.7795 0.3445 0.0, -0.7795 0.2461 0.0, -0.7795 0.3445 -0.0315, -0.7795 0.2461 -0.0315, -0.7795 0.3445 -0.0079, -0.7795 0.2461 -0.0079, -0.7795 0.5413 0.0, -0.7795 0.4429 0.0, -0.7795 0.4429 -0.0079, -0.7795 0.5413 -0.0079, -0.7795 0.4429 -0.0315, -0.7795 0.5413 -0.0315, -0.7795 0.7382 0.0, -0.7795 0.6398 0.0, -0.7795 0.6398 -0.0079, -0.7795 0.7382 -0.0079, -0.7795 0.6398 -0.0315, -0.7795 0.7382 -0.0315, -0.7795 0.935 0.0, -0.7795 0.8366 0.0, -0.7795 0.935 -0.0315, -0.7795 0.8366 -0.0315, -0.7795 0.935 -0.0079, -0.7795 0.8366 -0.0079, 0.3445 1.1732 0.0, 0.3445 1.1811 0.0, 0.7795 1.1732 0.0, 0.7874 1.1811 0.0, 0.7795 1.0335 0.0, 0.7874 1.0335 0.0, -0.7795 1.0335 0.0, -0.7795 1.1732 0.0, -0.7795 1.0335 -0.0079, -0.7795 1.1732 -0.0315, -0.7795 1.0335 -0.0315, -0.7795 1.0335 -0.0315
            ]
        }
        coordIndex [
            0,1,2,-1,2,1,3,-1,4,5,6,-1,7,8,9,-1,9,8,10,-1,6,11,4,-1,4,11,9,-1,4,9,12,-1,12,9,10,-1,12,10,13,-1,14,15,16,-1,17,18,12,-1,16,17,14,-1,14,17,12,-1,14,12,19,-1,19,12,13,-1,19,13,20,-1,20,13,21,-1,22,23,24,-1,25,26,12,-1,24,25,22,-1,22,25,12,-1,22,12,27,-1,27,12,18,-1,27,18,28,-1,28,18,29,-1,30,31,32,-1,33,34,12,-1,32,33,30,-1,30,33,12,-1,30,12,35,-1,35,12,26,-1,35,26,36,-1,36,26,37,-1,38,39,40,-1,41,42,12,-1,40,41,38,-1,38,41,12,-1,38,12,43,-1,43,12,34,-1,43,34,44,-1,44,34,45,-1,46,47,48,-1,48,47,12,-1,48,12,49,-1,49,12,42,-1,49,42,2,-1,2,42,0,-1,50,51,52,-1,52,51,53,-1,52,53,54,-1,55,56,57,-1,57,56,58,-1,57,58,1,-1,1,58,3,-1,39,59,40,-1,40,59,60,-1,60,59,61,-1,61,59,62,-1,61,62,63,-1,63,62,64,-1,45,65,44,-1,44,65,66,-1,67,68,69,-1,69,68,70,-1,69,70,65,-1,65,70,66,-1,31,71,32,-1,32,71,72,-1,72,71,73,-1,73,71,74,-1,73,74,75,-1,75,74,76,-1,37,77,36,-1,36,77,78,-1,78,77,79,-1,79,77,80,-1,79,80,81,-1,81,80,82,-1,23,83,24,-1,24,83,84,-1,85,86,87,-1,87,86,88,-1,87,88,83,-1,83,88,84,-1,29,89,28,-1,28,89,90,-1,91,92,93,-1,93,92,94,-1,93,94,89,-1,89,94,90,-1,15,95,16,-1,16,95,96,-1,96,95,97,-1,97,95,98,-1,97,98,99,-1,99,98,100,-1,21,101,20,-1,20,101,102,-1,102,101,103,-1,103,101,104,-1,103,104,105,-1,105,104,106,-1,7,107,8,-1,8,107,108,-1,109,110,111,-1,111,110,112,-1,111,112,107,-1,107,112,108,-1,113,114,115,-1,115,114,116,-1,115,116,117,-1,117,116,118,-1,119,120,121,-1,121,120,122,-1,121,122,123,-1,
        ]
    }
}
Shape{
    appearance Appearance {
        material  Material 	{
            diffuseColor 0.6666666666666666 0.6980392156862745 0.7686274509803922
            specularColor 0.3333333333333333 0.34901960784313724 0.3843137254901961
            ambientIntensity 0.2
            transparency 0
            shininess 0.5
        }
    }
    geometry IndexedFaceSet {
        ccw TRUE
        solid FALSE
        coord DEF co Coordinate {
            point [
                0.6142 0.8366 -0.0394, 0.6142 0.8366 -0.0315, 0.7717 0.8366 -0.0394, 0.7717 0.8366 -0.0315, 0.6142 0.7382 -0.0315, 0.6142 0.7382 -0.0394, 0.7717 0.7382 -0.0315, 0.7717 0.7382 -0.0394, 0.6142 0.6398 -0.0394, 0.6142 0.6398 -0.0315, 0.7717 0.6398 -0.0394, 0.7717 0.6398 -0.0315, 0.6142 0.5413 -0.0315, 0.6142 0.5413 -0.0394, 0.7717 0.5413 -0.0315, 0.7717 0.5413 -0.0394, 0.6142 0.4429 -0.0394, 0.6142 0.4429 -0.0315, 0.7717 0.4429 -0.0394, 0.7717 0.4429 -0.0315, 0.6142 0.3445 -0.0315, 0.6142 0.3445 -0.0394, 0.7717 0.3445 -0.0315, 0.7717 0.3445 -0.0394, 0.6142 0.2461 -0.0394, 0.6142 0.2461 -0.0315, 0.7717 0.2461 -0.0394, 0.7717 0.2461 -0.0315, 0.6142 0.1476 -0.0315, 0.6142 0.1476 -0.0394, 0.7717 0.1476 -0.0315, 0.7717 0.1476 -0.0394, 0.6142 0.0492 -0.0394, 0.6142 0.0492 -0.0315, 0.7717 0.0492 -0.0394, 0.7717 0.0492 -0.0315, 0.6142 -0.0492 -0.0315, 0.6142 -0.0492 -0.0394, 0.7717 -0.0492 -0.0315, 0.7717 -0.0492 -0.0394, 0.6142 -0.1476 -0.0394, 0.6142 -0.1476 -0.0315, 0.7717 -0.1476 -0.0394, 0.7717 -0.1476 -0.0315, 0.6142 -0.2461 -0.0315, 0.6142 -0.2461 -0.0394, 0.7717 -0.2461 -0.0315, 0.7717 -0.2461 -0.0394, 0.6142 -0.3445 -0.0394, 0.6142 -0.3445 -0.0315, 0.7717 -0.3445 -0.0394, 0.7717 -0.3445 -0.0315, 0.6142 -0.4429 -0.0315, 0.6142 -0.4429 -0.0394, 0.7717 -0.4429 -0.0315, 0.7717 -0.4429 -0.0394, 0.6142 -0.5413 -0.0394, 0.6142 -0.5413 -0.0315, 0.7717 -0.5413 -0.0394, 0.7717 -0.5413 -0.0315, 0.6142 -0.6398 -0.0315, 0.6142 -0.6398 -0.0394, 0.7717 -0.6398 -0.0315, 0.7717 -0.6398 -0.0394, 0.6142 -0.7382 -0.0394, 0.6142 -0.7382 -0.0315, 0.7717 -0.7382 -0.0394, 0.7717 -0.7382 -0.0315, 0.6142 -0.8366 -0.0315, 0.6142 -0.8366 -0.0394, 0.7717 -0.8366 -0.0315, 0.7717 -0.8366 -0.0394, 0.6142 -0.935 -0.0394, 0.6142 -0.935 -0.0315, 0.7717 -0.935 -0.0394, 0.7717 -0.935 -0.0315, 0.6142 -1.0335 -0.0315, 0.6142 -1.0335 -0.0394, 0.7717 -1.0335 -0.0315, 0.7717 -1.0335 -0.0394, 0.7717 -1.0335 -0.0394
            ]
        }
        coordIndex [
            0,1,2,-1,2,1,3,-1,4,5,6,-1,6,5,7,-1,8,9,10,-1,10,9,11,-1,12,13,14,-1,14,13,15,-1,16,17,18,-1,18,17,19,-1,20,21,22,-1,22,21,23,-1,24,25,26,-1,26,25,27,-1,28,29,30,-1,30,29,31,-1,32,33,34,-1,34,33,35,-1,36,37,38,-1,38,37,39,-1,40,41,42,-1,42,41,43,-1,44,45,46,-1,46,45,47,-1,48,49,50,-1,50,49,51,-1,52,53,54,-1,54,53,55,-1,56,57,58,-1,58,57,59,-1,60,61,62,-1,62,61,63,-1,64,65,66,-1,66,65,67,-1,68,69,70,-1,70,69,71,-1,72,73,74,-1,74,73,75,-1,76,77,78,-1,78,77,79,-1,
        ]
    }
}
Shape{
    appearance Appearance {
        material  Material 	{
            diffuseColor 0.2235294117647059 0.2235294117647059 0.2235294117647059
            specularColor 0.11372549019607843 0.11372549019607843 0.11372549019607843
            ambientIntensity 0.2
            transparency 0
            shininess 0.5
        }
    }
    geometry IndexedFaceSet {
        ccw TRUE
        solid FALSE
        coord DEF co Coordinate {
            point [
                0.7795 -0.935 0.0, 0.7795 -0.8366 0.0, 0.7874 -0.935 0.0, 0.7874 -0.8366 0.0, 0.7795 -0.8366 -0.0079, 0.7795 -0.935 -0.0079, 0.7795 -0.8366 -0.0315, 0.7795 -0.935 -0.0315, 0.7795 -0.7382 0.0, 0.7795 -0.6398 0.0, 0.7874 -0.7382 0.0, 0.7874 -0.6398 0.0, 0.7795 -0.6398 -0.0079, 0.7795 -0.7382 -0.0079, 0.7795 -0.6398 -0.0315, 0.7795 -0.7382 -0.0315, 0.7795 -0.5413 0.0, 0.7795 -0.4429 0.0, 0.7874 -0.5413 0.0, 0.7874 -0.4429 0.0, 0.7795 -0.4429 -0.0079, 0.7795 -0.5413 -0.0079, 0.7795 -0.4429 -0.0315, 0.7795 -0.5413 -0.0315, 0.7795 -0.3445 0.0, 0.7795 -0.2461 0.0, 0.7874 -0.3445 0.0, 0.7874 -0.2461 0.0, 0.7795 -0.3445 -0.0315, 0.7795 -0.2461 -0.0315, 0.7795 -0.3445 -0.0079, 0.7795 -0.2461 -0.0079, 0.7795 -0.1476 0.0, 0.7795 -0.0492 0.0, 0.7874 -0.1476 0.0, 0.7874 -0.0492 0.0, 0.7795 -0.1476 -0.0315, 0.7795 -0.0492 -0.0315, 0.7795 -0.1476 -0.0079, 0.7795 -0.0492 -0.0079, 0.7795 0.0492 0.0, 0.7795 0.1476 0.0, 0.7874 0.0492 0.0, 0.7874 0.1476 0.0, 0.7795 0.0492 -0.0315, 0.7795 0.1476 -0.0315, 0.7795 0.0492 -0.0079, 0.7795 0.1476 -0.0079, 0.7795 0.2461 0.0, 0.7795 0.3445 0.0, 0.7874 0.2461 0.0, 0.7874 0.3445 0.0, 0.7795 0.2461 -0.0315, 0.7795 0.3445 -0.0315, 0.7795 0.2461 -0.0079, 0.7795 0.3445 -0.0079, 0.7795 0.4429 0.0, 0.7795 0.5413 0.0, 0.7874 0.4429 0.0, 0.7874 0.5413 0.0, 0.7795 0.4429 -0.0315, 0.7795 0.5413 -0.0315, 0.7795 0.4429 -0.0079, 0.7795 0.5413 -0.0079, 0.7795 0.6398 0.0, 0.7795 0.7382 0.0, 0.7874 0.6398 0.0, 0.7874 0.7382 0.0, 0.7795 0.6398 -0.0315, 0.7795 0.7382 -0.0315, 0.7795 0.6398 -0.0079, 0.7795 0.7382 -0.0079, 0.7795 0.8366 0.0, 0.7795 0.935 0.0, 0.7874 0.8366 0.0, 0.7874 0.935 0.0, 0.7795 0.8366 -0.0315, 0.7795 0.935 -0.0315, 0.7795 0.8366 -0.0079, 0.7795 0.935 -0.0079, 0.7795 0.935 -0.0079
            ]
        }
        coordIndex [
            0,1,2,-1,2,1,3,-1,1,0,4,-1,4,0,5,-1,4,5,6,-1,6,5,7,-1,8,9,10,-1,10,9,11,-1,9,8,12,-1,12,8,13,-1,12,13,14,-1,14,13,15,-1,16,17,18,-1,18,17,19,-1,17,16,20,-1,20,16,21,-1,20,21,22,-1,22,21,23,-1,24,25,26,-1,26,25,27,-1,28,29,30,-1,30,29,31,-1,30,31,24,-1,24,31,25,-1,32,33,34,-1,34,33,35,-1,36,37,38,-1,38,37,39,-1,38,39,32,-1,32,39,33,-1,40,41,42,-1,42,41,43,-1,44,45,46,-1,46,45,47,-1,46,47,40,-1,40,47,41,-1,48,49,50,-1,50,49,51,-1,52,53,54,-1,54,53,55,-1,54,55,48,-1,48,55,49,-1,56,57,58,-1,58,57,59,-1,60,61,62,-1,62,61,63,-1,62,63,56,-1,56,63,57,-1,64,65,66,-1,66,65,67,-1,68,69,70,-1,70,69,71,-1,70,71,64,-1,64,71,65,-1,72,73,74,-1,74,73,75,-1,76,77,78,-1,78,77,79,-1,78,79,72,-1,72,79,73,-1,
        ]
    }
}
Shape{
    appearance Appearance {
        material  Material 	{
            diffuseColor 0.6666666666666666 0.6980392156862745 0.7686274509803922
            specularColor 0.3333333333333333 0.34901960784313724 0.3843137254901961
            ambientIntensity 0.2
            transparency 0
            shininess 0.5
        }
    }
    geometry IndexedFaceSet {
        ccw TRUE
        solid FALSE
        coord DEF co Coordinate {
            point [
                0.6142 1.0335 -0.0394, 0.6142 1.0335 -0.0315, 0.7717 1.0335 -0.0394, 0.7717 1.0335 -0.0315, 0.6142 0.935 -0.0315, 0.6142 0.935 -0.0394, 0.7717 0.935 -0.0315, 0.7717 0.935 -0.0394, 0.7717 0.935 -0.0394
            ]
        }
        coordIndex [
            0,1,2,-1,2,1,3,-1,4,5,6,-1,6,5,7,-1,
        ]
    }
}
Shape{
    appearance Appearance {
        material  Material 	{
            diffuseColor 0.2235294117647059 0.2235294117647059 0.2235294117647059
            specularColor 0.11372549019607843 0.11372549019607843 0.11372549019607843
            ambientIntensity 0.2
            transparency 0
            shininess 0.5
        }
    }
    geometry IndexedFaceSet {
        ccw TRUE
        solid FALSE
        coord DEF co Coordinate {
            point [
                0.7795 1.0335 -0.0315, 0.7795 1.1732 -0.0315, 0.7795 1.0335 -0.0079, 0.7795 1.1732 0.0, 0.7795 1.0335 0.0, 0.7874 -1.1811 0.2835, 0.7874 -1.1811 0.0, 0.7874 -1.0335 0.0, 0.7874 -0.4429 0.0472, 0.7874 -0.3445 0.0472, 0.7874 1.1811 0.2835, 0.7874 -0.5413 0.0472, 0.7874 -0.5413 0.0, 0.7874 -0.4429 0.0, 0.7874 -0.935 0.0, 0.7874 -0.8366 0.0, 0.7874 -0.935 0.0472, 0.7874 -0.8366 0.0472, 0.7874 -1.0335 0.0472, 0.7874 -0.7382 0.0472, 0.7874 -0.6398 0.0472, 0.7874 -0.6398 0.0, 0.7874 -0.7382 0.0, 0.7874 -0.0492 0.0472, 0.7874 0.0492 0.0472, 0.7874 -0.1476 0.0472, 0.7874 -0.1476 0.0, 0.7874 -0.0492 0.0, 0.7874 -0.2461 0.0472, 0.7874 -0.2461 0.0, 0.7874 -0.3445 0.0, 0.7874 0.3445 0.0472, 0.7874 0.4429 0.0472, 0.7874 0.2461 0.0472, 0.7874 0.2461 0.0, 0.7874 0.3445 0.0, 0.7874 0.1476 0.0472, 0.7874 0.1476 0.0, 0.7874 0.0492 0.0, 0.7874 0.7382 0.0472, 0.7874 0.8366 0.0472, 0.7874 0.6398 0.0472, 0.7874 0.6398 0.0, 0.7874 0.7382 0.0, 0.7874 0.5413 0.0472, 0.7874 0.5413 0.0, 0.7874 0.4429 0.0, 0.7874 1.0335 0.0, 0.7874 1.1811 0.0, 0.7874 1.0335 0.0472, 0.7874 0.935 0.0472, 0.7874 0.935 0.0, 0.7874 0.8366 0.0, 0.3445 1.1811 0.0, -0.3445 1.1811 0.0, -0.7874 1.1811 0.0, -0.3445 1.1811 0.0472, -0.7874 1.1811 0.2835, -0.2461 1.1811 0.0472, 0.2461 1.1811 0.0, 0.1476 1.1811 0.0, 0.2461 1.1811 0.0472, 0.1476 1.1811 0.0472, -0.1476 1.1811 0.0472, -0.1476 1.1811 0.0, -0.2461 1.1811 0.0, 0.3445 1.1811 0.0472, 0.0492 1.1811 0.0472, -0.0492 1.1811 0.0472, -0.0492 1.1811 0.0, 0.0492 1.1811 0.0, 0.3445 1.1732 0.0, 0.3445 1.1732 -0.0079, 0.3445 1.1732 -0.0315, 0.7795 -1.0335 0.0, 0.7795 -1.1732 0.0, 0.7795 -1.0335 -0.0079, 0.7795 -1.1732 -0.0315, 0.7795 -1.0335 -0.0315, 0.7795 -1.0335 -0.0315
            ]
        }
        coordIndex [
            0,1,2,-1,2,1,3,-1,2,3,4,-1,5,6,7,-1,8,9,10,-1,11,12,13,-1,14,15,16,-1,16,15,17,-1,7,18,5,-1,5,18,16,-1,5,16,10,-1,10,16,17,-1,10,17,19,-1,13,8,11,-1,11,8,10,-1,11,10,20,-1,20,10,19,-1,20,19,21,-1,21,19,22,-1,23,24,10,-1,25,26,27,-1,27,23,25,-1,25,23,10,-1,25,10,28,-1,28,10,9,-1,28,9,29,-1,29,9,30,-1,31,32,10,-1,33,34,35,-1,35,31,33,-1,33,31,10,-1,33,10,36,-1,36,10,24,-1,36,24,37,-1,37,24,38,-1,39,40,10,-1,41,42,43,-1,43,39,41,-1,41,39,10,-1,41,10,44,-1,44,10,32,-1,44,32,45,-1,45,32,46,-1,47,48,49,-1,49,48,10,-1,49,10,50,-1,50,10,40,-1,50,40,51,-1,51,40,52,-1,10,48,53,-1,54,55,56,-1,56,55,57,-1,56,57,58,-1,59,60,61,-1,61,60,62,-1,63,64,65,-1,53,66,10,-1,10,66,61,-1,10,61,57,-1,57,61,62,-1,57,62,67,-1,65,58,63,-1,63,58,57,-1,63,57,68,-1,68,57,67,-1,68,67,69,-1,69,67,70,-1,71,3,72,-1,72,3,1,-1,72,1,73,-1,74,75,76,-1,76,75,77,-1,76,77,78,-1,
        ]
    }
}
Shape{
    appearance Appearance {
        material  Material 	{
            diffuseColor 0.6666666666666666 0.6980392156862745 0.7686274509803922
            specularColor 0.3333333333333333 0.34901960784313724 0.3843137254901961
            ambientIntensity 0.2
            transparency 0
            shininess 0.5
        }
    }
    geometry IndexedFaceSet {
        ccw TRUE
        solid FALSE
        coord DEF co Coordinate {
            point [
                0.7913 0.935 0.0472, 0.7913 1.0335 0.0472, 0.7874 0.935 0.0472, 0.7874 1.0335 0.0472, 0.7874 1.0335 0.0, 0.7913 1.0335 -0.0079, 0.7795 1.0335 0.0, 0.7795 1.0335 -0.0079, 0.7795 0.935 0.0, 0.7795 0.935 -0.0079, 0.7874 0.935 0.0, 0.7913 0.935 -0.0079, 0.6142 1.0335 -0.0315, 0.6142 1.0335 -0.0394, 0.6054 1.0325 -0.0394, 0.6054 1.0325 -0.0315, 0.5971 1.0296 -0.0394, 0.5971 1.0296 -0.0315, 0.5896 1.0249 -0.0394, 0.5896 1.0249 -0.0315, 0.5834 1.0186 -0.0394, 0.5834 1.0186 -0.0315, 0.5787 1.0112 -0.0394, 0.5787 1.0112 -0.0315, 0.5758 1.0029 -0.0394, 0.5758 1.0029 -0.0315, 0.5748 0.9941 -0.0394, 0.5748 0.9941 -0.0315, 0.5748 0.9744 -0.0315, 0.5748 0.9744 -0.0394, 0.5758 0.9656 -0.0394, 0.5758 0.9656 -0.0315, 0.5787 0.9573 -0.0394, 0.5787 0.9573 -0.0315, 0.5834 0.9499 -0.0394, 0.5834 0.9499 -0.0315, 0.5896 0.9436 -0.0394, 0.5896 0.9436 -0.0315, 0.5971 0.9389 -0.0394, 0.5971 0.9389 -0.0315, 0.6054 0.936 -0.0394, 0.6054 0.936 -0.0315, 0.6142 0.935 -0.0394, 0.6142 0.935 -0.0315, 0.7717 1.0335 -0.0394, 0.7717 0.935 -0.0394, 0.7717 0.935 -0.0079, 0.7717 0.935 -0.0315, 0.7795 0.935 -0.0315, 0.7717 1.0335 -0.0315, 0.7795 1.0335 -0.0315, 0.7717 1.0335 -0.0079, 0.7913 0.7382 0.0472, 0.7913 0.8366 0.0472, 0.7874 0.7382 0.0472, 0.7874 0.8366 0.0472, 0.7874 0.8366 0.0, 0.7913 0.8366 -0.0079, 0.7795 0.8366 0.0, 0.7795 0.8366 -0.0079, 0.7795 0.7382 0.0, 0.7795 0.7382 -0.0079, 0.7874 0.7382 0.0, 0.7913 0.7382 -0.0079, 0.6142 0.8366 -0.0315, 0.6142 0.8366 -0.0394, 0.6054 0.8356 -0.0394, 0.6054 0.8356 -0.0315, 0.5971 0.8327 -0.0394, 0.5971 0.8327 -0.0315, 0.5896 0.828 -0.0394, 0.5896 0.828 -0.0315, 0.5834 0.8218 -0.0394, 0.5834 0.8218 -0.0315, 0.5787 0.8143 -0.0394, 0.5787 0.8143 -0.0315, 0.5758 0.806 -0.0394, 0.5758 0.806 -0.0315, 0.5748 0.7972 -0.0394, 0.5748 0.7972 -0.0315, 0.5748 0.7776 -0.0315, 0.5748 0.7776 -0.0394, 0.5758 0.7688 -0.0394, 0.5758 0.7688 -0.0315, 0.5787 0.7605 -0.0394, 0.5787 0.7605 -0.0315, 0.5834 0.753 -0.0394, 0.5834 0.753 -0.0315, 0.5896 0.7468 -0.0394, 0.5896 0.7468 -0.0315, 0.5971 0.7421 -0.0394, 0.5971 0.7421 -0.0315, 0.6054 0.7392 -0.0394, 0.6054 0.7392 -0.0315, 0.6142 0.7382 -0.0394, 0.6142 0.7382 -0.0315, 0.7717 0.8366 -0.0394, 0.7717 0.7382 -0.0394, 0.7913 0.5413 0.0472, 0.7913 0.6398 0.0472, 0.7874 0.5413 0.0472, 0.7874 0.6398 0.0472, 0.7874 0.6398 0.0, 0.7913 0.6398 -0.0079, 0.7795 0.6398 0.0, 0.7795 0.6398 -0.0079, 0.7795 0.5413 0.0, 0.7795 0.5413 -0.0079, 0.7874 0.5413 0.0, 0.7913 0.5413 -0.0079, 0.6142 0.6398 -0.0315, 0.6142 0.6398 -0.0394, 0.6054 0.6388 -0.0394, 0.6054 0.6388 -0.0315, 0.5971 0.6359 -0.0394, 0.5971 0.6359 -0.0315, 0.5896 0.6312 -0.0394, 0.5896 0.6312 -0.0315, 0.5834 0.6249 -0.0394, 0.5834 0.6249 -0.0315, 0.5787 0.6175 -0.0394, 0.5787 0.6175 -0.0315, 0.5758 0.6092 -0.0394, 0.5758 0.6092 -0.0315, 0.5748 0.6004 -0.0394, 0.5748 0.6004 -0.0315, 0.5748 0.5807 -0.0315, 0.5748 0.5807 -0.0394, 0.5758 0.5719 -0.0394, 0.5758 0.5719 -0.0315, 0.5787 0.5636 -0.0394, 0.5787 0.5636 -0.0315, 0.5834 0.5562 -0.0394, 0.5834 0.5562 -0.0315, 0.5896 0.5499 -0.0394, 0.5896 0.5499 -0.0315, 0.5971 0.5452 -0.0394, 0.5971 0.5452 -0.0315, 0.6054 0.5423 -0.0394, 0.6054 0.5423 -0.0315, 0.6142 0.5413 -0.0394, 0.6142 0.5413 -0.0315, 0.7717 0.6398 -0.0394, 0.7717 0.5413 -0.0394, 0.7913 0.3445 0.0472, 0.7913 0.4429 0.0472, 0.7874 0.3445 0.0472, 0.7874 0.4429 0.0472, 0.7874 0.4429 0.0, 0.7913 0.4429 -0.0079, 0.7795 0.4429 0.0, 0.7795 0.4429 -0.0079, 0.7795 0.3445 0.0, 0.7795 0.3445 -0.0079, 0.7874 0.3445 0.0, 0.7913 0.3445 -0.0079, 0.6142 0.4429 -0.0315, 0.6142 0.4429 -0.0394, 0.6054 0.4419 -0.0394, 0.6054 0.4419 -0.0315, 0.5971 0.439 -0.0394, 0.5971 0.439 -0.0315, 0.5896 0.4343 -0.0394, 0.5896 0.4343 -0.0315, 0.5834 0.4281 -0.0394, 0.5834 0.4281 -0.0315, 0.5787 0.4206 -0.0394, 0.5787 0.4206 -0.0315, 0.5758 0.4123 -0.0394, 0.5758 0.4123 -0.0315, 0.5748 0.4035 -0.0394, 0.5748 0.4035 -0.0315, 0.5748 0.3839 -0.0315, 0.5748 0.3839 -0.0394, 0.5758 0.3751 -0.0394, 0.5758 0.3751 -0.0315, 0.5787 0.3668 -0.0394, 0.5787 0.3668 -0.0315, 0.5834 0.3593 -0.0394, 0.5834 0.3593 -0.0315, 0.5896 0.3531 -0.0394, 0.5896 0.3531 -0.0315, 0.5971 0.3484 -0.0394, 0.5971 0.3484 -0.0315, 0.6054 0.3455 -0.0394, 0.6054 0.3455 -0.0315, 0.6142 0.3445 -0.0394, 0.6142 0.3445 -0.0315, 0.7717 0.3445 -0.0394, 0.7717 0.4429 -0.0394, 0.7913 0.1476 0.0472, 0.7913 0.2461 0.0472, 0.7874 0.1476 0.0472, 0.7874 0.2461 0.0472, 0.7874 0.2461 0.0, 0.7913 0.2461 -0.0079, 0.7795 0.2461 0.0, 0.7795 0.2461 -0.0079, 0.7795 0.1476 0.0, 0.7795 0.1476 -0.0079, 0.7874 0.1476 0.0, 0.7913 0.1476 -0.0079, 0.6142 0.2461 -0.0315, 0.6142 0.2461 -0.0394, 0.6054 0.2451 -0.0394, 0.6054 0.2451 -0.0315, 0.5971 0.2422 -0.0394, 0.5971 0.2422 -0.0315, 0.5896 0.2375 -0.0394, 0.5896 0.2375 -0.0315, 0.5834 0.2312 -0.0394, 0.5834 0.2312 -0.0315, 0.5787 0.2238 -0.0394, 0.5787 0.2238 -0.0315, 0.5758 0.2155 -0.0394, 0.5758 0.2155 -0.0315, 0.5748 0.2067 -0.0394, 0.5748 0.2067 -0.0315, 0.5748 0.187 -0.0315, 0.5748 0.187 -0.0394, 0.5758 0.1782 -0.0394, 0.5758 0.1782 -0.0315, 0.5787 0.1699 -0.0394, 0.5787 0.1699 -0.0315, 0.5834 0.1625 -0.0394, 0.5834 0.1625 -0.0315, 0.5896 0.1562 -0.0394, 0.5896 0.1562 -0.0315, 0.5971 0.1515 -0.0394, 0.5971 0.1515 -0.0315, 0.6054 0.1486 -0.0394, 0.6054 0.1486 -0.0315, 0.6142 0.1476 -0.0394, 0.6142 0.1476 -0.0315, 0.7717 0.1476 -0.0394, 0.7717 0.2461 -0.0394, 0.7913 -0.0492 0.0472, 0.7913 0.0492 0.0472, 0.7874 -0.0492 0.0472, 0.7874 0.0492 0.0472, 0.7874 0.0492 0.0, 0.7913 0.0492 -0.0079, 0.7795 0.0492 0.0, 0.7795 0.0492 -0.0079, 0.7795 -0.0492 0.0, 0.7795 -0.0492 -0.0079, 0.7874 -0.0492 0.0, 0.7913 -0.0492 -0.0079, 0.6142 0.0492 -0.0315, 0.6142 0.0492 -0.0394, 0.6054 0.0482 -0.0394, 0.6054 0.0482 -0.0315, 0.5971 0.0453 -0.0394, 0.5971 0.0453 -0.0315, 0.5896 0.0406 -0.0394, 0.5896 0.0406 -0.0315, 0.5834 0.0344 -0.0394, 0.5834 0.0344 -0.0315, 0.5787 0.0269 -0.0394, 0.5787 0.0269 -0.0315, 0.5758 0.0186 -0.0394, 0.5758 0.0186 -0.0315, 0.5748 0.0098 -0.0394, 0.5748 0.0098 -0.0315, 0.5748 -0.0098 -0.0315, 0.5748 -0.0098 -0.0394, 0.5758 -0.0186 -0.0394, 0.5758 -0.0186 -0.0315, 0.5787 -0.0269 -0.0394, 0.5787 -0.0269 -0.0315, 0.5834 -0.0344 -0.0394, 0.5834 -0.0344 -0.0315, 0.5896 -0.0406 -0.0394, 0.5896 -0.0406 -0.0315, 0.5971 -0.0453 -0.0394, 0.5971 -0.0453 -0.0315, 0.6054 -0.0482 -0.0394, 0.6054 -0.0482 -0.0315, 0.6142 -0.0492 -0.0394, 0.6142 -0.0492 -0.0315, 0.7717 0.0492 -0.0394, 0.7717 -0.0492 -0.0394, 0.7913 -0.2461 0.0472, 0.7913 -0.1476 0.0472, 0.7874 -0.2461 0.0472, 0.7874 -0.1476 0.0472, 0.7874 -0.1476 0.0, 0.7913 -0.1476 -0.0079, 0.7795 -0.1476 0.0, 0.7795 -0.1476 -0.0079, 0.7795 -0.2461 0.0, 0.7795 -0.2461 -0.0079, 0.7874 -0.2461 0.0, 0.7913 -0.2461 -0.0079, 0.6142 -0.1476 -0.0315, 0.6142 -0.1476 -0.0394, 0.6054 -0.1486 -0.0394, 0.6054 -0.1486 -0.0315, 0.5971 -0.1515 -0.0394, 0.5971 -0.1515 -0.0315, 0.5896 -0.1562 -0.0394, 0.5896 -0.1562 -0.0315, 0.5834 -0.1625 -0.0394, 0.5834 -0.1625 -0.0315, 0.5787 -0.1699 -0.0394, 0.5787 -0.1699 -0.0315, 0.5758 -0.1782 -0.0394, 0.5758 -0.1782 -0.0315, 0.5748 -0.187 -0.0394, 0.5748 -0.187 -0.0315, 0.5748 -0.2067 -0.0315, 0.5748 -0.2067 -0.0394, 0.5758 -0.2155 -0.0394, 0.5758 -0.2155 -0.0315, 0.5787 -0.2238 -0.0394, 0.5787 -0.2238 -0.0315, 0.5834 -0.2312 -0.0394, 0.5834 -0.2312 -0.0315, 0.5896 -0.2375 -0.0394, 0.5896 -0.2375 -0.0315, 0.5971 -0.2422 -0.0394, 0.5971 -0.2422 -0.0315, 0.6054 -0.2451 -0.0394, 0.6054 -0.2451 -0.0315, 0.6142 -0.2461 -0.0394, 0.6142 -0.2461 -0.0315, 0.7717 -0.1476 -0.0394, 0.7717 -0.2461 -0.0394, 0.7913 -0.4429 0.0472, 0.7913 -0.3445 0.0472, 0.7874 -0.4429 0.0472, 0.7874 -0.3445 0.0472, 0.7874 -0.3445 0.0, 0.7913 -0.3445 -0.0079, 0.7795 -0.3445 0.0, 0.7795 -0.3445 -0.0079, 0.7795 -0.4429 0.0, 0.7795 -0.4429 -0.0079, 0.7874 -0.4429 0.0, 0.7913 -0.4429 -0.0079, 0.6142 -0.3445 -0.0315, 0.6142 -0.3445 -0.0394, 0.6054 -0.3455 -0.0394, 0.6054 -0.3455 -0.0315, 0.5971 -0.3484 -0.0394, 0.5971 -0.3484 -0.0315, 0.5896 -0.3531 -0.0394, 0.5896 -0.3531 -0.0315, 0.5834 -0.3593 -0.0394, 0.5834 -0.3593 -0.0315, 0.5787 -0.3668 -0.0394, 0.5787 -0.3668 -0.0315, 0.5758 -0.3751 -0.0394, 0.5758 -0.3751 -0.0315, 0.5748 -0.3839 -0.0394, 0.5748 -0.3839 -0.0315, 0.5748 -0.4035 -0.0315, 0.5748 -0.4035 -0.0394, 0.5758 -0.4123 -0.0394, 0.5758 -0.4123 -0.0315, 0.5787 -0.4206 -0.0394, 0.5787 -0.4206 -0.0315, 0.5834 -0.4281 -0.0394, 0.5834 -0.4281 -0.0315, 0.5896 -0.4343 -0.0394, 0.5896 -0.4343 -0.0315, 0.5971 -0.439 -0.0394, 0.5971 -0.439 -0.0315, 0.6054 -0.4419 -0.0394, 0.6054 -0.4419 -0.0315, 0.6142 -0.4429 -0.0394, 0.6142 -0.4429 -0.0315, 0.7717 -0.3445 -0.0394, 0.7717 -0.4429 -0.0394, 0.7913 -0.6398 0.0472, 0.7913 -0.5413 0.0472, 0.7874 -0.6398 0.0472, 0.7874 -0.5413 0.0472, 0.7874 -0.5413 0.0, 0.7913 -0.5413 -0.0079, 0.7795 -0.5413 0.0, 0.7795 -0.5413 -0.0079, 0.7795 -0.6398 0.0, 0.7795 -0.6398 -0.0079, 0.7874 -0.6398 0.0, 0.7913 -0.6398 -0.0079, 0.6142 -0.5413 -0.0315, 0.6142 -0.5413 -0.0394, 0.6054 -0.5423 -0.0394, 0.6054 -0.5423 -0.0315, 0.5971 -0.5452 -0.0394, 0.5971 -0.5452 -0.0315, 0.5896 -0.5499 -0.0394, 0.5896 -0.5499 -0.0315, 0.5834 -0.5562 -0.0394, 0.5834 -0.5562 -0.0315, 0.5787 -0.5636 -0.0394, 0.5787 -0.5636 -0.0315, 0.5758 -0.5719 -0.0394, 0.5758 -0.5719 -0.0315, 0.5748 -0.5807 -0.0394, 0.5748 -0.5807 -0.0315, 0.5748 -0.6004 -0.0315, 0.5748 -0.6004 -0.0394, 0.5758 -0.6092 -0.0394, 0.5758 -0.6092 -0.0315, 0.5787 -0.6175 -0.0394, 0.5787 -0.6175 -0.0315, 0.5834 -0.6249 -0.0394, 0.5834 -0.6249 -0.0315, 0.5896 -0.6312 -0.0394, 0.5896 -0.6312 -0.0315, 0.5971 -0.6359 -0.0394, 0.5971 -0.6359 -0.0315, 0.6054 -0.6388 -0.0394, 0.6054 -0.6388 -0.0315, 0.6142 -0.6398 -0.0394, 0.6142 -0.6398 -0.0315, 0.7717 -0.5413 -0.0394, 0.7717 -0.6398 -0.0394, 0.7913 -0.8366 0.0472, 0.7913 -0.7382 0.0472, 0.7874 -0.8366 0.0472, 0.7874 -0.7382 0.0472, 0.7874 -0.7382 0.0, 0.7913 -0.7382 -0.0079, 0.7795 -0.7382 0.0, 0.7795 -0.7382 -0.0079, 0.7795 -0.8366 0.0, 0.7795 -0.8366 -0.0079, 0.7874 -0.8366 0.0, 0.7913 -0.8366 -0.0079, 0.6142 -0.7382 -0.0315, 0.6142 -0.7382 -0.0394, 0.6054 -0.7392 -0.0394, 0.6054 -0.7392 -0.0315, 0.5971 -0.7421 -0.0394, 0.5971 -0.7421 -0.0315, 0.5896 -0.7468 -0.0394, 0.5896 -0.7468 -0.0315, 0.5834 -0.753 -0.0394, 0.5834 -0.753 -0.0315, 0.5787 -0.7605 -0.0394, 0.5787 -0.7605 -0.0315, 0.5758 -0.7688 -0.0394, 0.5758 -0.7688 -0.0315, 0.5748 -0.7776 -0.0394, 0.5748 -0.7776 -0.0315, 0.5748 -0.7972 -0.0315, 0.5748 -0.7972 -0.0394, 0.5758 -0.806 -0.0394, 0.5758 -0.806 -0.0315, 0.5787 -0.8143 -0.0394, 0.5787 -0.8143 -0.0315, 0.5834 -0.8218 -0.0394, 0.5834 -0.8218 -0.0315, 0.5896 -0.828 -0.0394, 0.5896 -0.828 -0.0315, 0.5971 -0.8327 -0.0394, 0.5971 -0.8327 -0.0315, 0.6054 -0.8356 -0.0394, 0.6054 -0.8356 -0.0315, 0.6142 -0.8366 -0.0394, 0.6142 -0.8366 -0.0315, 0.7717 -0.7382 -0.0394, 0.7717 -0.8366 -0.0394, 0.7913 -1.0335 0.0472, 0.7913 -0.935 0.0472, 0.7874 -1.0335 0.0472, 0.7874 -0.935 0.0472, 0.7874 -0.935 0.0, 0.7913 -0.935 -0.0079, 0.7795 -0.935 0.0, 0.7795 -0.935 -0.0079, 0.7795 -1.0335 0.0, 0.7795 -1.0335 -0.0079, 0.7874 -1.0335 0.0, 0.7913 -1.0335 -0.0079, 0.6142 -0.935 -0.0315, 0.6142 -0.935 -0.0394, 0.6054 -0.936 -0.0394, 0.6054 -0.936 -0.0315, 0.5971 -0.9389 -0.0394, 0.5971 -0.9389 -0.0315, 0.5896 -0.9436 -0.0394, 0.5896 -0.9436 -0.0315, 0.5834 -0.9499 -0.0394, 0.5834 -0.9499 -0.0315, 0.5787 -0.9573 -0.0394, 0.5787 -0.9573 -0.0315, 0.5758 -0.9656 -0.0394, 0.5758 -0.9656 -0.0315, 0.5748 -0.9744 -0.0394, 0.5748 -0.9744 -0.0315, 0.5748 -0.9941 -0.0315, 0.5748 -0.9941 -0.0394, 0.5758 -1.0029 -0.0394, 0.5758 -1.0029 -0.0315, 0.5787 -1.0112 -0.0394, 0.5787 -1.0112 -0.0315, 0.5834 -1.0186 -0.0394, 0.5834 -1.0186 -0.0315, 0.5896 -1.0249 -0.0394, 0.5896 -1.0249 -0.0315, 0.5971 -1.0296 -0.0394, 0.5971 -1.0296 -0.0315, 0.6054 -1.0325 -0.0394, 0.6054 -1.0325 -0.0315, 0.6142 -1.0335 -0.0394, 0.6142 -1.0335 -0.0315, 0.7717 -0.935 -0.0394, 0.7717 -1.0335 -0.0394, 0.7717 -1.0335 -0.0079, 0.7717 -1.0335 -0.0315, 0.7795 -1.0335 -0.0315, 0.7717 -0.935 -0.0315, 0.7795 -0.935 -0.0315, 0.7717 -0.935 -0.0079, 0.7717 -0.8366 -0.0079, 0.7717 -0.8366 -0.0315, 0.7795 -0.8366 -0.0315, 0.7717 -0.7382 -0.0315, 0.7795 -0.7382 -0.0315, 0.7717 -0.7382 -0.0079, 0.7717 -0.6398 -0.0079, 0.7717 -0.6398 -0.0315, 0.7795 -0.6398 -0.0315, 0.7717 -0.5413 -0.0315, 0.7795 -0.5413 -0.0315, 0.7717 -0.5413 -0.0079, 0.7717 -0.4429 -0.0079, 0.7717 -0.4429 -0.0315, 0.7795 -0.4429 -0.0315, 0.7717 -0.3445 -0.0315, 0.7795 -0.3445 -0.0315, 0.7717 -0.3445 -0.0079, 0.7717 -0.2461 -0.0079, 0.7717 -0.2461 -0.0315, 0.7795 -0.2461 -0.0315, 0.7717 -0.1476 -0.0315, 0.7795 -0.1476 -0.0315, 0.7717 -0.1476 -0.0079, 0.7717 -0.0492 -0.0079, 0.7717 -0.0492 -0.0315, 0.7795 -0.0492 -0.0315, 0.7717 0.0492 -0.0315, 0.7795 0.0492 -0.0315, 0.7717 0.0492 -0.0079, 0.7717 0.1476 -0.0079, 0.7717 0.1476 -0.0315, 0.7795 0.1476 -0.0315, 0.7717 0.2461 -0.0315, 0.7795 0.2461 -0.0315, 0.7717 0.2461 -0.0079, 0.7717 0.3445 -0.0079, 0.7717 0.3445 -0.0315, 0.7795 0.3445 -0.0315, 0.7717 0.4429 -0.0315, 0.7795 0.4429 -0.0315, 0.7717 0.4429 -0.0079, 0.7717 0.5413 -0.0079, 0.7717 0.5413 -0.0315, 0.7795 0.5413 -0.0315, 0.7717 0.6398 -0.0315, 0.7795 0.6398 -0.0315, 0.7717 0.6398 -0.0079, 0.7717 0.7382 -0.0079, 0.7717 0.7382 -0.0315, 0.7795 0.7382 -0.0315, 0.7717 0.8366 -0.0315, 0.7795 0.8366 -0.0315, 0.7717 0.8366 -0.0079, -0.7913 1.0335 0.0472, -0.7913 0.935 0.0472, -0.7874 1.0335 0.0472, -0.7874 0.935 0.0472, -0.7874 0.935 0.0, -0.7913 0.935 -0.0079, -0.7795 0.935 0.0, -0.7795 0.935 -0.0079, -0.7795 1.0335 0.0, -0.7795 1.0335 -0.0079, -0.7874 1.0335 0.0, -0.7913 1.0335 -0.0079, -0.6142 0.935 -0.0315, -0.6142 0.935 -0.0394, -0.6054 0.936 -0.0394, -0.6054 0.936 -0.0315, -0.5971 0.9389 -0.0394, -0.5971 0.9389 -0.0315, -0.5896 0.9436 -0.0394, -0.5896 0.9436 -0.0315, -0.5834 0.9499 -0.0394, -0.5834 0.9499 -0.0315, -0.5787 0.9573 -0.0394, -0.5787 0.9573 -0.0315, -0.5758 0.9656 -0.0394, -0.5758 0.9656 -0.0315, -0.5748 0.9744 -0.0394, -0.5748 0.9744 -0.0315, -0.5748 0.9941 -0.0394, -0.5748 0.9941 -0.0315, -0.5758 1.0029 -0.0394, -0.5758 1.0029 -0.0315, -0.5787 1.0112 -0.0394, -0.5787 1.0112 -0.0315, -0.5834 1.0186 -0.0394, -0.5834 1.0186 -0.0315, -0.5896 1.0249 -0.0394, -0.5896 1.0249 -0.0315, -0.5971 1.0296 -0.0394, -0.5971 1.0296 -0.0315, -0.6054 1.0325 -0.0394, -0.6054 1.0325 -0.0315, -0.6142 1.0335 -0.0394, -0.6142 1.0335 -0.0315, -0.7913 0.8366 0.0472, -0.7913 0.7382 0.0472, -0.7874 0.8366 0.0472, -0.7874 0.7382 0.0472, -0.7874 0.7382 0.0, -0.7913 0.7382 -0.0079, -0.7795 0.7382 0.0, -0.7795 0.7382 -0.0079, -0.7795 0.8366 0.0, -0.7795 0.8366 -0.0079, -0.7874 0.8366 0.0, -0.7913 0.8366 -0.0079, -0.6142 0.7382 -0.0315, -0.6142 0.7382 -0.0394, -0.6054 0.7392 -0.0394, -0.6054 0.7392 -0.0315, -0.5971 0.7421 -0.0394, -0.5971 0.7421 -0.0315, -0.5896 0.7468 -0.0394, -0.5896 0.7468 -0.0315, -0.5834 0.753 -0.0394, -0.5834 0.753 -0.0315, -0.5787 0.7605 -0.0394, -0.5787 0.7605 -0.0315, -0.5758 0.7688 -0.0394, -0.5758 0.7688 -0.0315, -0.5748 0.7776 -0.0394, -0.5748 0.7776 -0.0315, -0.5748 0.7972 -0.0394, -0.5748 0.7972 -0.0315, -0.5758 0.806 -0.0394, -0.5758 0.806 -0.0315, -0.5787 0.8143 -0.0394, -0.5787 0.8143 -0.0315, -0.5834 0.8218 -0.0394, -0.5834 0.8218 -0.0315, -0.5896 0.828 -0.0394, -0.5896 0.828 -0.0315, -0.5971 0.8327 -0.0394, -0.5971 0.8327 -0.0315, -0.6054 0.8356 -0.0394, -0.6054 0.8356 -0.0315, -0.6142 0.8366 -0.0394, -0.6142 0.8366 -0.0315, -0.7913 0.6398 0.0472, -0.7913 0.5413 0.0472, -0.7874 0.6398 0.0472, -0.7874 0.5413 0.0472, -0.7874 0.5413 0.0, -0.7913 0.5413 -0.0079, -0.7795 0.5413 0.0, -0.7795 0.5413 -0.0079, -0.7795 0.6398 0.0, -0.7795 0.6398 -0.0079, -0.7874 0.6398 0.0, -0.7913 0.6398 -0.0079, -0.6142 0.5413 -0.0315, -0.6142 0.5413 -0.0394, -0.6054 0.5423 -0.0394, -0.6054 0.5423 -0.0315, -0.5971 0.5452 -0.0394, -0.5971 0.5452 -0.0315, -0.5896 0.5499 -0.0394, -0.5896 0.5499 -0.0315, -0.5834 0.5562 -0.0394, -0.5834 0.5562 -0.0315, -0.5787 0.5636 -0.0394, -0.5787 0.5636 -0.0315, -0.5758 0.5719 -0.0394, -0.5758 0.5719 -0.0315, -0.5748 0.5807 -0.0394, -0.5748 0.5807 -0.0315, -0.5748 0.6004 -0.0394, -0.5748 0.6004 -0.0315, -0.5758 0.6092 -0.0394, -0.5758 0.6092 -0.0315, -0.5787 0.6175 -0.0394, -0.5787 0.6175 -0.0315, -0.5834 0.6249 -0.0394, -0.5834 0.6249 -0.0315, -0.5896 0.6312 -0.0394, -0.5896 0.6312 -0.0315, -0.5971 0.6359 -0.0394, -0.5971 0.6359 -0.0315, -0.6054 0.6388 -0.0394, -0.6054 0.6388 -0.0315, -0.6142 0.6398 -0.0394, -0.6142 0.6398 -0.0315, -0.7913 0.4429 0.0472, -0.7913 0.3445 0.0472, -0.7874 0.4429 0.0472, -0.7874 0.3445 0.0472, -0.7874 0.3445 0.0, -0.7913 0.3445 -0.0079, -0.7795 0.3445 0.0, -0.7795 0.3445 -0.0079, -0.7795 0.4429 0.0, -0.7795 0.4429 -0.0079, -0.7874 0.4429 0.0, -0.7913 0.4429 -0.0079, -0.6142 0.3445 -0.0315, -0.6142 0.3445 -0.0394, -0.6054 0.3455 -0.0394, -0.6054 0.3455 -0.0315, -0.5971 0.3484 -0.0394, -0.5971 0.3484 -0.0315, -0.5896 0.3531 -0.0394, -0.5896 0.3531 -0.0315, -0.5834 0.3593 -0.0394, -0.5834 0.3593 -0.0315, -0.5787 0.3668 -0.0394, -0.5787 0.3668 -0.0315, -0.5758 0.3751 -0.0394, -0.5758 0.3751 -0.0315, -0.5748 0.3839 -0.0394, -0.5748 0.3839 -0.0315, -0.5748 0.4035 -0.0394, -0.5748 0.4035 -0.0315, -0.5758 0.4123 -0.0394, -0.5758 0.4123 -0.0315, -0.5787 0.4206 -0.0394, -0.5787 0.4206 -0.0315, -0.5834 0.4281 -0.0394, -0.5834 0.4281 -0.0315, -0.5896 0.4343 -0.0394, -0.5896 0.4343 -0.0315, -0.5971 0.439 -0.0394, -0.5971 0.439 -0.0315, -0.6054 0.4419 -0.0394, -0.6054 0.4419 -0.0315, -0.6142 0.4429 -0.0394, -0.6142 0.4429 -0.0315, -0.7913 0.2461 0.0472, -0.7913 0.1476 0.0472, -0.7874 0.2461 0.0472, -0.7874 0.1476 0.0472, -0.7874 0.1476 0.0, -0.7913 0.1476 -0.0079, -0.7795 0.1476 0.0, -0.7795 0.1476 -0.0079, -0.7795 0.2461 0.0, -0.7795 0.2461 -0.0079, -0.7874 0.2461 0.0, -0.7913 0.2461 -0.0079, -0.6142 0.1476 -0.0315, -0.6142 0.1476 -0.0394, -0.6054 0.1486 -0.0394, -0.6054 0.1486 -0.0315, -0.5971 0.1515 -0.0394, -0.5971 0.1515 -0.0315, -0.5896 0.1562 -0.0394, -0.5896 0.1562 -0.0315, -0.5834 0.1625 -0.0394, -0.5834 0.1625 -0.0315, -0.5787 0.1699 -0.0394, -0.5787 0.1699 -0.0315, -0.5758 0.1782 -0.0394, -0.5758 0.1782 -0.0315, -0.5748 0.187 -0.0394, -0.5748 0.187 -0.0315, -0.5748 0.2067 -0.0394, -0.5748 0.2067 -0.0315, -0.5758 0.2155 -0.0394, -0.5758 0.2155 -0.0315, -0.5787 0.2238 -0.0394, -0.5787 0.2238 -0.0315, -0.5834 0.2312 -0.0394, -0.5834 0.2312 -0.0315, -0.5896 0.2375 -0.0394, -0.5896 0.2375 -0.0315, -0.5971 0.2422 -0.0394, -0.5971 0.2422 -0.0315, -0.6054 0.2451 -0.0394, -0.6054 0.2451 -0.0315, -0.6142 0.2461 -0.0394, -0.6142 0.2461 -0.0315, -0.7913 0.0492 0.0472, -0.7913 -0.0492 0.0472, -0.7874 0.0492 0.0472, -0.7874 -0.0492 0.0472, -0.7874 -0.0492 0.0, -0.7913 -0.0492 -0.0079, -0.7795 -0.0492 0.0, -0.7795 -0.0492 -0.0079, -0.7795 0.0492 0.0, -0.7795 0.0492 -0.0079, -0.7874 0.0492 0.0, -0.7913 0.0492 -0.0079, -0.6142 -0.0492 -0.0315, -0.6142 -0.0492 -0.0394, -0.6054 -0.0482 -0.0394, -0.6054 -0.0482 -0.0315, -0.5971 -0.0453 -0.0394, -0.5971 -0.0453 -0.0315, -0.5896 -0.0406 -0.0394, -0.5896 -0.0406 -0.0315, -0.5834 -0.0344 -0.0394, -0.5834 -0.0344 -0.0315, -0.5787 -0.0269 -0.0394, -0.5787 -0.0269 -0.0315, -0.5758 -0.0186 -0.0394, -0.5758 -0.0186 -0.0315, -0.5748 -0.0098 -0.0394, -0.5748 -0.0098 -0.0315, -0.5748 0.0098 -0.0394, -0.5748 0.0098 -0.0315, -0.5758 0.0186 -0.0394, -0.5758 0.0186 -0.0315, -0.5787 0.0269 -0.0394, -0.5787 0.0269 -0.0315, -0.5834 0.0344 -0.0394, -0.5834 0.0344 -0.0315, -0.5896 0.0406 -0.0394, -0.5896 0.0406 -0.0315, -0.5971 0.0453 -0.0394, -0.5971 0.0453 -0.0315, -0.6054 0.0482 -0.0394, -0.6054 0.0482 -0.0315, -0.6142 0.0492 -0.0394, -0.6142 0.0492 -0.0315, -0.7913 -0.1476 0.0472, -0.7913 -0.2461 0.0472, -0.7874 -0.1476 0.0472, -0.7874 -0.2461 0.0472, -0.7874 -0.2461 0.0, -0.7913 -0.2461 -0.0079, -0.7795 -0.2461 0.0, -0.7795 -0.2461 -0.0079, -0.7795 -0.1476 0.0, -0.7795 -0.1476 -0.0079, -0.7874 -0.1476 0.0, -0.7913 -0.1476 -0.0079, -0.6142 -0.2461 -0.0315, -0.6142 -0.2461 -0.0394, -0.6054 -0.2451 -0.0394, -0.6054 -0.2451 -0.0315, -0.5971 -0.2422 -0.0394, -0.5971 -0.2422 -0.0315, -0.5896 -0.2375 -0.0394, -0.5896 -0.2375 -0.0315, -0.5834 -0.2312 -0.0394, -0.5834 -0.2312 -0.0315, -0.5787 -0.2238 -0.0394, -0.5787 -0.2238 -0.0315, -0.5758 -0.2155 -0.0394, -0.5758 -0.2155 -0.0315, -0.5748 -0.2067 -0.0394, -0.5748 -0.2067 -0.0315, -0.5748 -0.187 -0.0394, -0.5748 -0.187 -0.0315, -0.5758 -0.1782 -0.0394, -0.5758 -0.1782 -0.0315, -0.5787 -0.1699 -0.0394, -0.5787 -0.1699 -0.0315, -0.5834 -0.1625 -0.0394, -0.5834 -0.1625 -0.0315, -0.5896 -0.1562 -0.0394, -0.5896 -0.1562 -0.0315, -0.5971 -0.1515 -0.0394, -0.5971 -0.1515 -0.0315, -0.6054 -0.1486 -0.0394, -0.6054 -0.1486 -0.0315, -0.6142 -0.1476 -0.0394, -0.6142 -0.1476 -0.0315, -0.7913 -0.3445 0.0472, -0.7913 -0.4429 0.0472, -0.7874 -0.3445 0.0472, -0.7874 -0.4429 0.0472, -0.7874 -0.4429 0.0, -0.7913 -0.4429 -0.0079, -0.7795 -0.4429 0.0, -0.7795 -0.4429 -0.0079, -0.7795 -0.3445 0.0, -0.7795 -0.3445 -0.0079, -0.7874 -0.3445 0.0, -0.7913 -0.3445 -0.0079, -0.6142 -0.4429 -0.0315, -0.6142 -0.4429 -0.0394, -0.6054 -0.4419 -0.0394, -0.6054 -0.4419 -0.0315, -0.5971 -0.439 -0.0394, -0.5971 -0.439 -0.0315, -0.5896 -0.4343 -0.0394, -0.5896 -0.4343 -0.0315, -0.5834 -0.4281 -0.0394, -0.5834 -0.4281 -0.0315, -0.5787 -0.4206 -0.0394, -0.5787 -0.4206 -0.0315, -0.5758 -0.4123 -0.0394, -0.5758 -0.4123 -0.0315, -0.5748 -0.4035 -0.0394, -0.5748 -0.4035 -0.0315, -0.5748 -0.3839 -0.0394, -0.5748 -0.3839 -0.0315, -0.5758 -0.3751 -0.0394, -0.5758 -0.3751 -0.0315, -0.5787 -0.3668 -0.0394, -0.5787 -0.3668 -0.0315, -0.5834 -0.3593 -0.0394, -0.5834 -0.3593 -0.0315, -0.5896 -0.3531 -0.0394, -0.5896 -0.3531 -0.0315, -0.5971 -0.3484 -0.0394, -0.5971 -0.3484 -0.0315, -0.6054 -0.3455 -0.0394, -0.6054 -0.3455 -0.0315, -0.6142 -0.3445 -0.0394, -0.6142 -0.3445 -0.0315, -0.7913 -0.5413 0.0472, -0.7913 -0.6398 0.0472, -0.7874 -0.5413 0.0472, -0.7874 -0.6398 0.0472, -0.7874 -0.6398 0.0, -0.7913 -0.6398 -0.0079, -0.7795 -0.6398 0.0, -0.7795 -0.6398 -0.0079, -0.7795 -0.5413 0.0, -0.7795 -0.5413 -0.0079, -0.7874 -0.5413 0.0, -0.7913 -0.5413 -0.0079, -0.6142 -0.6398 -0.0315, -0.6142 -0.6398 -0.0394, -0.6054 -0.6388 -0.0394, -0.6054 -0.6388 -0.0315, -0.5971 -0.6359 -0.0394, -0.5971 -0.6359 -0.0315, -0.5896 -0.6312 -0.0394, -0.5896 -0.6312 -0.0315, -0.5834 -0.6249 -0.0394, -0.5834 -0.6249 -0.0315, -0.5787 -0.6175 -0.0394, -0.5787 -0.6175 -0.0315, -0.5758 -0.6092 -0.0394, -0.5758 -0.6092 -0.0315, -0.5748 -0.6004 -0.0394, -0.5748 -0.6004 -0.0315, -0.5748 -0.5807 -0.0394, -0.5748 -0.5807 -0.0315, -0.5758 -0.5719 -0.0394, -0.5758 -0.5719 -0.0315, -0.5787 -0.5636 -0.0394, -0.5787 -0.5636 -0.0315, -0.5834 -0.5562 -0.0394, -0.5834 -0.5562 -0.0315, -0.5896 -0.5499 -0.0394, -0.5896 -0.5499 -0.0315, -0.5971 -0.5452 -0.0394, -0.5971 -0.5452 -0.0315, -0.6054 -0.5423 -0.0394, -0.6054 -0.5423 -0.0315, -0.6142 -0.5413 -0.0394, -0.6142 -0.5413 -0.0315, -0.7913 -0.7382 0.0472, -0.7913 -0.8366 0.0472, -0.7874 -0.7382 0.0472, -0.7874 -0.8366 0.0472, -0.7874 -0.8366 0.0, -0.7913 -0.8366 -0.0079, -0.7795 -0.8366 0.0, -0.7795 -0.8366 -0.0079, -0.7795 -0.7382 0.0, -0.7795 -0.7382 -0.0079, -0.7874 -0.7382 0.0, -0.7913 -0.7382 -0.0079, -0.6142 -0.8366 -0.0315, -0.6142 -0.8366 -0.0394, -0.6054 -0.8356 -0.0394, -0.6054 -0.8356 -0.0315, -0.5971 -0.8327 -0.0394, -0.5971 -0.8327 -0.0315, -0.5896 -0.828 -0.0394, -0.5896 -0.828 -0.0315, -0.5834 -0.8218 -0.0394, -0.5834 -0.8218 -0.0315, -0.5787 -0.8143 -0.0394, -0.5787 -0.8143 -0.0315, -0.5758 -0.806 -0.0394, -0.5758 -0.806 -0.0315, -0.5748 -0.7972 -0.0394, -0.5748 -0.7972 -0.0315, -0.5748 -0.7776 -0.0394, -0.5748 -0.7776 -0.0315, -0.5758 -0.7688 -0.0394, -0.5758 -0.7688 -0.0315, -0.5787 -0.7605 -0.0394, -0.5787 -0.7605 -0.0315, -0.5834 -0.753 -0.0394, -0.5834 -0.753 -0.0315, -0.5896 -0.7468 -0.0394, -0.5896 -0.7468 -0.0315, -0.5971 -0.7421 -0.0394, -0.5971 -0.7421 -0.0315, -0.6054 -0.7392 -0.0394, -0.6054 -0.7392 -0.0315, -0.6142 -0.7382 -0.0394, -0.6142 -0.7382 -0.0315, -0.7913 -0.935 0.0472, -0.7913 -1.0335 0.0472, -0.7874 -0.935 0.0472, -0.7874 -1.0335 0.0472, -0.7874 -1.0335 0.0, -0.7913 -1.0335 -0.0079, -0.7795 -1.0335 0.0, -0.7795 -1.0335 -0.0079, -0.7795 -0.935 0.0, -0.7795 -0.935 -0.0079, -0.7874 -0.935 0.0, -0.7913 -0.935 -0.0079, -0.6142 -1.0335 -0.0315, -0.6142 -1.0335 -0.0394, -0.6054 -1.0325 -0.0394, -0.6054 -1.0325 -0.0315, -0.5971 -1.0296 -0.0394, -0.5971 -1.0296 -0.0315, -0.5896 -1.0249 -0.0394, -0.5896 -1.0249 -0.0315, -0.5834 -1.0186 -0.0394, -0.5834 -1.0186 -0.0315, -0.5787 -1.0112 -0.0394, -0.5787 -1.0112 -0.0315, -0.5758 -1.0029 -0.0394, -0.5758 -1.0029 -0.0315, -0.5748 -0.9941 -0.0394, -0.5748 -0.9941 -0.0315, -0.5748 -0.9744 -0.0394, -0.5748 -0.9744 -0.0315, -0.5758 -0.9656 -0.0394, -0.5758 -0.9656 -0.0315, -0.5787 -0.9573 -0.0394, -0.5787 -0.9573 -0.0315, -0.5834 -0.9499 -0.0394, -0.5834 -0.9499 -0.0315, -0.5896 -0.9436 -0.0394, -0.5896 -0.9436 -0.0315, -0.5971 -0.9389 -0.0394, -0.5971 -0.9389 -0.0315, -0.6054 -0.936 -0.0394, -0.6054 -0.936 -0.0315, -0.6142 -0.935 -0.0394, -0.6142 -0.935 -0.0315, -0.7717 -0.935 -0.0079, -0.7717 -1.0335 -0.0079, -0.7717 -0.935 -0.0315, -0.7795 -0.935 -0.0315, -0.7717 -1.0335 -0.0315, -0.7795 -1.0335 -0.0315, -0.7717 -1.0335 -0.0394, -0.7717 -0.935 -0.0394, -0.7717 -0.7382 -0.0079, -0.7717 -0.8366 -0.0079, -0.7795 -0.7382 -0.0315, -0.7717 -0.7382 -0.0315, -0.7717 -0.8366 -0.0315, -0.7795 -0.8366 -0.0315, -0.7717 -0.8366 -0.0394, -0.7717 -0.7382 -0.0394, -0.7717 -0.5413 -0.0079, -0.7717 -0.6398 -0.0079, -0.7795 -0.5413 -0.0315, -0.7717 -0.5413 -0.0315, -0.7717 -0.6398 -0.0315, -0.7795 -0.6398 -0.0315, -0.7717 -0.6398 -0.0394, -0.7717 -0.5413 -0.0394, -0.7717 -0.3445 -0.0079, -0.7717 -0.4429 -0.0079, -0.7795 -0.3445 -0.0315, -0.7717 -0.3445 -0.0315, -0.7717 -0.4429 -0.0315, -0.7795 -0.4429 -0.0315, -0.7717 -0.4429 -0.0394, -0.7717 -0.3445 -0.0394, -0.7717 -0.1476 -0.0079, -0.7717 -0.2461 -0.0079, -0.7795 -0.1476 -0.0315, -0.7717 -0.1476 -0.0315, -0.7717 -0.2461 -0.0315, -0.7795 -0.2461 -0.0315, -0.7717 -0.2461 -0.0394, -0.7717 -0.1476 -0.0394, -0.7717 0.0492 -0.0079, -0.7717 -0.0492 -0.0079, -0.7795 0.0492 -0.0315, -0.7717 0.0492 -0.0315, -0.7717 -0.0492 -0.0315, -0.7795 -0.0492 -0.0315, -0.7717 -0.0492 -0.0394, -0.7717 0.0492 -0.0394, -0.7717 0.2461 -0.0079, -0.7717 0.1476 -0.0079, -0.7795 0.2461 -0.0315, -0.7717 0.2461 -0.0315, -0.7717 0.1476 -0.0315, -0.7795 0.1476 -0.0315, -0.7717 0.1476 -0.0394, -0.7717 0.2461 -0.0394, -0.7717 0.4429 -0.0079, -0.7717 0.3445 -0.0079, -0.7795 0.4429 -0.0315, -0.7717 0.4429 -0.0315, -0.7717 0.3445 -0.0315, -0.7795 0.3445 -0.0315, -0.7717 0.3445 -0.0394, -0.7717 0.4429 -0.0394, -0.7717 0.6398 -0.0079, -0.7717 0.5413 -0.0079, -0.7795 0.6398 -0.0315, -0.7717 0.6398 -0.0315, -0.7717 0.5413 -0.0315, -0.7795 0.5413 -0.0315, -0.7717 0.5413 -0.0394, -0.7717 0.6398 -0.0394, -0.7717 0.8366 -0.0079, -0.7717 0.7382 -0.0079, -0.7795 0.8366 -0.0315, -0.7717 0.8366 -0.0315, -0.7717 0.7382 -0.0315, -0.7795 0.7382 -0.0315, -0.7717 0.7382 -0.0394, -0.7717 0.8366 -0.0394, -0.7717 1.0335 -0.0079, -0.7717 0.935 -0.0079, -0.7795 1.0335 -0.0315, -0.7717 1.0335 -0.0315, -0.7717 0.935 -0.0315, -0.7795 0.935 -0.0315, -0.7717 0.935 -0.0394, -0.7717 1.0335 -0.0394, 0.3445 1.185 0.0472, 0.2461 1.185 0.0472, 0.3445 1.1811 0.0472, 0.2461 1.1811 0.0472, 0.2461 1.0669 -0.0394, 0.2461 1.0669 -0.0315, 0.2461 1.1654 -0.0394, 0.2461 1.1654 -0.0315, 0.3445 1.0669 -0.0315, 0.3445 1.0669 -0.0394, 0.3445 1.1654 -0.0315, 0.3445 1.1654 -0.0394, 0.2471 1.0582 -0.0394, 0.2471 1.0582 -0.0315, 0.25 1.0498 -0.0394, 0.25 1.0498 -0.0315, 0.2547 1.0424 -0.0394, 0.2547 1.0424 -0.0315, 0.2609 1.0361 -0.0394, 0.2609 1.0361 -0.0315, 0.2684 1.0315 -0.0394, 0.2684 1.0315 -0.0315, 0.2767 1.0285 -0.0394, 0.2767 1.0285 -0.0315, 0.2854 1.0276 -0.0394, 0.2854 1.0276 -0.0315, 0.3051 1.0276 -0.0315, 0.3051 1.0276 -0.0394, 0.3139 1.0285 -0.0394, 0.3139 1.0285 -0.0315, 0.3222 1.0315 -0.0394, 0.3222 1.0315 -0.0315, 0.3297 1.0361 -0.0394, 0.3297 1.0361 -0.0315, 0.3359 1.0424 -0.0394, 0.3359 1.0424 -0.0315, 0.3406 1.0498 -0.0394, 0.3406 1.0498 -0.0315, 0.3435 1.0582 -0.0394, 0.3435 1.0582 -0.0315, 0.2461 1.1732 -0.0315, 0.2461 1.1654 -0.0079, 0.2461 1.1732 -0.0079, 0.3445 1.1654 -0.0079, 0.3445 1.1732 -0.0079, 0.3445 1.1732 -0.0315, 0.3445 1.185 -0.0079, 0.2461 1.185 -0.0079, 0.1476 1.185 0.0472, 0.0492 1.185 0.0472, 0.1476 1.1811 0.0472, 0.0492 1.1811 0.0472, 0.0492 1.0669 -0.0394, 0.0492 1.0669 -0.0315, 0.0492 1.1654 -0.0394, 0.0492 1.1654 -0.0315, 0.0502 1.0582 -0.0394, 0.0502 1.0582 -0.0315, 0.0531 1.0498 -0.0394, 0.0531 1.0498 -0.0315, 0.0578 1.0424 -0.0394, 0.0578 1.0424 -0.0315, 0.064 1.0361 -0.0394, 0.064 1.0361 -0.0315, 0.0715 1.0315 -0.0394, 0.0715 1.0315 -0.0315, 0.0798 1.0285 -0.0394, 0.0798 1.0285 -0.0315, 0.0886 1.0276 -0.0394, 0.0886 1.0276 -0.0315, 0.1083 1.0276 -0.0315, 0.1083 1.0276 -0.0394, 0.117 1.0285 -0.0394, 0.117 1.0285 -0.0315, 0.1253 1.0315 -0.0394, 0.1253 1.0315 -0.0315, 0.1328 1.0361 -0.0394, 0.1328 1.0361 -0.0315, 0.139 1.0424 -0.0394, 0.139 1.0424 -0.0315, 0.1437 1.0498 -0.0394, 0.1437 1.0498 -0.0315, 0.1467 1.0582 -0.0394, 0.1467 1.0582 -0.0315, 0.1476 1.0669 -0.0394, 0.1476 1.0669 -0.0315, 0.1476 1.1654 -0.0315, 0.1476 1.1654 -0.0394, -0.0492 1.185 0.0472, -0.1476 1.185 0.0472, -0.0492 1.1811 0.0472, -0.1476 1.1811 0.0472, -0.1476 1.0669 -0.0394, -0.1476 1.0669 -0.0315, -0.1476 1.1654 -0.0394, -0.1476 1.1654 -0.0315, -0.1467 1.0582 -0.0394, -0.1467 1.0582 -0.0315, -0.1437 1.0498 -0.0394, -0.1437 1.0498 -0.0315, -0.139 1.0424 -0.0394, -0.139 1.0424 -0.0315, -0.1328 1.0361 -0.0394, -0.1328 1.0361 -0.0315, -0.1253 1.0315 -0.0394, -0.1253 1.0315 -0.0315, -0.117 1.0285 -0.0394, -0.117 1.0285 -0.0315, -0.1083 1.0276 -0.0394, -0.1083 1.0276 -0.0315, -0.0886 1.0276 -0.0315, -0.0886 1.0276 -0.0394, -0.0798 1.0285 -0.0394, -0.0798 1.0285 -0.0315, -0.0715 1.0315 -0.0394, -0.0715 1.0315 -0.0315, -0.064 1.0361 -0.0394, -0.064 1.0361 -0.0315, -0.0578 1.0424 -0.0394, -0.0578 1.0424 -0.0315, -0.0531 1.0498 -0.0394, -0.0531 1.0498 -0.0315, -0.0502 1.0582 -0.0394, -0.0502 1.0582 -0.0315, -0.0492 1.0669 -0.0394, -0.0492 1.0669 -0.0315, -0.0492 1.1654 -0.0315, -0.0492 1.1654 -0.0394, -0.2461 1.185 0.0472, -0.3445 1.185 0.0472, -0.2461 1.1811 0.0472, -0.3445 1.1811 0.0472, -0.3445 1.0669 -0.0394, -0.3445 1.0669 -0.0315, -0.3445 1.1654 -0.0394, -0.3445 1.1654 -0.0315, -0.3435 1.0582 -0.0394, -0.3435 1.0582 -0.0315, -0.3406 1.0498 -0.0394, -0.3406 1.0498 -0.0315, -0.3359 1.0424 -0.0394, -0.3359 1.0424 -0.0315, -0.3297 1.0361 -0.0394, -0.3297 1.0361 -0.0315, -0.3222 1.0315 -0.0394, -0.3222 1.0315 -0.0315, -0.3139 1.0285 -0.0394, -0.3139 1.0285 -0.0315, -0.3051 1.0276 -0.0394, -0.3051 1.0276 -0.0315, -0.2854 1.0276 -0.0315, -0.2854 1.0276 -0.0394, -0.2767 1.0285 -0.0394, -0.2767 1.0285 -0.0315, -0.2684 1.0315 -0.0394, -0.2684 1.0315 -0.0315, -0.2609 1.0361 -0.0394, -0.2609 1.0361 -0.0315, -0.2547 1.0424 -0.0394, -0.2547 1.0424 -0.0315, -0.25 1.0498 -0.0394, -0.25 1.0498 -0.0315, -0.2471 1.0582 -0.0394, -0.2471 1.0582 -0.0315, -0.2461 1.0669 -0.0394, -0.2461 1.0669 -0.0315, -0.2461 1.1654 -0.0315, -0.2461 1.1654 -0.0394, -0.3445 1.1732 -0.0315, -0.3445 1.1654 -0.0079, -0.3445 1.1732 -0.0079, -0.2461 1.1654 -0.0079, -0.2461 1.1732 -0.0079, -0.2461 1.1732 -0.0315, -0.2461 1.185 -0.0079, -0.3445 1.185 -0.0079, -0.1476 1.1732 -0.0315, -0.1476 1.1654 -0.0079, -0.1476 1.1732 -0.0079, -0.0492 1.1654 -0.0079, -0.0492 1.1732 -0.0079, -0.0492 1.1732 -0.0315, -0.0492 1.185 -0.0079, -0.1476 1.185 -0.0079, 0.0492 1.1732 -0.0315, 0.0492 1.1654 -0.0079, 0.0492 1.1732 -0.0079, 0.1476 1.1654 -0.0079, 0.1476 1.1732 -0.0079, 0.1476 1.1732 -0.0315, 0.1476 1.185 -0.0079, 0.0492 1.185 -0.0079, 0.2461 -1.185 0.0472, 0.3445 -1.185 0.0472, 0.2461 -1.1811 0.0472, 0.3445 -1.1811 0.0472, 0.3445 -1.0669 -0.0315, 0.3445 -1.0669 -0.0394, 0.3435 -1.0582 -0.0394, 0.3435 -1.0582 -0.0315, 0.3406 -1.0498 -0.0394, 0.3406 -1.0498 -0.0315, 0.3359 -1.0424 -0.0394, 0.3359 -1.0424 -0.0315, 0.3297 -1.0361 -0.0394, 0.3297 -1.0361 -0.0315, 0.3222 -1.0315 -0.0394, 0.3222 -1.0315 -0.0315, 0.3139 -1.0285 -0.0394, 0.3139 -1.0285 -0.0315, 0.3051 -1.0276 -0.0394, 0.3051 -1.0276 -0.0315, 0.2854 -1.0276 -0.0394, 0.2854 -1.0276 -0.0315, 0.2767 -1.0285 -0.0394, 0.2767 -1.0285 -0.0315, 0.2684 -1.0315 -0.0394, 0.2684 -1.0315 -0.0315, 0.2609 -1.0361 -0.0394, 0.2609 -1.0361 -0.0315, 0.2547 -1.0424 -0.0394, 0.2547 -1.0424 -0.0315, 0.25 -1.0498 -0.0394, 0.25 -1.0498 -0.0315, 0.2471 -1.0582 -0.0394, 0.2471 -1.0582 -0.0315, 0.2461 -1.0669 -0.0394, 0.2461 -1.0669 -0.0315, 0.0492 -1.185 0.0472, 0.1476 -1.185 0.0472, 0.0492 -1.1811 0.0472, 0.1476 -1.1811 0.0472, 0.1476 -1.0669 -0.0315, 0.1476 -1.0669 -0.0394, 0.1467 -1.0582 -0.0394, 0.1467 -1.0582 -0.0315, 0.1437 -1.0498 -0.0394, 0.1437 -1.0498 -0.0315, 0.139 -1.0424 -0.0394, 0.139 -1.0424 -0.0315, 0.1328 -1.0361 -0.0394, 0.1328 -1.0361 -0.0315, 0.1253 -1.0315 -0.0394, 0.1253 -1.0315 -0.0315, 0.117 -1.0285 -0.0394, 0.117 -1.0285 -0.0315, 0.1083 -1.0276 -0.0394, 0.1083 -1.0276 -0.0315, 0.0886 -1.0276 -0.0394, 0.0886 -1.0276 -0.0315, 0.0798 -1.0285 -0.0394, 0.0798 -1.0285 -0.0315, 0.0715 -1.0315 -0.0394, 0.0715 -1.0315 -0.0315, 0.064 -1.0361 -0.0394, 0.064 -1.0361 -0.0315, 0.0578 -1.0424 -0.0394, 0.0578 -1.0424 -0.0315, 0.0531 -1.0498 -0.0394, 0.0531 -1.0498 -0.0315, 0.0502 -1.0582 -0.0394, 0.0502 -1.0582 -0.0315, 0.0492 -1.0669 -0.0394, 0.0492 -1.0669 -0.0315, -0.1476 -1.185 0.0472, -0.0492 -1.185 0.0472, -0.1476 -1.1811 0.0472, -0.0492 -1.1811 0.0472, -0.0492 -1.0669 -0.0315, -0.0492 -1.0669 -0.0394, -0.0502 -1.0582 -0.0394, -0.0502 -1.0582 -0.0315, -0.0531 -1.0498 -0.0394, -0.0531 -1.0498 -0.0315, -0.0578 -1.0424 -0.0394, -0.0578 -1.0424 -0.0315, -0.064 -1.0361 -0.0394, -0.064 -1.0361 -0.0315, -0.0715 -1.0315 -0.0394, -0.0715 -1.0315 -0.0315, -0.0798 -1.0285 -0.0394, -0.0798 -1.0285 -0.0315, -0.0886 -1.0276 -0.0394, -0.0886 -1.0276 -0.0315, -0.1083 -1.0276 -0.0394, -0.1083 -1.0276 -0.0315, -0.117 -1.0285 -0.0394, -0.117 -1.0285 -0.0315, -0.1253 -1.0315 -0.0394, -0.1253 -1.0315 -0.0315, -0.1328 -1.0361 -0.0394, -0.1328 -1.0361 -0.0315, -0.139 -1.0424 -0.0394, -0.139 -1.0424 -0.0315, -0.1437 -1.0498 -0.0394, -0.1437 -1.0498 -0.0315, -0.1467 -1.0582 -0.0394, -0.1467 -1.0582 -0.0315, -0.1476 -1.0669 -0.0394, -0.1476 -1.0669 -0.0315, -0.3445 -1.185 0.0472, -0.2461 -1.185 0.0472, -0.3445 -1.1811 0.0472, -0.2461 -1.1811 0.0472, -0.2461 -1.0669 -0.0315, -0.2461 -1.0669 -0.0394, -0.2471 -1.0582 -0.0394, -0.2471 -1.0582 -0.0315, -0.25 -1.0498 -0.0394, -0.25 -1.0498 -0.0315, -0.2547 -1.0424 -0.0394, -0.2547 -1.0424 -0.0315, -0.2609 -1.0361 -0.0394, -0.2609 -1.0361 -0.0315, -0.2684 -1.0315 -0.0394, -0.2684 -1.0315 -0.0315, -0.2767 -1.0285 -0.0394, -0.2767 -1.0285 -0.0315, -0.2854 -1.0276 -0.0394, -0.2854 -1.0276 -0.0315, -0.3051 -1.0276 -0.0394, -0.3051 -1.0276 -0.0315, -0.3139 -1.0285 -0.0394, -0.3139 -1.0285 -0.0315, -0.3222 -1.0315 -0.0394, -0.3222 -1.0315 -0.0315, -0.3297 -1.0361 -0.0394, -0.3297 -1.0361 -0.0315, -0.3359 -1.0424 -0.0394, -0.3359 -1.0424 -0.0315, -0.3406 -1.0498 -0.0394, -0.3406 -1.0498 -0.0315, -0.3435 -1.0582 -0.0394, -0.3435 -1.0582 -0.0315, -0.3445 -1.0669 -0.0394, -0.3445 -1.0669 -0.0315, -0.3445 -1.1654 -0.0079, -0.2461 -1.1654 -0.0079, -0.3445 -1.1732 -0.0079, -0.2461 -1.1732 -0.0079, -0.3445 -1.185 -0.0079, -0.2461 -1.185 -0.0079, -0.3445 -1.1654 -0.0315, -0.3445 -1.1732 -0.0315, -0.2461 -1.1654 -0.0315, -0.2461 -1.1732 -0.0315, -0.3445 -1.1654 -0.0394, -0.2461 -1.1654 -0.0394, -0.1476 -1.1654 -0.0079, -0.0492 -1.1654 -0.0079, -0.1476 -1.1732 -0.0079, -0.0492 -1.1732 -0.0079, -0.1476 -1.185 -0.0079, -0.0492 -1.185 -0.0079, -0.1476 -1.1654 -0.0315, -0.1476 -1.1732 -0.0315, -0.0492 -1.1654 -0.0315, -0.0492 -1.1732 -0.0315, -0.1476 -1.1654 -0.0394, -0.0492 -1.1654 -0.0394, 0.0492 -1.1654 -0.0079, 0.1476 -1.1654 -0.0079, 0.0492 -1.1732 -0.0079, 0.1476 -1.1732 -0.0079, 0.0492 -1.185 -0.0079, 0.1476 -1.185 -0.0079, 0.0492 -1.1654 -0.0315, 0.0492 -1.1732 -0.0315, 0.1476 -1.1654 -0.0315, 0.1476 -1.1732 -0.0315, 0.0492 -1.1654 -0.0394, 0.1476 -1.1654 -0.0394, 0.2461 -1.1654 -0.0079, 0.3445 -1.1654 -0.0079, 0.2461 -1.1732 -0.0079, 0.3445 -1.1732 -0.0079, 0.2461 -1.185 -0.0079, 0.3445 -1.185 -0.0079, 0.2461 -1.1654 -0.0315, 0.2461 -1.1732 -0.0315, 0.3445 -1.1654 -0.0315, 0.3445 -1.1732 -0.0315, 0.2461 -1.1654 -0.0394, 0.3445 -1.1654 -0.0394, -0.3543 0.7677 -0.0394, -0.3543 -0.8858 -0.0394, -0.3543 0.7677 -0.0315, -0.3543 -0.8858 -0.0315, -0.2362 0.8858 -0.0315, 0.3543 0.8858 -0.0315, -0.2362 0.8858 -0.0394, 0.3543 0.8858 -0.0394, 0.3543 -0.8858 -0.0394, 0.3543 -0.8858 -0.0315, 0.3543 -0.8858 -0.0315
            ]
        }
        coordIndex [
            0,1,2,-1,2,1,3,-1,3,1,4,-1,4,1,5,-1,4,5,6,-1,6,5,7,-1,8,9,10,-1,10,9,11,-1,10,11,2,-1,2,11,0,-1,1,0,5,-1,5,0,11,-1,12,13,14,-1,12,14,15,-1,15,14,16,-1,15,16,17,-1,17,16,18,-1,17,18,19,-1,19,18,20,-1,19,20,21,-1,21,20,22,-1,21,22,23,-1,23,22,24,-1,23,24,25,-1,25,24,26,-1,25,26,27,-1,27,26,28,-1,28,26,29,-1,28,29,30,-1,28,30,31,-1,31,30,32,-1,31,32,33,-1,33,32,34,-1,33,34,35,-1,35,34,36,-1,35,36,37,-1,37,36,38,-1,37,38,39,-1,39,38,40,-1,39,40,41,-1,41,40,42,-1,41,42,43,-1,44,45,13,-1,13,45,42,-1,42,40,38,-1,38,36,42,-1,42,36,34,-1,42,34,32,-1,24,22,20,-1,32,30,42,-1,42,30,29,-1,42,29,13,-1,13,29,26,-1,13,26,14,-1,14,26,16,-1,24,20,26,-1,26,20,18,-1,26,18,16,-1,46,9,47,-1,47,9,48,-1,49,50,51,-1,51,50,7,-1,51,46,49,-1,49,46,47,-1,49,47,44,-1,44,47,45,-1,46,51,9,-1,9,51,7,-1,9,7,11,-1,11,7,5,-1,52,53,54,-1,54,53,55,-1,55,53,56,-1,56,53,57,-1,56,57,58,-1,58,57,59,-1,60,61,62,-1,62,61,63,-1,62,63,54,-1,54,63,52,-1,53,52,57,-1,57,52,63,-1,64,65,66,-1,64,66,67,-1,67,66,68,-1,67,68,69,-1,69,68,70,-1,69,70,71,-1,71,70,72,-1,71,72,73,-1,73,72,74,-1,73,74,75,-1,75,74,76,-1,75,76,77,-1,77,76,78,-1,77,78,79,-1,79,78,80,-1,80,78,81,-1,80,81,82,-1,80,82,83,-1,83,82,84,-1,83,84,85,-1,85,84,86,-1,85,86,87,-1,87,86,88,-1,87,88,89,-1,89,88,90,-1,89,90,91,-1,91,90,92,-1,91,92,93,-1,93,92,94,-1,93,94,95,-1,96,97,65,-1,65,97,94,-1,76,74,72,-1,68,66,78,-1,78,66,65,-1,78,65,81,-1,81,65,94,-1,81,94,82,-1,76,72,78,-1,78,72,70,-1,78,70,68,-1,88,94,90,-1,90,94,92,-1,88,86,94,-1,94,86,84,-1,94,84,82,-1,98,99,100,-1,100,99,101,-1,101,99,102,-1,102,99,103,-1,102,103,104,-1,104,103,105,-1,106,107,108,-1,108,107,109,-1,108,109,100,-1,100,109,98,-1,99,98,103,-1,103,98,109,-1,110,111,112,-1,110,112,113,-1,113,112,114,-1,113,114,115,-1,115,114,116,-1,115,116,117,-1,117,116,118,-1,117,118,119,-1,119,118,120,-1,119,120,121,-1,121,120,122,-1,121,122,123,-1,123,122,124,-1,123,124,125,-1,125,124,126,-1,126,124,127,-1,126,127,128,-1,126,128,129,-1,129,128,130,-1,129,130,131,-1,131,130,132,-1,131,132,133,-1,133,132,134,-1,133,134,135,-1,135,134,136,-1,135,136,137,-1,137,136,138,-1,137,138,139,-1,139,138,140,-1,139,140,141,-1,112,111,124,-1,142,143,111,-1,111,143,140,-1,124,111,127,-1,127,111,140,-1,127,140,128,-1,118,116,120,-1,120,116,122,-1,122,116,124,-1,124,116,114,-1,124,114,112,-1,134,140,136,-1,136,140,138,-1,134,132,140,-1,140,132,130,-1,140,130,128,-1,144,145,146,-1,146,145,147,-1,147,145,148,-1,148,145,149,-1,148,149,150,-1,150,149,151,-1,152,153,154,-1,154,153,155,-1,154,155,146,-1,146,155,144,-1,145,144,149,-1,149,144,155,-1,156,157,158,-1,156,158,159,-1,159,158,160,-1,159,160,161,-1,161,160,162,-1,161,162,163,-1,163,162,164,-1,163,164,165,-1,165,164,166,-1,165,166,167,-1,167,166,168,-1,167,168,169,-1,169,168,170,-1,169,170,171,-1,171,170,172,-1,172,170,173,-1,172,173,174,-1,172,174,175,-1,175,174,176,-1,175,176,177,-1,177,176,178,-1,177,178,179,-1,179,178,180,-1,179,180,181,-1,181,180,182,-1,181,182,183,-1,183,182,184,-1,183,184,185,-1,185,184,186,-1,185,186,187,-1,173,170,186,-1,158,157,170,-1,186,170,188,-1,188,170,157,-1,188,157,189,-1,164,162,166,-1,166,162,168,-1,168,162,170,-1,170,162,160,-1,170,160,158,-1,173,186,174,-1,174,186,184,-1,174,184,182,-1,182,180,174,-1,174,180,178,-1,174,178,176,-1,190,191,192,-1,192,191,193,-1,193,191,194,-1,194,191,195,-1,194,195,196,-1,196,195,197,-1,198,199,200,-1,200,199,201,-1,200,201,192,-1,192,201,190,-1,191,190,195,-1,195,190,201,-1,202,203,204,-1,202,204,205,-1,205,204,206,-1,205,206,207,-1,207,206,208,-1,207,208,209,-1,209,208,210,-1,209,210,211,-1,211,210,212,-1,211,212,213,-1,213,212,214,-1,213,214,215,-1,215,214,216,-1,215,216,217,-1,217,216,218,-1,218,216,219,-1,218,219,220,-1,218,220,221,-1,221,220,222,-1,221,222,223,-1,223,222,224,-1,223,224,225,-1,225,224,226,-1,225,226,227,-1,227,226,228,-1,227,228,229,-1,229,228,230,-1,229,230,231,-1,231,230,232,-1,231,232,233,-1,216,234,232,-1,235,234,203,-1,203,234,216,-1,203,216,204,-1,222,220,232,-1,232,220,219,-1,232,219,216,-1,228,226,224,-1,210,208,212,-1,212,208,214,-1,214,208,216,-1,216,208,206,-1,216,206,204,-1,222,232,224,-1,224,232,230,-1,224,230,228,-1,236,237,238,-1,238,237,239,-1,239,237,240,-1,240,237,241,-1,240,241,242,-1,242,241,243,-1,244,245,246,-1,246,245,247,-1,246,247,238,-1,238,247,236,-1,237,236,241,-1,241,236,247,-1,248,249,250,-1,248,250,251,-1,251,250,252,-1,251,252,253,-1,253,252,254,-1,253,254,255,-1,255,254,256,-1,255,256,257,-1,257,256,258,-1,257,258,259,-1,259,258,260,-1,259,260,261,-1,261,260,262,-1,261,262,263,-1,263,262,264,-1,264,262,265,-1,264,265,266,-1,264,266,267,-1,267,266,268,-1,267,268,269,-1,269,268,270,-1,269,270,271,-1,271,270,272,-1,271,272,273,-1,273,272,274,-1,273,274,275,-1,275,274,276,-1,275,276,277,-1,277,276,278,-1,277,278,279,-1,280,281,249,-1,249,281,278,-1,262,254,252,-1,262,260,254,-1,254,260,258,-1,254,258,256,-1,252,250,262,-1,262,250,249,-1,262,249,265,-1,265,249,278,-1,265,278,266,-1,266,278,276,-1,266,276,274,-1,274,272,266,-1,266,272,270,-1,266,270,268,-1,282,283,284,-1,284,283,285,-1,285,283,286,-1,286,283,287,-1,286,287,288,-1,288,287,289,-1,290,291,292,-1,292,291,293,-1,292,293,284,-1,284,293,282,-1,283,282,287,-1,287,282,293,-1,294,295,296,-1,294,296,297,-1,297,296,298,-1,297,298,299,-1,299,298,300,-1,299,300,301,-1,301,300,302,-1,301,302,303,-1,303,302,304,-1,303,304,305,-1,305,304,306,-1,305,306,307,-1,307,306,308,-1,307,308,309,-1,309,308,310,-1,310,308,311,-1,310,311,312,-1,310,312,313,-1,313,312,314,-1,313,314,315,-1,315,314,316,-1,315,316,317,-1,317,316,318,-1,317,318,319,-1,319,318,320,-1,319,320,321,-1,321,320,322,-1,321,322,323,-1,323,322,324,-1,323,324,325,-1,296,295,308,-1,326,327,295,-1,295,327,324,-1,308,295,311,-1,311,295,324,-1,311,324,312,-1,312,324,322,-1,312,322,320,-1,304,302,306,-1,306,302,300,-1,306,300,308,-1,308,300,298,-1,308,298,296,-1,320,318,312,-1,312,318,316,-1,312,316,314,-1,328,329,330,-1,330,329,331,-1,331,329,332,-1,332,329,333,-1,332,333,334,-1,334,333,335,-1,336,337,338,-1,338,337,339,-1,338,339,330,-1,330,339,328,-1,329,328,333,-1,333,328,339,-1,340,341,342,-1,340,342,343,-1,343,342,344,-1,343,344,345,-1,345,344,346,-1,345,346,347,-1,347,346,348,-1,347,348,349,-1,349,348,350,-1,349,350,351,-1,351,350,352,-1,351,352,353,-1,353,352,354,-1,353,354,355,-1,355,354,356,-1,356,354,357,-1,356,357,358,-1,356,358,359,-1,359,358,360,-1,359,360,361,-1,361,360,362,-1,361,362,363,-1,363,362,364,-1,363,364,365,-1,365,364,366,-1,365,366,367,-1,367,366,368,-1,367,368,369,-1,369,368,370,-1,369,370,371,-1,342,341,354,-1,372,373,341,-1,341,373,370,-1,354,341,357,-1,357,341,370,-1,357,370,358,-1,348,346,350,-1,350,346,352,-1,352,346,354,-1,354,346,344,-1,354,344,342,-1,364,370,366,-1,366,370,368,-1,364,362,370,-1,370,362,360,-1,370,360,358,-1,374,375,376,-1,376,375,377,-1,377,375,378,-1,378,375,379,-1,378,379,380,-1,380,379,381,-1,382,383,384,-1,384,383,385,-1,384,385,376,-1,376,385,374,-1,375,374,379,-1,379,374,385,-1,386,387,388,-1,386,388,389,-1,389,388,390,-1,389,390,391,-1,391,390,392,-1,391,392,393,-1,393,392,394,-1,393,394,395,-1,395,394,396,-1,395,396,397,-1,397,396,398,-1,397,398,399,-1,399,398,400,-1,399,400,401,-1,401,400,402,-1,402,400,403,-1,402,403,404,-1,402,404,405,-1,405,404,406,-1,405,406,407,-1,407,406,408,-1,407,408,409,-1,409,408,410,-1,409,410,411,-1,411,410,412,-1,411,412,413,-1,413,412,414,-1,413,414,415,-1,415,414,416,-1,415,416,417,-1,388,387,400,-1,418,419,387,-1,387,419,416,-1,400,387,403,-1,403,387,416,-1,403,416,404,-1,394,392,396,-1,396,392,398,-1,398,392,400,-1,400,392,390,-1,400,390,388,-1,410,416,412,-1,412,416,414,-1,410,408,416,-1,416,408,406,-1,416,406,404,-1,420,421,422,-1,422,421,423,-1,423,421,424,-1,424,421,425,-1,424,425,426,-1,426,425,427,-1,428,429,430,-1,430,429,431,-1,430,431,422,-1,422,431,420,-1,421,420,425,-1,425,420,431,-1,432,433,434,-1,432,434,435,-1,435,434,436,-1,435,436,437,-1,437,436,438,-1,437,438,439,-1,439,438,440,-1,439,440,441,-1,441,440,442,-1,441,442,443,-1,443,442,444,-1,443,444,445,-1,445,444,446,-1,445,446,447,-1,447,446,448,-1,448,446,449,-1,448,449,450,-1,448,450,451,-1,451,450,452,-1,451,452,453,-1,453,452,454,-1,453,454,455,-1,455,454,456,-1,455,456,457,-1,457,456,458,-1,457,458,459,-1,459,458,460,-1,459,460,461,-1,461,460,462,-1,461,462,463,-1,464,465,433,-1,433,465,462,-1,450,449,462,-1,462,449,433,-1,433,449,446,-1,433,446,434,-1,456,462,458,-1,458,462,460,-1,456,454,462,-1,462,454,452,-1,462,452,450,-1,440,438,442,-1,442,438,444,-1,444,438,446,-1,446,438,436,-1,446,436,434,-1,466,467,468,-1,468,467,469,-1,469,467,470,-1,470,467,471,-1,470,471,472,-1,472,471,473,-1,474,475,476,-1,476,475,477,-1,476,477,468,-1,468,477,466,-1,467,466,471,-1,471,466,477,-1,478,479,480,-1,478,480,481,-1,481,480,482,-1,481,482,483,-1,483,482,484,-1,483,484,485,-1,485,484,486,-1,485,486,487,-1,487,486,488,-1,487,488,489,-1,489,488,490,-1,489,490,491,-1,491,490,492,-1,491,492,493,-1,493,492,494,-1,494,492,495,-1,494,495,496,-1,494,496,497,-1,497,496,498,-1,497,498,499,-1,499,498,500,-1,499,500,501,-1,501,500,502,-1,501,502,503,-1,503,502,504,-1,503,504,505,-1,505,504,506,-1,505,506,507,-1,507,506,508,-1,507,508,509,-1,510,511,479,-1,479,511,508,-1,508,506,504,-1,504,502,508,-1,508,502,500,-1,508,500,498,-1,490,488,486,-1,498,496,508,-1,508,496,495,-1,508,495,479,-1,479,495,492,-1,479,492,480,-1,480,492,482,-1,490,486,492,-1,492,486,484,-1,492,484,482,-1,512,475,513,-1,513,475,514,-1,515,516,517,-1,517,516,473,-1,517,512,515,-1,515,512,513,-1,515,513,510,-1,510,513,511,-1,512,517,475,-1,475,517,473,-1,475,473,477,-1,477,473,471,-1,518,429,519,-1,519,429,520,-1,521,522,523,-1,523,522,427,-1,523,518,521,-1,521,518,519,-1,521,519,464,-1,464,519,465,-1,518,523,429,-1,429,523,427,-1,429,427,431,-1,431,427,425,-1,524,383,525,-1,525,383,526,-1,527,528,529,-1,529,528,381,-1,529,524,527,-1,527,524,525,-1,527,525,418,-1,418,525,419,-1,524,529,383,-1,383,529,381,-1,383,381,385,-1,385,381,379,-1,530,337,531,-1,531,337,532,-1,533,534,535,-1,535,534,335,-1,535,530,533,-1,533,530,531,-1,533,531,372,-1,372,531,373,-1,530,535,337,-1,337,535,335,-1,337,335,339,-1,339,335,333,-1,536,291,537,-1,537,291,538,-1,539,540,541,-1,541,540,289,-1,541,536,539,-1,539,536,537,-1,539,537,326,-1,326,537,327,-1,536,541,291,-1,291,541,289,-1,291,289,293,-1,293,289,287,-1,542,245,543,-1,543,245,544,-1,545,546,547,-1,547,546,243,-1,547,542,545,-1,545,542,543,-1,545,543,280,-1,280,543,281,-1,542,547,245,-1,245,547,243,-1,245,243,247,-1,247,243,241,-1,548,199,549,-1,549,199,550,-1,551,552,553,-1,553,552,197,-1,553,548,551,-1,551,548,549,-1,551,549,235,-1,235,549,234,-1,548,553,199,-1,199,553,197,-1,199,197,201,-1,201,197,195,-1,554,153,555,-1,555,153,556,-1,557,558,559,-1,559,558,151,-1,559,554,557,-1,557,554,555,-1,557,555,189,-1,189,555,188,-1,554,559,153,-1,153,559,151,-1,153,151,155,-1,155,151,149,-1,560,107,561,-1,561,107,562,-1,563,564,565,-1,565,564,105,-1,565,560,563,-1,563,560,561,-1,563,561,142,-1,142,561,143,-1,560,565,107,-1,107,565,105,-1,107,105,109,-1,109,105,103,-1,566,61,567,-1,567,61,568,-1,569,570,571,-1,571,570,59,-1,571,566,569,-1,569,566,567,-1,569,567,96,-1,96,567,97,-1,566,571,61,-1,61,571,59,-1,61,59,63,-1,63,59,57,-1,572,573,574,-1,574,573,575,-1,575,573,576,-1,576,573,577,-1,576,577,578,-1,578,577,579,-1,580,581,582,-1,582,581,583,-1,582,583,574,-1,574,583,572,-1,577,573,583,-1,583,573,572,-1,584,585,586,-1,584,586,587,-1,587,586,588,-1,587,588,589,-1,589,588,590,-1,589,590,591,-1,591,590,592,-1,591,592,593,-1,593,592,594,-1,593,594,595,-1,595,594,596,-1,595,596,597,-1,597,596,598,-1,597,598,599,-1,598,600,599,-1,599,600,601,-1,601,600,602,-1,601,602,603,-1,603,602,604,-1,603,604,605,-1,605,604,606,-1,605,606,607,-1,607,606,608,-1,607,608,609,-1,609,608,610,-1,609,610,611,-1,611,610,612,-1,611,612,613,-1,613,612,614,-1,613,614,615,-1,616,617,618,-1,618,617,619,-1,619,617,620,-1,620,617,621,-1,620,621,622,-1,622,621,623,-1,624,625,626,-1,626,625,627,-1,626,627,618,-1,618,627,616,-1,621,617,627,-1,627,617,616,-1,628,629,630,-1,628,630,631,-1,631,630,632,-1,631,632,633,-1,633,632,634,-1,633,634,635,-1,635,634,636,-1,635,636,637,-1,637,636,638,-1,637,638,639,-1,639,638,640,-1,639,640,641,-1,641,640,642,-1,641,642,643,-1,642,644,643,-1,643,644,645,-1,645,644,646,-1,645,646,647,-1,647,646,648,-1,647,648,649,-1,649,648,650,-1,649,650,651,-1,651,650,652,-1,651,652,653,-1,653,652,654,-1,653,654,655,-1,655,654,656,-1,655,656,657,-1,657,656,658,-1,657,658,659,-1,660,661,662,-1,662,661,663,-1,663,661,664,-1,664,661,665,-1,664,665,666,-1,666,665,667,-1,668,669,670,-1,670,669,671,-1,670,671,662,-1,662,671,660,-1,665,661,671,-1,671,661,660,-1,672,673,674,-1,672,674,675,-1,675,674,676,-1,675,676,677,-1,677,676,678,-1,677,678,679,-1,679,678,680,-1,679,680,681,-1,681,680,682,-1,681,682,683,-1,683,682,684,-1,683,684,685,-1,685,684,686,-1,685,686,687,-1,686,688,687,-1,687,688,689,-1,689,688,690,-1,689,690,691,-1,691,690,692,-1,691,692,693,-1,693,692,694,-1,693,694,695,-1,695,694,696,-1,695,696,697,-1,697,696,698,-1,697,698,699,-1,699,698,700,-1,699,700,701,-1,701,700,702,-1,701,702,703,-1,704,705,706,-1,706,705,707,-1,707,705,708,-1,708,705,709,-1,708,709,710,-1,710,709,711,-1,712,713,714,-1,714,713,715,-1,714,715,706,-1,706,715,704,-1,709,705,715,-1,715,705,704,-1,716,717,718,-1,716,718,719,-1,719,718,720,-1,719,720,721,-1,721,720,722,-1,721,722,723,-1,723,722,724,-1,723,724,725,-1,725,724,726,-1,725,726,727,-1,727,726,728,-1,727,728,729,-1,729,728,730,-1,729,730,731,-1,730,732,731,-1,731,732,733,-1,733,732,734,-1,733,734,735,-1,735,734,736,-1,735,736,737,-1,737,736,738,-1,737,738,739,-1,739,738,740,-1,739,740,741,-1,741,740,742,-1,741,742,743,-1,743,742,744,-1,743,744,745,-1,745,744,746,-1,745,746,747,-1,748,749,750,-1,750,749,751,-1,751,749,752,-1,752,749,753,-1,752,753,754,-1,754,753,755,-1,756,757,758,-1,758,757,759,-1,758,759,750,-1,750,759,748,-1,753,749,759,-1,759,749,748,-1,760,761,762,-1,760,762,763,-1,763,762,764,-1,763,764,765,-1,765,764,766,-1,765,766,767,-1,767,766,768,-1,767,768,769,-1,769,768,770,-1,769,770,771,-1,771,770,772,-1,771,772,773,-1,773,772,774,-1,773,774,775,-1,774,776,775,-1,775,776,777,-1,777,776,778,-1,777,778,779,-1,779,778,780,-1,779,780,781,-1,781,780,782,-1,781,782,783,-1,783,782,784,-1,783,784,785,-1,785,784,786,-1,785,786,787,-1,787,786,788,-1,787,788,789,-1,789,788,790,-1,789,790,791,-1,792,793,794,-1,794,793,795,-1,795,793,796,-1,796,793,797,-1,796,797,798,-1,798,797,799,-1,800,801,802,-1,802,801,803,-1,802,803,794,-1,794,803,792,-1,797,793,803,-1,803,793,792,-1,804,805,806,-1,804,806,807,-1,807,806,808,-1,807,808,809,-1,809,808,810,-1,809,810,811,-1,811,810,812,-1,811,812,813,-1,813,812,814,-1,813,814,815,-1,815,814,816,-1,815,816,817,-1,817,816,818,-1,817,818,819,-1,818,820,819,-1,819,820,821,-1,821,820,822,-1,821,822,823,-1,823,822,824,-1,823,824,825,-1,825,824,826,-1,825,826,827,-1,827,826,828,-1,827,828,829,-1,829,828,830,-1,829,830,831,-1,831,830,832,-1,831,832,833,-1,833,832,834,-1,833,834,835,-1,836,837,838,-1,838,837,839,-1,839,837,840,-1,840,837,841,-1,840,841,842,-1,842,841,843,-1,844,845,846,-1,846,845,847,-1,846,847,838,-1,838,847,836,-1,841,837,847,-1,847,837,836,-1,848,849,850,-1,848,850,851,-1,851,850,852,-1,851,852,853,-1,853,852,854,-1,853,854,855,-1,855,854,856,-1,855,856,857,-1,857,856,858,-1,857,858,859,-1,859,858,860,-1,859,860,861,-1,861,860,862,-1,861,862,863,-1,862,864,863,-1,863,864,865,-1,865,864,866,-1,865,866,867,-1,867,866,868,-1,867,868,869,-1,869,868,870,-1,869,870,871,-1,871,870,872,-1,871,872,873,-1,873,872,874,-1,873,874,875,-1,875,874,876,-1,875,876,877,-1,877,876,878,-1,877,878,879,-1,880,881,882,-1,882,881,883,-1,883,881,884,-1,884,881,885,-1,884,885,886,-1,886,885,887,-1,888,889,890,-1,890,889,891,-1,890,891,882,-1,882,891,880,-1,885,881,891,-1,891,881,880,-1,892,893,894,-1,892,894,895,-1,895,894,896,-1,895,896,897,-1,897,896,898,-1,897,898,899,-1,899,898,900,-1,899,900,901,-1,901,900,902,-1,901,902,903,-1,903,902,904,-1,903,904,905,-1,905,904,906,-1,905,906,907,-1,906,908,907,-1,907,908,909,-1,909,908,910,-1,909,910,911,-1,911,910,912,-1,911,912,913,-1,913,912,914,-1,913,914,915,-1,915,914,916,-1,915,916,917,-1,917,916,918,-1,917,918,919,-1,919,918,920,-1,919,920,921,-1,921,920,922,-1,921,922,923,-1,924,925,926,-1,926,925,927,-1,927,925,928,-1,928,925,929,-1,928,929,930,-1,930,929,931,-1,932,933,934,-1,934,933,935,-1,934,935,926,-1,926,935,924,-1,929,925,935,-1,935,925,924,-1,936,937,938,-1,936,938,939,-1,939,938,940,-1,939,940,941,-1,941,940,942,-1,941,942,943,-1,943,942,944,-1,943,944,945,-1,945,944,946,-1,945,946,947,-1,947,946,948,-1,947,948,949,-1,949,948,950,-1,949,950,951,-1,950,952,951,-1,951,952,953,-1,953,952,954,-1,953,954,955,-1,955,954,956,-1,955,956,957,-1,957,956,958,-1,957,958,959,-1,959,958,960,-1,959,960,961,-1,961,960,962,-1,961,962,963,-1,963,962,964,-1,963,964,965,-1,965,964,966,-1,965,966,967,-1,968,969,970,-1,970,969,971,-1,971,969,972,-1,972,969,973,-1,972,973,974,-1,974,973,975,-1,976,977,978,-1,978,977,979,-1,978,979,970,-1,970,979,968,-1,973,969,979,-1,979,969,968,-1,980,981,982,-1,980,982,983,-1,983,982,984,-1,983,984,985,-1,985,984,986,-1,985,986,987,-1,987,986,988,-1,987,988,989,-1,989,988,990,-1,989,990,991,-1,991,990,992,-1,991,992,993,-1,993,992,994,-1,993,994,995,-1,994,996,995,-1,995,996,997,-1,997,996,998,-1,997,998,999,-1,999,998,1000,-1,999,1000,1001,-1,1001,1000,1002,-1,1001,1002,1003,-1,1003,1002,1004,-1,1003,1004,1005,-1,1005,1004,1006,-1,1005,1006,1007,-1,1007,1006,1008,-1,1007,1008,1009,-1,1009,1008,1010,-1,1009,1010,1011,-1,1012,1013,1014,-1,1014,1013,1015,-1,1015,1013,1016,-1,1016,1013,1017,-1,1016,1017,1018,-1,1018,1017,1019,-1,1020,1021,1022,-1,1022,1021,1023,-1,1022,1023,1014,-1,1014,1023,1012,-1,1017,1013,1023,-1,1023,1013,1012,-1,1024,1025,1026,-1,1024,1026,1027,-1,1027,1026,1028,-1,1027,1028,1029,-1,1029,1028,1030,-1,1029,1030,1031,-1,1031,1030,1032,-1,1031,1032,1033,-1,1033,1032,1034,-1,1033,1034,1035,-1,1035,1034,1036,-1,1035,1036,1037,-1,1037,1036,1038,-1,1037,1038,1039,-1,1038,1040,1039,-1,1039,1040,1041,-1,1041,1040,1042,-1,1041,1042,1043,-1,1043,1042,1044,-1,1043,1044,1045,-1,1045,1044,1046,-1,1045,1046,1047,-1,1047,1046,1048,-1,1047,1048,1049,-1,1049,1048,1050,-1,1049,1050,1051,-1,1051,1050,1052,-1,1051,1052,1053,-1,1053,1052,1054,-1,1053,1054,1055,-1,1056,1057,1021,-1,1021,1057,1019,-1,1021,1019,1023,-1,1023,1019,1017,-1,1058,1056,1059,-1,1059,1056,1021,-1,1057,1060,1019,-1,1019,1060,1061,-1,1057,1056,1060,-1,1060,1056,1058,-1,1060,1058,1062,-1,1062,1058,1063,-1,1064,1065,977,-1,977,1065,975,-1,977,975,979,-1,979,975,973,-1,977,1066,1064,-1,1064,1066,1067,-1,1065,1068,975,-1,975,1068,1069,-1,1065,1064,1068,-1,1068,1064,1067,-1,1068,1067,1070,-1,1070,1067,1071,-1,1072,1073,933,-1,933,1073,931,-1,933,931,935,-1,935,931,929,-1,933,1074,1072,-1,1072,1074,1075,-1,1073,1076,931,-1,931,1076,1077,-1,1073,1072,1076,-1,1076,1072,1075,-1,1076,1075,1078,-1,1078,1075,1079,-1,1080,1081,889,-1,889,1081,887,-1,889,887,891,-1,891,887,885,-1,889,1082,1080,-1,1080,1082,1083,-1,1081,1084,887,-1,887,1084,1085,-1,1081,1080,1084,-1,1084,1080,1083,-1,1084,1083,1086,-1,1086,1083,1087,-1,1088,1089,845,-1,845,1089,843,-1,845,843,847,-1,847,843,841,-1,845,1090,1088,-1,1088,1090,1091,-1,1089,1092,843,-1,843,1092,1093,-1,1089,1088,1092,-1,1092,1088,1091,-1,1092,1091,1094,-1,1094,1091,1095,-1,1096,1097,801,-1,801,1097,799,-1,801,799,803,-1,803,799,797,-1,801,1098,1096,-1,1096,1098,1099,-1,1097,1100,799,-1,799,1100,1101,-1,1097,1096,1100,-1,1100,1096,1099,-1,1100,1099,1102,-1,1102,1099,1103,-1,1104,1105,757,-1,757,1105,755,-1,757,755,759,-1,759,755,753,-1,757,1106,1104,-1,1104,1106,1107,-1,1105,1108,755,-1,755,1108,1109,-1,1105,1104,1108,-1,1108,1104,1107,-1,1108,1107,1110,-1,1110,1107,1111,-1,1112,1113,713,-1,713,1113,711,-1,713,711,715,-1,715,711,709,-1,713,1114,1112,-1,1112,1114,1115,-1,1113,1116,711,-1,711,1116,1117,-1,1113,1112,1116,-1,1116,1112,1115,-1,1116,1115,1118,-1,1118,1115,1119,-1,1120,1121,669,-1,669,1121,667,-1,669,667,671,-1,671,667,665,-1,669,1122,1120,-1,1120,1122,1123,-1,1121,1124,667,-1,667,1124,1125,-1,1121,1120,1124,-1,1124,1120,1123,-1,1124,1123,1126,-1,1126,1123,1127,-1,1128,1129,625,-1,625,1129,623,-1,625,623,627,-1,627,623,621,-1,625,1130,1128,-1,1128,1130,1131,-1,1129,1132,623,-1,623,1132,1133,-1,1129,1128,1132,-1,1132,1128,1131,-1,1132,1131,1134,-1,1134,1131,1135,-1,1136,1137,581,-1,581,1137,579,-1,581,579,583,-1,583,579,577,-1,581,1138,1136,-1,1136,1138,1139,-1,1137,1140,579,-1,579,1140,1141,-1,1137,1136,1140,-1,1140,1136,1139,-1,1140,1139,1142,-1,1142,1139,1143,-1,1144,1145,1146,-1,1146,1145,1147,-1,1148,1149,1150,-1,1150,1149,1151,-1,1152,1153,1154,-1,1154,1153,1155,-1,1149,1148,1156,-1,1149,1156,1157,-1,1157,1156,1158,-1,1157,1158,1159,-1,1159,1158,1160,-1,1159,1160,1161,-1,1161,1160,1162,-1,1161,1162,1163,-1,1163,1162,1164,-1,1163,1164,1165,-1,1165,1164,1166,-1,1165,1166,1167,-1,1167,1166,1168,-1,1167,1168,1169,-1,1169,1168,1170,-1,1170,1168,1171,-1,1170,1171,1172,-1,1170,1172,1173,-1,1173,1172,1174,-1,1173,1174,1175,-1,1175,1174,1176,-1,1175,1176,1177,-1,1177,1176,1178,-1,1177,1178,1179,-1,1179,1178,1180,-1,1179,1180,1181,-1,1181,1180,1182,-1,1181,1182,1183,-1,1183,1182,1153,-1,1183,1153,1152,-1,1172,1171,1153,-1,1153,1171,1155,-1,1155,1171,1150,-1,1150,1171,1168,-1,1150,1168,1148,-1,1178,1176,1180,-1,1180,1176,1182,-1,1182,1176,1153,-1,1153,1176,1174,-1,1153,1174,1172,-1,1166,1158,1168,-1,1168,1158,1156,-1,1168,1156,1148,-1,1166,1164,1158,-1,1158,1164,1162,-1,1158,1162,1160,-1,1151,1184,1185,-1,1185,1184,1186,-1,1155,1150,1154,-1,1154,1150,1151,-1,1154,1151,1187,-1,1187,1151,1185,-1,1187,1188,1154,-1,1154,1188,1189,-1,1187,1185,1188,-1,1188,1185,1186,-1,1188,1186,1190,-1,1190,1186,1191,-1,1192,1193,1194,-1,1194,1193,1195,-1,1196,1197,1198,-1,1198,1197,1199,-1,1197,1196,1200,-1,1197,1200,1201,-1,1201,1200,1202,-1,1201,1202,1203,-1,1203,1202,1204,-1,1203,1204,1205,-1,1205,1204,1206,-1,1205,1206,1207,-1,1207,1206,1208,-1,1207,1208,1209,-1,1209,1208,1210,-1,1209,1210,1211,-1,1211,1210,1212,-1,1211,1212,1213,-1,1213,1212,1214,-1,1214,1212,1215,-1,1214,1215,1216,-1,1214,1216,1217,-1,1217,1216,1218,-1,1217,1218,1219,-1,1219,1218,1220,-1,1219,1220,1221,-1,1221,1220,1222,-1,1221,1222,1223,-1,1223,1222,1224,-1,1223,1224,1225,-1,1225,1224,1226,-1,1225,1226,1227,-1,1227,1226,1228,-1,1227,1228,1229,-1,1229,1228,1230,-1,1230,1228,1231,-1,1200,1196,1208,-1,1198,1231,1196,-1,1196,1231,1228,-1,1224,1222,1220,-1,1208,1196,1210,-1,1218,1228,1220,-1,1220,1228,1226,-1,1220,1226,1224,-1,1218,1216,1228,-1,1228,1216,1215,-1,1228,1215,1196,-1,1196,1215,1212,-1,1196,1212,1210,-1,1200,1208,1202,-1,1202,1208,1206,-1,1202,1206,1204,-1,1232,1233,1234,-1,1234,1233,1235,-1,1236,1237,1238,-1,1238,1237,1239,-1,1237,1236,1240,-1,1237,1240,1241,-1,1241,1240,1242,-1,1241,1242,1243,-1,1243,1242,1244,-1,1243,1244,1245,-1,1245,1244,1246,-1,1245,1246,1247,-1,1247,1246,1248,-1,1247,1248,1249,-1,1249,1248,1250,-1,1249,1250,1251,-1,1251,1250,1252,-1,1251,1252,1253,-1,1253,1252,1254,-1,1254,1252,1255,-1,1254,1255,1256,-1,1254,1256,1257,-1,1257,1256,1258,-1,1257,1258,1259,-1,1259,1258,1260,-1,1259,1260,1261,-1,1261,1260,1262,-1,1261,1262,1263,-1,1263,1262,1264,-1,1263,1264,1265,-1,1265,1264,1266,-1,1265,1266,1267,-1,1267,1266,1268,-1,1267,1268,1269,-1,1269,1268,1270,-1,1270,1268,1271,-1,1240,1236,1248,-1,1238,1271,1236,-1,1236,1271,1268,-1,1264,1262,1260,-1,1248,1236,1250,-1,1258,1268,1260,-1,1260,1268,1266,-1,1260,1266,1264,-1,1258,1256,1268,-1,1268,1256,1255,-1,1268,1255,1236,-1,1236,1255,1252,-1,1236,1252,1250,-1,1246,1244,1248,-1,1248,1244,1242,-1,1248,1242,1240,-1,1272,1273,1274,-1,1274,1273,1275,-1,1276,1277,1278,-1,1278,1277,1279,-1,1277,1276,1280,-1,1277,1280,1281,-1,1281,1280,1282,-1,1281,1282,1283,-1,1283,1282,1284,-1,1283,1284,1285,-1,1285,1284,1286,-1,1285,1286,1287,-1,1287,1286,1288,-1,1287,1288,1289,-1,1289,1288,1290,-1,1289,1290,1291,-1,1291,1290,1292,-1,1291,1292,1293,-1,1293,1292,1294,-1,1294,1292,1295,-1,1294,1295,1296,-1,1294,1296,1297,-1,1297,1296,1298,-1,1297,1298,1299,-1,1299,1298,1300,-1,1299,1300,1301,-1,1301,1300,1302,-1,1301,1302,1303,-1,1303,1302,1304,-1,1303,1304,1305,-1,1305,1304,1306,-1,1305,1306,1307,-1,1307,1306,1308,-1,1307,1308,1309,-1,1309,1308,1310,-1,1310,1308,1311,-1,1278,1311,1276,-1,1276,1311,1308,-1,1304,1302,1300,-1,1304,1300,1306,-1,1292,1276,1295,-1,1295,1276,1308,-1,1295,1308,1296,-1,1306,1300,1308,-1,1308,1300,1298,-1,1308,1298,1296,-1,1284,1282,1286,-1,1286,1282,1288,-1,1292,1290,1276,-1,1276,1290,1288,-1,1276,1288,1280,-1,1280,1288,1282,-1,1279,1312,1313,-1,1313,1312,1314,-1,1315,1316,1310,-1,1310,1316,1317,-1,1311,1278,1310,-1,1310,1278,1279,-1,1310,1279,1315,-1,1315,1279,1313,-1,1315,1313,1316,-1,1316,1313,1314,-1,1316,1314,1318,-1,1318,1314,1319,-1,1239,1320,1321,-1,1321,1320,1322,-1,1323,1324,1270,-1,1270,1324,1325,-1,1271,1238,1270,-1,1270,1238,1239,-1,1270,1239,1323,-1,1323,1239,1321,-1,1323,1321,1324,-1,1324,1321,1322,-1,1324,1322,1326,-1,1326,1322,1327,-1,1199,1328,1329,-1,1329,1328,1330,-1,1331,1332,1230,-1,1230,1332,1333,-1,1231,1198,1230,-1,1230,1198,1199,-1,1230,1199,1331,-1,1331,1199,1329,-1,1331,1329,1332,-1,1332,1329,1330,-1,1332,1330,1334,-1,1334,1330,1335,-1,1336,1337,1338,-1,1338,1337,1339,-1,1340,1341,1342,-1,1340,1342,1343,-1,1343,1342,1344,-1,1343,1344,1345,-1,1345,1344,1346,-1,1345,1346,1347,-1,1347,1346,1348,-1,1347,1348,1349,-1,1349,1348,1350,-1,1349,1350,1351,-1,1351,1350,1352,-1,1351,1352,1353,-1,1353,1352,1354,-1,1353,1354,1355,-1,1354,1356,1355,-1,1355,1356,1357,-1,1357,1356,1358,-1,1357,1358,1359,-1,1359,1358,1360,-1,1359,1360,1361,-1,1361,1360,1362,-1,1361,1362,1363,-1,1363,1362,1364,-1,1363,1364,1365,-1,1365,1364,1366,-1,1365,1366,1367,-1,1367,1366,1368,-1,1367,1368,1369,-1,1369,1368,1370,-1,1369,1370,1371,-1,1372,1373,1374,-1,1374,1373,1375,-1,1376,1377,1378,-1,1376,1378,1379,-1,1379,1378,1380,-1,1379,1380,1381,-1,1381,1380,1382,-1,1381,1382,1383,-1,1383,1382,1384,-1,1383,1384,1385,-1,1385,1384,1386,-1,1385,1386,1387,-1,1387,1386,1388,-1,1387,1388,1389,-1,1389,1388,1390,-1,1389,1390,1391,-1,1390,1392,1391,-1,1391,1392,1393,-1,1393,1392,1394,-1,1393,1394,1395,-1,1395,1394,1396,-1,1395,1396,1397,-1,1397,1396,1398,-1,1397,1398,1399,-1,1399,1398,1400,-1,1399,1400,1401,-1,1401,1400,1402,-1,1401,1402,1403,-1,1403,1402,1404,-1,1403,1404,1405,-1,1405,1404,1406,-1,1405,1406,1407,-1,1408,1409,1410,-1,1410,1409,1411,-1,1412,1413,1414,-1,1412,1414,1415,-1,1415,1414,1416,-1,1415,1416,1417,-1,1417,1416,1418,-1,1417,1418,1419,-1,1419,1418,1420,-1,1419,1420,1421,-1,1421,1420,1422,-1,1421,1422,1423,-1,1423,1422,1424,-1,1423,1424,1425,-1,1425,1424,1426,-1,1425,1426,1427,-1,1426,1428,1427,-1,1427,1428,1429,-1,1429,1428,1430,-1,1429,1430,1431,-1,1431,1430,1432,-1,1431,1432,1433,-1,1433,1432,1434,-1,1433,1434,1435,-1,1435,1434,1436,-1,1435,1436,1437,-1,1437,1436,1438,-1,1437,1438,1439,-1,1439,1438,1440,-1,1439,1440,1441,-1,1441,1440,1442,-1,1441,1442,1443,-1,1444,1445,1446,-1,1446,1445,1447,-1,1448,1449,1450,-1,1448,1450,1451,-1,1451,1450,1452,-1,1451,1452,1453,-1,1453,1452,1454,-1,1453,1454,1455,-1,1455,1454,1456,-1,1455,1456,1457,-1,1457,1456,1458,-1,1457,1458,1459,-1,1459,1458,1460,-1,1459,1460,1461,-1,1461,1460,1462,-1,1461,1462,1463,-1,1462,1464,1463,-1,1463,1464,1465,-1,1465,1464,1466,-1,1465,1466,1467,-1,1467,1466,1468,-1,1467,1468,1469,-1,1469,1468,1470,-1,1469,1470,1471,-1,1471,1470,1472,-1,1471,1472,1473,-1,1473,1472,1474,-1,1473,1474,1475,-1,1475,1474,1476,-1,1475,1476,1477,-1,1477,1476,1478,-1,1477,1478,1479,-1,1480,1481,1482,-1,1482,1481,1483,-1,1482,1483,1484,-1,1484,1483,1485,-1,1486,1480,1487,-1,1487,1480,1482,-1,1481,1488,1483,-1,1483,1488,1489,-1,1490,1491,1486,-1,1486,1491,1488,-1,1486,1488,1480,-1,1480,1488,1481,-1,1492,1493,1494,-1,1494,1493,1495,-1,1494,1495,1496,-1,1496,1495,1497,-1,1498,1492,1499,-1,1499,1492,1494,-1,1493,1500,1495,-1,1495,1500,1501,-1,1502,1503,1498,-1,1498,1503,1500,-1,1498,1500,1492,-1,1492,1500,1493,-1,1504,1505,1506,-1,1506,1505,1507,-1,1506,1507,1508,-1,1508,1507,1509,-1,1510,1504,1511,-1,1511,1504,1506,-1,1505,1512,1507,-1,1507,1512,1513,-1,1514,1515,1510,-1,1510,1515,1512,-1,1510,1512,1504,-1,1504,1512,1505,-1,1516,1517,1518,-1,1518,1517,1519,-1,1518,1519,1520,-1,1520,1519,1521,-1,1522,1516,1523,-1,1523,1516,1518,-1,1517,1524,1519,-1,1519,1524,1525,-1,1526,1527,1522,-1,1522,1527,1524,-1,1522,1524,1516,-1,1516,1524,1517,-1,1528,1529,1530,-1,1530,1529,1531,-1,1532,1533,1534,-1,1534,1533,1535,-1,1536,1535,1537,-1,1537,1535,1533,-1,1529,1536,1531,-1,1531,1536,1537,-1,1534,1535,1528,-1,1528,1535,1536,-1,1528,1536,1529,-1,1530,1532,1528,-1,1528,1532,1534,-1,
        ]
    }
}
Shape{
    appearance Appearance {
        material  Material 	{
            diffuseColor 1.0 1.0 1.0
            specularColor 0.5019607843137255 0.5019607843137255 0.5019607843137255
            ambientIntensity 0.2
            transparency 0
            shininess 0.5
        }
    }
    geometry IndexedFaceSet {
        ccw TRUE
        solid FALSE
        coord DEF co Coordinate {
            point [
                -0.6041 1.075 0.2795, -0.6041 1.075 0.2835, -0.6061 1.0903 0.2795, -0.6061 1.0903 0.2835, -0.612 1.1045 0.2795, -0.612 1.1045 0.2835, -0.6214 1.1168 0.2795, -0.6214 1.1168 0.2835, -0.6336 1.1262 0.2795, -0.6336 1.1262 0.2835, -0.6478 1.1321 0.2795, -0.6478 1.1321 0.2835, -0.6631 1.1341 0.2795, -0.6631 1.1341 0.2835, -0.6784 1.1321 0.2795, -0.6784 1.1321 0.2835, -0.6927 1.1262 0.2795, -0.6927 1.1262 0.2835, -0.7049 1.1168 0.2795, -0.7049 1.1168 0.2835, -0.7143 1.1045 0.2795, -0.7143 1.1045 0.2835, -0.7202 1.0903 0.2795, -0.7202 1.0903 0.2835, -0.7222 1.075 0.2795, -0.7222 1.075 0.2835, -0.7202 1.0597 0.2795, -0.7202 1.0597 0.2835, -0.7143 1.0455 0.2795, -0.7143 1.0455 0.2835, -0.7049 1.0332 0.2795, -0.7049 1.0332 0.2835, -0.6927 1.0239 0.2795, -0.6927 1.0239 0.2835, -0.6784 1.018 0.2795, -0.6784 1.018 0.2835, -0.6631 1.016 0.2795, -0.6631 1.016 0.2835, -0.6478 1.018 0.2795, -0.6478 1.018 0.2835, -0.6336 1.0239 0.2795, -0.6336 1.0239 0.2835, -0.6214 1.0332 0.2795, -0.6214 1.0332 0.2835, -0.612 1.0455 0.2795, -0.612 1.0455 0.2835, -0.6061 1.0597 0.2795, -0.6061 1.0597 0.2835, -0.6631 1.075 0.2795, 0.4638 -1.0054 0.2874, 0.4638 -1.0097 0.2874, 0.4638 -1.0054 0.2835, 0.4638 -1.0097 0.2835, 0.449 -1.0054 0.2874, 0.449 -1.0054 0.2835, 0.449 -0.9726 0.2874, 0.449 -0.9726 0.2835, 0.4443 -0.9726 0.2874, 0.4443 -0.9726 0.2835, 0.4443 -1.0097 0.2874, 0.4443 -1.0097 0.2835, 0.4828 -1.0103 0.2874, 0.4828 -1.0103 0.2835, 0.4885 -1.0098 0.2874, 0.4861 -1.01 0.2835, 0.4885 -1.0098 0.2835, 0.4924 -1.0084 0.2835, 0.4924 -1.0084 0.2874, 0.4931 -1.0081 0.2835, 0.4931 -1.0081 0.2874, 0.4931 -1.0035 0.2874, 0.4931 -1.0035 0.2835, 0.4897 -1.0051 0.2835, 0.4897 -1.0051 0.2874, 0.4856 -1.0059 0.2835, 0.4856 -1.0059 0.2874, 0.4835 -1.006 0.2835, 0.4835 -1.006 0.2874, 0.4799 -1.0056 0.2835, 0.4799 -1.0056 0.2874, 0.4772 -1.0046 0.2835, 0.4772 -1.0046 0.2874, 0.4748 -1.0029 0.2835, 0.4748 -1.0029 0.2874, 0.474 -1.0021 0.2835, 0.474 -1.0021 0.2874, 0.4721 -0.9995 0.2835, 0.4721 -0.9995 0.2874, 0.4709 -0.9965 0.2835, 0.4709 -0.9965 0.2874, 0.4703 -0.992 0.2835, 0.4703 -0.992 0.2874, 0.4703 -0.9915 0.2835, 0.4703 -0.9915 0.2874, 0.4708 -0.9872 0.2835, 0.4708 -0.9872 0.2874, 0.4719 -0.9838 0.2835, 0.4719 -0.9838 0.2874, 0.4736 -0.9812 0.2835, 0.4736 -0.9812 0.2874, 0.4742 -0.9804 0.2835, 0.4742 -0.9804 0.2874, 0.4768 -0.9783 0.2835, 0.4768 -0.9783 0.2874, 0.4797 -0.977 0.2835, 0.4797 -0.977 0.2874, 0.483 -0.9763 0.2835, 0.483 -0.9763 0.2874, 0.4843 -0.9763 0.2835, 0.4843 -0.9763 0.2874, 0.4884 -0.9767 0.2835, 0.4884 -0.9767 0.2874, 0.4922 -0.978 0.2835, 0.4922 -0.978 0.2874, 0.4931 -0.9785 0.2835, 0.4931 -0.9785 0.2874, 0.4931 -0.9735 0.2874, 0.4931 -0.9735 0.2835, 0.4843 -0.972 0.2835, 0.4843 -0.972 0.2874, 0.4849 -0.972 0.2874, 0.4896 -0.9724 0.2835, 0.4896 -0.9724 0.2874, 0.488 -0.9723 0.2835, 0.4849 -0.972 0.2835, 0.4817 -0.9723 0.2835, 0.479 -0.9726 0.2874, 0.479 -0.9726 0.2835, 0.4751 -0.9741 0.2835, 0.4751 -0.9741 0.2874, 0.4715 -0.9766 0.2835, 0.4715 -0.9766 0.2874, 0.4707 -0.9774 0.2835, 0.4707 -0.9774 0.2874, 0.4683 -0.9805 0.2835, 0.4683 -0.9805 0.2874, 0.467 -0.9833 0.2835, 0.4664 -0.9845 0.2874, 0.4664 -0.9845 0.2835, 0.4654 -0.9893 0.2835, 0.4654 -0.9893 0.2874, 0.4653 -0.9918 0.2835, 0.4653 -0.9918 0.2874, 0.466 -0.9978 0.2835, 0.466 -0.9978 0.2874, 0.467 -1.0002 0.2835, 0.4675 -1.0017 0.2874, 0.4675 -1.0017 0.2835, 0.4697 -1.0049 0.2835, 0.4697 -1.0049 0.2874, 0.4701 -1.0052 0.2835, 0.4701 -1.0052 0.2874, 0.4803 -1.0102 0.2874, 0.4729 -1.0076 0.2835, 0.4729 -1.0076 0.2874, 0.4763 -1.0093 0.2835, 0.4763 -1.0093 0.2874, 0.4795 -1.01 0.2835, 0.4803 -1.0102 0.2835, 0.5204 -1.0054 0.2874, 0.5204 -1.0097 0.2874, 0.5204 -1.0054 0.2835, 0.5204 -1.0097 0.2835, 0.5053 -1.0054 0.2835, 0.5053 -1.0054 0.2874, 0.5153 -1.0054 0.2835, 0.5053 -0.993 0.2874, 0.5053 -0.993 0.2835, 0.5185 -0.993 0.2874, 0.5153 -0.993 0.2835, 0.5185 -0.993 0.2835, 0.5185 -0.9887 0.2874, 0.5185 -0.9887 0.2835, 0.5053 -0.9887 0.2835, 0.5053 -0.9887 0.2874, 0.5153 -0.9887 0.2835, 0.5053 -0.9769 0.2874, 0.5053 -0.9769 0.2835, 0.5196 -0.9769 0.2874, 0.5153 -0.9769 0.2835, 0.5196 -0.9769 0.2835, 0.5196 -0.9726 0.2874, 0.5196 -0.9726 0.2835, 0.5005 -0.9726 0.2835, 0.5005 -0.9726 0.2874, 0.5153 -0.9726 0.2835, 0.5005 -1.0097 0.2874, 0.5005 -1.0097 0.2835, 0.5153 -1.0097 0.2835, 0.552 -1.0045 0.2874, 0.5545 -1.0016 0.2874, 0.5506 -0.9991 0.2874, 0.5518 -0.9963 0.2874, 0.5565 -0.9978 0.2874, 0.5525 -0.9929 0.2874, 0.5574 -0.9935 0.2874, 0.5526 -0.9908 0.2874, 0.5576 -0.9907 0.2874, 0.5522 -0.9867 0.2874, 0.557 -0.9856 0.2874, 0.5512 -0.9838 0.2874, 0.5556 -0.9821 0.2874, 0.5498 -0.9817 0.2874, 0.5534 -0.9788 0.2874, 0.5485 -0.9803 0.2874, 0.552 -0.9775 0.2874, 0.5458 -0.9785 0.2874, 0.5487 -0.9752 0.2874, 0.5425 -0.9774 0.2874, 0.5443 -0.9734 0.2874, 0.5388 -0.9726 0.2874, 0.5378 -0.9769 0.2874, 0.538 -0.9726 0.2874, 0.5322 -0.9769 0.2874, 0.5274 -0.9726 0.2874, 0.5322 -1.0054 0.2874, 0.5274 -1.0097 0.2874, 0.5376 -1.0054 0.2874, 0.5376 -1.0097 0.2874, 0.542 -1.005 0.2874, 0.5439 -1.0089 0.2874, 0.5452 -1.0039 0.2874, 0.5481 -1.0073 0.2874, 0.5477 -1.0024 0.2874, 0.5486 -1.0016 0.2874, 0.5376 -1.0097 0.2835, 0.5274 -1.0097 0.2835, 0.552 -1.0045 0.2835, 0.5439 -1.0089 0.2835, 0.5444 -1.0087 0.2835, 0.5481 -1.0073 0.2835, 0.5545 -1.0016 0.2835, 0.5565 -0.9978 0.2835, 0.5574 -0.9935 0.2835, 0.5576 -0.9907 0.2835, 0.557 -0.9856 0.2835, 0.5556 -0.9821 0.2835, 0.5534 -0.9788 0.2835, 0.552 -0.9775 0.2835, 0.5487 -0.9752 0.2835, 0.5444 -0.9734 0.2835, 0.5443 -0.9734 0.2835, 0.5388 -0.9726 0.2835, 0.538 -0.9726 0.2835, 0.5274 -0.9726 0.2835, 0.5378 -0.9769 0.2835, 0.5322 -0.9769 0.2835, 0.5322 -1.0054 0.2835, 0.5376 -1.0054 0.2835, 0.5486 -1.0016 0.2835, 0.5477 -1.0024 0.2835, 0.5452 -1.0039 0.2835, 0.542 -1.005 0.2835, 0.5526 -0.9908 0.2835, 0.5525 -0.9929 0.2835, 0.5518 -0.9963 0.2835, 0.5506 -0.9991 0.2835, 0.5485 -0.9803 0.2835, 0.5498 -0.9817 0.2835, 0.5512 -0.9838 0.2835, 0.5522 -0.9867 0.2835, 0.5425 -0.9774 0.2835, 0.5458 -0.9785 0.2835, 0.5458 -0.9785 0.2835
            ]
        }
        coordIndex [
            0,1,2,-1,2,1,3,-1,2,3,4,-1,4,3,5,-1,4,5,6,-1,6,5,7,-1,6,7,8,-1,8,7,9,-1,8,9,10,-1,10,9,11,-1,10,11,12,-1,12,11,13,-1,12,13,14,-1,14,13,15,-1,14,15,16,-1,16,15,17,-1,16,17,18,-1,18,17,19,-1,18,19,20,-1,20,19,21,-1,20,21,22,-1,22,21,23,-1,22,23,24,-1,24,23,25,-1,24,25,26,-1,26,25,27,-1,26,27,28,-1,28,27,29,-1,28,29,30,-1,30,29,31,-1,30,31,32,-1,32,31,33,-1,32,33,34,-1,34,33,35,-1,34,35,36,-1,36,35,37,-1,36,37,38,-1,38,37,39,-1,38,39,40,-1,40,39,41,-1,40,41,42,-1,42,41,43,-1,42,43,44,-1,44,43,45,-1,44,45,46,-1,46,45,47,-1,46,47,0,-1,0,47,1,-1,44,46,48,-1,48,46,0,-1,48,0,2,-1,38,40,48,-1,48,40,42,-1,48,42,44,-1,32,34,48,-1,48,34,36,-1,48,36,38,-1,26,28,48,-1,48,28,30,-1,48,30,32,-1,20,22,48,-1,48,22,24,-1,48,24,26,-1,14,16,48,-1,48,16,18,-1,48,18,20,-1,8,10,48,-1,48,10,12,-1,48,12,14,-1,2,4,48,-1,48,4,6,-1,48,6,8,-1,49,50,51,-1,51,50,52,-1,53,49,54,-1,54,49,51,-1,55,53,56,-1,56,53,54,-1,57,55,58,-1,58,55,56,-1,59,57,60,-1,60,57,58,-1,50,59,52,-1,52,59,60,-1,55,57,53,-1,53,57,59,-1,53,59,49,-1,49,59,50,-1,61,62,63,-1,63,62,64,-1,64,65,63,-1,63,65,66,-1,63,66,67,-1,67,66,68,-1,67,68,69,-1,70,69,71,-1,71,69,68,-1,70,71,72,-1,70,72,73,-1,73,72,74,-1,73,74,75,-1,75,74,76,-1,75,76,77,-1,77,76,78,-1,77,78,79,-1,79,78,80,-1,79,80,81,-1,81,80,82,-1,81,82,83,-1,83,82,84,-1,83,84,85,-1,85,84,86,-1,85,86,87,-1,87,86,88,-1,87,88,89,-1,89,88,90,-1,89,90,91,-1,91,90,92,-1,91,92,93,-1,93,92,94,-1,93,94,95,-1,95,94,96,-1,95,96,97,-1,97,96,98,-1,97,98,99,-1,99,98,100,-1,99,100,101,-1,101,100,102,-1,101,102,103,-1,103,102,104,-1,103,104,105,-1,105,104,106,-1,105,106,107,-1,107,106,108,-1,107,108,109,-1,109,108,110,-1,109,110,111,-1,111,110,112,-1,111,112,113,-1,113,112,114,-1,113,114,115,-1,116,115,117,-1,117,115,114,-1,118,119,120,-1,116,117,121,-1,116,121,122,-1,122,121,123,-1,122,123,120,-1,120,123,124,-1,120,124,118,-1,119,118,125,-1,119,125,126,-1,125,127,126,-1,126,127,128,-1,126,128,129,-1,129,128,130,-1,129,130,131,-1,131,130,132,-1,131,132,133,-1,133,132,134,-1,133,134,135,-1,135,134,136,-1,135,136,137,-1,136,138,137,-1,137,138,139,-1,137,139,140,-1,140,139,141,-1,140,141,142,-1,142,141,143,-1,142,143,144,-1,144,143,145,-1,144,145,146,-1,145,147,146,-1,146,147,148,-1,146,148,149,-1,149,148,150,-1,149,150,151,-1,62,61,152,-1,151,150,153,-1,151,153,154,-1,154,153,155,-1,154,155,156,-1,156,155,157,-1,156,157,152,-1,152,157,158,-1,152,158,62,-1,113,115,116,-1,103,105,126,-1,126,105,119,-1,95,97,135,-1,113,116,111,-1,105,107,119,-1,119,107,109,-1,119,109,120,-1,120,109,111,-1,120,111,122,-1,122,111,116,-1,69,70,67,-1,67,70,73,-1,67,73,63,-1,63,73,75,-1,63,75,61,-1,61,75,77,-1,61,77,152,-1,152,77,79,-1,152,79,156,-1,156,79,81,-1,156,81,154,-1,154,81,83,-1,154,83,151,-1,151,83,85,-1,151,85,149,-1,149,85,87,-1,149,87,146,-1,146,87,144,-1,144,87,89,-1,144,89,142,-1,135,97,133,-1,126,129,103,-1,103,129,131,-1,103,131,101,-1,101,131,133,-1,101,133,99,-1,99,133,97,-1,89,91,142,-1,142,91,93,-1,142,93,140,-1,140,93,95,-1,140,95,137,-1,137,95,135,-1,159,160,161,-1,161,160,162,-1,163,164,165,-1,165,164,159,-1,165,159,161,-1,166,164,167,-1,167,164,163,-1,166,167,168,-1,168,167,169,-1,168,169,170,-1,171,168,172,-1,172,168,170,-1,173,174,175,-1,175,174,171,-1,175,171,172,-1,176,174,177,-1,177,174,173,-1,176,177,178,-1,178,177,179,-1,178,179,180,-1,181,178,182,-1,182,178,180,-1,183,184,185,-1,185,184,181,-1,185,181,182,-1,186,184,187,-1,187,184,183,-1,186,187,160,-1,160,187,188,-1,160,188,162,-1,186,160,159,-1,159,164,186,-1,186,164,166,-1,186,166,184,-1,178,181,176,-1,176,181,184,-1,176,184,174,-1,174,184,166,-1,174,166,171,-1,171,166,168,-1,189,190,191,-1,191,190,192,-1,192,190,193,-1,192,193,194,-1,194,193,195,-1,194,195,196,-1,196,195,197,-1,196,197,198,-1,198,197,199,-1,198,199,200,-1,200,199,201,-1,200,201,202,-1,202,201,203,-1,202,203,204,-1,204,203,205,-1,204,205,206,-1,206,205,207,-1,206,207,208,-1,207,209,208,-1,208,209,210,-1,208,210,211,-1,211,210,212,-1,211,212,213,-1,213,212,214,-1,213,214,215,-1,215,214,216,-1,215,216,217,-1,217,216,218,-1,217,218,219,-1,219,218,220,-1,219,220,221,-1,221,220,222,-1,221,222,223,-1,223,222,189,-1,223,189,224,-1,224,189,191,-1,218,216,225,-1,225,216,226,-1,227,189,222,-1,218,225,228,-1,218,228,220,-1,220,228,229,-1,220,229,222,-1,222,229,230,-1,222,230,227,-1,189,227,231,-1,189,231,190,-1,190,231,232,-1,190,232,193,-1,193,232,233,-1,193,233,195,-1,195,233,234,-1,195,234,197,-1,197,234,235,-1,197,235,199,-1,199,235,236,-1,199,236,201,-1,201,236,237,-1,201,237,203,-1,203,237,238,-1,203,238,205,-1,205,238,239,-1,205,239,207,-1,207,239,240,-1,207,240,209,-1,240,241,209,-1,209,241,242,-1,209,242,210,-1,210,242,243,-1,210,243,212,-1,214,212,244,-1,244,212,243,-1,216,214,226,-1,226,214,244,-1,211,213,245,-1,245,213,246,-1,213,215,246,-1,246,215,247,-1,215,217,247,-1,247,217,248,-1,224,249,250,-1,224,250,223,-1,223,250,251,-1,223,251,221,-1,221,251,252,-1,221,252,219,-1,219,252,248,-1,219,248,217,-1,196,253,254,-1,196,254,194,-1,194,254,255,-1,194,255,192,-1,192,255,256,-1,192,256,191,-1,191,256,249,-1,191,249,224,-1,204,257,258,-1,204,258,202,-1,202,258,259,-1,202,259,200,-1,200,259,260,-1,200,260,198,-1,198,260,253,-1,198,253,196,-1,211,245,261,-1,211,261,208,-1,208,261,262,-1,208,262,206,-1,206,262,257,-1,206,257,204,-1,
        ]
    }
}
Shape{
    appearance Appearance {
        material  Material 	{
            diffuseColor 0.2235294117647059 0.2235294117647059 0.2235294117647059
            specularColor 0.11372549019607843 0.11372549019607843 0.11372549019607843
            ambientIntensity 0.2
            transparency 0
            shininess 0.5
        }
    }
    geometry IndexedFaceSet {
        ccw TRUE
        solid FALSE
        coord DEF co Coordinate {
            point [
                0.5322 -0.9769 0.2835, 0.5322 -1.0054 0.2835, 0.5378 -0.9769 0.2835, 0.5376 -1.0054 0.2835, 0.542 -1.005 0.2835, 0.5452 -1.0039 0.2835, 0.5477 -1.0024 0.2835, 0.5486 -1.0016 0.2835, 0.5506 -0.9991 0.2835, 0.5518 -0.9963 0.2835, 0.5525 -0.9929 0.2835, 0.5526 -0.9908 0.2835, 0.5522 -0.9867 0.2835, 0.5512 -0.9838 0.2835, 0.5498 -0.9817 0.2835, 0.5485 -0.9803 0.2835, 0.5425 -0.9774 0.2835, 0.5458 -0.9785 0.2835, 0.5458 -0.9785 0.2835
            ]
        }
        coordIndex [
            0,1,2,-1,2,1,3,-1,2,3,4,-1,4,5,2,-1,2,5,6,-1,2,6,7,-1,7,8,2,-1,2,8,9,-1,2,9,10,-1,10,11,2,-1,2,11,12,-1,2,12,13,-1,13,14,2,-1,2,14,15,-1,2,15,16,-1,16,15,17,-1,
        ]
    }
}
Shape{
    appearance Appearance {
        material  Material 	{
            diffuseColor 1.0 1.0 1.0
            specularColor 0.5019607843137255 0.5019607843137255 0.5019607843137255
            ambientIntensity 0.2
            transparency 0
            shininess 0.5
        }
    }
    geometry IndexedFaceSet {
        ccw TRUE
        solid FALSE
        coord DEF co Coordinate {
            point [
                0.57 -0.9953 0.2874, 0.5685 -0.9995 0.2874, 0.5825 -0.9953 0.2874, 0.584 -0.9995 0.2874, 0.5756 -0.9799 0.2874, 0.5738 -0.9726 0.2874, 0.5597 -1.0097 0.2874, 0.565 -1.0097 0.2874, 0.5759 -0.9788 0.2874, 0.5762 -0.9773 0.2874, 0.5789 -0.9726 0.2874, 0.5763 -0.9773 0.2874, 0.5766 -0.9789 0.2874, 0.5769 -0.9799 0.2874, 0.593 -1.0097 0.2874, 0.5877 -1.0097 0.2874, 0.5789 -0.9726 0.2835, 0.593 -1.0097 0.2835, 0.5738 -0.9726 0.2835, 0.5597 -1.0097 0.2835, 0.5703 -0.9816 0.2835, 0.565 -1.0097 0.2835, 0.5685 -0.9995 0.2835, 0.584 -0.9995 0.2835, 0.5703 -0.9995 0.2835, 0.5877 -1.0097 0.2835, 0.57 -0.9953 0.2835, 0.5825 -0.9953 0.2835, 0.5769 -0.9799 0.2835, 0.5763 -0.9773 0.2835, 0.5766 -0.9789 0.2835, 0.5762 -0.9773 0.2835, 0.5756 -0.9799 0.2835, 0.5759 -0.9788 0.2835, 0.5759 -0.9788 0.2835
            ]
        }
        coordIndex [
            0,1,2,-1,2,1,3,-1,4,5,0,-1,0,5,6,-1,0,6,1,-1,1,6,7,-1,4,8,5,-1,5,8,9,-1,5,9,10,-1,10,9,11,-1,10,11,12,-1,12,13,10,-1,10,13,2,-1,10,2,14,-1,14,2,3,-1,14,3,15,-1,10,14,16,-1,16,14,17,-1,5,10,18,-1,18,10,16,-1,19,6,20,-1,20,6,5,-1,20,5,18,-1,7,6,21,-1,21,6,19,-1,1,7,22,-1,22,7,21,-1,23,3,24,-1,24,3,1,-1,24,1,22,-1,15,3,25,-1,25,3,23,-1,14,15,17,-1,17,15,25,-1,0,2,26,-1,26,2,27,-1,2,13,27,-1,27,13,28,-1,11,29,30,-1,11,30,12,-1,12,30,28,-1,12,28,13,-1,11,9,29,-1,29,9,31,-1,4,32,33,-1,4,33,8,-1,8,33,31,-1,8,31,9,-1,4,0,32,-1,32,0,26,-1,
        ]
    }
}
Shape{
    appearance Appearance {
        material  Material 	{
            diffuseColor 0.2235294117647059 0.2235294117647059 0.2235294117647059
            specularColor 0.11372549019607843 0.11372549019607843 0.11372549019607843
            ambientIntensity 0.2
            transparency 0
            shininess 0.5
        }
    }
    geometry IndexedFaceSet {
        ccw TRUE
        solid FALSE
        coord DEF co Coordinate {
            point [
                0.5763 -0.9773 0.2835, 0.5762 -0.9773 0.2835, 0.5766 -0.9789 0.2835, 0.5759 -0.9788 0.2835, 0.5769 -0.9799 0.2835, 0.5756 -0.9799 0.2835, 0.5825 -0.9953 0.2835, 0.57 -0.9953 0.2835, 0.57 -0.9953 0.2835
            ]
        }
        coordIndex [
            0,1,2,-1,2,1,3,-1,2,3,4,-1,4,3,5,-1,4,5,6,-1,6,5,7,-1,
        ]
    }
}
Shape{
    appearance Appearance {
        material  Material 	{
            diffuseColor 1.0 1.0 1.0
            specularColor 0.5019607843137255 0.5019607843137255 0.5019607843137255
            ambientIntensity 0.2
            transparency 0
            shininess 0.5
        }
    }
    geometry IndexedFaceSet {
        ccw TRUE
        solid FALSE
        coord DEF co Coordinate {
            point [
                0.4642 -1.0642 0.2874, 0.4642 -1.0685 0.2874, 0.4642 -1.0642 0.2835, 0.4642 -1.0685 0.2835, 0.449 -1.0642 0.2874, 0.449 -1.0642 0.2835, 0.449 -1.0518 0.2874, 0.449 -1.0518 0.2835, 0.4623 -1.0518 0.2874, 0.4623 -1.0518 0.2835, 0.4623 -1.0475 0.2874, 0.4623 -1.0475 0.2835, 0.449 -1.0475 0.2874, 0.449 -1.0475 0.2835, 0.449 -1.0357 0.2874, 0.449 -1.0357 0.2835, 0.4633 -1.0357 0.2874, 0.4633 -1.0357 0.2835, 0.4633 -1.0314 0.2874, 0.4633 -1.0314 0.2835, 0.4443 -1.0314 0.2874, 0.4443 -1.0314 0.2835, 0.4443 -1.0685 0.2874, 0.4443 -1.0685 0.2835, 0.4853 -1.0685 0.2874, 0.4899 -1.0685 0.2874, 0.4853 -1.0644 0.2874, 0.4899 -1.0514 0.2874, 0.4853 -1.0516 0.2874, 0.4752 -1.0572 0.2874, 0.4763 -1.0567 0.2874, 0.4791 -1.056 0.2874, 0.4853 -1.0552 0.2874, 0.4853 -1.0577 0.2874, 0.4851 -1.0496 0.2874, 0.4895 -1.0476 0.2874, 0.4846 -1.0479 0.2874, 0.4887 -1.0456 0.2874, 0.4841 -1.047 0.2874, 0.4878 -1.0442 0.2874, 0.4834 -1.0462 0.2874, 0.4867 -1.0432 0.2874, 0.4825 -1.0457 0.2874, 0.4852 -1.0423 0.2874, 0.4815 -1.0453 0.2874, 0.4832 -1.0417 0.2874, 0.4799 -1.0452 0.2874, 0.4803 -1.0414 0.2874, 0.4772 -1.0454 0.2874, 0.4762 -1.0418 0.2874, 0.4743 -1.0464 0.2874, 0.4727 -1.043 0.2874, 0.4712 -1.0484 0.2874, 0.4712 -1.0439 0.2874, 0.4853 -1.058 0.2874, 0.485 -1.0601 0.2874, 0.4843 -1.0618 0.2874, 0.4851 -1.0644 0.2874, 0.4833 -1.0631 0.2874, 0.4844 -1.0655 0.2874, 0.4827 -1.0637 0.2874, 0.4829 -1.0671 0.2874, 0.4814 -1.0646 0.2874, 0.4813 -1.0682 0.2874, 0.48 -1.0651 0.2874, 0.4794 -1.0688 0.2874, 0.4782 -1.0653 0.2874, 0.477 -1.0691 0.2874, 0.4767 -1.0651 0.2874, 0.4743 -1.0688 0.2874, 0.4756 -1.0647 0.2874, 0.4725 -1.0681 0.2874, 0.4747 -1.0641 0.2874, 0.4709 -1.067 0.2874, 0.4743 -1.0637 0.2874, 0.4774 -1.0527 0.2874, 0.4737 -1.0537 0.2874, 0.4746 -1.0577 0.2874, 0.4718 -1.0547 0.2874, 0.474 -1.0583 0.2874, 0.4704 -1.056 0.2874, 0.4736 -1.0592 0.2874, 0.4694 -1.0575 0.2874, 0.4734 -1.0603 0.2874, 0.4689 -1.0592 0.2874, 0.4733 -1.061 0.2874, 0.4686 -1.0614 0.2874, 0.4735 -1.0621 0.2874, 0.4689 -1.0635 0.2874, 0.4738 -1.0629 0.2874, 0.4694 -1.0651 0.2874, 0.4704 -1.0665 0.2874, 0.4803 -1.0414 0.2835, 0.4762 -1.0418 0.2835, 0.4727 -1.043 0.2835, 0.4712 -1.0439 0.2835, 0.4712 -1.0484 0.2835, 0.4743 -1.0464 0.2835, 0.4772 -1.0454 0.2835, 0.4799 -1.0452 0.2835, 0.4815 -1.0453 0.2835, 0.4825 -1.0457 0.2835, 0.4834 -1.0462 0.2835, 0.4841 -1.047 0.2835, 0.4846 -1.0479 0.2835, 0.4851 -1.0496 0.2835, 0.4853 -1.0516 0.2835, 0.4774 -1.0527 0.2835, 0.4737 -1.0537 0.2835, 0.4718 -1.0547 0.2835, 0.4704 -1.056 0.2835, 0.4694 -1.0575 0.2835, 0.4689 -1.0592 0.2835, 0.4686 -1.0614 0.2835, 0.4689 -1.0635 0.2835, 0.4694 -1.0651 0.2835, 0.4704 -1.0665 0.2835, 0.4709 -1.067 0.2835, 0.477 -1.0691 0.2835, 0.4743 -1.0688 0.2835, 0.4743 -1.0688 0.2835, 0.4725 -1.0681 0.2835, 0.4794 -1.0688 0.2835, 0.4796 -1.0688 0.2835, 0.4813 -1.0682 0.2835, 0.4829 -1.0671 0.2835, 0.4844 -1.0655 0.2835, 0.4851 -1.0644 0.2835, 0.4853 -1.0644 0.2835, 0.4853 -1.0685 0.2835, 0.4899 -1.0685 0.2835, 0.4899 -1.0514 0.2835, 0.4895 -1.0476 0.2835, 0.4887 -1.0456 0.2835, 0.4878 -1.0442 0.2835, 0.4867 -1.0432 0.2835, 0.4852 -1.0423 0.2835, 0.4832 -1.0417 0.2835, 0.4746 -1.0577 0.2835, 0.4752 -1.0572 0.2835, 0.4763 -1.0567 0.2835, 0.4791 -1.056 0.2835, 0.4733 -1.061 0.2835, 0.4734 -1.0603 0.2835, 0.4736 -1.0592 0.2835, 0.474 -1.0583 0.2835, 0.4747 -1.0641 0.2835, 0.4743 -1.0637 0.2835, 0.4738 -1.0629 0.2835, 0.4735 -1.0621 0.2835, 0.4782 -1.0653 0.2835, 0.4767 -1.0651 0.2835, 0.4756 -1.0647 0.2835, 0.4833 -1.0631 0.2835, 0.4827 -1.0637 0.2835, 0.4814 -1.0646 0.2835, 0.48 -1.0651 0.2835, 0.4853 -1.0577 0.2835, 0.4853 -1.058 0.2835, 0.485 -1.0601 0.2835, 0.4843 -1.0618 0.2835, 0.4853 -1.0552 0.2835, 0.4853 -1.0552 0.2835
            ]
        }
        coordIndex [
            0,1,2,-1,2,1,3,-1,4,0,5,-1,5,0,2,-1,6,4,7,-1,7,4,5,-1,8,6,9,-1,9,6,7,-1,10,8,11,-1,11,8,9,-1,12,10,13,-1,13,10,11,-1,14,12,15,-1,15,12,13,-1,16,14,17,-1,17,14,15,-1,18,16,19,-1,19,16,17,-1,20,18,21,-1,21,18,19,-1,22,20,23,-1,23,20,21,-1,1,22,3,-1,3,22,23,-1,22,1,0,-1,0,4,22,-1,22,4,6,-1,22,6,20,-1,16,18,14,-1,14,18,20,-1,14,20,12,-1,12,20,6,-1,12,6,10,-1,10,6,8,-1,24,25,26,-1,26,25,27,-1,28,29,30,-1,31,32,27,-1,27,32,33,-1,30,31,28,-1,28,31,27,-1,28,27,34,-1,34,27,35,-1,34,35,36,-1,36,35,37,-1,36,37,38,-1,38,37,39,-1,38,39,40,-1,40,39,41,-1,40,41,42,-1,42,41,43,-1,42,43,44,-1,44,43,45,-1,44,45,46,-1,46,45,47,-1,46,47,48,-1,48,47,49,-1,48,49,50,-1,50,49,51,-1,50,51,52,-1,52,51,53,-1,33,54,27,-1,27,54,55,-1,27,55,26,-1,26,55,56,-1,26,56,57,-1,57,56,58,-1,57,58,59,-1,59,58,60,-1,59,60,61,-1,61,60,62,-1,61,62,63,-1,63,62,64,-1,63,64,65,-1,65,64,66,-1,65,66,67,-1,67,66,68,-1,67,68,69,-1,69,68,70,-1,69,70,71,-1,71,70,72,-1,71,72,73,-1,73,72,74,-1,28,75,29,-1,29,75,76,-1,29,76,77,-1,77,76,78,-1,77,78,79,-1,79,78,80,-1,79,80,81,-1,81,80,82,-1,81,82,83,-1,83,82,84,-1,83,84,85,-1,85,84,86,-1,85,86,87,-1,87,86,88,-1,87,88,89,-1,89,88,90,-1,89,90,74,-1,74,90,91,-1,74,91,73,-1,47,92,93,-1,47,93,49,-1,49,93,94,-1,49,94,51,-1,51,94,95,-1,51,95,53,-1,52,53,96,-1,96,53,95,-1,52,96,97,-1,52,97,50,-1,50,97,98,-1,50,98,48,-1,48,98,99,-1,48,99,46,-1,46,99,100,-1,46,100,44,-1,44,100,101,-1,44,101,42,-1,42,101,102,-1,42,102,40,-1,40,102,103,-1,40,103,38,-1,38,103,104,-1,38,104,36,-1,36,104,105,-1,36,105,34,-1,34,105,106,-1,34,106,28,-1,75,28,107,-1,107,28,106,-1,75,107,108,-1,75,108,76,-1,76,108,109,-1,76,109,78,-1,78,109,110,-1,78,110,80,-1,80,110,111,-1,80,111,82,-1,82,111,112,-1,82,112,84,-1,84,112,113,-1,84,113,86,-1,86,113,114,-1,86,114,88,-1,88,114,115,-1,88,115,90,-1,90,115,116,-1,90,116,91,-1,91,116,117,-1,91,117,73,-1,118,67,119,-1,119,67,69,-1,119,69,120,-1,120,69,71,-1,120,71,121,-1,121,71,73,-1,121,73,117,-1,67,118,122,-1,67,122,65,-1,65,122,123,-1,65,123,63,-1,123,124,63,-1,63,124,125,-1,63,125,61,-1,61,125,126,-1,61,126,59,-1,59,126,127,-1,59,127,57,-1,26,57,128,-1,128,57,127,-1,24,26,129,-1,129,26,128,-1,25,24,130,-1,130,24,129,-1,27,25,131,-1,131,25,130,-1,27,131,132,-1,27,132,35,-1,35,132,133,-1,35,133,37,-1,37,133,134,-1,37,134,39,-1,39,134,135,-1,39,135,41,-1,41,135,136,-1,41,136,43,-1,43,136,137,-1,43,137,45,-1,45,137,92,-1,45,92,47,-1,77,138,139,-1,77,139,29,-1,29,139,140,-1,29,140,30,-1,30,140,141,-1,30,141,31,-1,85,142,143,-1,85,143,83,-1,83,143,144,-1,83,144,81,-1,81,144,145,-1,81,145,79,-1,79,145,138,-1,79,138,77,-1,72,146,147,-1,72,147,74,-1,74,147,148,-1,74,148,89,-1,89,148,149,-1,89,149,87,-1,87,149,142,-1,87,142,85,-1,66,150,151,-1,66,151,68,-1,68,151,152,-1,68,152,70,-1,70,152,146,-1,70,146,72,-1,58,153,154,-1,58,154,60,-1,60,154,155,-1,60,155,62,-1,62,155,156,-1,62,156,64,-1,64,156,150,-1,64,150,66,-1,33,157,158,-1,33,158,54,-1,54,158,159,-1,54,159,55,-1,55,159,160,-1,55,160,56,-1,56,160,153,-1,56,153,58,-1,33,32,157,-1,157,32,161,-1,32,31,161,-1,161,31,141,-1,
        ]
    }
}
Shape{
    appearance Appearance {
        material  Material 	{
            diffuseColor 0.2235294117647059 0.2235294117647059 0.2235294117647059
            specularColor 0.11372549019607843 0.11372549019607843 0.11372549019607843
            ambientIntensity 0.2
            transparency 0
            shininess 0.5
        }
    }
    geometry IndexedFaceSet {
        ccw TRUE
        solid FALSE
        coord DEF co Coordinate {
            point [
                0.4853 -1.0552 0.2835, 0.4791 -1.056 0.2835, 0.4853 -1.0577 0.2835, 0.4763 -1.0567 0.2835, 0.4752 -1.0572 0.2835, 0.4746 -1.0577 0.2835, 0.4853 -1.058 0.2835, 0.485 -1.0601 0.2835, 0.474 -1.0583 0.2835, 0.4843 -1.0618 0.2835, 0.4743 -1.0637 0.2835, 0.4747 -1.0641 0.2835, 0.4827 -1.0637 0.2835, 0.4738 -1.0629 0.2835, 0.4814 -1.0646 0.2835, 0.48 -1.0651 0.2835, 0.4782 -1.0653 0.2835, 0.4736 -1.0592 0.2835, 0.4734 -1.0603 0.2835, 0.4833 -1.0631 0.2835, 0.4733 -1.061 0.2835, 0.4735 -1.0621 0.2835, 0.4756 -1.0647 0.2835, 0.4767 -1.0651 0.2835, 0.4767 -1.0651 0.2835
            ]
        }
        coordIndex [
            0,1,2,-1,2,1,3,-1,3,4,2,-1,2,4,5,-1,2,5,6,-1,6,5,7,-1,7,5,8,-1,7,8,9,-1,10,11,12,-1,10,12,13,-1,14,12,15,-1,15,12,16,-1,8,17,9,-1,9,17,18,-1,9,18,19,-1,19,18,20,-1,19,20,12,-1,12,20,21,-1,12,21,13,-1,11,22,12,-1,12,22,23,-1,12,23,16,-1,
        ]
    }
}
Shape{
    appearance Appearance {
        material  Material 	{
            diffuseColor 1.0 1.0 1.0
            specularColor 0.5019607843137255 0.5019607843137255 0.5019607843137255
            ambientIntensity 0.2
            transparency 0
            shininess 0.5
        }
    }
    geometry IndexedFaceSet {
        ccw TRUE
        solid FALSE
        coord DEF co Coordinate {
            point [
                0.4962 -1.0627 0.2835, 0.4962 -1.0627 0.2874, 0.4977 -1.0637 0.2874, 0.5038 -1.0653 0.2874, 0.5038 -1.0653 0.2835, 0.5006 -1.0649 0.2835, 0.5006 -1.0649 0.2874, 0.4983 -1.064 0.2835, 0.4977 -1.0637 0.2835, 0.4962 -1.0675 0.2874, 0.4962 -1.0675 0.2835, 0.4983 -1.0683 0.2835, 0.4994 -1.0687 0.2874, 0.5034 -1.0691 0.2835, 0.5034 -1.0691 0.2874, 0.5004 -1.0688 0.2835, 0.4994 -1.0687 0.2835, 0.5063 -1.0688 0.2835, 0.5073 -1.0687 0.2874, 0.5073 -1.0687 0.2835, 0.5098 -1.0678 0.2835, 0.5098 -1.0678 0.2874, 0.5111 -1.067 0.2835, 0.5111 -1.067 0.2874, 0.5124 -1.0658 0.2835, 0.5124 -1.0658 0.2874, 0.5133 -1.0646 0.2835, 0.5133 -1.0646 0.2874, 0.5139 -1.0631 0.2835, 0.5139 -1.0631 0.2874, 0.5141 -1.0613 0.2835, 0.5141 -1.0613 0.2874, 0.5139 -1.0595 0.2835, 0.5139 -1.0595 0.2874, 0.5134 -1.0582 0.2835, 0.5134 -1.0582 0.2874, 0.5125 -1.0569 0.2835, 0.5125 -1.0569 0.2874, 0.5114 -1.0559 0.2835, 0.5114 -1.0559 0.2874, 0.5083 -1.0542 0.2835, 0.5083 -1.0542 0.2874, 0.5065 -1.0535 0.2835, 0.5065 -1.0535 0.2874, 0.5037 -1.0522 0.2835, 0.5037 -1.0522 0.2874, 0.502 -1.0512 0.2835, 0.502 -1.0512 0.2874, 0.5016 -1.0507 0.2835, 0.5016 -1.0507 0.2874, 0.5012 -1.0501 0.2835, 0.5012 -1.0501 0.2874, 0.5011 -1.0493 0.2835, 0.5011 -1.0493 0.2874, 0.501 -1.0487 0.2835, 0.501 -1.0487 0.2874, 0.5011 -1.048 0.2835, 0.5011 -1.048 0.2874, 0.5013 -1.0474 0.2835, 0.5013 -1.0474 0.2874, 0.5017 -1.0468 0.2835, 0.5017 -1.0468 0.2874, 0.5024 -1.0461 0.2835, 0.5024 -1.0461 0.2874, 0.5035 -1.0456 0.2835, 0.5035 -1.0456 0.2874, 0.5047 -1.0453 0.2835, 0.5047 -1.0453 0.2874, 0.5061 -1.0452 0.2835, 0.5061 -1.0452 0.2874, 0.5094 -1.0456 0.2835, 0.5094 -1.0456 0.2874, 0.512 -1.0466 0.2835, 0.512 -1.0466 0.2874, 0.5128 -1.0471 0.2835, 0.5128 -1.0471 0.2874, 0.5128 -1.0426 0.2874, 0.5128 -1.0426 0.2835, 0.5094 -1.0416 0.2835, 0.5094 -1.0416 0.2874, 0.5065 -1.0414 0.2835, 0.5065 -1.0414 0.2874, 0.5029 -1.0418 0.2835, 0.5029 -1.0418 0.2874, 0.5004 -1.0428 0.2835, 0.5004 -1.0428 0.2874, 0.4992 -1.0435 0.2835, 0.4992 -1.0435 0.2874, 0.4983 -1.0443 0.2835, 0.4978 -1.0447 0.2874, 0.4978 -1.0447 0.2835, 0.497 -1.046 0.2835, 0.497 -1.046 0.2874, 0.4964 -1.0475 0.2835, 0.4964 -1.0475 0.2874, 0.4962 -1.0491 0.2835, 0.4962 -1.0491 0.2874, 0.4964 -1.0509 0.2835, 0.4964 -1.0509 0.2874, 0.4969 -1.0524 0.2835, 0.4969 -1.0524 0.2874, 0.4975 -1.0533 0.2835, 0.4975 -1.0533 0.2874, 0.5033 -1.0568 0.2835, 0.5033 -1.0568 0.2874, 0.5005 -1.0556 0.2874, 0.4983 -1.0541 0.2835, 0.4983 -1.0541 0.2874, 0.4983 -1.0542 0.2835, 0.5005 -1.0556 0.2835, 0.5063 -1.0581 0.2835, 0.5063 -1.0581 0.2874, 0.5081 -1.0592 0.2835, 0.5081 -1.0592 0.2874, 0.5087 -1.0598 0.2835, 0.5087 -1.0598 0.2874, 0.5091 -1.0604 0.2835, 0.5091 -1.0604 0.2874, 0.5093 -1.0611 0.2835, 0.5093 -1.0611 0.2874, 0.5093 -1.0617 0.2835, 0.5093 -1.0617 0.2874, 0.5092 -1.0626 0.2835, 0.5092 -1.0626 0.2874, 0.509 -1.0633 0.2835, 0.509 -1.0633 0.2874, 0.5086 -1.0639 0.2835, 0.5086 -1.0639 0.2874, 0.508 -1.0643 0.2835, 0.508 -1.0643 0.2874, 0.5076 -1.0646 0.2835, 0.5076 -1.0646 0.2874, 0.5064 -1.065 0.2835, 0.5064 -1.065 0.2874, 0.504 -1.0653 0.2835, 0.504 -1.0653 0.2874, 0.5371 -1.042 0.2874, 0.5419 -1.042 0.2874, 0.5371 -1.042 0.2835, 0.5419 -1.042 0.2835, 0.5299 -1.0619 0.2874, 0.5299 -1.0619 0.2835, 0.5295 -1.0632 0.2835, 0.5295 -1.0632 0.2874, 0.5293 -1.0641 0.2835, 0.5293 -1.0641 0.2874, 0.5292 -1.0641 0.2874, 0.5292 -1.0641 0.2835, 0.5286 -1.0619 0.2874, 0.5286 -1.0619 0.2835, 0.5217 -1.042 0.2874, 0.5239 -1.0484 0.2835, 0.5217 -1.042 0.2835, 0.5165 -1.042 0.2874, 0.5165 -1.042 0.2835, 0.5269 -1.0684 0.2874, 0.5239 -1.0609 0.2835, 0.5269 -1.0684 0.2835, 0.5248 -1.0732 0.2835, 0.5248 -1.0732 0.2874, 0.5267 -1.0688 0.2835, 0.5239 -1.0749 0.2835, 0.5239 -1.0749 0.2835, 0.5231 -1.0759 0.2874, 0.5239 -1.0749 0.2874, 0.5231 -1.0759 0.2835, 0.5222 -1.0765 0.2835, 0.5222 -1.0765 0.2874, 0.5212 -1.0768 0.2835, 0.5212 -1.0768 0.2874, 0.5201 -1.077 0.2835, 0.5201 -1.077 0.2874, 0.5184 -1.0767 0.2835, 0.5184 -1.0767 0.2874, 0.5175 -1.0764 0.2835, 0.5175 -1.0764 0.2874, 0.5175 -1.0806 0.2874, 0.5175 -1.0806 0.2835, 0.5194 -1.0809 0.2835, 0.5194 -1.0809 0.2874, 0.5204 -1.0809 0.2835, 0.5204 -1.0809 0.2874, 0.5223 -1.0807 0.2835, 0.5223 -1.0807 0.2874, 0.5239 -1.0801 0.2835, 0.5242 -1.08 0.2874, 0.5242 -1.08 0.2835, 0.5258 -1.0789 0.2835, 0.5258 -1.0789 0.2874, 0.5261 -1.0786 0.2835, 0.5261 -1.0786 0.2874, 0.5278 -1.0766 0.2835, 0.5278 -1.0766 0.2874, 0.5299 -1.0725 0.2835, 0.5299 -1.0725 0.2874, 0.5313 -1.0688 0.2835, 0.5668 -1.0642 0.2874, 0.5668 -1.0685 0.2874, 0.5668 -1.0642 0.2835, 0.5668 -1.0685 0.2835, 0.5517 -1.0642 0.2874, 0.5586 -1.0642 0.2835, 0.5517 -1.0642 0.2835, 0.5517 -1.0518 0.2874, 0.5517 -1.0518 0.2835, 0.565 -1.0518 0.2874, 0.5586 -1.0518 0.2835, 0.565 -1.0518 0.2835, 0.565 -1.0475 0.2874, 0.565 -1.0475 0.2835, 0.5517 -1.0475 0.2835, 0.5517 -1.0475 0.2874, 0.5586 -1.0475 0.2835, 0.5517 -1.0357 0.2874, 0.5517 -1.0357 0.2835, 0.566 -1.0357 0.2835, 0.566 -1.0357 0.2874, 0.5586 -1.0357 0.2835, 0.566 -1.0314 0.2874, 0.566 -1.0314 0.2835, 0.5469 -1.0314 0.2835, 0.5469 -1.0314 0.2874, 0.5586 -1.0314 0.2835, 0.5469 -1.0685 0.2874, 0.5469 -1.0685 0.2835, 0.5586 -1.0685 0.2835, 0.5984 -1.0633 0.2874, 0.601 -1.0604 0.2874, 0.597 -1.0579 0.2874, 0.5982 -1.0552 0.2874, 0.6029 -1.0566 0.2874, 0.5989 -1.0517 0.2874, 0.6039 -1.0523 0.2874, 0.599 -1.0496 0.2874, 0.604 -1.0495 0.2874, 0.5986 -1.0455 0.2874, 0.6034 -1.0444 0.2874, 0.5976 -1.0426 0.2874, 0.6021 -1.0409 0.2874, 0.5962 -1.0405 0.2874, 0.5998 -1.0376 0.2874, 0.5949 -1.0392 0.2874, 0.5984 -1.0363 0.2874, 0.5922 -1.0373 0.2874, 0.5952 -1.034 0.2874, 0.589 -1.0362 0.2874, 0.5908 -1.0322 0.2874, 0.5852 -1.0314 0.2874, 0.5842 -1.0357 0.2874, 0.5844 -1.0314 0.2874, 0.5786 -1.0357 0.2874, 0.5739 -1.0314 0.2874, 0.5786 -1.0642 0.2874, 0.5739 -1.0685 0.2874, 0.584 -1.0642 0.2874, 0.584 -1.0685 0.2874, 0.5884 -1.0638 0.2874, 0.5903 -1.0677 0.2874, 0.5916 -1.0627 0.2874, 0.5945 -1.0661 0.2874, 0.5941 -1.0612 0.2874, 0.595 -1.0604 0.2874, 0.584 -1.0685 0.2835, 0.5739 -1.0685 0.2835, 0.5903 -1.0677 0.2835, 0.5945 -1.0661 0.2835, 0.5984 -1.0633 0.2835, 0.601 -1.0604 0.2835, 0.6029 -1.0566 0.2835, 0.6039 -1.0523 0.2835, 0.604 -1.0495 0.2835, 0.6034 -1.0444 0.2835, 0.6021 -1.0409 0.2835, 0.5998 -1.0376 0.2835, 0.5984 -1.0363 0.2835, 0.5952 -1.034 0.2835, 0.5908 -1.0322 0.2835, 0.5852 -1.0314 0.2835, 0.5844 -1.0314 0.2835, 0.5739 -1.0314 0.2835, 0.5842 -1.0357 0.2835, 0.5786 -1.0357 0.2835, 0.5786 -1.0642 0.2835, 0.584 -1.0642 0.2835, 0.595 -1.0604 0.2835, 0.5941 -1.0612 0.2835, 0.5916 -1.0627 0.2835, 0.5884 -1.0638 0.2835, 0.599 -1.0496 0.2835, 0.5989 -1.0517 0.2835, 0.5982 -1.0552 0.2835, 0.597 -1.0579 0.2835, 0.5949 -1.0392 0.2835, 0.5962 -1.0405 0.2835, 0.5976 -1.0426 0.2835, 0.5986 -1.0455 0.2835, 0.589 -1.0362 0.2835, 0.5922 -1.0373 0.2835, 0.5922 -1.0373 0.2835
            ]
        }
        coordIndex [
            0,1,2,-1,3,4,5,-1,3,5,6,-1,6,5,7,-1,6,7,2,-1,2,7,8,-1,2,8,0,-1,9,1,10,-1,10,1,0,-1,10,11,9,-1,9,11,12,-1,13,14,15,-1,15,14,12,-1,15,12,16,-1,16,12,11,-1,13,17,14,-1,14,17,18,-1,17,19,18,-1,18,19,20,-1,18,20,21,-1,21,20,22,-1,21,22,23,-1,23,22,24,-1,23,24,25,-1,25,24,26,-1,25,26,27,-1,27,26,28,-1,27,28,29,-1,29,28,30,-1,29,30,31,-1,31,30,32,-1,31,32,33,-1,33,32,34,-1,33,34,35,-1,35,34,36,-1,35,36,37,-1,37,36,38,-1,37,38,39,-1,39,38,40,-1,39,40,41,-1,41,40,42,-1,41,42,43,-1,43,42,44,-1,43,44,45,-1,45,44,46,-1,45,46,47,-1,47,46,48,-1,47,48,49,-1,49,48,50,-1,49,50,51,-1,51,50,52,-1,51,52,53,-1,53,52,54,-1,53,54,55,-1,55,54,56,-1,55,56,57,-1,57,56,58,-1,57,58,59,-1,59,58,60,-1,59,60,61,-1,61,60,62,-1,61,62,63,-1,63,62,64,-1,63,64,65,-1,65,64,66,-1,65,66,67,-1,67,66,68,-1,67,68,69,-1,69,68,70,-1,69,70,71,-1,71,70,72,-1,71,72,73,-1,73,72,74,-1,73,74,75,-1,76,75,77,-1,77,75,74,-1,76,77,78,-1,76,78,79,-1,79,78,80,-1,79,80,81,-1,81,80,82,-1,81,82,83,-1,83,82,84,-1,83,84,85,-1,85,84,86,-1,85,86,87,-1,86,88,87,-1,87,88,89,-1,88,90,89,-1,89,90,91,-1,89,91,92,-1,92,91,93,-1,92,93,94,-1,94,93,95,-1,94,95,96,-1,96,95,97,-1,96,97,98,-1,98,97,99,-1,98,99,100,-1,100,99,101,-1,100,101,102,-1,103,104,105,-1,102,101,106,-1,102,106,107,-1,107,106,108,-1,107,108,105,-1,105,108,109,-1,105,109,103,-1,104,103,110,-1,104,110,111,-1,111,110,112,-1,111,112,113,-1,113,112,114,-1,113,114,115,-1,115,114,116,-1,115,116,117,-1,117,116,118,-1,117,118,119,-1,119,118,120,-1,119,120,121,-1,121,120,122,-1,121,122,123,-1,123,122,124,-1,123,124,125,-1,125,124,126,-1,125,126,127,-1,127,126,128,-1,127,128,129,-1,129,128,130,-1,129,130,131,-1,131,130,132,-1,131,132,133,-1,133,132,134,-1,133,134,135,-1,135,134,4,-1,135,4,3,-1,61,63,85,-1,85,63,83,-1,111,43,104,-1,104,43,45,-1,14,3,12,-1,12,3,6,-1,12,6,9,-1,9,6,2,-1,9,2,1,-1,63,65,83,-1,83,65,67,-1,83,67,81,-1,81,67,69,-1,81,69,79,-1,79,69,71,-1,79,71,76,-1,76,71,73,-1,76,73,75,-1,21,23,127,-1,127,23,25,-1,127,25,125,-1,125,25,27,-1,125,27,123,-1,123,27,29,-1,123,29,121,-1,121,29,31,-1,121,31,119,-1,119,31,33,-1,119,33,117,-1,117,33,35,-1,117,35,115,-1,115,35,37,-1,115,37,113,-1,113,37,39,-1,113,39,111,-1,111,39,41,-1,111,41,43,-1,127,129,21,-1,21,129,131,-1,21,131,18,-1,18,131,133,-1,18,133,14,-1,14,133,135,-1,14,135,3,-1,85,87,61,-1,61,87,89,-1,61,89,59,-1,59,89,92,-1,59,92,57,-1,57,92,94,-1,57,94,55,-1,55,94,96,-1,55,96,53,-1,53,96,98,-1,53,98,51,-1,51,98,100,-1,51,100,49,-1,49,100,102,-1,49,102,47,-1,47,102,107,-1,47,107,45,-1,45,107,105,-1,45,105,104,-1,136,137,138,-1,138,137,139,-1,140,136,141,-1,141,136,138,-1,140,141,142,-1,140,142,143,-1,143,142,144,-1,143,144,145,-1,146,145,147,-1,147,145,144,-1,148,146,149,-1,149,146,147,-1,148,149,150,-1,150,149,151,-1,150,151,152,-1,153,150,154,-1,154,150,152,-1,153,154,155,-1,155,154,156,-1,155,156,157,-1,158,159,160,-1,160,159,155,-1,160,155,157,-1,159,158,161,-1,162,163,161,-1,161,163,164,-1,161,164,159,-1,162,165,163,-1,163,165,166,-1,163,166,167,-1,167,166,168,-1,167,168,169,-1,169,168,170,-1,169,170,171,-1,171,170,172,-1,171,172,173,-1,173,172,174,-1,173,174,175,-1,176,175,177,-1,177,175,174,-1,176,177,178,-1,176,178,179,-1,179,178,180,-1,179,180,181,-1,181,180,182,-1,181,182,183,-1,183,182,184,-1,183,184,185,-1,184,186,185,-1,185,186,187,-1,185,187,188,-1,188,187,189,-1,188,189,190,-1,190,189,191,-1,190,191,192,-1,192,191,193,-1,192,193,194,-1,139,137,195,-1,195,137,194,-1,195,194,193,-1,143,145,194,-1,137,136,194,-1,194,136,140,-1,194,140,143,-1,150,153,148,-1,148,153,155,-1,148,155,146,-1,192,164,190,-1,190,164,163,-1,175,176,173,-1,173,176,179,-1,173,179,171,-1,171,179,181,-1,171,181,169,-1,169,181,183,-1,169,183,167,-1,167,183,185,-1,167,185,163,-1,163,185,188,-1,163,188,190,-1,145,146,194,-1,194,146,155,-1,194,155,192,-1,192,155,159,-1,192,159,164,-1,196,197,198,-1,198,197,199,-1,196,198,200,-1,200,198,201,-1,200,201,202,-1,203,200,204,-1,204,200,202,-1,203,204,205,-1,205,204,206,-1,205,206,207,-1,208,205,209,-1,209,205,207,-1,210,211,212,-1,212,211,208,-1,212,208,209,-1,213,211,214,-1,214,211,210,-1,215,216,217,-1,217,216,213,-1,217,213,214,-1,218,216,219,-1,219,216,215,-1,220,221,222,-1,222,221,218,-1,222,218,219,-1,223,221,224,-1,224,221,220,-1,223,224,197,-1,197,224,225,-1,197,225,199,-1,223,197,196,-1,196,200,223,-1,223,200,203,-1,223,203,221,-1,216,218,213,-1,213,218,221,-1,213,221,211,-1,211,221,203,-1,211,203,208,-1,208,203,205,-1,226,227,228,-1,228,227,229,-1,229,227,230,-1,229,230,231,-1,231,230,232,-1,231,232,233,-1,233,232,234,-1,233,234,235,-1,235,234,236,-1,235,236,237,-1,237,236,238,-1,237,238,239,-1,239,238,240,-1,239,240,241,-1,241,240,242,-1,241,242,243,-1,243,242,244,-1,243,244,245,-1,244,246,245,-1,245,246,247,-1,245,247,248,-1,248,247,249,-1,248,249,250,-1,250,249,251,-1,250,251,252,-1,252,251,253,-1,252,253,254,-1,254,253,255,-1,254,255,256,-1,256,255,257,-1,256,257,258,-1,258,257,259,-1,258,259,260,-1,260,259,226,-1,260,226,261,-1,261,226,228,-1,255,253,262,-1,262,253,263,-1,255,262,264,-1,255,264,257,-1,257,264,265,-1,257,265,259,-1,259,265,266,-1,259,266,226,-1,226,266,267,-1,226,267,227,-1,227,267,268,-1,227,268,230,-1,230,268,269,-1,230,269,232,-1,232,269,270,-1,232,270,234,-1,234,270,271,-1,234,271,236,-1,236,271,272,-1,236,272,238,-1,238,272,273,-1,238,273,240,-1,240,273,274,-1,240,274,242,-1,242,274,275,-1,242,275,244,-1,244,275,276,-1,244,276,246,-1,246,276,277,-1,246,277,247,-1,247,277,278,-1,247,278,249,-1,251,249,279,-1,279,249,278,-1,253,251,263,-1,263,251,279,-1,248,250,280,-1,280,250,281,-1,250,252,281,-1,281,252,282,-1,252,254,282,-1,282,254,283,-1,261,284,285,-1,261,285,260,-1,260,285,286,-1,260,286,258,-1,258,286,287,-1,258,287,256,-1,256,287,283,-1,256,283,254,-1,233,288,289,-1,233,289,231,-1,231,289,290,-1,231,290,229,-1,229,290,291,-1,229,291,228,-1,228,291,284,-1,228,284,261,-1,241,292,293,-1,241,293,239,-1,239,293,294,-1,239,294,237,-1,237,294,295,-1,237,295,235,-1,235,295,288,-1,235,288,233,-1,248,280,296,-1,248,296,245,-1,245,296,297,-1,245,297,243,-1,243,297,292,-1,243,292,241,-1,
        ]
    }
}
Shape{
    appearance Appearance {
        material  Material 	{
            diffuseColor 0.2235294117647059 0.2235294117647059 0.2235294117647059
            specularColor 0.11372549019607843 0.11372549019607843 0.11372549019607843
            ambientIntensity 0.2
            transparency 0
            shininess 0.5
        }
    }
    geometry IndexedFaceSet {
        ccw TRUE
        solid FALSE
        coord DEF co Coordinate {
            point [
                0.5786 -1.0357 0.2835, 0.5786 -1.0642 0.2835, 0.5842 -1.0357 0.2835, 0.584 -1.0642 0.2835, 0.5884 -1.0638 0.2835, 0.5916 -1.0627 0.2835, 0.5941 -1.0612 0.2835, 0.595 -1.0604 0.2835, 0.597 -1.0579 0.2835, 0.5982 -1.0552 0.2835, 0.5989 -1.0517 0.2835, 0.599 -1.0496 0.2835, 0.5986 -1.0455 0.2835, 0.5976 -1.0426 0.2835, 0.5962 -1.0405 0.2835, 0.5949 -1.0392 0.2835, 0.589 -1.0362 0.2835, 0.5922 -1.0373 0.2835, 0.5922 -1.0373 0.2835
            ]
        }
        coordIndex [
            0,1,2,-1,2,1,3,-1,2,3,4,-1,4,5,2,-1,2,5,6,-1,2,6,7,-1,7,8,2,-1,2,8,9,-1,2,9,10,-1,10,11,2,-1,2,11,12,-1,2,12,13,-1,13,14,2,-1,2,14,15,-1,2,15,16,-1,16,15,17,-1,
        ]
    }
}
Shape{
    appearance Appearance {
        material  Material 	{
            diffuseColor 1.0 1.0 1.0
            specularColor 0.5019607843137255 0.5019607843137255 0.5019607843137255
            ambientIntensity 0.2
            transparency 0
            shininess 0.5
        }
    }
    geometry IndexedFaceSet {
        ccw TRUE
        solid FALSE
        coord DEF co Coordinate {
            point [
                0.6165 -1.0541 0.2874, 0.6149 -1.0583 0.2874, 0.6289 -1.0541 0.2874, 0.6304 -1.0583 0.2874, 0.622 -1.0387 0.2874, 0.6202 -1.0314 0.2874, 0.6061 -1.0685 0.2874, 0.6114 -1.0685 0.2874, 0.6223 -1.0376 0.2874, 0.6226 -1.0361 0.2874, 0.6253 -1.0314 0.2874, 0.6227 -1.0361 0.2874, 0.623 -1.0377 0.2874, 0.6233 -1.0387 0.2874, 0.6394 -1.0685 0.2874, 0.6342 -1.0685 0.2874, 0.6253 -1.0314 0.2835, 0.6394 -1.0685 0.2835, 0.6202 -1.0314 0.2835, 0.6061 -1.0685 0.2835, 0.6114 -1.0685 0.2835, 0.6149 -1.0583 0.2835, 0.6304 -1.0583 0.2835, 0.6342 -1.0685 0.2835, 0.6165 -1.0541 0.2835, 0.6289 -1.0541 0.2835, 0.6233 -1.0387 0.2835, 0.6227 -1.0361 0.2835, 0.623 -1.0377 0.2835, 0.6226 -1.0361 0.2835, 0.622 -1.0387 0.2835, 0.6223 -1.0376 0.2835, 0.6223 -1.0376 0.2835
            ]
        }
        coordIndex [
            0,1,2,-1,2,1,3,-1,4,5,0,-1,0,5,6,-1,0,6,1,-1,1,6,7,-1,4,8,5,-1,5,8,9,-1,5,9,10,-1,10,9,11,-1,10,11,12,-1,12,13,10,-1,10,13,2,-1,10,2,14,-1,14,2,3,-1,14,3,15,-1,10,14,16,-1,16,14,17,-1,5,10,18,-1,18,10,16,-1,6,5,19,-1,19,5,18,-1,7,6,20,-1,20,6,19,-1,1,7,21,-1,21,7,20,-1,3,1,22,-1,22,1,21,-1,15,3,23,-1,23,3,22,-1,14,15,17,-1,17,15,23,-1,0,2,24,-1,24,2,25,-1,2,13,25,-1,25,13,26,-1,11,27,28,-1,11,28,12,-1,12,28,26,-1,12,26,13,-1,11,9,27,-1,27,9,29,-1,4,30,31,-1,4,31,8,-1,8,31,29,-1,8,29,9,-1,4,0,30,-1,30,0,24,-1,
        ]
    }
}
Shape{
    appearance Appearance {
        material  Material 	{
            diffuseColor 0.2235294117647059 0.2235294117647059 0.2235294117647059
            specularColor 0.11372549019607843 0.11372549019607843 0.11372549019607843
            ambientIntensity 0.2
            transparency 0
            shininess 0.5
        }
    }
    geometry IndexedFaceSet {
        ccw TRUE
        solid FALSE
        coord DEF co Coordinate {
            point [
                0.6227 -1.0361 0.2835, 0.6226 -1.0361 0.2835, 0.623 -1.0377 0.2835, 0.6223 -1.0376 0.2835, 0.6233 -1.0387 0.2835, 0.622 -1.0387 0.2835, 0.6289 -1.0541 0.2835, 0.6165 -1.0541 0.2835, 0.6165 -1.0541 0.2835
            ]
        }
        coordIndex [
            0,1,2,-1,2,1,3,-1,2,3,4,-1,4,3,5,-1,4,5,6,-1,6,5,7,-1,
        ]
    }
}
Shape{
    appearance Appearance {
        material  Material 	{
            diffuseColor 1.0 1.0 1.0
            specularColor 0.5019607843137255 0.5019607843137255 0.5019607843137255
            ambientIntensity 0.2
            transparency 0
            shininess 0.5
        }
    }
    geometry IndexedFaceSet {
        ccw TRUE
        solid FALSE
        coord DEF co Coordinate {
            point [
                0.2805 -1.0737 0.2874, 0.2845 -1.0786 0.2874, 0.2782 -1.0504 0.2874, 0.3293 -1.057 0.2874, 0.3662 -1.0375 0.2874, 0.3129 -1.0587 0.2874, 0.3123 -1.0562 0.2874, 0.2736 -1.0046 0.2874, 0.2794 -1.0015 0.2874, 0.2781 -0.9853 0.2874, 0.3227 -1.042 0.2874, 0.3027 -1.0496 0.2874, 0.3049 -1.0499 0.2874, 0.2945 -0.9845 0.2874, 0.3027 -1.0038 0.2874, 0.3067 -0.9954 0.2874, 0.3073 -1.0507 0.2874, 0.3094 -1.0522 0.2874, 0.3111 -1.0541 0.2874, 0.2724 -1.0469 0.2874, 0.2746 -1.0671 0.2874, 0.2779 -1.0681 0.2874, 0.2884 -0.984 0.2874, 0.358 -1.0235 0.2874, 0.3293 -1.0596 0.2874, 0.3129 -1.0611 0.2874, 0.3291 -1.0624 0.2874, 0.3001 -1.05 0.2874, 0.2966 -1.0338 0.2874, 0.2978 -1.0509 0.2874, 0.2908 -1.036 0.2874, 0.2957 -1.0523 0.2874, 0.2854 -1.0398 0.2874, 0.2947 -1.0534 0.2874, 0.2811 -1.0448 0.2874, 0.2933 -1.0556 0.2874, 0.2926 -1.0581 0.2874, 0.2924 -1.0607 0.2874, 0.3125 -1.0348 0.2874, 0.3061 -1.0332 0.2874, 0.3029 -1.033 0.2874, 0.3749 -1.0114 0.2874, 0.377 -1.0114 0.2874, 0.3878 -0.9972 0.2874, 0.382 -1.012 0.2874, 0.3891 -0.9976 0.2874, 0.3866 -1.0138 0.2874, 0.3969 -1.0015 0.2874, 0.4041 -1.0075 0.2874, 0.2999 -0.9782 0.2874, 0.3126 -0.9884 0.2874, 0.3061 -0.9729 0.2874, 0.3197 -0.9832 0.2874, 0.3125 -0.9689 0.2874, 0.2859 -1.0 0.2874, 0.2887 -0.9998 0.2874, 0.2915 -0.9842 0.2874, 0.2949 -1.0006 0.2874, 0.3008 -1.0028 0.2874, 0.4041 -1.0567 0.2874, 0.3919 -1.0463 0.2874, 0.397 -1.0628 0.2874, 0.388 -1.0494 0.2874, 0.3889 -1.0667 0.2874, 0.3833 -1.0516 0.2874, 0.3802 -1.0686 0.2874, 0.3786 -1.0525 0.2874, 0.3646 -1.0686 0.2874, 0.3667 -1.0525 0.2874, 0.3631 -1.0684 0.2874, 0.3181 -1.0378 0.2874, 0.3907 -1.0167 0.2874, 0.3937 -1.02 0.2874, 0.4095 -1.015 0.2874, 0.3962 -1.0246 0.2874, 0.4127 -1.0231 0.2874, 0.3974 -1.0296 0.2874, 0.4139 -1.0317 0.2874, 0.3976 -1.032 0.2874, 0.4127 -1.0411 0.2874, 0.3969 -1.0371 0.2874, 0.4094 -1.0494 0.2874, 0.3951 -1.0418 0.2874, 0.3922 -1.0459 0.2874, 0.3736 -0.9764 0.2874, 0.3632 -0.9884 0.2874, 0.3823 -0.9865 0.2874, 0.3692 -0.9955 0.2874, 0.3733 -1.004 0.2874, 0.2631 -1.0198 0.2874, 0.2458 -1.0242 0.2874, 0.2623 -1.0262 0.2874, 0.2457 -1.0267 0.2874, 0.2627 -1.0303 0.2874, 0.247 -1.037 0.2874, 0.2646 -1.0367 0.2874, 0.2508 -1.0468 0.2874, 0.2677 -1.042 0.2874, 0.2568 -1.0554 0.2874, 0.265 -1.0624 0.2874, 0.2929 -1.0631 0.2874, 0.294 -1.0653 0.2874, 0.3247 -0.9643 0.2874, 0.3283 -0.9797 0.2874, 0.3377 -0.9627 0.2874, 0.338 -0.9785 0.2874, 0.3486 -0.9638 0.2874, 0.3469 -0.9796 0.2874, 0.3619 -0.9685 0.2874, 0.3552 -0.9827 0.2874, 0.3626 -0.9879 0.2874, 0.2683 -0.9891 0.2874, 0.2599 -0.995 0.2874, 0.2691 -1.0087 0.2874, 0.2581 -0.9967 0.2874, 0.2654 -1.0139 0.2874, 0.2518 -1.0048 0.2874, 0.2476 -1.0143 0.2874, 0.3276 -1.0689 0.2874, 0.3123 -1.0636 0.2874, 0.3245 -1.0748 0.2874, 0.311 -1.0659 0.2874, 0.3205 -1.0793 0.2874, 0.3096 -1.0675 0.2874, 0.3152 -1.0829 0.2874, 0.3076 -1.0689 0.2874, 0.3093 -1.0852 0.2874, 0.3053 -1.0698 0.2874, 0.3029 -1.086 0.2874, 0.3027 -1.0702 0.2874, 0.3019 -1.086 0.2874, 0.3022 -1.0702 0.2874, 0.2957 -1.085 0.2874, 0.2999 -1.0698 0.2874, 0.2896 -1.0825 0.2874, 0.2975 -1.0688 0.2874, 0.2955 -1.0672 0.2874, 0.3654 -1.0523 0.2874, 0.3591 -1.0658 0.2874, 0.3597 -1.0665 0.2874, 0.3662 -1.0525 0.2874, 0.3614 -1.0677 0.2874, 0.357 -1.0604 0.2874, 0.3572 -1.0624 0.2874, 0.3579 -1.0642 0.2874, 0.3631 -1.0525 0.2874, 0.3613 -1.0532 0.2874, 0.357 -1.0594 0.2874, 0.3597 -1.0544 0.2874, 0.3586 -1.0556 0.2874, 0.3576 -1.0574 0.2874, 0.3651 -1.0523 0.2874, 0.4058 -1.01 0.2835, 0.4095 -1.015 0.2835, 0.4118 -1.0208 0.2835, 0.4127 -1.0231 0.2835, 0.4139 -1.0317 0.2835, 0.4041 -1.0075 0.2835, 0.3969 -1.0015 0.2835, 0.3891 -0.9976 0.2835, 0.3878 -0.9972 0.2835, 0.3823 -0.9865 0.2835, 0.3736 -0.9764 0.2835, 0.3675 -0.9723 0.2835, 0.3619 -0.9685 0.2835, 0.3486 -0.9638 0.2835, 0.3377 -0.9627 0.2835, 0.3061 -0.9729 0.2835, 0.3071 -0.9723 0.2835, 0.3125 -0.9689 0.2835, 0.3247 -0.9643 0.2835, 0.2999 -0.9782 0.2835, 0.2945 -0.9845 0.2835, 0.2915 -0.9842 0.2835, 0.2884 -0.984 0.2835, 0.2781 -0.9853 0.2835, 0.2683 -0.9891 0.2835, 0.2599 -0.995 0.2835, 0.2581 -0.9967 0.2835, 0.2518 -1.0048 0.2835, 0.2495 -1.01 0.2835, 0.2476 -1.0143 0.2835, 0.2464 -1.0208 0.2835, 0.2458 -1.0242 0.2835, 0.2457 -1.0267 0.2835, 0.247 -1.037 0.2835, 0.2508 -1.0468 0.2835, 0.2568 -1.0554 0.2835, 0.265 -1.0624 0.2835, 0.2746 -1.0671 0.2835, 0.2779 -1.0681 0.2835, 0.2782 -1.0688 0.2835, 0.2805 -1.0737 0.2835, 0.2845 -1.0786 0.2835, 0.2896 -1.0825 0.2835, 0.292 -1.0835 0.2835, 0.2957 -1.085 0.2835, 0.3019 -1.086 0.2835, 0.3029 -1.086 0.2835, 0.3293 -1.0596 0.2835, 0.3093 -1.0852 0.2835, 0.3138 -1.0835 0.2835, 0.3152 -1.0829 0.2835, 0.3205 -1.0793 0.2835, 0.3245 -1.0748 0.2835, 0.3276 -1.0689 0.2835, 0.3276 -1.0688 0.2835, 0.3291 -1.0624 0.2835, 0.3293 -1.057 0.2835, 0.3662 -1.0375 0.2835, 0.358 -1.0235 0.2835, 0.3227 -1.042 0.2835, 0.3181 -1.0378 0.2835, 0.3125 -1.0348 0.2835, 0.3061 -1.0332 0.2835, 0.3029 -1.033 0.2835, 0.2966 -1.0338 0.2835, 0.2908 -1.036 0.2835, 0.2854 -1.0398 0.2835, 0.2811 -1.0448 0.2835, 0.2782 -1.0504 0.2835, 0.2724 -1.0469 0.2835, 0.2677 -1.042 0.2835, 0.2646 -1.0367 0.2835, 0.2627 -1.0303 0.2835, 0.2623 -1.0262 0.2835, 0.263 -1.0208 0.2835, 0.2631 -1.0198 0.2835, 0.2654 -1.0139 0.2835, 0.2681 -1.01 0.2835, 0.2691 -1.0087 0.2835, 0.2736 -1.0046 0.2835, 0.2794 -1.0015 0.2835, 0.2859 -1.0 0.2835, 0.2887 -0.9998 0.2835, 0.2949 -1.0006 0.2835, 0.3008 -1.0028 0.2835, 0.3027 -1.0038 0.2835, 0.3067 -0.9954 0.2835, 0.3126 -0.9884 0.2835, 0.3197 -0.9832 0.2835, 0.3283 -0.9797 0.2835, 0.338 -0.9785 0.2835, 0.3749 -1.0114 0.2835, 0.3746 -1.01 0.2835, 0.3733 -1.004 0.2835, 0.3692 -0.9955 0.2835, 0.3632 -0.9884 0.2835, 0.3626 -0.9879 0.2835, 0.3552 -0.9827 0.2835, 0.3469 -0.9796 0.2835, 0.377 -1.0114 0.2835, 0.382 -1.012 0.2835, 0.3866 -1.0138 0.2835, 0.3907 -1.0167 0.2835, 0.3937 -1.02 0.2835, 0.3942 -1.0208 0.2835, 0.3962 -1.0246 0.2835, 0.3974 -1.0296 0.2835, 0.3976 -1.032 0.2835, 0.3969 -1.0371 0.2835, 0.3951 -1.0418 0.2835, 0.3922 -1.0459 0.2835, 0.3919 -1.0463 0.2835, 0.388 -1.0494 0.2835, 0.3833 -1.0516 0.2835, 0.3786 -1.0525 0.2835, 0.3667 -1.0525 0.2835, 0.3662 -1.0525 0.2835, 0.3654 -1.0523 0.2835, 0.3651 -1.0523 0.2835, 0.3631 -1.0525 0.2835, 0.3613 -1.0532 0.2835, 0.3597 -1.0544 0.2835, 0.3586 -1.0556 0.2835, 0.3576 -1.0574 0.2835, 0.357 -1.0594 0.2835, 0.357 -1.0604 0.2835, 0.3572 -1.0624 0.2835, 0.3579 -1.0642 0.2835, 0.3591 -1.0658 0.2835, 0.3597 -1.0665 0.2835, 0.3614 -1.0677 0.2835, 0.3631 -1.0684 0.2835, 0.3646 -1.0686 0.2835, 0.3802 -1.0686 0.2835, 0.3889 -1.0667 0.2835, 0.397 -1.0628 0.2835, 0.4041 -1.0567 0.2835, 0.4094 -1.0494 0.2835, 0.4127 -1.0411 0.2835, 0.3027 -1.0496 0.2835, 0.3049 -1.0499 0.2835, 0.3073 -1.0507 0.2835, 0.3094 -1.0522 0.2835, 0.3111 -1.0541 0.2835, 0.3123 -1.0562 0.2835, 0.3129 -1.0587 0.2835, 0.3129 -1.0611 0.2835, 0.3123 -1.0636 0.2835, 0.311 -1.0659 0.2835, 0.3096 -1.0675 0.2835, 0.3076 -1.0689 0.2835, 0.3053 -1.0698 0.2835, 0.3027 -1.0702 0.2835, 0.3022 -1.0702 0.2835, 0.2999 -1.0698 0.2835, 0.2975 -1.0688 0.2835, 0.2955 -1.0672 0.2835, 0.294 -1.0653 0.2835, 0.2929 -1.0631 0.2835, 0.2924 -1.0607 0.2835, 0.2926 -1.0581 0.2835, 0.2933 -1.0556 0.2835, 0.2947 -1.0534 0.2835, 0.2957 -1.0523 0.2835, 0.2978 -1.0509 0.2835, 0.3001 -1.05 0.2835, 0.3001 -1.05 0.2835
            ]
        }
        coordIndex [
            0,1,2,-1,3,4,5,-1,5,4,6,-1,7,8,9,-1,10,11,12,-1,13,14,15,-1,12,16,10,-1,10,16,17,-1,10,17,18,-1,19,20,2,-1,2,20,21,-1,2,21,0,-1,9,8,22,-1,6,4,18,-1,18,4,23,-1,18,23,10,-1,3,5,24,-1,24,5,25,-1,24,25,26,-1,27,28,29,-1,29,28,30,-1,29,30,31,-1,31,30,32,-1,31,32,33,-1,33,32,34,-1,33,34,35,-1,35,34,2,-1,35,2,36,-1,36,2,37,-1,38,39,27,-1,27,39,40,-1,27,40,28,-1,41,42,43,-1,43,42,44,-1,43,44,45,-1,45,44,46,-1,45,46,47,-1,47,46,48,-1,13,15,49,-1,49,15,50,-1,49,50,51,-1,51,50,52,-1,51,52,53,-1,8,54,22,-1,22,54,55,-1,22,55,56,-1,56,55,57,-1,56,57,13,-1,13,57,58,-1,13,58,14,-1,59,60,61,-1,61,60,62,-1,61,62,63,-1,63,62,64,-1,63,64,65,-1,65,64,66,-1,65,66,67,-1,67,66,68,-1,67,68,69,-1,11,10,27,-1,27,10,70,-1,27,70,38,-1,46,71,48,-1,48,71,72,-1,48,72,73,-1,73,72,74,-1,73,74,75,-1,75,74,76,-1,75,76,77,-1,77,76,78,-1,77,78,79,-1,79,78,80,-1,79,80,81,-1,81,80,82,-1,81,82,59,-1,59,82,83,-1,59,83,60,-1,84,85,86,-1,86,85,87,-1,86,87,43,-1,43,87,88,-1,43,88,41,-1,89,90,91,-1,91,90,92,-1,91,92,93,-1,93,92,94,-1,93,94,95,-1,95,94,96,-1,95,96,97,-1,97,96,98,-1,97,98,19,-1,19,98,99,-1,19,99,20,-1,37,2,100,-1,100,2,1,-1,100,1,101,-1,53,52,102,-1,102,52,103,-1,102,103,104,-1,104,103,105,-1,104,105,106,-1,106,105,107,-1,106,107,108,-1,108,107,109,-1,108,109,84,-1,84,109,110,-1,84,110,85,-1,9,111,7,-1,7,111,112,-1,7,112,113,-1,113,112,114,-1,113,114,115,-1,115,114,116,-1,115,116,89,-1,89,116,117,-1,89,117,90,-1,26,25,118,-1,118,25,119,-1,118,119,120,-1,120,119,121,-1,120,121,122,-1,122,121,123,-1,122,123,124,-1,124,123,125,-1,124,125,126,-1,126,125,127,-1,126,127,128,-1,128,127,129,-1,128,129,130,-1,130,129,131,-1,130,131,132,-1,132,131,133,-1,132,133,134,-1,134,133,135,-1,134,135,1,-1,1,135,136,-1,1,136,101,-1,137,138,139,-1,68,140,69,-1,69,140,137,-1,69,137,141,-1,141,137,139,-1,142,143,137,-1,137,143,144,-1,137,144,138,-1,145,146,147,-1,146,148,147,-1,147,148,149,-1,147,149,150,-1,142,137,147,-1,147,137,151,-1,147,151,145,-1,152,48,153,-1,153,48,73,-1,153,73,154,-1,154,73,75,-1,154,75,155,-1,155,75,77,-1,155,77,156,-1,152,157,48,-1,48,157,158,-1,48,158,47,-1,47,158,159,-1,47,159,45,-1,45,159,160,-1,45,160,43,-1,43,160,161,-1,43,161,86,-1,86,161,162,-1,86,162,84,-1,84,162,108,-1,108,162,163,-1,163,164,108,-1,108,164,165,-1,108,165,106,-1,106,165,166,-1,106,166,104,-1,167,51,168,-1,168,51,53,-1,168,53,169,-1,169,53,102,-1,169,102,170,-1,170,102,104,-1,170,104,166,-1,51,167,171,-1,51,171,49,-1,49,171,172,-1,49,172,13,-1,13,172,173,-1,13,173,56,-1,56,173,174,-1,56,174,22,-1,22,174,175,-1,22,175,9,-1,9,175,176,-1,9,176,111,-1,111,176,177,-1,111,177,112,-1,112,177,178,-1,112,178,114,-1,117,116,179,-1,179,116,114,-1,179,114,178,-1,179,180,117,-1,117,180,181,-1,117,181,90,-1,90,181,182,-1,182,183,90,-1,90,183,184,-1,90,184,92,-1,92,184,185,-1,92,185,94,-1,94,185,186,-1,94,186,96,-1,96,186,187,-1,96,187,98,-1,98,187,188,-1,98,188,99,-1,99,188,189,-1,99,189,20,-1,20,189,190,-1,20,190,21,-1,21,190,191,-1,21,191,0,-1,191,192,0,-1,0,192,193,-1,0,193,1,-1,1,193,194,-1,1,194,134,-1,134,194,195,-1,134,195,132,-1,195,196,132,-1,132,196,197,-1,132,197,130,-1,130,197,198,-1,130,198,128,-1,199,24,26,-1,128,198,200,-1,128,200,126,-1,126,200,201,-1,126,201,124,-1,201,202,124,-1,124,202,203,-1,124,203,122,-1,122,203,204,-1,122,204,120,-1,120,204,205,-1,120,205,118,-1,118,205,206,-1,118,206,26,-1,26,206,207,-1,26,207,199,-1,3,24,208,-1,208,24,199,-1,4,3,209,-1,209,3,208,-1,23,4,210,-1,210,4,209,-1,10,23,211,-1,211,23,210,-1,10,211,212,-1,10,212,70,-1,70,212,213,-1,70,213,38,-1,38,213,214,-1,38,214,39,-1,39,214,215,-1,39,215,40,-1,40,215,216,-1,40,216,28,-1,28,216,217,-1,28,217,30,-1,30,217,218,-1,30,218,32,-1,32,218,219,-1,32,219,34,-1,34,219,220,-1,34,220,2,-1,2,220,221,-1,2,221,19,-1,19,221,222,-1,19,222,97,-1,97,222,223,-1,97,223,95,-1,95,223,224,-1,95,224,93,-1,93,224,225,-1,93,225,91,-1,225,226,91,-1,91,226,89,-1,226,227,89,-1,89,227,228,-1,89,228,115,-1,115,228,229,-1,115,229,113,-1,229,230,113,-1,113,230,231,-1,113,231,7,-1,7,231,232,-1,7,232,8,-1,8,232,233,-1,8,233,54,-1,54,233,234,-1,54,234,55,-1,55,234,235,-1,55,235,57,-1,57,235,236,-1,57,236,58,-1,58,236,237,-1,58,237,14,-1,14,237,238,-1,14,238,15,-1,15,238,239,-1,15,239,50,-1,50,239,240,-1,50,240,52,-1,52,240,241,-1,52,241,103,-1,103,241,242,-1,103,242,105,-1,243,41,244,-1,244,41,88,-1,244,88,245,-1,245,88,87,-1,245,87,246,-1,246,87,85,-1,246,85,247,-1,247,85,110,-1,247,110,248,-1,248,110,109,-1,248,109,249,-1,249,109,107,-1,249,107,250,-1,250,107,105,-1,250,105,242,-1,42,41,251,-1,251,41,243,-1,42,251,252,-1,42,252,44,-1,44,252,253,-1,44,253,46,-1,46,253,254,-1,46,254,71,-1,71,254,255,-1,71,255,72,-1,72,255,256,-1,72,256,74,-1,256,257,74,-1,74,257,258,-1,74,258,76,-1,76,258,259,-1,76,259,78,-1,78,259,260,-1,78,260,80,-1,80,260,261,-1,80,261,82,-1,82,261,262,-1,82,262,83,-1,83,262,263,-1,83,263,60,-1,60,263,264,-1,60,264,62,-1,62,264,265,-1,62,265,64,-1,64,265,266,-1,64,266,66,-1,68,66,267,-1,267,66,266,-1,68,267,268,-1,68,268,140,-1,140,268,269,-1,140,269,137,-1,137,269,270,-1,137,270,151,-1,151,270,271,-1,151,271,145,-1,145,271,272,-1,145,272,146,-1,146,272,273,-1,146,273,148,-1,148,273,274,-1,148,274,149,-1,149,274,275,-1,149,275,150,-1,150,275,276,-1,150,276,147,-1,147,276,277,-1,147,277,142,-1,142,277,278,-1,142,278,143,-1,143,278,279,-1,143,279,144,-1,144,279,280,-1,144,280,138,-1,138,280,281,-1,138,281,139,-1,139,281,282,-1,139,282,141,-1,141,282,283,-1,141,283,69,-1,69,283,284,-1,69,284,67,-1,65,67,285,-1,285,67,284,-1,65,285,286,-1,65,286,63,-1,63,286,287,-1,63,287,61,-1,61,287,288,-1,61,288,59,-1,59,288,289,-1,59,289,81,-1,81,289,290,-1,81,290,79,-1,79,290,156,-1,79,156,77,-1,11,291,292,-1,11,292,12,-1,12,292,293,-1,12,293,16,-1,16,293,294,-1,16,294,17,-1,17,294,295,-1,17,295,18,-1,18,295,296,-1,18,296,6,-1,6,296,297,-1,6,297,5,-1,5,297,298,-1,5,298,25,-1,25,298,299,-1,25,299,119,-1,119,299,300,-1,119,300,121,-1,121,300,301,-1,121,301,123,-1,123,301,302,-1,123,302,125,-1,125,302,303,-1,125,303,127,-1,127,303,304,-1,127,304,129,-1,129,304,305,-1,129,305,131,-1,131,305,306,-1,131,306,133,-1,133,306,307,-1,133,307,135,-1,135,307,308,-1,135,308,136,-1,136,308,309,-1,136,309,101,-1,101,309,310,-1,101,310,100,-1,100,310,311,-1,100,311,37,-1,37,311,312,-1,37,312,36,-1,36,312,313,-1,36,313,35,-1,35,313,314,-1,35,314,33,-1,33,314,315,-1,33,315,31,-1,31,315,316,-1,31,316,29,-1,29,316,317,-1,29,317,27,-1,27,317,291,-1,27,291,11,-1,
        ]
    }
}
Shape{
    appearance Appearance {
        material  Material 	{
            diffuseColor 0.2235294117647059 0.2235294117647059 0.2235294117647059
            specularColor 0.11372549019607843 0.11372549019607843 0.11372549019607843
            ambientIntensity 0.2
            transparency 0
            shininess 0.5
        }
    }
    geometry IndexedFaceSet {
        ccw TRUE
        solid FALSE
        coord DEF co Coordinate {
            point [
                0.3022 -1.0702 0.2835, 0.2957 -1.0523 0.2835, 0.2947 -1.0534 0.2835, 0.3053 -1.0698 0.2835, 0.3076 -1.0689 0.2835, 0.3049 -1.0499 0.2835, 0.3027 -1.0496 0.2835, 0.3001 -1.05 0.2835, 0.2978 -1.0509 0.2835, 0.2929 -1.0631 0.2835, 0.294 -1.0653 0.2835, 0.2955 -1.0672 0.2835, 0.3027 -1.0702 0.2835, 0.2933 -1.0556 0.2835, 0.2926 -1.0581 0.2835, 0.2924 -1.0607 0.2835, 0.2975 -1.0688 0.2835, 0.2999 -1.0698 0.2835, 0.3096 -1.0675 0.2835, 0.311 -1.0659 0.2835, 0.3123 -1.0636 0.2835, 0.3129 -1.0611 0.2835, 0.3129 -1.0587 0.2835, 0.3123 -1.0562 0.2835, 0.3111 -1.0541 0.2835, 0.3094 -1.0522 0.2835, 0.3073 -1.0507 0.2835, 0.3073 -1.0507 0.2835
            ]
        }
        coordIndex [
            0,1,2,-1,3,4,5,-1,6,7,0,-1,0,7,8,-1,0,8,1,-1,9,10,2,-1,2,10,11,-1,6,0,5,-1,5,0,12,-1,5,12,3,-1,13,14,2,-1,2,14,15,-1,2,15,9,-1,11,16,2,-1,2,16,17,-1,2,17,0,-1,4,18,5,-1,5,18,19,-1,5,19,20,-1,20,21,5,-1,5,21,22,-1,5,22,23,-1,23,24,5,-1,5,24,25,-1,5,25,26,-1,
        ]
    }
}