#VRML V2.0 utf8
# 3D model generated by nlbn (https://github.com/linkyourbin/nlbn)

Shape {
  appearance Appearance {
    material Material {
      diffuseColor 0.25098039215686274 0.25098039215686274 0.25098039215686274
      specularColor 0.12549019607843137 0.12549019607843137 0.12549019607843137
      ambientIntensity 0.2
      transparency 0
      shininess 0.5
    }
  }
  geometry IndexedFaceSet {
    ccw TRUE
    solid FALSE
    coord DEF co Coordinate {
      point [
        0.0647 0.0331 0.0000,         0.0724 0.0322 0.0000,         0.0476 -0.0261 0.0000,         0.0852 -0.0353 0.0000,         0.1115 -0.0380 0.0000,         0.0776 -0.0379 0.0000,         0.0725 -0.0385 0.0000,         0.0551 0.0318 0.0000,         0.0462 -0.0253 0.0000,         0.0462 0.0280 0.0000,         0.0385 0.4921 0.0000,         0.0462 0.0386 0.0000,         0.0783 0.0301 0.0000,         0.0838 0.0264 0.0000,         0.0885 0.0212 0.0000,         0.0942 0.0005 0.0000,         0.0934 -0.0080 0.0000,         0.0913 -0.0148 0.0000,         0.0738 -0.0295 0.0000,         0.0664 -0.0303 0.0000,         0.0795 -0.0274 0.0000,         0.0843 -0.0241 0.0000,         0.0880 -0.0202 0.0000,         0.0560 -0.0292 0.0000,         0.1006 0.0200 0.0000,         0.0960 0.0274 0.0000,         0.1413 0.0407 0.0000,         0.1519 0.0407 0.0000,         0.5906 0.4921 0.0000,         0.1519 -0.0380 0.0000,         0.5906 -0.0385 0.0000,         0.0918 0.0151 0.0000,         0.0939 0.0067 0.0000,         0.0916 -0.0313 0.0000,         0.0975 -0.0250 0.0000,         0.1115 -0.0294 0.0000,         0.1017 -0.0176 0.0000,         0.1413 -0.0294 0.0000,         0.0889 0.0342 0.0000,         0.0814 0.0385 0.0000,         0.0727 0.0411 0.0000,         0.1040 -0.0092 0.0000,         0.1048 -0.0001 0.0000,         0.1037 0.0111 0.0000,         0.0648 0.0417 0.0000,         0.0553 0.0411 0.0000,         0.0462 -0.0339 0.0000,         0.0546 -0.0374 0.0000,         0.0385 -0.0385 0.0000,         0.0626 -0.0385 0.0000,         0.0385 -0.4921 0.0000,         0.0657 -0.0389 0.0000,         0.5906 -0.4921 0.0000,         0.0679 -0.0390 0.0000,         -0.0959 -0.0380 0.0000,         -0.0862 -0.0164 0.0000,         -0.0817 -0.0235 0.0000,         -0.0114 -0.0380 0.0000,         0.0309 -0.0380 0.0000,         0.0309 0.0407 0.0000,         -0.0095 0.0407 0.0000,         -0.5906 0.4921 0.0000,         -0.1257 0.0407 0.0000,         -0.1362 0.0407 0.0000,         -0.0752 -0.0297 0.0000,         -0.0670 -0.0344 0.0000,         -0.0579 -0.0371 0.0000,         -0.5906 -0.0385 0.0000,         0.0203 0.0321 0.0000,         0.0203 0.0062 0.0000,         -0.0095 0.0321 0.0000,         -0.0075 0.0062 0.0000,         -0.0268 0.0407 0.0000,         -0.0075 -0.0025 0.0000,         0.0203 -0.0025 0.0000,         0.0203 -0.0294 0.0000,         -0.0114 -0.0294 0.0000,         -0.0268 -0.0380 0.0000,         -0.0482 -0.0380 0.0000,         -0.1669 -0.0380 0.0000,         -0.1554 -0.0380 0.0000,         -0.0603 0.0395 0.0000,         -0.0696 0.0363 0.0000,         -0.0781 0.0306 0.0000,         -0.0490 0.0407 0.0000,         -0.0782 0.0305 0.0000,         -0.0838 0.0243 0.0000,         -0.0874 0.0175 0.0000,         -0.0896 0.0098 0.0000,         -0.0901 0.0024 0.0000,         -0.0890 -0.0082 0.0000,         -0.1475 -0.0159 0.0000,         -0.1149 -0.0159 0.0000,         -0.1074 -0.0380 0.0000,         -0.5906 -0.4921 0.0000,         -0.0756 -0.4454 0.3150,         0.0281 -0.4454 0.3150,         0.0281 -0.1954 0.3150,         0.5081 -0.4921 0.3150,         0.5906 -0.4921 0.3150,         0.5906 -0.4454 0.3150,         -0.0756 -0.0605 0.3150,         -0.1112 -0.0605 0.3150,         -0.0833 -0.0806 0.3150,         -0.1595 -0.0606 0.3150,         -0.2561 -0.1954 0.3150,         -0.1590 -0.0605 0.3150,         -0.1435 -0.0605 0.3150,         -0.1469 -0.0579 0.3150,         -0.1366 0.0929 0.3150,         -0.0756 0.0989 0.3150,         -0.1516 0.0980 0.3150,         -0.1606 0.0989 0.3150,         -0.1226 0.0837 0.3150,         -0.1109 0.0707 0.3150,         -0.1025 0.0551 0.3150,         -0.0979 0.0376 0.3150,         -0.0967 0.0211 0.3150,         -0.0986 -0.0004 0.3150,         -0.1042 -0.0190 0.3150,         -0.1124 -0.0333 0.3150,         -0.1173 -0.0392 0.3150,         -0.1223 -0.0441 0.3150,         -0.1278 -0.0484 0.3150,         -0.2397 0.0557 0.3150,         -0.2313 0.0709 0.3150,         -0.2561 0.0989 0.3150,         -0.2195 0.0836 0.3150,         -0.2052 0.0927 0.3150,         -0.1894 0.0979 0.3150,         -0.1723 -0.0614 0.3150,         -0.1820 -0.0605 0.3150,         -0.2561 -0.0605 0.3150,         -0.1906 -0.0596 0.3150,         -0.2055 -0.0547 0.3150,         -0.2186 -0.0467 0.3150,         -0.2300 -0.0351 0.3150,         -0.2389 -0.0207 0.3150,         -0.2444 -0.0037 0.3150,         -0.2465 0.0174 0.3150,         -0.2449 0.0370 0.3150,         0.3922 0.0391 0.3150,         0.4016 0.0358 0.3150,         0.4161 0.0764 0.3150,         0.5081 -0.0605 0.3150,         0.4161 0.0937 0.3150,         0.5081 0.0989 0.3150,         0.4123 0.0957 0.3150,         0.4033 0.0986 0.3150,         0.4102 0.0300 0.3150,         0.4170 0.0224 0.3150,         0.4220 0.0129 0.3150,         0.4251 0.0003 0.3150,         0.4058 -0.0517 0.3150,         0.4139 -0.0439 0.3150,         0.4202 -0.0342 0.3150,         0.3438 0.0179 0.3150,         0.3443 0.0179 0.3150,         0.3450 0.0347 0.3150,         0.3500 0.0268 0.3150,         0.3498 0.0528 0.3150,         0.3564 0.0330 0.3150,         0.3561 0.0646 0.3150,         0.3639 0.0373 0.3150,         0.3637 0.0732 0.3150,         0.3722 0.0397 0.3150,         0.3715 0.0784 0.3150,         0.3804 0.0404 0.3150,         0.4034 0.0810 0.3150,         0.3899 0.0826 0.3150,         0.3798 0.0815 0.3150,         0.4257 -0.0085 0.3150,         0.4242 -0.0227 0.3150,         0.2960 0.4921 0.3150,         0.3895 0.0999 0.3150,         0.4000 0.0989 0.3150,         0.5081 0.4921 0.3150,         0.3586 0.0914 0.3150,         0.3699 0.0968 0.3150,         0.2960 0.0989 0.3150,         0.3799 0.0989 0.3150,         0.3828 0.0995 0.3150,         0.3526 -0.0561 0.3150,         0.3440 -0.0500 0.3150,         0.2960 -0.0605 0.3150,         0.3370 -0.0420 0.3150,         0.3303 -0.0295 0.3150,         0.3302 0.0529 0.3150,         0.3381 0.0699 0.3150,         0.3482 0.0829 0.3150,         0.3252 -0.0095 0.3150,         0.3239 0.0099 0.3150,         0.3253 0.0318 0.3150,         0.3860 -0.0605 0.3150,         0.5081 -0.1954 0.3150,         0.3860 -0.0605 0.3150,         0.3967 -0.0571 0.3150,         0.3754 -0.0614 0.3150,         0.2960 -0.1954 0.3150,         0.3677 -0.0605 0.3150,         0.3619 -0.0598 0.3150,         0.2160 0.0567 0.3150,         0.2125 0.0557 0.3150,         0.1923 -0.0605 0.3150,         0.2378 0.0851 0.3150,         0.2578 0.0976 0.3150,         0.1923 0.0989 0.3150,         0.2682 -0.0595 0.3150,         0.2490 -0.0595 0.3150,         0.2490 0.0743 0.3150,         0.2349 0.0648 0.3150,         0.2125 0.0749 0.3150,         0.2682 0.0989 0.3150,         0.2682 0.0999 0.3150,         0.2607 0.0999 0.3150,         0.1923 0.4921 0.3150,         0.2595 0.0989 0.3150,         -0.4005 -0.4921 0.3150,         -0.4005 -0.4454 0.3150,         -0.5906 -0.4921 0.3150,         -0.5906 -0.4454 0.3150,         0.0281 -0.4921 0.3150,         -0.0756 -0.4921 0.3150,         -0.2561 -0.4921 0.3150,         -0.4144 -0.3765 0.3150,         -0.4215 -0.3856 0.3150,         -0.4306 -0.3927 0.3150,         -0.4306 -0.3160 0.3150,         -0.4215 -0.3230 0.3150,         -0.4005 -0.1954 0.3150,         -0.4144 -0.3322 0.3150,         -0.4100 -0.3429 0.3150,         -0.4085 -0.3543 0.3150,         -0.4100 -0.3658 0.3150,         -0.4642 -0.3971 0.3150,         -0.4528 -0.3986 0.3150,         -0.4413 -0.3971 0.3150,         -0.4749 -0.3927 0.3150,         -0.4841 -0.3856 0.3150,         -0.4911 -0.3765 0.3150,         -0.4911 -0.3322 0.3150,         -0.4841 -0.3230 0.3150,         -0.5906 -0.1954 0.3150,         -0.4749 -0.3160 0.3150,         -0.4642 -0.3116 0.3150,         -0.4955 -0.3658 0.3150,         -0.4970 -0.3543 0.3150,         -0.4955 -0.3429 0.3150,         -0.4528 -0.3101 0.3150,         -0.4413 -0.3116 0.3150,         -0.0756 -0.1954 0.3150,         -0.2561 -0.4454 0.3150,         0.1923 -0.1954 0.3150,         0.1923 -0.4454 0.3150,         0.1923 -0.4921 0.3150,         0.2960 -0.4454 0.3150,         0.5081 -0.4454 0.3150,         0.2960 -0.4921 0.3150,         -0.4005 -0.0605 0.3150,         0.0281 -0.0605 0.3150,         -0.1169 -0.0806 0.3150,         -0.5906 -0.0605 0.3150,         -0.4005 0.0989 0.3150,         -0.5906 0.0989 0.3150,         -0.3094 0.0903 0.3150,         -0.2935 0.0807 0.3150,         -0.2800 0.0673 0.3150,         -0.2721 0.0540 0.3150,         -0.2729 -0.0149 0.3150,         -0.2816 -0.0291 0.3150,         -0.2942 -0.0418 0.3150,         -0.3102 -0.0516 0.3150,         -0.2673 0.0385 0.3150,         -0.2657 0.0212 0.3150,         -0.2675 0.0022 0.3150,         -0.3480 0.0980 0.3150,         -0.3281 0.0961 0.3150,         -0.3283 -0.0574 0.3150,         -0.3496 -0.0595 0.3150,         -0.3925 -0.0595 0.3150,         -0.3925 0.0980 0.3150,         0.0128 0.0980 0.3150,         0.0281 0.0989 0.3150,         0.0128 0.0807 0.3150,         -0.0468 0.0807 0.3150,         -0.0468 0.0269 0.3150,         0.0089 0.0269 0.3150,         0.0089 0.0096 0.3150,         -0.0468 0.0096 0.3150,         -0.0468 -0.0595 0.3150,         -0.0679 -0.0595 0.3150,         -0.0679 0.0980 0.3150,         0.0646 -0.0595 0.3150,         0.0435 -0.0595 0.3150,         0.0435 0.0980 0.3150,         0.0646 0.0730 0.3150,         0.0640 0.0730 0.3150,         0.0670 0.0678 0.3150,         0.0645 0.0620 0.3150,         0.0699 0.0627 0.3150,         0.1471 -0.0595 0.3150,         0.0646 0.0510 0.3150,         0.0704 0.0980 0.3150,         0.1510 0.0980 0.3150,         0.1722 0.0980 0.3150,         0.1722 -0.0595 0.3150,         0.1516 -0.0326 0.3150,         0.1521 -0.0326 0.3150,         0.1486 -0.0271 0.3150,         0.1512 -0.0212 0.3150,         0.1453 -0.0218 0.3150,         0.1510 -0.0098 0.3150,         -0.1793 0.0989 0.3150,         -0.2561 0.4921 0.3150,         -0.4005 0.4921 0.3150,         -0.5906 0.4921 0.3150,         0.0281 0.4921 0.3150,         -0.0756 0.4921 0.3150,         -0.1698 0.0999 0.3150,         0.5906 -0.1954 0.3150,         0.5906 -0.0605 0.3150,         0.5906 0.0989 0.3150,         0.5906 0.4921 0.3150,         0.2362 -0.4921 0.0709,         0.2362 -0.4921 0.0472,         -0.1575 -0.4921 0.0472,         -0.2362 -0.4921 0.0472,         -0.1575 -0.4921 0.0709,         -0.2362 -0.4921 0.0709,         0.1575 -0.4921 0.0709,         0.1575 -0.4921 0.0472,         0.1575 -0.4921 0.0472
      ]
    }
    coordIndex [
      0, 1, 2, -1,
      3, 4, 5, -1,
      5, 4, 6, -1,
      0, 2, 7, -1,
      7, 2, 8, -1,
      7, 8, 9, -1,
      9, 8, 10, -1,
      9, 10, 11, -1,
      1, 12, 2, -1,
      2, 12, 13, -1,
      2, 13, 14, -1,
      15, 16, 2, -1,
      2, 16, 17, -1,
      18, 19, 20, -1,
      20, 19, 21, -1,
      17, 22, 2, -1,
      2, 22, 21, -1,
      2, 21, 23, -1,
      23, 21, 19, -1,
      24, 25, 26, -1,
      26, 25, 10, -1,
      26, 10, 27, -1,
      27, 10, 28, -1,
      27, 28, 29, -1,
      29, 28, 30, -1,
      14, 31, 2, -1,
      2, 31, 32, -1,
      2, 32, 15, -1,
      3, 33, 4, -1,
      4, 33, 34, -1,
      4, 34, 35, -1,
      35, 34, 36, -1,
      35, 36, 37, -1,
      25, 38, 10, -1,
      10, 38, 39, -1,
      10, 39, 40, -1,
      36, 41, 37, -1,
      37, 41, 42, -1,
      37, 42, 26, -1,
      26, 42, 43, -1,
      26, 43, 24, -1,
      40, 44, 10, -1,
      10, 44, 45, -1,
      10, 45, 11, -1,
      46, 47, 48, -1,
      48, 47, 49, -1,
      48, 49, 50, -1,
      50, 49, 51, -1,
      50, 51, 52, -1,
      52, 51, 53, -1,
      52, 53, 30, -1,
      30, 53, 6, -1,
      30, 6, 29, -1,
      29, 6, 4, -1,
      54, 55, 56, -1,
      57, 58, 48, -1,
      48, 58, 59, -1,
      60, 61, 59, -1,
      59, 61, 10, -1,
      59, 10, 48, -1,
      48, 10, 8, -1,
      48, 8, 46, -1,
      62, 63, 61, -1,
      56, 64, 54, -1,
      54, 64, 65, -1,
      54, 65, 66, -1,
      61, 63, 67, -1,
      68, 69, 70, -1,
      70, 69, 71, -1,
      70, 71, 72, -1,
      72, 71, 73, -1,
      74, 75, 73, -1,
      73, 75, 76, -1,
      73, 76, 72, -1,
      72, 76, 57, -1,
      72, 57, 77, -1,
      77, 57, 48, -1,
      77, 48, 78, -1,
      79, 80, 48, -1,
      81, 82, 62, -1,
      62, 82, 83, -1,
      81, 62, 84, -1,
      84, 62, 61, -1,
      84, 61, 72, -1,
      72, 61, 60, -1,
      72, 60, 70, -1,
      83, 85, 62, -1,
      62, 85, 86, -1,
      62, 86, 87, -1,
      87, 88, 62, -1,
      62, 88, 89, -1,
      62, 89, 54, -1,
      54, 89, 90, -1,
      54, 90, 55, -1,
      91, 92, 80, -1,
      80, 92, 93, -1,
      80, 93, 48, -1,
      48, 93, 54, -1,
      48, 54, 78, -1,
      78, 54, 66, -1,
      63, 79, 67, -1,
      67, 79, 48, -1,
      67, 48, 94, -1,
      94, 48, 50, -1,
      95, 96, 97, -1,
      98, 99, 100, -1,
      101, 102, 103, -1,
      104, 105, 106, -1,
      106, 105, 107, -1,
      106, 107, 108, -1,
      109, 110, 111, -1,
      111, 110, 112, -1,
      109, 113, 110, -1,
      110, 113, 114, -1,
      110, 114, 115, -1,
      115, 116, 110, -1,
      110, 116, 117, -1,
      110, 117, 101, -1,
      101, 117, 118, -1,
      101, 118, 119, -1,
      119, 120, 101, -1,
      101, 120, 121, -1,
      101, 121, 102, -1,
      102, 121, 122, -1,
      102, 122, 123, -1,
      124, 125, 126, -1,
      125, 127, 126, -1,
      126, 127, 128, -1,
      126, 128, 129, -1,
      104, 130, 105, -1,
      105, 130, 131, -1,
      105, 131, 132, -1,
      132, 131, 133, -1,
      132, 133, 134, -1,
      134, 135, 132, -1,
      132, 135, 136, -1,
      132, 136, 137, -1,
      137, 138, 132, -1,
      132, 138, 139, -1,
      132, 139, 126, -1,
      126, 139, 140, -1,
      126, 140, 124, -1,
      141, 142, 143, -1,
      143, 144, 145, -1,
      145, 144, 146, -1,
      145, 146, 147, -1,
      147, 146, 148, -1,
      142, 149, 143, -1,
      143, 149, 150, -1,
      143, 150, 144, -1,
      144, 150, 151, -1,
      144, 151, 152, -1,
      153, 144, 154, -1,
      154, 144, 155, -1,
      156, 157, 158, -1,
      158, 157, 159, -1,
      158, 159, 160, -1,
      160, 159, 161, -1,
      160, 161, 162, -1,
      162, 161, 163, -1,
      162, 163, 164, -1,
      164, 163, 165, -1,
      164, 165, 166, -1,
      166, 165, 167, -1,
      143, 168, 141, -1,
      141, 168, 169, -1,
      141, 169, 167, -1,
      167, 169, 170, -1,
      167, 170, 166, -1,
      152, 171, 144, -1,
      144, 171, 172, -1,
      144, 172, 155, -1,
      173, 174, 175, -1,
      148, 146, 175, -1,
      175, 146, 176, -1,
      175, 176, 173, -1,
      177, 178, 179, -1,
      179, 178, 180, -1,
      179, 180, 173, -1,
      173, 180, 181, -1,
      173, 181, 174, -1,
      182, 183, 184, -1,
      184, 183, 185, -1,
      184, 185, 186, -1,
      187, 188, 179, -1,
      179, 188, 189, -1,
      179, 189, 177, -1,
      186, 190, 184, -1,
      184, 190, 191, -1,
      184, 191, 179, -1,
      179, 191, 192, -1,
      179, 192, 187, -1,
      193, 194, 195, -1,
      195, 194, 144, -1,
      195, 144, 196, -1,
      196, 144, 153, -1,
      193, 197, 198, -1,
      198, 197, 199, -1,
      198, 199, 184, -1,
      184, 199, 200, -1,
      184, 200, 182, -1,
      201, 202, 203, -1,
      204, 205, 206, -1,
      184, 207, 208, -1,
      208, 209, 210, -1,
      203, 202, 206, -1,
      206, 202, 211, -1,
      206, 211, 204, -1,
      207, 184, 212, -1,
      212, 184, 179, -1,
      212, 179, 213, -1,
      213, 179, 173, -1,
      213, 173, 214, -1,
      214, 173, 215, -1,
      214, 215, 216, -1,
      217, 218, 219, -1,
      219, 218, 220, -1,
      221, 96, 222, -1,
      222, 96, 95, -1,
      222, 95, 223, -1,
      224, 225, 218, -1,
      218, 225, 226, -1,
      227, 228, 229, -1,
      229, 228, 230, -1,
      230, 231, 229, -1,
      229, 231, 232, -1,
      229, 232, 218, -1,
      218, 232, 233, -1,
      218, 233, 224, -1,
      234, 220, 235, -1,
      235, 220, 218, -1,
      235, 218, 236, -1,
      236, 218, 226, -1,
      234, 237, 220, -1,
      220, 237, 238, -1,
      220, 238, 239, -1,
      240, 241, 242, -1,
      242, 241, 243, -1,
      242, 243, 244, -1,
      239, 245, 220, -1,
      220, 245, 246, -1,
      220, 246, 242, -1,
      242, 246, 247, -1,
      242, 247, 240, -1,
      244, 248, 229, -1,
      229, 248, 249, -1,
      229, 249, 227, -1,
      250, 105, 251, -1,
      203, 97, 252, -1,
      252, 97, 96, -1,
      252, 96, 253, -1,
      253, 96, 221, -1,
      253, 221, 254, -1,
      193, 198, 194, -1,
      194, 198, 255, -1,
      194, 255, 256, -1,
      256, 255, 257, -1,
      256, 257, 98, -1,
      217, 251, 218, -1,
      218, 251, 105, -1,
      218, 105, 229, -1,
      229, 105, 132, -1,
      229, 132, 258, -1,
      259, 101, 250, -1,
      250, 101, 103, -1,
      250, 103, 105, -1,
      105, 103, 260, -1,
      105, 260, 107, -1,
      210, 201, 208, -1,
      208, 201, 203, -1,
      208, 203, 184, -1,
      184, 203, 252, -1,
      184, 252, 198, -1,
      198, 252, 253, -1,
      198, 253, 255, -1,
      255, 253, 254, -1,
      255, 254, 257, -1,
      244, 229, 242, -1,
      242, 229, 258, -1,
      242, 258, 261, -1,
      261, 258, 262, -1,
      261, 262, 263, -1,
      264, 265, 126, -1,
      126, 265, 266, -1,
      126, 266, 267, -1,
      268, 269, 132, -1,
      132, 269, 270, -1,
      132, 270, 271, -1,
      267, 272, 126, -1,
      126, 272, 273, -1,
      126, 273, 132, -1,
      132, 273, 274, -1,
      132, 274, 268, -1,
      262, 275, 126, -1,
      126, 275, 276, -1,
      126, 276, 264, -1,
      271, 277, 132, -1,
      132, 277, 278, -1,
      132, 278, 258, -1,
      258, 278, 279, -1,
      258, 279, 262, -1,
      262, 279, 280, -1,
      262, 280, 275, -1,
      110, 281, 282, -1,
      282, 281, 283, -1,
      283, 284, 285, -1,
      259, 286, 287, -1,
      287, 288, 259, -1,
      259, 288, 289, -1,
      259, 289, 101, -1,
      101, 289, 290, -1,
      101, 290, 110, -1,
      110, 290, 291, -1,
      110, 291, 281, -1,
      292, 293, 259, -1,
      285, 286, 283, -1,
      283, 286, 259, -1,
      283, 259, 282, -1,
      282, 259, 293, -1,
      282, 293, 294, -1,
      295, 296, 297, -1,
      297, 296, 298, -1,
      297, 298, 299, -1,
      299, 298, 300, -1,
      217, 223, 251, -1,
      251, 223, 95, -1,
      251, 95, 250, -1,
      250, 95, 97, -1,
      250, 97, 259, -1,
      259, 97, 203, -1,
      259, 203, 292, -1,
      292, 203, 300, -1,
      292, 300, 301, -1,
      301, 300, 298, -1,
      294, 302, 282, -1,
      282, 302, 303, -1,
      282, 303, 206, -1,
      206, 303, 304, -1,
      206, 304, 203, -1,
      203, 304, 305, -1,
      203, 305, 300, -1,
      306, 307, 308, -1,
      308, 307, 309, -1,
      308, 309, 310, -1,
      310, 309, 302, -1,
      302, 309, 311, -1,
      302, 311, 303, -1,
      129, 312, 126, -1,
      126, 312, 313, -1,
      126, 313, 262, -1,
      262, 313, 314, -1,
      262, 314, 263, -1,
      263, 314, 315, -1,
      205, 216, 206, -1,
      206, 216, 215, -1,
      206, 215, 282, -1,
      282, 215, 316, -1,
      282, 316, 110, -1,
      110, 316, 317, -1,
      110, 317, 112, -1,
      112, 317, 313, -1,
      112, 313, 318, -1,
      318, 313, 312, -1,
      98, 100, 256, -1,
      256, 100, 319, -1,
      256, 319, 194, -1,
      194, 319, 320, -1,
      194, 320, 144, -1,
      144, 320, 321, -1,
      144, 321, 146, -1,
      146, 321, 322, -1,
      146, 322, 176, -1,
      320, 30, 321, -1,
      321, 30, 28, -1,
      321, 28, 322, -1,
      99, 52, 100, -1,
      100, 52, 30, -1,
      100, 30, 319, -1,
      319, 30, 320, -1,
      317, 316, 10, -1,
      61, 315, 314, -1,
      61, 314, 10, -1,
      10, 314, 313, -1,
      10, 313, 317, -1,
      316, 215, 10, -1,
      10, 215, 173, -1,
      10, 173, 28, -1,
      28, 173, 176, -1,
      28, 176, 322, -1,
      315, 61, 263, -1,
      263, 61, 67, -1,
      219, 220, 94, -1,
      94, 220, 242, -1,
      94, 242, 67, -1,
      67, 242, 261, -1,
      67, 261, 263, -1,
      98, 323, 324, -1,
      50, 325, 326, -1,
      327, 222, 328, -1,
      328, 222, 223, -1,
      223, 217, 328, -1,
      328, 217, 219, -1,
      328, 219, 326, -1,
      326, 219, 94, -1,
      326, 94, 50, -1,
      221, 329, 254, -1,
      254, 329, 323, -1,
      254, 323, 257, -1,
      257, 323, 98, -1,
      99, 98, 52, -1,
      52, 98, 324, -1,
      52, 324, 50, -1,
      50, 324, 330, -1,
      50, 330, 325, -1,
      325, 330, 329, -1,
      325, 329, 327, -1,
      327, 329, 221, -1,
      327, 221, 222, -1
    ]
  }
}

Shape {
  appearance Appearance {
    material Material {
      diffuseColor 0.6666666666666666 0.6666666666666666 0.6666666666666666
      specularColor 0.3333333333333333 0.3333333333333333 0.3333333333333333
      ambientIntensity 0.2
      transparency 0
      shininess 0.5
    }
  }
  geometry IndexedFaceSet {
    ccw TRUE
    solid FALSE
    coord DEF co Coordinate {
      point [
        -0.3496 -0.0595 0.3110,         -0.3925 -0.0595 0.3110,         -0.3496 -0.0595 0.3150,         -0.3925 -0.0595 0.3150,         -0.3925 0.0980 0.3110,         -0.3925 0.0980 0.3150,         -0.3480 0.0980 0.3110,         -0.3480 0.0980 0.3150,         -0.2657 0.0212 0.3110,         -0.2657 0.0212 0.3150,         -0.2673 0.0385 0.3150,         -0.2673 0.0385 0.3110,         -0.2721 0.0540 0.3150,         -0.2721 0.0540 0.3110,         -0.2800 0.0673 0.3150,         -0.2800 0.0673 0.3110,         -0.2935 0.0807 0.3150,         -0.2935 0.0807 0.3110,         -0.3094 0.0903 0.3150,         -0.3094 0.0903 0.3110,         -0.3281 0.0961 0.3150,         -0.3281 0.0961 0.3110,         -0.3283 -0.0574 0.3150,         -0.3283 -0.0574 0.3110,         -0.3102 -0.0516 0.3150,         -0.3102 -0.0516 0.3110,         -0.2942 -0.0418 0.3150,         -0.2942 -0.0418 0.3110,         -0.2816 -0.0291 0.3150,         -0.2816 -0.0291 0.3110,         -0.2729 -0.0149 0.3150,         -0.2729 -0.0149 0.3110,         -0.2675 0.0022 0.3150,         -0.2675 0.0022 0.3110,         -0.2868 0.0208 0.3110,         -0.2882 0.0364 0.3110,         -0.2919 0.0491 0.3110,         -0.2974 0.0588 0.3110,         -0.3051 0.0668 0.3110,         -0.3166 0.0742 0.3110,         -0.3297 0.0788 0.3110,         -0.3481 0.0807 0.3110,         -0.3713 0.0807 0.3110,         -0.3713 -0.0422 0.3110,         -0.3490 -0.0422 0.3110,         -0.3324 -0.0407 0.3110,         -0.3190 -0.0365 0.3110,         -0.3083 -0.0301 0.3110,         -0.2995 -0.0213 0.3110,         -0.2928 -0.0105 0.3110,         -0.2883 0.0044 0.3110,         -0.3481 0.0807 0.3150,         -0.3713 0.0807 0.3150,         -0.3297 0.0788 0.3150,         -0.3166 0.0742 0.3150,         -0.3051 0.0668 0.3150,         -0.2974 0.0588 0.3150,         -0.2919 0.0491 0.3150,         -0.2882 0.0364 0.3150,         -0.2868 0.0208 0.3150,         -0.2883 0.0044 0.3150,         -0.2928 -0.0105 0.3150,         -0.2995 -0.0213 0.3150,         -0.3083 -0.0301 0.3150,         -0.3190 -0.0365 0.3150,         -0.3324 -0.0407 0.3150,         -0.3490 -0.0422 0.3150,         -0.3713 -0.0422 0.3150,         -0.4085 -0.3543 0.3110,         -0.4085 -0.3543 0.3150,         -0.4100 -0.3429 0.3110,         -0.4100 -0.3429 0.3150,         -0.4144 -0.3322 0.3110,         -0.4144 -0.3322 0.3150,         -0.4215 -0.3230 0.3110,         -0.4215 -0.3230 0.3150,         -0.4306 -0.3160 0.3110,         -0.4306 -0.3160 0.3150,         -0.4413 -0.3116 0.3110,         -0.4413 -0.3116 0.3150,         -0.4528 -0.3101 0.3110,         -0.4528 -0.3101 0.3150,         -0.4642 -0.3116 0.3110,         -0.4642 -0.3116 0.3150,         -0.4749 -0.3160 0.3110,         -0.4749 -0.3160 0.3150,         -0.4841 -0.3230 0.3110,         -0.4841 -0.3230 0.3150,         -0.4911 -0.3322 0.3110,         -0.4911 -0.3322 0.3150,         -0.4955 -0.3429 0.3110,         -0.4955 -0.3429 0.3150,         -0.4970 -0.3543 0.3110,         -0.4970 -0.3543 0.3150,         -0.4955 -0.3658 0.3110,         -0.4955 -0.3658 0.3150,         -0.4911 -0.3765 0.3110,         -0.4911 -0.3765 0.3150,         -0.4841 -0.3856 0.3110,         -0.4841 -0.3856 0.3150,         -0.4749 -0.3927 0.3110,         -0.4749 -0.3927 0.3150,         -0.4642 -0.3971 0.3110,         -0.4642 -0.3971 0.3150,         -0.4528 -0.3986 0.3110,         -0.4528 -0.3986 0.3150,         -0.4413 -0.3971 0.3110,         -0.4413 -0.3971 0.3150,         -0.4306 -0.3927 0.3110,         -0.4306 -0.3927 0.3150,         -0.4215 -0.3856 0.3110,         -0.4215 -0.3856 0.3150,         -0.4144 -0.3765 0.3110,         -0.4144 -0.3765 0.3150,         -0.4100 -0.3658 0.3110,         -0.4100 -0.3658 0.3150,         -0.4528 -0.3543 0.3110,         0.4161 0.0937 0.3110,         0.4161 0.0764 0.3110,         0.4161 0.0937 0.3150,         0.4161 0.0764 0.3150,         0.3899 0.0826 0.3110,         0.3899 0.0826 0.3150,         0.4034 0.0810 0.3150,         0.4034 0.0810 0.3110,         0.3438 0.0179 0.3110,         0.3438 0.0179 0.3150,         0.3450 0.0347 0.3150,         0.3450 0.0347 0.3110,         0.3498 0.0528 0.3150,         0.3498 0.0528 0.3110,         0.3561 0.0646 0.3150,         0.3561 0.0646 0.3110,         0.3637 0.0732 0.3150,         0.3637 0.0732 0.3110,         0.3715 0.0784 0.3150,         0.3715 0.0784 0.3110,         0.3798 0.0815 0.3150,         0.3798 0.0815 0.3110,         0.3443 0.0179 0.3110,         0.3443 0.0179 0.3150,         0.3804 0.0404 0.3110,         0.3804 0.0404 0.3150,         0.3722 0.0397 0.3150,         0.3722 0.0397 0.3110,         0.3639 0.0373 0.3150,         0.3639 0.0373 0.3110,         0.3564 0.0330 0.3150,         0.3564 0.0330 0.3110,         0.3500 0.0268 0.3150,         0.3500 0.0268 0.3110,         0.4257 -0.0085 0.3110,         0.4257 -0.0085 0.3150,         0.4251 0.0003 0.3150,         0.4251 0.0003 0.3110,         0.4220 0.0129 0.3150,         0.4220 0.0129 0.3110,         0.4170 0.0224 0.3150,         0.4170 0.0224 0.3110,         0.4102 0.0300 0.3150,         0.4102 0.0300 0.3110,         0.4016 0.0358 0.3150,         0.4016 0.0358 0.3110,         0.3922 0.0391 0.3150,         0.3922 0.0391 0.3110,         0.3754 -0.0614 0.3110,         0.3754 -0.0614 0.3150,         0.3860 -0.0605 0.3150,         0.3860 -0.0605 0.3110,         0.3860 -0.0605 0.3150,         0.3967 -0.0571 0.3110,         0.3967 -0.0571 0.3150,         0.4058 -0.0517 0.3150,         0.4058 -0.0517 0.3110,         0.4139 -0.0439 0.3150,         0.4139 -0.0439 0.3110,         0.4202 -0.0342 0.3150,         0.4202 -0.0342 0.3110,         0.4242 -0.0227 0.3150,         0.4242 -0.0227 0.3110,         0.3677 -0.0605 0.3150,         0.3619 -0.0598 0.3110,         0.3619 -0.0598 0.3150,         0.3526 -0.0561 0.3110,         0.3526 -0.0561 0.3150,         0.3440 -0.0500 0.3110,         0.3440 -0.0500 0.3150,         0.3370 -0.0420 0.3110,         0.3370 -0.0420 0.3150,         0.3303 -0.0295 0.3110,         0.3303 -0.0295 0.3150,         0.3252 -0.0095 0.3110,         0.3252 -0.0095 0.3150,         0.3239 0.0099 0.3110,         0.3239 0.0099 0.3150,         0.3895 0.0999 0.3110,         0.3895 0.0999 0.3150,         0.3828 0.0995 0.3150,         0.3828 0.0995 0.3110,         0.3799 0.0989 0.3150,         0.3699 0.0968 0.3110,         0.3699 0.0968 0.3150,         0.3586 0.0914 0.3150,         0.3586 0.0914 0.3110,         0.3482 0.0829 0.3150,         0.3482 0.0829 0.3110,         0.3381 0.0699 0.3150,         0.3381 0.0699 0.3110,         0.3302 0.0529 0.3150,         0.3302 0.0529 0.3110,         0.3253 0.0318 0.3150,         0.3253 0.0318 0.3110,         0.4000 0.0989 0.3150,         0.4033 0.0986 0.3110,         0.4033 0.0986 0.3150,         0.4123 0.0957 0.3110,         0.4123 0.0957 0.3150,         0.3452 -0.0035 0.3110,         0.3468 0.0036 0.3110,         0.3589 -0.0390 0.3110,         0.3544 -0.0346 0.3110,         0.3493 -0.0269 0.3110,         0.3462 -0.0180 0.3110,         0.3450 -0.0071 0.3110,         0.3503 0.0104 0.3110,         0.3555 0.0162 0.3110,         0.3612 0.0200 0.3110,         0.3672 0.0222 0.3110,         0.3751 0.0231 0.3110,         0.3800 0.0228 0.3110,         0.3863 0.0213 0.3110,         0.3914 0.0189 0.3110,         0.3957 0.0155 0.3110,         0.3981 0.0126 0.3110,         0.4015 0.0067 0.3110,         0.4037 -0.0009 0.3110,         0.4045 -0.0106 0.3110,         0.4038 -0.0188 0.3110,         0.4017 -0.0261 0.3110,         0.3982 -0.0325 0.3110,         0.3935 -0.0377 0.3110,         0.3884 -0.0412 0.3110,         0.3829 -0.0432 0.3110,         0.3753 -0.0441 0.3110,         0.3697 -0.0436 0.3110,         0.3639 -0.0419 0.3110,         0.3450 -0.0071 0.3150,         0.3452 -0.0035 0.3150,         0.3468 0.0036 0.3150,         0.3503 0.0104 0.3150,         0.3555 0.0162 0.3150,         0.3612 0.0200 0.3150,         0.3672 0.0222 0.3150,         0.3751 0.0231 0.3150,         0.3800 0.0228 0.3150,         0.3863 0.0213 0.3150,         0.3914 0.0189 0.3150,         0.3957 0.0155 0.3150,         0.3981 0.0126 0.3150,         0.4015 0.0067 0.3150,         0.4037 -0.0009 0.3150,         0.4045 -0.0106 0.3150,         0.4038 -0.0188 0.3150,         0.4017 -0.0261 0.3150,         0.3982 -0.0325 0.3150,         0.3935 -0.0377 0.3150,         0.3884 -0.0412 0.3150,         0.3829 -0.0432 0.3150,         0.3753 -0.0441 0.3150,         0.3697 -0.0436 0.3150,         0.3639 -0.0419 0.3150,         0.3589 -0.0390 0.3150,         0.3544 -0.0346 0.3150,         0.3493 -0.0269 0.3150,         0.3462 -0.0180 0.3150,         0.2682 -0.0595 0.3110,         0.2490 -0.0595 0.3110,         0.2682 -0.0595 0.3150,         0.2490 -0.0595 0.3150,         0.2490 0.0743 0.3110,         0.2490 0.0743 0.3150,         0.2125 0.0557 0.3110,         0.2125 0.0557 0.3150,         0.2160 0.0567 0.3150,         0.2160 0.0567 0.3110,         0.2349 0.0648 0.3150,         0.2349 0.0648 0.3110,         0.2125 0.0749 0.3110,         0.2125 0.0749 0.3150,         0.2607 0.0999 0.3110,         0.2607 0.0999 0.3150,         0.2595 0.0989 0.3150,         0.2578 0.0976 0.3110,         0.2578 0.0976 0.3150,         0.2378 0.0851 0.3150,         0.2378 0.0851 0.3110,         0.2682 0.0999 0.3110,         0.2682 0.0999 0.3150,         0.2682 0.0989 0.3150,         0.1722 0.0980 0.3110,         0.1722 -0.0595 0.3110,         0.1722 0.0980 0.3150,         0.1722 -0.0595 0.3150,         0.1471 -0.0595 0.3110,         0.1471 -0.0595 0.3150,         0.0699 0.0627 0.3110,         0.0699 0.0627 0.3150,         0.0646 0.0730 0.3110,         0.0646 0.0730 0.3150,         0.0670 0.0678 0.3150,         0.0670 0.0678 0.3110,         0.0640 0.0730 0.3110,         0.0640 0.0730 0.3150,         0.0646 0.0510 0.3110,         0.0646 0.0510 0.3150,         0.0645 0.0620 0.3150,         0.0645 0.0620 0.3110,         0.0646 -0.0595 0.3110,         0.0646 -0.0595 0.3150,         0.0435 -0.0595 0.3110,         0.0435 -0.0595 0.3150,         0.0435 0.0980 0.3110,         0.0435 0.0980 0.3150,         0.0704 0.0980 0.3110,         0.0704 0.0980 0.3150,         0.1453 -0.0218 0.3110,         0.1453 -0.0218 0.3150,         0.1516 -0.0326 0.3110,         0.1516 -0.0326 0.3150,         0.1486 -0.0271 0.3150,         0.1486 -0.0271 0.3110,         0.1521 -0.0326 0.3110,         0.1521 -0.0326 0.3150,         0.1510 -0.0098 0.3110,         0.1510 -0.0098 0.3150,         0.1512 -0.0212 0.3150,         0.1512 -0.0212 0.3110,         0.1510 0.0980 0.3110,         0.1510 0.0980 0.3150,         0.0128 0.0980 0.3110,         0.0128 0.0807 0.3110,         0.0128 0.0980 0.3150,         0.0128 0.0807 0.3150,         -0.0468 0.0807 0.3110,         -0.0468 0.0807 0.3150,         -0.0468 0.0269 0.3110,         -0.0468 0.0269 0.3150,         0.0089 0.0269 0.3110,         0.0089 0.0269 0.3150,         0.0089 0.0096 0.3110,         0.0089 0.0096 0.3150,         -0.0468 0.0096 0.3110,         -0.0468 0.0096 0.3150,         -0.0468 -0.0595 0.3110,         -0.0468 -0.0595 0.3150,         -0.0679 -0.0595 0.3110,         -0.0679 -0.0595 0.3150,         -0.0679 0.0980 0.3110,         -0.0679 0.0980 0.3150,         -0.1723 -0.0614 0.3150,         -0.1723 -0.0614 0.3110,         -0.1820 -0.0605 0.3150,         -0.1906 -0.0596 0.3110,         -0.1906 -0.0596 0.3150,         -0.2055 -0.0547 0.3110,         -0.2055 -0.0547 0.3150,         -0.2186 -0.0467 0.3110,         -0.2186 -0.0467 0.3150,         -0.2300 -0.0351 0.3110,         -0.2300 -0.0351 0.3150,         -0.2389 -0.0207 0.3110,         -0.2389 -0.0207 0.3150,         -0.2444 -0.0037 0.3110,         -0.2444 -0.0037 0.3150,         -0.2465 0.0174 0.3110,         -0.2465 0.0174 0.3150,         -0.1698 0.0999 0.3110,         -0.1698 0.0999 0.3150,         -0.1793 0.0989 0.3150,         -0.1894 0.0979 0.3110,         -0.1894 0.0979 0.3150,         -0.2052 0.0927 0.3150,         -0.2052 0.0927 0.3110,         -0.2195 0.0836 0.3150,         -0.2195 0.0836 0.3110,         -0.2313 0.0709 0.3150,         -0.2313 0.0709 0.3110,         -0.2397 0.0557 0.3150,         -0.2397 0.0557 0.3110,         -0.2449 0.0370 0.3150,         -0.2449 0.0370 0.3110,         -0.1606 0.0989 0.3150,         -0.1516 0.0980 0.3110,         -0.1516 0.0980 0.3150,         -0.1366 0.0929 0.3110,         -0.1366 0.0929 0.3150,         -0.1226 0.0837 0.3110,         -0.1226 0.0837 0.3150,         -0.1109 0.0707 0.3110,         -0.1109 0.0707 0.3150,         -0.1025 0.0551 0.3110,         -0.1025 0.0551 0.3150,         -0.0979 0.0376 0.3110,         -0.0979 0.0376 0.3150,         -0.0967 0.0211 0.3110,         -0.0967 0.0211 0.3150,         -0.1173 -0.0392 0.3110,         -0.1173 -0.0392 0.3150,         -0.1124 -0.0333 0.3150,         -0.1124 -0.0333 0.3110,         -0.1042 -0.0190 0.3150,         -0.1042 -0.0190 0.3110,         -0.0986 -0.0004 0.3150,         -0.0986 -0.0004 0.3110,         -0.1278 -0.0484 0.3110,         -0.1278 -0.0484 0.3150,         -0.1223 -0.0441 0.3150,         -0.1223 -0.0441 0.3110,         -0.1112 -0.0605 0.3150,         -0.0833 -0.0806 0.3110,         -0.0833 -0.0806 0.3150,         -0.1169 -0.0806 0.3110,         -0.1169 -0.0806 0.3150,         -0.1435 -0.0605 0.3150,         -0.1469 -0.0579 0.3110,         -0.1469 -0.0579 0.3150,         -0.1590 -0.0605 0.3150,         -0.1595 -0.0606 0.3110,         -0.1595 -0.0606 0.3150,         -0.1197 -0.0007 0.3110,         -0.1246 -0.0156 0.3110,         -0.1308 -0.0256 0.3110,         -0.1178 0.0188 0.3110,         -0.1192 0.0362 0.3110,         -0.1233 0.0514 0.3110,         -0.1300 0.0634 0.3110,         -0.1377 0.0716 0.3110,         -0.1465 0.0774 0.3110,         -0.1569 0.0811 0.3110,         -0.1709 0.0826 0.3110,         -0.1850 0.0809 0.3110,         -0.1956 0.0769 0.3110,         -0.2050 0.0704 0.3110,         -0.2141 0.0601 0.3110,         -0.2205 0.0478 0.3110,         -0.2248 0.0303 0.3110,         -0.2254 0.0191 0.3110,         -0.2238 0.0016 0.3110,         -0.2193 -0.0130 0.3110,         -0.2125 -0.0246 0.3110,         -0.2040 -0.0335 0.3110,         -0.1947 -0.0394 0.3110,         -0.1838 -0.0430 0.3110,         -0.1723 -0.0441 0.3110,         -0.1581 -0.0427 0.3110,         -0.1472 -0.0389 0.3110,         -0.1380 -0.0331 0.3110,         -0.2254 0.0191 0.3150,         -0.2248 0.0303 0.3150,         -0.2205 0.0478 0.3150,         -0.2141 0.0601 0.3150,         -0.2050 0.0704 0.3150,         -0.1956 0.0769 0.3150,         -0.1850 0.0809 0.3150,         -0.1709 0.0826 0.3150,         -0.1569 0.0811 0.3150,         -0.1465 0.0774 0.3150,         -0.1377 0.0716 0.3150,         -0.1300 0.0634 0.3150,         -0.1233 0.0514 0.3150,         -0.1192 0.0362 0.3150,         -0.1178 0.0188 0.3150,         -0.1197 -0.0007 0.3150,         -0.1246 -0.0156 0.3150,         -0.1308 -0.0256 0.3150,         -0.1380 -0.0331 0.3150,         -0.1472 -0.0389 0.3150,         -0.1581 -0.0427 0.3150,         -0.1723 -0.0441 0.3150,         -0.1838 -0.0430 0.3150,         -0.1947 -0.0394 0.3150,         -0.2040 -0.0335 0.3150,         -0.2125 -0.0246 0.3150,         -0.2193 -0.0130 0.3150,         -0.2238 0.0016 0.3150,         -0.2238 0.0016 0.3150
      ]
    }
    coordIndex [
      0, 1, 2, -1,
      2, 1, 3, -1,
      1, 4, 3, -1,
      3, 4, 5, -1,
      4, 6, 5, -1,
      5, 6, 7, -1,
      8, 9, 10, -1,
      8, 10, 11, -1,
      11, 10, 12, -1,
      11, 12, 13, -1,
      13, 12, 14, -1,
      13, 14, 15, -1,
      15, 14, 16, -1,
      15, 16, 17, -1,
      17, 16, 18, -1,
      17, 18, 19, -1,
      19, 18, 20, -1,
      19, 20, 21, -1,
      21, 20, 7, -1,
      21, 7, 6, -1,
      0, 2, 22, -1,
      0, 22, 23, -1,
      23, 22, 24, -1,
      23, 24, 25, -1,
      25, 24, 26, -1,
      25, 26, 27, -1,
      27, 26, 28, -1,
      27, 28, 29, -1,
      29, 28, 30, -1,
      29, 30, 31, -1,
      31, 30, 32, -1,
      31, 32, 33, -1,
      33, 32, 9, -1,
      33, 9, 8, -1,
      34, 8, 35, -1,
      35, 8, 11, -1,
      35, 11, 36, -1,
      36, 11, 13, -1,
      36, 13, 37, -1,
      37, 13, 15, -1,
      37, 15, 38, -1,
      38, 15, 17, -1,
      38, 17, 39, -1,
      39, 17, 19, -1,
      39, 19, 40, -1,
      40, 19, 21, -1,
      40, 21, 41, -1,
      41, 21, 6, -1,
      41, 6, 42, -1,
      42, 6, 4, -1,
      42, 4, 43, -1,
      43, 4, 1, -1,
      43, 1, 44, -1,
      44, 1, 0, -1,
      44, 0, 45, -1,
      45, 0, 23, -1,
      45, 23, 46, -1,
      46, 23, 25, -1,
      46, 25, 47, -1,
      47, 25, 27, -1,
      47, 27, 48, -1,
      48, 27, 29, -1,
      48, 29, 49, -1,
      49, 29, 31, -1,
      49, 31, 50, -1,
      50, 31, 33, -1,
      50, 33, 34, -1,
      34, 33, 8, -1,
      41, 42, 51, -1,
      51, 42, 52, -1,
      41, 51, 53, -1,
      41, 53, 40, -1,
      40, 53, 54, -1,
      40, 54, 39, -1,
      39, 54, 55, -1,
      39, 55, 38, -1,
      38, 55, 56, -1,
      38, 56, 37, -1,
      37, 56, 57, -1,
      37, 57, 36, -1,
      36, 57, 58, -1,
      36, 58, 35, -1,
      35, 58, 59, -1,
      35, 59, 34, -1,
      34, 59, 60, -1,
      34, 60, 50, -1,
      50, 60, 61, -1,
      50, 61, 49, -1,
      49, 61, 62, -1,
      49, 62, 48, -1,
      48, 62, 63, -1,
      48, 63, 47, -1,
      47, 63, 64, -1,
      47, 64, 46, -1,
      46, 64, 65, -1,
      46, 65, 45, -1,
      45, 65, 66, -1,
      45, 66, 44, -1,
      43, 44, 67, -1,
      67, 44, 66, -1,
      42, 43, 52, -1,
      52, 43, 67, -1,
      68, 69, 70, -1,
      70, 69, 71, -1,
      70, 71, 72, -1,
      72, 71, 73, -1,
      72, 73, 74, -1,
      74, 73, 75, -1,
      74, 75, 76, -1,
      76, 75, 77, -1,
      76, 77, 78, -1,
      78, 77, 79, -1,
      78, 79, 80, -1,
      80, 79, 81, -1,
      80, 81, 82, -1,
      82, 81, 83, -1,
      82, 83, 84, -1,
      84, 83, 85, -1,
      84, 85, 86, -1,
      86, 85, 87, -1,
      86, 87, 88, -1,
      88, 87, 89, -1,
      88, 89, 90, -1,
      90, 89, 91, -1,
      90, 91, 92, -1,
      92, 91, 93, -1,
      92, 93, 94, -1,
      94, 93, 95, -1,
      94, 95, 96, -1,
      96, 95, 97, -1,
      96, 97, 98, -1,
      98, 97, 99, -1,
      98, 99, 100, -1,
      100, 99, 101, -1,
      100, 101, 102, -1,
      102, 101, 103, -1,
      102, 103, 104, -1,
      104, 103, 105, -1,
      104, 105, 106, -1,
      106, 105, 107, -1,
      106, 107, 108, -1,
      108, 107, 109, -1,
      108, 109, 110, -1,
      110, 109, 111, -1,
      110, 111, 112, -1,
      112, 111, 113, -1,
      112, 113, 114, -1,
      114, 113, 115, -1,
      114, 115, 68, -1,
      68, 115, 69, -1,
      112, 114, 116, -1,
      116, 114, 68, -1,
      116, 68, 70, -1,
      106, 108, 116, -1,
      116, 108, 110, -1,
      116, 110, 112, -1,
      100, 102, 116, -1,
      116, 102, 104, -1,
      116, 104, 106, -1,
      94, 96, 116, -1,
      116, 96, 98, -1,
      116, 98, 100, -1,
      88, 90, 116, -1,
      116, 90, 92, -1,
      116, 92, 94, -1,
      82, 84, 116, -1,
      116, 84, 86, -1,
      116, 86, 88, -1,
      76, 78, 116, -1,
      116, 78, 80, -1,
      116, 80, 82, -1,
      70, 72, 116, -1,
      116, 72, 74, -1,
      116, 74, 76, -1,
      117, 118, 119, -1,
      119, 118, 120, -1,
      121, 122, 123, -1,
      121, 123, 124, -1,
      124, 123, 120, -1,
      124, 120, 118, -1,
      125, 126, 127, -1,
      125, 127, 128, -1,
      128, 127, 129, -1,
      128, 129, 130, -1,
      130, 129, 131, -1,
      130, 131, 132, -1,
      132, 131, 133, -1,
      132, 133, 134, -1,
      134, 133, 135, -1,
      134, 135, 136, -1,
      136, 135, 137, -1,
      136, 137, 138, -1,
      138, 137, 122, -1,
      138, 122, 121, -1,
      125, 139, 126, -1,
      126, 139, 140, -1,
      141, 142, 143, -1,
      141, 143, 144, -1,
      144, 143, 145, -1,
      144, 145, 146, -1,
      146, 145, 147, -1,
      146, 147, 148, -1,
      148, 147, 149, -1,
      148, 149, 150, -1,
      150, 149, 140, -1,
      150, 140, 139, -1,
      151, 152, 153, -1,
      151, 153, 154, -1,
      154, 153, 155, -1,
      154, 155, 156, -1,
      156, 155, 157, -1,
      156, 157, 158, -1,
      158, 157, 159, -1,
      158, 159, 160, -1,
      160, 159, 161, -1,
      160, 161, 162, -1,
      162, 161, 163, -1,
      162, 163, 164, -1,
      164, 163, 142, -1,
      164, 142, 141, -1,
      165, 166, 167, -1,
      165, 167, 168, -1,
      168, 167, 169, -1,
      168, 169, 170, -1,
      169, 171, 170, -1,
      170, 171, 172, -1,
      170, 172, 173, -1,
      173, 172, 174, -1,
      173, 174, 175, -1,
      175, 174, 176, -1,
      175, 176, 177, -1,
      177, 176, 178, -1,
      177, 178, 179, -1,
      179, 178, 152, -1,
      179, 152, 151, -1,
      166, 165, 180, -1,
      180, 165, 181, -1,
      180, 181, 182, -1,
      182, 181, 183, -1,
      182, 183, 184, -1,
      184, 183, 185, -1,
      184, 185, 186, -1,
      186, 185, 187, -1,
      186, 187, 188, -1,
      188, 187, 189, -1,
      188, 189, 190, -1,
      190, 189, 191, -1,
      190, 191, 192, -1,
      192, 191, 193, -1,
      192, 193, 194, -1,
      195, 196, 197, -1,
      195, 197, 198, -1,
      198, 197, 199, -1,
      198, 199, 200, -1,
      199, 201, 200, -1,
      200, 201, 202, -1,
      200, 202, 203, -1,
      203, 202, 204, -1,
      203, 204, 205, -1,
      205, 204, 206, -1,
      205, 206, 207, -1,
      207, 206, 208, -1,
      207, 208, 209, -1,
      209, 208, 210, -1,
      209, 210, 211, -1,
      211, 210, 194, -1,
      211, 194, 193, -1,
      196, 195, 212, -1,
      212, 195, 213, -1,
      212, 213, 214, -1,
      214, 213, 215, -1,
      214, 215, 216, -1,
      216, 215, 117, -1,
      216, 117, 119, -1,
      217, 218, 191, -1,
      193, 125, 128, -1,
      121, 124, 213, -1,
      213, 124, 215, -1,
      215, 124, 118, -1,
      215, 118, 117, -1,
      183, 219, 185, -1,
      185, 219, 220, -1,
      185, 220, 187, -1,
      187, 220, 221, -1,
      187, 221, 189, -1,
      189, 221, 222, -1,
      189, 222, 191, -1,
      191, 222, 223, -1,
      191, 223, 217, -1,
      213, 195, 121, -1,
      121, 195, 198, -1,
      121, 198, 138, -1,
      138, 198, 200, -1,
      138, 200, 136, -1,
      136, 200, 203, -1,
      136, 203, 134, -1,
      134, 203, 205, -1,
      134, 205, 132, -1,
      132, 205, 207, -1,
      132, 207, 130, -1,
      130, 207, 209, -1,
      130, 209, 128, -1,
      128, 209, 211, -1,
      128, 211, 193, -1,
      193, 191, 125, -1,
      125, 191, 218, -1,
      125, 218, 139, -1,
      139, 218, 224, -1,
      139, 224, 150, -1,
      150, 224, 225, -1,
      150, 225, 148, -1,
      148, 225, 226, -1,
      148, 226, 146, -1,
      146, 226, 227, -1,
      146, 227, 144, -1,
      144, 227, 228, -1,
      144, 228, 141, -1,
      141, 228, 229, -1,
      141, 229, 164, -1,
      164, 229, 230, -1,
      164, 230, 162, -1,
      162, 230, 231, -1,
      162, 231, 160, -1,
      160, 231, 232, -1,
      160, 232, 158, -1,
      158, 232, 233, -1,
      158, 233, 156, -1,
      156, 233, 234, -1,
      156, 234, 154, -1,
      154, 234, 235, -1,
      154, 235, 151, -1,
      151, 235, 236, -1,
      151, 236, 179, -1,
      179, 236, 237, -1,
      179, 237, 177, -1,
      177, 237, 238, -1,
      177, 238, 175, -1,
      175, 238, 239, -1,
      175, 239, 173, -1,
      173, 239, 240, -1,
      173, 240, 170, -1,
      170, 240, 241, -1,
      170, 241, 168, -1,
      168, 241, 242, -1,
      168, 242, 165, -1,
      165, 242, 243, -1,
      165, 243, 181, -1,
      181, 243, 244, -1,
      181, 244, 183, -1,
      183, 244, 245, -1,
      183, 245, 219, -1,
      223, 246, 247, -1,
      223, 247, 217, -1,
      217, 247, 248, -1,
      217, 248, 218, -1,
      218, 248, 249, -1,
      218, 249, 224, -1,
      224, 249, 250, -1,
      224, 250, 225, -1,
      225, 250, 251, -1,
      225, 251, 226, -1,
      226, 251, 252, -1,
      226, 252, 227, -1,
      227, 252, 253, -1,
      227, 253, 228, -1,
      228, 253, 254, -1,
      228, 254, 229, -1,
      229, 254, 255, -1,
      229, 255, 230, -1,
      230, 255, 256, -1,
      230, 256, 231, -1,
      231, 256, 257, -1,
      231, 257, 232, -1,
      232, 257, 258, -1,
      232, 258, 233, -1,
      233, 258, 259, -1,
      233, 259, 234, -1,
      234, 259, 260, -1,
      234, 260, 235, -1,
      235, 260, 261, -1,
      235, 261, 236, -1,
      236, 261, 262, -1,
      236, 262, 237, -1,
      237, 262, 263, -1,
      237, 263, 238, -1,
      238, 263, 264, -1,
      238, 264, 239, -1,
      239, 264, 265, -1,
      239, 265, 240, -1,
      240, 265, 266, -1,
      240, 266, 241, -1,
      241, 266, 267, -1,
      241, 267, 242, -1,
      242, 267, 268, -1,
      242, 268, 243, -1,
      243, 268, 269, -1,
      243, 269, 244, -1,
      244, 269, 270, -1,
      244, 270, 245, -1,
      245, 270, 271, -1,
      245, 271, 219, -1,
      219, 271, 272, -1,
      219, 272, 220, -1,
      220, 272, 273, -1,
      220, 273, 221, -1,
      221, 273, 274, -1,
      221, 274, 222, -1,
      222, 274, 246, -1,
      222, 246, 223, -1,
      275, 276, 277, -1,
      277, 276, 278, -1,
      276, 279, 278, -1,
      278, 279, 280, -1,
      281, 282, 283, -1,
      281, 283, 284, -1,
      284, 283, 285, -1,
      284, 285, 286, -1,
      286, 285, 280, -1,
      286, 280, 279, -1,
      281, 287, 282, -1,
      282, 287, 288, -1,
      289, 290, 291, -1,
      289, 291, 292, -1,
      291, 293, 292, -1,
      292, 293, 294, -1,
      292, 294, 295, -1,
      295, 294, 288, -1,
      295, 288, 287, -1,
      289, 296, 290, -1,
      290, 296, 297, -1,
      297, 296, 298, -1,
      298, 296, 275, -1,
      298, 275, 277, -1,
      295, 279, 292, -1,
      292, 279, 289, -1,
      287, 281, 284, -1,
      276, 275, 279, -1,
      279, 275, 296, -1,
      279, 296, 289, -1,
      287, 284, 295, -1,
      295, 284, 286, -1,
      295, 286, 279, -1,
      299, 300, 301, -1,
      301, 300, 302, -1,
      300, 303, 302, -1,
      302, 303, 304, -1,
      303, 305, 304, -1,
      304, 305, 306, -1,
      307, 308, 309, -1,
      307, 309, 310, -1,
      310, 309, 306, -1,
      310, 306, 305, -1,
      307, 311, 308, -1,
      308, 311, 312, -1,
      313, 314, 315, -1,
      313, 315, 316, -1,
      316, 315, 312, -1,
      316, 312, 311, -1,
      313, 317, 314, -1,
      314, 317, 318, -1,
      317, 319, 318, -1,
      318, 319, 320, -1,
      319, 321, 320, -1,
      320, 321, 322, -1,
      321, 323, 322, -1,
      322, 323, 324, -1,
      323, 325, 324, -1,
      324, 325, 326, -1,
      327, 328, 329, -1,
      327, 329, 330, -1,
      330, 329, 326, -1,
      330, 326, 325, -1,
      327, 331, 328, -1,
      328, 331, 332, -1,
      333, 334, 335, -1,
      333, 335, 336, -1,
      336, 335, 332, -1,
      336, 332, 331, -1,
      333, 337, 334, -1,
      334, 337, 338, -1,
      337, 299, 338, -1,
      338, 299, 301, -1,
      299, 337, 300, -1,
      300, 337, 333, -1,
      319, 317, 321, -1,
      321, 317, 313, -1,
      313, 316, 321, -1,
      321, 316, 311, -1,
      321, 311, 323, -1,
      323, 311, 307, -1,
      333, 336, 300, -1,
      300, 336, 331, -1,
      300, 331, 303, -1,
      303, 331, 327, -1,
      327, 330, 303, -1,
      303, 330, 325, -1,
      303, 325, 305, -1,
      305, 325, 323, -1,
      305, 323, 310, -1,
      310, 323, 307, -1,
      339, 340, 341, -1,
      341, 340, 342, -1,
      340, 343, 342, -1,
      342, 343, 344, -1,
      343, 345, 344, -1,
      344, 345, 346, -1,
      345, 347, 346, -1,
      346, 347, 348, -1,
      347, 349, 348, -1,
      348, 349, 350, -1,
      349, 351, 350, -1,
      350, 351, 352, -1,
      351, 353, 352, -1,
      352, 353, 354, -1,
      353, 355, 354, -1,
      354, 355, 356, -1,
      355, 357, 356, -1,
      356, 357, 358, -1,
      357, 339, 358, -1,
      358, 339, 341, -1,
      357, 355, 351, -1,
      351, 355, 353, -1,
      340, 339, 343, -1,
      343, 339, 357, -1,
      343, 357, 345, -1,
      345, 357, 351, -1,
      345, 351, 347, -1,
      347, 351, 349, -1,
      359, 360, 361, -1,
      361, 360, 362, -1,
      361, 362, 363, -1,
      363, 362, 364, -1,
      363, 364, 365, -1,
      365, 364, 366, -1,
      365, 366, 367, -1,
      367, 366, 368, -1,
      367, 368, 369, -1,
      369, 368, 370, -1,
      369, 370, 371, -1,
      371, 370, 372, -1,
      371, 372, 373, -1,
      373, 372, 374, -1,
      373, 374, 375, -1,
      376, 377, 378, -1,
      376, 378, 379, -1,
      378, 380, 379, -1,
      379, 380, 381, -1,
      379, 381, 382, -1,
      382, 381, 383, -1,
      382, 383, 384, -1,
      384, 383, 385, -1,
      384, 385, 386, -1,
      386, 385, 387, -1,
      386, 387, 388, -1,
      388, 387, 389, -1,
      388, 389, 390, -1,
      390, 389, 375, -1,
      390, 375, 374, -1,
      377, 376, 391, -1,
      391, 376, 392, -1,
      391, 392, 393, -1,
      393, 392, 394, -1,
      393, 394, 395, -1,
      395, 394, 396, -1,
      395, 396, 397, -1,
      397, 396, 398, -1,
      397, 398, 399, -1,
      399, 398, 400, -1,
      399, 400, 401, -1,
      401, 400, 402, -1,
      401, 402, 403, -1,
      403, 402, 404, -1,
      403, 404, 405, -1,
      406, 407, 408, -1,
      406, 408, 409, -1,
      409, 408, 410, -1,
      409, 410, 411, -1,
      411, 410, 412, -1,
      411, 412, 413, -1,
      413, 412, 405, -1,
      413, 405, 404, -1,
      414, 415, 416, -1,
      414, 416, 417, -1,
      417, 416, 407, -1,
      417, 407, 406, -1,
      415, 414, 418, -1,
      418, 414, 419, -1,
      418, 419, 420, -1,
      419, 421, 420, -1,
      420, 421, 422, -1,
      422, 421, 423, -1,
      423, 421, 424, -1,
      423, 424, 425, -1,
      425, 424, 426, -1,
      426, 424, 427, -1,
      426, 427, 428, -1,
      428, 427, 360, -1,
      428, 360, 359, -1,
      421, 419, 424, -1,
      424, 419, 414, -1,
      424, 414, 427, -1,
      429, 430, 414, -1,
      414, 430, 431, -1,
      414, 417, 429, -1,
      429, 417, 406, -1,
      429, 406, 409, -1,
      409, 411, 429, -1,
      429, 411, 413, -1,
      429, 413, 432, -1,
      432, 413, 404, -1,
      432, 404, 433, -1,
      433, 404, 402, -1,
      433, 402, 434, -1,
      434, 402, 400, -1,
      434, 400, 435, -1,
      435, 400, 398, -1,
      435, 398, 436, -1,
      436, 398, 396, -1,
      436, 396, 437, -1,
      437, 396, 394, -1,
      437, 394, 438, -1,
      438, 394, 392, -1,
      438, 392, 439, -1,
      439, 392, 376, -1,
      439, 376, 440, -1,
      440, 376, 379, -1,
      440, 379, 441, -1,
      441, 379, 382, -1,
      441, 382, 442, -1,
      442, 382, 384, -1,
      442, 384, 443, -1,
      443, 384, 386, -1,
      443, 386, 444, -1,
      444, 386, 388, -1,
      444, 388, 445, -1,
      445, 388, 390, -1,
      445, 390, 446, -1,
      446, 390, 374, -1,
      446, 374, 447, -1,
      447, 374, 372, -1,
      447, 372, 448, -1,
      448, 372, 370, -1,
      448, 370, 449, -1,
      449, 370, 368, -1,
      449, 368, 450, -1,
      450, 368, 366, -1,
      450, 366, 451, -1,
      451, 366, 364, -1,
      451, 364, 452, -1,
      452, 364, 362, -1,
      452, 362, 453, -1,
      453, 362, 360, -1,
      453, 360, 454, -1,
      454, 360, 427, -1,
      454, 427, 455, -1,
      455, 427, 414, -1,
      455, 414, 456, -1,
      456, 414, 431, -1,
      446, 457, 458, -1,
      446, 458, 445, -1,
      445, 458, 459, -1,
      445, 459, 444, -1,
      444, 459, 460, -1,
      444, 460, 443, -1,
      443, 460, 461, -1,
      443, 461, 442, -1,
      442, 461, 462, -1,
      442, 462, 441, -1,
      441, 462, 463, -1,
      441, 463, 440, -1,
      440, 463, 464, -1,
      440, 464, 439, -1,
      439, 464, 465, -1,
      439, 465, 438, -1,
      438, 465, 466, -1,
      438, 466, 437, -1,
      437, 466, 467, -1,
      437, 467, 436, -1,
      436, 467, 468, -1,
      436, 468, 435, -1,
      435, 468, 469, -1,
      435, 469, 434, -1,
      434, 469, 470, -1,
      434, 470, 433, -1,
      433, 470, 471, -1,
      433, 471, 432, -1,
      432, 471, 472, -1,
      432, 472, 429, -1,
      429, 472, 473, -1,
      429, 473, 430, -1,
      430, 473, 474, -1,
      430, 474, 431, -1,
      431, 474, 475, -1,
      431, 475, 456, -1,
      456, 475, 476, -1,
      456, 476, 455, -1,
      455, 476, 477, -1,
      455, 477, 454, -1,
      454, 477, 478, -1,
      454, 478, 453, -1,
      453, 478, 479, -1,
      453, 479, 452, -1,
      452, 479, 480, -1,
      452, 480, 451, -1,
      451, 480, 481, -1,
      451, 481, 450, -1,
      450, 481, 482, -1,
      450, 482, 449, -1,
      449, 482, 483, -1,
      449, 483, 448, -1,
      448, 483, 484, -1,
      448, 484, 447, -1,
      447, 484, 457, -1,
      447, 457, 446, -1
    ]
  }
}

Shape {
  appearance Appearance {
    material Material {
      diffuseColor 0.25098039215686274 0.25098039215686274 0.25098039215686274
      specularColor 0.12549019607843137 0.12549019607843137 0.12549019607843137
      ambientIntensity 0.2
      transparency 0
      shininess 0.5
    }
  }
  geometry IndexedFaceSet {
    ccw TRUE
    solid FALSE
    coord DEF co Coordinate {
      point [
        -0.3713 0.0807 0.3150,         -0.3713 -0.0422 0.3150,         -0.3481 0.0807 0.3150,         -0.3490 -0.0422 0.3150,         -0.3324 -0.0407 0.3150,         -0.2868 0.0208 0.3150,         -0.2882 0.0364 0.3150,         -0.2919 0.0491 0.3150,         -0.3297 0.0788 0.3150,         -0.3190 -0.0365 0.3150,         -0.3083 -0.0301 0.3150,         -0.2995 -0.0213 0.3150,         -0.2928 -0.0105 0.3150,         -0.2883 0.0044 0.3150,         -0.2974 0.0588 0.3150,         -0.3051 0.0668 0.3150,         -0.3166 0.0742 0.3150,         0.4045 -0.0106 0.3150,         0.4037 -0.0009 0.3150,         0.3450 -0.0071 0.3150,         0.4015 0.0067 0.3150,         0.3981 0.0126 0.3150,         0.3957 0.0155 0.3150,         0.3914 0.0189 0.3150,         0.3863 0.0213 0.3150,         0.3493 -0.0269 0.3150,         0.3544 -0.0346 0.3150,         0.4038 -0.0188 0.3150,         0.4017 -0.0261 0.3150,         0.3753 -0.0441 0.3150,         0.3697 -0.0436 0.3150,         0.3800 0.0228 0.3150,         0.3751 0.0231 0.3150,         0.3452 -0.0035 0.3150,         0.3672 0.0222 0.3150,         0.3612 0.0200 0.3150,         0.3462 -0.0180 0.3150,         0.3589 -0.0390 0.3150,         0.3639 -0.0419 0.3150,         0.3829 -0.0432 0.3150,         0.3884 -0.0412 0.3150,         0.3935 -0.0377 0.3150,         0.3555 0.0162 0.3150,         0.3503 0.0104 0.3150,         0.3468 0.0036 0.3150,         0.3982 -0.0325 0.3150,         -0.1465 0.0774 0.3150,         -0.1569 0.0811 0.3150,         -0.2248 0.0303 0.3150,         -0.1472 -0.0389 0.3150,         -0.1380 -0.0331 0.3150,         -0.2254 0.0191 0.3150,         -0.1308 -0.0256 0.3150,         -0.1246 -0.0156 0.3150,         -0.1709 0.0826 0.3150,         -0.1850 0.0809 0.3150,         -0.1956 0.0769 0.3150,         -0.2193 -0.0130 0.3150,         -0.2125 -0.0246 0.3150,         -0.1838 -0.0430 0.3150,         -0.2040 -0.0335 0.3150,         -0.1947 -0.0394 0.3150,         -0.2238 0.0016 0.3150,         -0.1723 -0.0441 0.3150,         -0.1581 -0.0427 0.3150,         -0.1197 -0.0007 0.3150,         -0.1178 0.0188 0.3150,         -0.1192 0.0362 0.3150,         -0.1233 0.0514 0.3150,         -0.2050 0.0704 0.3150,         -0.2141 0.0601 0.3150,         -0.2205 0.0478 0.3150,         -0.1300 0.0634 0.3150,         -0.1377 0.0716 0.3150,         -0.1377 0.0716 0.3150
      ]
    }
    coordIndex [
      0, 1, 2, -1,
      2, 1, 3, -1,
      2, 3, 4, -1,
      5, 6, 2, -1,
      2, 6, 7, -1,
      2, 7, 8, -1,
      4, 9, 2, -1,
      2, 9, 10, -1,
      2, 10, 11, -1,
      11, 12, 2, -1,
      2, 12, 13, -1,
      2, 13, 5, -1,
      14, 15, 7, -1,
      7, 15, 16, -1,
      7, 16, 8, -1,
      17, 18, 19, -1,
      19, 18, 20, -1,
      19, 20, 21, -1,
      21, 22, 19, -1,
      19, 22, 23, -1,
      19, 23, 24, -1,
      25, 26, 27, -1,
      28, 27, 29, -1,
      29, 27, 30, -1,
      24, 31, 19, -1,
      19, 31, 32, -1,
      19, 32, 33, -1,
      33, 32, 34, -1,
      33, 34, 35, -1,
      17, 19, 27, -1,
      27, 19, 36, -1,
      27, 36, 25, -1,
      26, 37, 27, -1,
      27, 37, 38, -1,
      27, 38, 30, -1,
      39, 40, 41, -1,
      35, 42, 33, -1,
      33, 42, 43, -1,
      33, 43, 44, -1,
      39, 41, 29, -1,
      29, 41, 45, -1,
      29, 45, 28, -1,
      46, 47, 48, -1,
      49, 50, 51, -1,
      51, 50, 52, -1,
      51, 52, 53, -1,
      47, 54, 48, -1,
      48, 54, 55, -1,
      48, 55, 56, -1,
      57, 58, 59, -1,
      59, 58, 60, -1,
      59, 60, 61, -1,
      57, 59, 62, -1,
      62, 59, 63, -1,
      62, 63, 51, -1,
      51, 63, 64, -1,
      51, 64, 49, -1,
      53, 65, 51, -1,
      51, 65, 66, -1,
      51, 66, 48, -1,
      48, 66, 67, -1,
      48, 67, 68, -1,
      56, 69, 48, -1,
      48, 69, 70, -1,
      48, 70, 71, -1,
      68, 72, 48, -1,
      48, 72, 73, -1,
      48, 73, 46, -1
    ]
  }
}

Shape {
  appearance Appearance {
    material Material {
      diffuseColor 1 1 0
      specularColor 0.5019607843137255 0.5019607843137255 0
      ambientIntensity 0.2
      transparency 0
      shininess 0.5
    }
  }
  geometry IndexedFaceSet {
    ccw TRUE
    solid FALSE
    coord DEF co Coordinate {
      point [
        0.2362 -0.4925 0.0709,         0.2362 -0.4925 0.0472,         0.2362 -0.4921 0.0709,         0.2362 -0.4921 0.0472,         0.1575 -0.4925 0.0472,         0.1575 -0.4921 0.0472,         0.1575 -0.4925 0.0709,         0.1575 -0.4921 0.0709,         -0.1575 -0.4925 0.0709,         -0.1575 -0.4925 0.0472,         -0.1575 -0.4921 0.0709,         -0.1575 -0.4921 0.0472,         -0.2362 -0.4925 0.0472,         -0.2362 -0.4921 0.0472,         -0.2362 -0.4925 0.0709,         -0.2362 -0.4921 0.0709,         -0.2362 -0.4921 0.0709
      ]
    }
    coordIndex [
      0, 1, 2, -1,
      2, 1, 3, -1,
      1, 4, 3, -1,
      3, 4, 5, -1,
      4, 6, 5, -1,
      5, 6, 7, -1,
      6, 0, 7, -1,
      7, 0, 2, -1,
      6, 4, 0, -1,
      0, 4, 1, -1,
      8, 9, 10, -1,
      10, 9, 11, -1,
      9, 12, 11, -1,
      11, 12, 13, -1,
      12, 14, 13, -1,
      13, 14, 15, -1,
      14, 8, 15, -1,
      15, 8, 10, -1,
      14, 12, 8, -1,
      8, 12, 9, -1
    ]
  }
}

Shape {
  appearance Appearance {
    material Material {
      diffuseColor 1 1 1
      specularColor 0.8784313725490196 0.8784313725490196 0.8784313725490196
      ambientIntensity 0.2
      transparency 0
      shininess 0.5
    }
  }
  geometry IndexedFaceSet {
    ccw TRUE
    solid FALSE
    coord DEF co Coordinate {
      point [
        -0.1362 0.0407 0.0039,         -0.1669 -0.0380 0.0039,         -0.1362 0.0407 0.0000,         -0.1669 -0.0380 0.0000,         -0.1554 -0.0380 0.0039,         -0.1554 -0.0380 0.0000,         -0.1475 -0.0159 0.0039,         -0.1475 -0.0159 0.0000,         -0.1149 -0.0159 0.0039,         -0.1149 -0.0159 0.0000,         -0.1074 -0.0380 0.0039,         -0.1074 -0.0380 0.0000,         -0.0959 -0.0380 0.0039,         -0.0959 -0.0380 0.0000,         -0.1257 0.0407 0.0039,         -0.1257 0.0407 0.0000,         -0.1176 -0.0073 0.0039,         -0.1439 -0.0073 0.0039,         -0.1293 0.0256 0.0039,         -0.1301 0.0284 0.0039,         -0.1306 0.0311 0.0039,         -0.1308 0.0311 0.0039,         -0.1314 0.0284 0.0039,         -0.1321 0.0256 0.0039,         -0.1176 -0.0073 0.0000,         -0.1439 -0.0073 0.0000,         -0.1293 0.0256 0.0000,         -0.1301 0.0284 0.0000,         -0.1306 0.0311 0.0000,         -0.1308 0.0311 0.0000,         -0.1314 0.0284 0.0000,         -0.1321 0.0256 0.0000,         -0.0482 -0.0380 0.0039,         -0.0268 -0.0380 0.0039,         -0.0482 -0.0380 0.0000,         -0.0268 -0.0380 0.0000,         -0.0268 0.0407 0.0039,         -0.0268 0.0407 0.0000,         -0.0490 0.0407 0.0039,         -0.0490 0.0407 0.0000,         -0.0901 0.0024 0.0039,         -0.0901 0.0024 0.0000,         -0.0896 0.0098 0.0000,         -0.0896 0.0098 0.0039,         -0.0874 0.0175 0.0000,         -0.0874 0.0175 0.0039,         -0.0838 0.0243 0.0000,         -0.0838 0.0243 0.0039,         -0.0782 0.0305 0.0000,         -0.0782 0.0305 0.0039,         -0.0781 0.0306 0.0000,         -0.0781 0.0306 0.0039,         -0.0696 0.0363 0.0000,         -0.0696 0.0363 0.0039,         -0.0603 0.0395 0.0000,         -0.0603 0.0395 0.0039,         -0.0579 -0.0371 0.0000,         -0.0579 -0.0371 0.0039,         -0.0670 -0.0344 0.0000,         -0.0670 -0.0344 0.0039,         -0.0752 -0.0297 0.0000,         -0.0752 -0.0297 0.0039,         -0.0817 -0.0235 0.0000,         -0.0817 -0.0235 0.0039,         -0.0862 -0.0164 0.0000,         -0.0862 -0.0164 0.0039,         -0.0890 -0.0082 0.0000,         -0.0890 -0.0082 0.0039,         -0.0743 0.0211 0.0039,         -0.0705 0.0251 0.0039,         -0.0647 0.0288 0.0039,         -0.0582 0.0311 0.0039,         -0.0489 0.0321 0.0039,         -0.0373 0.0321 0.0039,         -0.0373 -0.0294 0.0039,         -0.0485 -0.0294 0.0039,         -0.0568 -0.0286 0.0039,         -0.0634 -0.0265 0.0039,         -0.0688 -0.0233 0.0039,         -0.0732 -0.0190 0.0039,         -0.0765 -0.0135 0.0039,         -0.0788 -0.0061 0.0039,         -0.0796 0.0021 0.0039,         -0.0789 0.0100 0.0039,         -0.0771 0.0162 0.0039,         -0.0489 0.0321 0.0000,         -0.0373 0.0321 0.0000,         -0.0582 0.0311 0.0000,         -0.0647 0.0288 0.0000,         -0.0705 0.0251 0.0000,         -0.0743 0.0211 0.0000,         -0.0771 0.0162 0.0000,         -0.0789 0.0100 0.0000,         -0.0796 0.0021 0.0000,         -0.0788 -0.0061 0.0000,         -0.0765 -0.0135 0.0000,         -0.0732 -0.0190 0.0000,         -0.0688 -0.0233 0.0000,         -0.0634 -0.0265 0.0000,         -0.0568 -0.0286 0.0000,         -0.0485 -0.0294 0.0000,         -0.0373 -0.0294 0.0000,         -0.0114 -0.0294 0.0039,         -0.0114 -0.0380 0.0039,         -0.0114 -0.0294 0.0000,         -0.0114 -0.0380 0.0000,         0.0309 -0.0380 0.0039,         0.0309 -0.0380 0.0000,         0.0309 0.0407 0.0039,         0.0309 0.0407 0.0000,         -0.0095 0.0407 0.0039,         -0.0095 0.0407 0.0000,         -0.0095 0.0321 0.0039,         -0.0095 0.0321 0.0000,         0.0203 0.0321 0.0039,         0.0203 0.0321 0.0000,         0.0203 0.0062 0.0039,         0.0203 0.0062 0.0000,         -0.0075 0.0062 0.0039,         -0.0075 0.0062 0.0000,         -0.0075 -0.0025 0.0039,         -0.0075 -0.0025 0.0000,         0.0203 -0.0025 0.0039,         0.0203 -0.0025 0.0000,         0.0203 -0.0294 0.0039,         0.0203 -0.0294 0.0000,         0.0462 -0.0253 0.0039,         0.0462 -0.0339 0.0039,         0.0462 -0.0253 0.0000,         0.0462 -0.0339 0.0000,         0.0546 -0.0374 0.0039,         0.0679 -0.0390 0.0039,         0.0679 -0.0390 0.0000,         0.0657 -0.0389 0.0000,         0.0657 -0.0389 0.0039,         0.0626 -0.0385 0.0000,         0.0546 -0.0374 0.0000,         0.1048 -0.0001 0.0039,         0.1048 -0.0001 0.0000,         0.1040 -0.0092 0.0000,         0.1040 -0.0092 0.0039,         0.1017 -0.0176 0.0000,         0.1017 -0.0176 0.0039,         0.0975 -0.0250 0.0000,         0.0975 -0.0250 0.0039,         0.0916 -0.0313 0.0000,         0.0916 -0.0313 0.0039,         0.0852 -0.0353 0.0000,         0.0852 -0.0353 0.0039,         0.0776 -0.0379 0.0000,         0.0776 -0.0379 0.0039,         0.0725 -0.0385 0.0000,         0.0648 0.0417 0.0039,         0.0648 0.0417 0.0000,         0.0727 0.0411 0.0000,         0.0727 0.0411 0.0039,         0.0814 0.0385 0.0000,         0.0814 0.0385 0.0039,         0.0889 0.0342 0.0000,         0.0889 0.0342 0.0039,         0.0960 0.0274 0.0000,         0.0960 0.0274 0.0039,         0.1006 0.0200 0.0000,         0.1006 0.0200 0.0039,         0.1037 0.0111 0.0000,         0.1037 0.0111 0.0039,         0.0462 0.0386 0.0039,         0.0462 0.0386 0.0000,         0.0553 0.0411 0.0000,         0.0553 0.0411 0.0039,         0.0462 0.0280 0.0039,         0.0462 0.0280 0.0000,         0.0647 0.0331 0.0039,         0.0647 0.0331 0.0000,         0.0551 0.0318 0.0000,         0.0551 0.0318 0.0039,         0.0942 0.0005 0.0039,         0.0942 0.0005 0.0000,         0.0939 0.0067 0.0000,         0.0939 0.0067 0.0039,         0.0918 0.0151 0.0000,         0.0918 0.0151 0.0039,         0.0885 0.0212 0.0000,         0.0885 0.0212 0.0039,         0.0838 0.0264 0.0000,         0.0838 0.0264 0.0039,         0.0783 0.0301 0.0000,         0.0783 0.0301 0.0039,         0.0724 0.0322 0.0000,         0.0724 0.0322 0.0039,         0.0664 -0.0303 0.0039,         0.0664 -0.0303 0.0000,         0.0738 -0.0295 0.0000,         0.0738 -0.0295 0.0039,         0.0795 -0.0274 0.0000,         0.0795 -0.0274 0.0039,         0.0843 -0.0241 0.0000,         0.0843 -0.0241 0.0039,         0.0880 -0.0202 0.0000,         0.0880 -0.0202 0.0039,         0.0913 -0.0148 0.0000,         0.0913 -0.0148 0.0039,         0.0934 -0.0080 0.0000,         0.0934 -0.0080 0.0039,         0.0476 -0.0261 0.0000,         0.0476 -0.0261 0.0039,         0.0560 -0.0292 0.0000,         0.0560 -0.0292 0.0039,         0.1115 -0.0294 0.0039,         0.1115 -0.0380 0.0039,         0.1115 -0.0294 0.0000,         0.1115 -0.0380 0.0000,         0.1519 -0.0380 0.0039,         0.1519 -0.0380 0.0000,         0.1519 0.0407 0.0039,         0.1519 0.0407 0.0000,         0.1413 0.0407 0.0039,         0.1413 0.0407 0.0000,         0.1413 -0.0294 0.0039,         0.1413 -0.0294 0.0000,         0.1413 -0.0294 0.0000
      ]
    }
    coordIndex [
      0, 1, 2, -1,
      2, 1, 3, -1,
      1, 4, 3, -1,
      3, 4, 5, -1,
      4, 6, 5, -1,
      5, 6, 7, -1,
      6, 8, 7, -1,
      7, 8, 9, -1,
      8, 10, 9, -1,
      9, 10, 11, -1,
      10, 12, 11, -1,
      11, 12, 13, -1,
      12, 14, 13, -1,
      13, 14, 15, -1,
      14, 0, 15, -1,
      15, 0, 2, -1,
      16, 8, 17, -1,
      17, 8, 6, -1,
      18, 14, 16, -1,
      16, 14, 12, -1,
      16, 12, 8, -1,
      8, 12, 10, -1,
      18, 19, 14, -1,
      14, 19, 20, -1,
      14, 20, 0, -1,
      0, 20, 21, -1,
      0, 21, 22, -1,
      22, 23, 0, -1,
      0, 23, 17, -1,
      0, 17, 1, -1,
      1, 17, 6, -1,
      1, 6, 4, -1,
      16, 17, 24, -1,
      24, 17, 25, -1,
      18, 16, 26, -1,
      26, 16, 24, -1,
      18, 26, 27, -1,
      18, 27, 19, -1,
      19, 27, 28, -1,
      19, 28, 20, -1,
      21, 20, 29, -1,
      29, 20, 28, -1,
      21, 29, 30, -1,
      21, 30, 22, -1,
      22, 30, 31, -1,
      22, 31, 23, -1,
      17, 23, 25, -1,
      25, 23, 31, -1,
      32, 33, 34, -1,
      34, 33, 35, -1,
      33, 36, 35, -1,
      35, 36, 37, -1,
      36, 38, 37, -1,
      37, 38, 39, -1,
      40, 41, 42, -1,
      40, 42, 43, -1,
      43, 42, 44, -1,
      43, 44, 45, -1,
      45, 44, 46, -1,
      45, 46, 47, -1,
      47, 46, 48, -1,
      47, 48, 49, -1,
      49, 48, 50, -1,
      49, 50, 51, -1,
      51, 50, 52, -1,
      51, 52, 53, -1,
      53, 52, 54, -1,
      53, 54, 55, -1,
      55, 54, 39, -1,
      55, 39, 38, -1,
      32, 34, 56, -1,
      32, 56, 57, -1,
      57, 56, 58, -1,
      57, 58, 59, -1,
      59, 58, 60, -1,
      59, 60, 61, -1,
      61, 60, 62, -1,
      61, 62, 63, -1,
      63, 62, 64, -1,
      63, 64, 65, -1,
      65, 64, 66, -1,
      65, 66, 67, -1,
      67, 66, 41, -1,
      67, 41, 40, -1,
      45, 47, 68, -1,
      68, 47, 49, -1,
      68, 49, 69, -1,
      69, 49, 51, -1,
      69, 51, 70, -1,
      70, 51, 53, -1,
      70, 53, 71, -1,
      71, 53, 55, -1,
      71, 55, 72, -1,
      72, 55, 38, -1,
      72, 38, 73, -1,
      73, 38, 36, -1,
      73, 36, 74, -1,
      74, 36, 33, -1,
      74, 33, 75, -1,
      75, 33, 32, -1,
      75, 32, 76, -1,
      76, 32, 57, -1,
      76, 57, 77, -1,
      77, 57, 59, -1,
      77, 59, 78, -1,
      78, 59, 61, -1,
      78, 61, 79, -1,
      79, 61, 63, -1,
      79, 63, 80, -1,
      80, 63, 65, -1,
      80, 65, 81, -1,
      81, 65, 67, -1,
      81, 67, 82, -1,
      82, 67, 40, -1,
      82, 40, 83, -1,
      83, 40, 43, -1,
      83, 43, 84, -1,
      84, 43, 45, -1,
      84, 45, 68, -1,
      72, 73, 85, -1,
      85, 73, 86, -1,
      72, 85, 87, -1,
      72, 87, 71, -1,
      71, 87, 88, -1,
      71, 88, 70, -1,
      70, 88, 89, -1,
      70, 89, 69, -1,
      69, 89, 90, -1,
      69, 90, 68, -1,
      68, 90, 91, -1,
      68, 91, 84, -1,
      84, 91, 92, -1,
      84, 92, 83, -1,
      83, 92, 93, -1,
      83, 93, 82, -1,
      82, 93, 94, -1,
      82, 94, 81, -1,
      81, 94, 95, -1,
      81, 95, 80, -1,
      80, 95, 96, -1,
      80, 96, 79, -1,
      79, 96, 97, -1,
      79, 97, 78, -1,
      78, 97, 98, -1,
      78, 98, 77, -1,
      77, 98, 99, -1,
      77, 99, 76, -1,
      76, 99, 100, -1,
      76, 100, 75, -1,
      74, 75, 101, -1,
      101, 75, 100, -1,
      73, 74, 86, -1,
      86, 74, 101, -1,
      102, 103, 104, -1,
      104, 103, 105, -1,
      103, 106, 105, -1,
      105, 106, 107, -1,
      106, 108, 107, -1,
      107, 108, 109, -1,
      108, 110, 109, -1,
      109, 110, 111, -1,
      110, 112, 111, -1,
      111, 112, 113, -1,
      112, 114, 113, -1,
      113, 114, 115, -1,
      114, 116, 115, -1,
      115, 116, 117, -1,
      116, 118, 117, -1,
      117, 118, 119, -1,
      118, 120, 119, -1,
      119, 120, 121, -1,
      120, 122, 121, -1,
      121, 122, 123, -1,
      122, 124, 123, -1,
      123, 124, 125, -1,
      124, 102, 125, -1,
      125, 102, 104, -1,
      106, 103, 102, -1,
      102, 124, 106, -1,
      106, 124, 122, -1,
      106, 122, 108, -1,
      112, 110, 114, -1,
      114, 110, 108, -1,
      114, 108, 116, -1,
      116, 108, 122, -1,
      116, 122, 118, -1,
      118, 122, 120, -1,
      126, 127, 128, -1,
      128, 127, 129, -1,
      129, 127, 130, -1,
      131, 132, 133, -1,
      131, 133, 134, -1,
      134, 133, 135, -1,
      134, 135, 130, -1,
      130, 135, 136, -1,
      130, 136, 129, -1,
      137, 138, 139, -1,
      137, 139, 140, -1,
      140, 139, 141, -1,
      140, 141, 142, -1,
      142, 141, 143, -1,
      142, 143, 144, -1,
      144, 143, 145, -1,
      144, 145, 146, -1,
      146, 145, 147, -1,
      146, 147, 148, -1,
      148, 147, 149, -1,
      148, 149, 150, -1,
      150, 149, 131, -1,
      131, 149, 151, -1,
      131, 151, 132, -1,
      152, 153, 154, -1,
      152, 154, 155, -1,
      155, 154, 156, -1,
      155, 156, 157, -1,
      157, 156, 158, -1,
      157, 158, 159, -1,
      159, 158, 160, -1,
      159, 160, 161, -1,
      161, 160, 162, -1,
      161, 162, 163, -1,
      163, 162, 164, -1,
      163, 164, 165, -1,
      165, 164, 138, -1,
      165, 138, 137, -1,
      166, 167, 168, -1,
      166, 168, 169, -1,
      169, 168, 153, -1,
      169, 153, 152, -1,
      166, 170, 167, -1,
      167, 170, 171, -1,
      172, 173, 174, -1,
      172, 174, 175, -1,
      175, 174, 171, -1,
      175, 171, 170, -1,
      176, 177, 178, -1,
      176, 178, 179, -1,
      179, 178, 180, -1,
      179, 180, 181, -1,
      181, 180, 182, -1,
      181, 182, 183, -1,
      183, 182, 184, -1,
      183, 184, 185, -1,
      185, 184, 186, -1,
      185, 186, 187, -1,
      187, 186, 188, -1,
      187, 188, 189, -1,
      189, 188, 173, -1,
      189, 173, 172, -1,
      190, 191, 192, -1,
      190, 192, 193, -1,
      193, 192, 194, -1,
      193, 194, 195, -1,
      195, 194, 196, -1,
      195, 196, 197, -1,
      197, 196, 198, -1,
      197, 198, 199, -1,
      199, 198, 200, -1,
      199, 200, 201, -1,
      201, 200, 202, -1,
      201, 202, 203, -1,
      203, 202, 177, -1,
      203, 177, 176, -1,
      126, 128, 204, -1,
      126, 204, 205, -1,
      205, 204, 206, -1,
      205, 206, 207, -1,
      207, 206, 191, -1,
      207, 191, 190, -1,
      193, 131, 190, -1,
      190, 131, 134, -1,
      190, 134, 207, -1,
      207, 134, 130, -1,
      207, 130, 205, -1,
      205, 130, 127, -1,
      205, 127, 126, -1,
      170, 166, 175, -1,
      175, 166, 169, -1,
      175, 169, 172, -1,
      172, 169, 152, -1,
      172, 152, 189, -1,
      189, 152, 155, -1,
      189, 155, 187, -1,
      187, 155, 157, -1,
      187, 157, 185, -1,
      185, 157, 159, -1,
      185, 159, 183, -1,
      183, 159, 161, -1,
      183, 161, 181, -1,
      181, 161, 163, -1,
      181, 163, 179, -1,
      179, 163, 165, -1,
      179, 165, 176, -1,
      176, 165, 137, -1,
      176, 137, 203, -1,
      203, 137, 140, -1,
      203, 140, 201, -1,
      201, 140, 142, -1,
      201, 142, 199, -1,
      199, 142, 144, -1,
      199, 144, 197, -1,
      197, 144, 146, -1,
      197, 146, 195, -1,
      195, 146, 148, -1,
      195, 148, 193, -1,
      193, 148, 150, -1,
      193, 150, 131, -1,
      208, 209, 210, -1,
      210, 209, 211, -1,
      209, 212, 211, -1,
      211, 212, 213, -1,
      212, 214, 213, -1,
      213, 214, 215, -1,
      214, 216, 215, -1,
      215, 216, 217, -1,
      216, 218, 217, -1,
      217, 218, 219, -1,
      218, 208, 219, -1,
      219, 208, 210, -1,
      216, 214, 218, -1,
      218, 214, 212, -1,
      218, 212, 208, -1,
      208, 212, 209, -1
    ]
  }
}

Shape {
  appearance Appearance {
    material Material {
      diffuseColor 0.25098039215686274 0.25098039215686274 0.25098039215686274
      specularColor 0.12549019607843137 0.12549019607843137 0.12549019607843137
      ambientIntensity 0.2
      transparency 0
      shininess 0.5
    }
  }
  geometry IndexedFaceSet {
    ccw TRUE
    solid FALSE
    coord DEF co Coordinate {
      point [
        -0.1176 -0.0073 0.0000,         -0.1439 -0.0073 0.0000,         -0.1293 0.0256 0.0000,         -0.1321 0.0256 0.0000,         -0.1301 0.0284 0.0000,         -0.1314 0.0284 0.0000,         -0.1306 0.0311 0.0000,         -0.1308 0.0311 0.0000,         -0.0373 0.0321 0.0000,         -0.0373 -0.0294 0.0000,         -0.0489 0.0321 0.0000,         -0.0485 -0.0294 0.0000,         -0.0568 -0.0286 0.0000,         -0.0796 0.0021 0.0000,         -0.0789 0.0100 0.0000,         -0.0771 0.0162 0.0000,         -0.0582 0.0311 0.0000,         -0.0634 -0.0265 0.0000,         -0.0688 -0.0233 0.0000,         -0.0732 -0.0190 0.0000,         -0.0765 -0.0135 0.0000,         -0.0788 -0.0061 0.0000,         -0.0743 0.0211 0.0000,         -0.0705 0.0251 0.0000,         -0.0647 0.0288 0.0000,         -0.0647 0.0288 0.0000
      ]
    }
    coordIndex [
      0, 1, 2, -1,
      2, 1, 3, -1,
      2, 3, 4, -1,
      4, 3, 5, -1,
      4, 5, 6, -1,
      6, 5, 7, -1,
      8, 9, 10, -1,
      10, 9, 11, -1,
      10, 11, 12, -1,
      13, 14, 10, -1,
      10, 14, 15, -1,
      10, 15, 16, -1,
      12, 17, 10, -1,
      10, 17, 18, -1,
      10, 18, 19, -1,
      19, 20, 10, -1,
      10, 20, 21, -1,
      10, 21, 13, -1,
      22, 23, 15, -1,
      15, 23, 24, -1,
      15, 24, 16, -1
    ]
  }
}

Shape {
  appearance Appearance {
    material Material {
      diffuseColor 0.7686274509803922 0.7686274509803922 0.7686274509803922
      specularColor 0.615686274509804 0.615686274509804 0.615686274509804
      ambientIntensity 0.2
      transparency 0
      shininess 0.5
    }
  }
  geometry IndexedFaceSet {
    ccw TRUE
    solid FALSE
    coord DEF co Coordinate {
      point [
        0.5157 -0.0591 0.0709,         0.5945 -0.0591 0.0709,         0.5157 -0.0591 -0.0079,         0.5945 -0.0591 -0.0079,         0.5101 -0.0595 -0.0079,         0.5101 -0.0595 0.0709,         0.5047 -0.0606 -0.0079,         0.5047 -0.0606 0.0709,         0.4994 -0.0626 -0.0079,         0.4994 -0.0626 0.0709,         0.4945 -0.0653 -0.0079,         0.4945 -0.0653 0.0709,         0.4900 -0.0687 -0.0079,         0.4900 -0.0687 0.0709,         0.4860 -0.0726 -0.0079,         0.4860 -0.0726 0.0709,         0.4826 -0.0771 -0.0079,         0.4826 -0.0771 0.0709,         0.4799 -0.0821 -0.0079,         0.4799 -0.0821 0.0709,         0.4780 -0.0873 -0.0079,         0.4780 -0.0873 0.0709,         0.4768 -0.0928 -0.0079,         0.4768 -0.0928 0.0709,         0.4764 -0.0984 -0.0079,         0.4764 -0.0984 0.0709,         0.4768 -0.1040 -0.0079,         0.4768 -0.1040 0.0709,         0.4780 -0.1095 -0.0079,         0.4780 -0.1095 0.0709,         0.4799 -0.1148 -0.0079,         0.4799 -0.1148 0.0709,         0.4826 -0.1197 -0.0079,         0.4826 -0.1197 0.0709,         0.4860 -0.1242 -0.0079,         0.4860 -0.1242 0.0709,         0.4900 -0.1282 -0.0079,         0.4900 -0.1282 0.0709,         0.4945 -0.1315 -0.0079,         0.4945 -0.1315 0.0709,         0.4994 -0.1342 -0.0079,         0.4994 -0.1342 0.0709,         0.5047 -0.1362 -0.0079,         0.5047 -0.1362 0.0709,         0.5101 -0.1374 -0.0079,         0.5101 -0.1374 0.0709,         0.5157 -0.1378 -0.0079,         0.5157 -0.1378 0.0709,         0.5945 -0.1378 0.0709,         0.5945 -0.1378 -0.0079,         -0.3543 -0.4173 0.0709,         -0.3543 -0.4961 0.0709,         -0.3543 -0.4173 -0.0079,         -0.3543 -0.4961 -0.0079,         -0.3547 -0.4117 -0.0079,         -0.3547 -0.4117 0.0709,         -0.3559 -0.4062 -0.0079,         -0.3559 -0.4062 0.0709,         -0.3579 -0.4010 -0.0079,         -0.3579 -0.4010 0.0709,         -0.3606 -0.3960 -0.0079,         -0.3606 -0.3960 0.0709,         -0.3639 -0.3915 -0.0079,         -0.3639 -0.3915 0.0709,         -0.3679 -0.3876 -0.0079,         -0.3679 -0.3876 0.0709,         -0.3724 -0.3842 -0.0079,         -0.3724 -0.3842 0.0709,         -0.3773 -0.3815 -0.0079,         -0.3773 -0.3815 0.0709,         -0.3826 -0.3795 -0.0079,         -0.3826 -0.3795 0.0709,         -0.3881 -0.3784 -0.0079,         -0.3881 -0.3784 0.0709,         -0.3937 -0.3780 -0.0079,         -0.3937 -0.3780 0.0709,         -0.3993 -0.3784 -0.0079,         -0.3993 -0.3784 0.0709,         -0.4048 -0.3795 -0.0079,         -0.4048 -0.3795 0.0709,         -0.4101 -0.3815 -0.0079,         -0.4101 -0.3815 0.0709,         -0.4150 -0.3842 -0.0079,         -0.4150 -0.3842 0.0709,         -0.4195 -0.3876 -0.0079,         -0.4195 -0.3876 0.0709,         -0.4235 -0.3915 -0.0079,         -0.4235 -0.3915 0.0709,         -0.4268 -0.3960 -0.0079,         -0.4268 -0.3960 0.0709,         -0.4295 -0.4010 -0.0079,         -0.4295 -0.4010 0.0709,         -0.4315 -0.4062 -0.0079,         -0.4315 -0.4062 0.0709,         -0.4327 -0.4117 -0.0079,         -0.4327 -0.4117 0.0709,         -0.4331 -0.4173 -0.0079,         -0.4331 -0.4173 0.0709,         -0.4331 -0.4961 0.0709,         -0.4331 -0.4961 -0.0079,         0.5157 0.1378 0.0709,         0.5945 0.1378 0.0709,         0.5157 0.1378 -0.0079,         0.5945 0.1378 -0.0079,         0.5101 0.1374 -0.0079,         0.5101 0.1374 0.0709,         0.5047 0.1362 -0.0079,         0.5047 0.1362 0.0709,         0.4994 0.1342 -0.0079,         0.4994 0.1342 0.0709,         0.4945 0.1315 -0.0079,         0.4945 0.1315 0.0709,         0.4900 0.1282 -0.0079,         0.4900 0.1282 0.0709,         0.4860 0.1242 -0.0079,         0.4860 0.1242 0.0709,         0.4826 0.1197 -0.0079,         0.4826 0.1197 0.0709,         0.4799 0.1148 -0.0079,         0.4799 0.1148 0.0709,         0.4780 0.1095 -0.0079,         0.4780 0.1095 0.0709,         0.4768 0.1040 -0.0079,         0.4768 0.1040 0.0709,         0.4764 0.0984 -0.0079,         0.4764 0.0984 0.0709,         0.4768 0.0928 -0.0079,         0.4768 0.0928 0.0709,         0.4780 0.0873 -0.0079,         0.4780 0.0873 0.0709,         0.4799 0.0821 -0.0079,         0.4799 0.0821 0.0709,         0.4826 0.0771 -0.0079,         0.4826 0.0771 0.0709,         0.4860 0.0726 -0.0079,         0.4860 0.0726 0.0709,         0.4900 0.0687 -0.0079,         0.4900 0.0687 0.0709,         0.4945 0.0653 -0.0079,         0.4945 0.0653 0.0709,         0.4994 0.0626 -0.0079,         0.4994 0.0626 0.0709,         0.5047 0.0606 -0.0079,         0.5047 0.0606 0.0709,         0.5101 0.0595 -0.0079,         0.5101 0.0595 0.0709,         0.5157 0.0591 -0.0079,         0.5157 0.0591 0.0709,         0.5945 0.0591 0.0709,         0.5945 0.0591 -0.0079,         -0.1575 -0.4173 0.0709,         -0.1575 -0.4961 0.0709,         -0.1575 -0.4173 -0.0079,         -0.1575 -0.4961 -0.0079,         -0.1579 -0.4117 -0.0079,         -0.1579 -0.4117 0.0709,         -0.1591 -0.4062 -0.0079,         -0.1591 -0.4062 0.0709,         -0.1610 -0.4010 -0.0079,         -0.1610 -0.4010 0.0709,         -0.1637 -0.3960 -0.0079,         -0.1637 -0.3960 0.0709,         -0.1671 -0.3915 -0.0079,         -0.1671 -0.3915 0.0709,         -0.1711 -0.3876 -0.0079,         -0.1711 -0.3876 0.0709,         -0.1756 -0.3842 -0.0079,         -0.1756 -0.3842 0.0709,         -0.1805 -0.3815 -0.0079,         -0.1805 -0.3815 0.0709,         -0.1858 -0.3795 -0.0079,         -0.1858 -0.3795 0.0709,         -0.1912 -0.3784 -0.0079,         -0.1912 -0.3784 0.0709,         -0.1969 -0.3780 -0.0079,         -0.1969 -0.3780 0.0709,         -0.2025 -0.3784 -0.0079,         -0.2025 -0.3784 0.0709,         -0.2079 -0.3795 -0.0079,         -0.2079 -0.3795 0.0709,         -0.2132 -0.3815 -0.0079,         -0.2132 -0.3815 0.0709,         -0.2181 -0.3842 -0.0079,         -0.2181 -0.3842 0.0709,         -0.2226 -0.3876 -0.0079,         -0.2226 -0.3876 0.0709,         -0.2266 -0.3915 -0.0079,         -0.2266 -0.3915 0.0709,         -0.2300 -0.3960 -0.0079,         -0.2300 -0.3960 0.0709,         -0.2327 -0.4010 -0.0079,         -0.2327 -0.4010 0.0709,         -0.2346 -0.4062 -0.0079,         -0.2346 -0.4062 0.0709,         -0.2358 -0.4117 -0.0079,         -0.2358 -0.4117 0.0709,         -0.2362 -0.4173 -0.0079,         -0.2362 -0.4173 0.0709,         -0.2362 -0.4961 0.0709,         -0.2362 -0.4961 -0.0079,         0.0394 -0.4173 0.0709,         0.0394 -0.4961 0.0709,         0.0394 -0.4173 -0.0079,         0.0394 -0.4961 -0.0079,         0.0390 -0.4117 -0.0079,         0.0390 -0.4117 0.0709,         0.0378 -0.4062 -0.0079,         0.0378 -0.4062 0.0709,         0.0358 -0.4010 -0.0079,         0.0358 -0.4010 0.0709,         0.0331 -0.3960 -0.0079,         0.0331 -0.3960 0.0709,         0.0298 -0.3915 -0.0079,         0.0298 -0.3915 0.0709,         0.0258 -0.3876 -0.0079,         0.0258 -0.3876 0.0709,         0.0213 -0.3842 -0.0079,         0.0213 -0.3842 0.0709,         0.0164 -0.3815 -0.0079,         0.0164 -0.3815 0.0709,         0.0111 -0.3795 -0.0079,         0.0111 -0.3795 0.0709,         0.0056 -0.3784 -0.0079,         0.0056 -0.3784 0.0709,         0.0000 -0.3780 -0.0079,         0.0000 -0.3780 0.0709,         -0.0056 -0.3784 -0.0079,         -0.0056 -0.3784 0.0709,         -0.0111 -0.3795 -0.0079,         -0.0111 -0.3795 0.0709,         -0.0164 -0.3815 -0.0079,         -0.0164 -0.3815 0.0709,         -0.0213 -0.3842 -0.0079,         -0.0213 -0.3842 0.0709,         -0.0258 -0.3876 -0.0079,         -0.0258 -0.3876 0.0709,         -0.0298 -0.3915 -0.0079,         -0.0298 -0.3915 0.0709,         -0.0331 -0.3960 -0.0079,         -0.0331 -0.3960 0.0709,         -0.0358 -0.4010 -0.0079,         -0.0358 -0.4010 0.0709,         -0.0378 -0.4062 -0.0079,         -0.0378 -0.4062 0.0709,         -0.0390 -0.4117 -0.0079,         -0.0390 -0.4117 0.0709,         -0.0394 -0.4173 -0.0079,         -0.0394 -0.4173 0.0709,         -0.0394 -0.4961 0.0709,         -0.0394 -0.4961 -0.0079,         0.2362 -0.4173 0.0709,         0.2362 -0.4961 0.0709,         0.2362 -0.4173 -0.0079,         0.2362 -0.4961 -0.0079,         0.2358 -0.4117 -0.0079,         0.2358 -0.4117 0.0709,         0.2346 -0.4062 -0.0079,         0.2346 -0.4062 0.0709,         0.2327 -0.4010 -0.0079,         0.2327 -0.4010 0.0709,         0.2300 -0.3960 -0.0079,         0.2300 -0.3960 0.0709,         0.2266 -0.3915 -0.0079,         0.2266 -0.3915 0.0709,         0.2226 -0.3876 -0.0079,         0.2226 -0.3876 0.0709,         0.2181 -0.3842 -0.0079,         0.2181 -0.3842 0.0709,         0.2132 -0.3815 -0.0079,         0.2132 -0.3815 0.0709,         0.2079 -0.3795 -0.0079,         0.2079 -0.3795 0.0709,         0.2025 -0.3784 -0.0079,         0.2025 -0.3784 0.0709,         0.1969 -0.3780 -0.0079,         0.1969 -0.3780 0.0709,         0.1912 -0.3784 -0.0079,         0.1912 -0.3784 0.0709,         0.1858 -0.3795 -0.0079,         0.1858 -0.3795 0.0709,         0.1805 -0.3815 -0.0079,         0.1805 -0.3815 0.0709,         0.1756 -0.3842 -0.0079,         0.1756 -0.3842 0.0709,         0.1711 -0.3876 -0.0079,         0.1711 -0.3876 0.0709,         0.1671 -0.3915 -0.0079,         0.1671 -0.3915 0.0709,         0.1637 -0.3960 -0.0079,         0.1637 -0.3960 0.0709,         0.1610 -0.4010 -0.0079,         0.1610 -0.4010 0.0709,         0.1591 -0.4062 -0.0079,         0.1591 -0.4062 0.0709,         0.1579 -0.4117 -0.0079,         0.1579 -0.4117 0.0709,         0.1575 -0.4173 -0.0079,         0.1575 -0.4173 0.0709,         0.1575 -0.4961 0.0709,         0.1575 -0.4961 -0.0079,         0.4331 -0.4173 0.0709,         0.4331 -0.4961 0.0709,         0.4331 -0.4173 -0.0079,         0.4331 -0.4961 -0.0079,         0.4327 -0.4117 -0.0079,         0.4327 -0.4117 0.0709,         0.4315 -0.4062 -0.0079,         0.4315 -0.4062 0.0709,         0.4295 -0.4010 -0.0079,         0.4295 -0.4010 0.0709,         0.4268 -0.3960 -0.0079,         0.4268 -0.3960 0.0709,         0.4235 -0.3915 -0.0079,         0.4235 -0.3915 0.0709,         0.4195 -0.3876 -0.0079,         0.4195 -0.3876 0.0709,         0.4150 -0.3842 -0.0079,         0.4150 -0.3842 0.0709,         0.4101 -0.3815 -0.0079,         0.4101 -0.3815 0.0709,         0.4048 -0.3795 -0.0079,         0.4048 -0.3795 0.0709,         0.3993 -0.3784 -0.0079,         0.3993 -0.3784 0.0709,         0.3937 -0.3780 -0.0079,         0.3937 -0.3780 0.0709,         0.3881 -0.3784 -0.0079,         0.3881 -0.3784 0.0709,         0.3826 -0.3795 -0.0079,         0.3826 -0.3795 0.0709,         0.3773 -0.3815 -0.0079,         0.3773 -0.3815 0.0709,         0.3724 -0.3842 -0.0079,         0.3724 -0.3842 0.0709,         0.3679 -0.3876 -0.0079,         0.3679 -0.3876 0.0709,         0.3639 -0.3915 -0.0079,         0.3639 -0.3915 0.0709,         0.3606 -0.3960 -0.0079,         0.3606 -0.3960 0.0709,         0.3579 -0.4010 -0.0079,         0.3579 -0.4010 0.0709,         0.3559 -0.4062 -0.0079,         0.3559 -0.4062 0.0709,         0.3547 -0.4117 -0.0079,         0.3547 -0.4117 0.0709,         0.3543 -0.4173 -0.0079,         0.3543 -0.4173 0.0709,         0.3543 -0.4961 0.0709,         0.3543 -0.4961 -0.0079,         -0.5157 -0.0591 -0.0079,         -0.5945 -0.0591 -0.0079,         -0.5157 -0.0591 0.0709,         -0.5945 -0.0591 0.0709,         -0.5101 -0.0595 0.0709,         -0.5101 -0.0595 -0.0079,         -0.5047 -0.0606 0.0709,         -0.5047 -0.0606 -0.0079,         -0.4994 -0.0626 0.0709,         -0.4994 -0.0626 -0.0079,         -0.4945 -0.0653 0.0709,         -0.4945 -0.0653 -0.0079,         -0.4900 -0.0687 0.0709,         -0.4900 -0.0687 -0.0079,         -0.4860 -0.0726 0.0709,         -0.4860 -0.0726 -0.0079,         -0.4826 -0.0771 0.0709,         -0.4826 -0.0771 -0.0079,         -0.4799 -0.0821 0.0709,         -0.4799 -0.0821 -0.0079,         -0.4780 -0.0873 0.0709,         -0.4780 -0.0873 -0.0079,         -0.4768 -0.0928 0.0709,         -0.4768 -0.0928 -0.0079,         -0.4764 -0.0984 0.0709,         -0.4764 -0.0984 -0.0079,         -0.4768 -0.1040 0.0709,         -0.4768 -0.1040 -0.0079,         -0.4780 -0.1095 0.0709,         -0.4780 -0.1095 -0.0079,         -0.4799 -0.1148 0.0709,         -0.4799 -0.1148 -0.0079,         -0.4826 -0.1197 0.0709,         -0.4826 -0.1197 -0.0079,         -0.4860 -0.1242 0.0709,         -0.4860 -0.1242 -0.0079,         -0.4900 -0.1282 0.0709,         -0.4900 -0.1282 -0.0079,         -0.4945 -0.1315 0.0709,         -0.4945 -0.1315 -0.0079,         -0.4994 -0.1342 0.0709,         -0.4994 -0.1342 -0.0079,         -0.5047 -0.1362 0.0709,         -0.5047 -0.1362 -0.0079,         -0.5101 -0.1374 0.0709,         -0.5101 -0.1374 -0.0079,         -0.5157 -0.1378 0.0709,         -0.5157 -0.1378 -0.0079,         -0.5945 -0.1378 -0.0079,         -0.5945 -0.1378 0.0709,         -0.5157 0.1378 -0.0079,         -0.5945 0.1378 -0.0079,         -0.5157 0.1378 0.0709,         -0.5945 0.1378 0.0709,         -0.5101 0.1374 0.0709,         -0.5101 0.1374 -0.0079,         -0.5047 0.1362 0.0709,         -0.5047 0.1362 -0.0079,         -0.4994 0.1342 0.0709,         -0.4994 0.1342 -0.0079,         -0.4945 0.1315 0.0709,         -0.4945 0.1315 -0.0079,         -0.4900 0.1282 0.0709,         -0.4900 0.1282 -0.0079,         -0.4860 0.1242 0.0709,         -0.4860 0.1242 -0.0079,         -0.4826 0.1197 0.0709,         -0.4826 0.1197 -0.0079,         -0.4799 0.1148 0.0709,         -0.4799 0.1148 -0.0079,         -0.4780 0.1095 0.0709,         -0.4780 0.1095 -0.0079,         -0.4768 0.1040 0.0709,         -0.4768 0.1040 -0.0079,         -0.4764 0.0984 0.0709,         -0.4764 0.0984 -0.0079,         -0.4768 0.0928 0.0709,         -0.4768 0.0928 -0.0079,         -0.4780 0.0873 0.0709,         -0.4780 0.0873 -0.0079,         -0.4799 0.0821 0.0709,         -0.4799 0.0821 -0.0079,         -0.4826 0.0771 0.0709,         -0.4826 0.0771 -0.0079,         -0.4860 0.0726 0.0709,         -0.4860 0.0726 -0.0079,         -0.4900 0.0687 0.0709,         -0.4900 0.0687 -0.0079,         -0.4945 0.0653 0.0709,         -0.4945 0.0653 -0.0079,         -0.4994 0.0626 0.0709,         -0.4994 0.0626 -0.0079,         -0.5047 0.0606 0.0709,         -0.5047 0.0606 -0.0079,         -0.5101 0.0595 0.0709,         -0.5101 0.0595 -0.0079,         -0.5157 0.0591 0.0709,         -0.5157 0.0591 -0.0079,         -0.5945 0.0591 -0.0079,         -0.5945 0.0591 0.0709,         -0.3543 0.4173 -0.0079,         -0.3543 0.4961 -0.0079,         -0.3543 0.4173 0.0709,         -0.3543 0.4961 0.0709,         -0.3547 0.4117 0.0709,         -0.3547 0.4117 -0.0079,         -0.3559 0.4062 0.0709,         -0.3559 0.4062 -0.0079,         -0.3579 0.4010 0.0709,         -0.3579 0.4010 -0.0079,         -0.3606 0.3960 0.0709,         -0.3606 0.3960 -0.0079,         -0.3639 0.3915 0.0709,         -0.3639 0.3915 -0.0079,         -0.3679 0.3876 0.0709,         -0.3679 0.3876 -0.0079,         -0.3724 0.3842 0.0709,         -0.3724 0.3842 -0.0079,         -0.3773 0.3815 0.0709,         -0.3773 0.3815 -0.0079,         -0.3826 0.3795 0.0709,         -0.3826 0.3795 -0.0079,         -0.3881 0.3784 0.0709,         -0.3881 0.3784 -0.0079,         -0.3937 0.3780 0.0709,         -0.3937 0.3780 -0.0079,         -0.3993 0.3784 0.0709,         -0.3993 0.3784 -0.0079,         -0.4048 0.3795 0.0709,         -0.4048 0.3795 -0.0079,         -0.4101 0.3815 0.0709,         -0.4101 0.3815 -0.0079,         -0.4150 0.3842 0.0709,         -0.4150 0.3842 -0.0079,         -0.4195 0.3876 0.0709,         -0.4195 0.3876 -0.0079,         -0.4235 0.3915 0.0709,         -0.4235 0.3915 -0.0079,         -0.4268 0.3960 0.0709,         -0.4268 0.3960 -0.0079,         -0.4295 0.4010 0.0709,         -0.4295 0.4010 -0.0079,         -0.4315 0.4062 0.0709,         -0.4315 0.4062 -0.0079,         -0.4327 0.4117 0.0709,         -0.4327 0.4117 -0.0079,         -0.4331 0.4173 0.0709,         -0.4331 0.4173 -0.0079,         -0.4331 0.4961 -0.0079,         -0.4331 0.4961 0.0709,         -0.1575 0.4173 -0.0079,         -0.1575 0.4961 -0.0079,         -0.1575 0.4173 0.0709,         -0.1575 0.4961 0.0709,         -0.1579 0.4117 0.0709,         -0.1579 0.4117 -0.0079,         -0.1591 0.4062 0.0709,         -0.1591 0.4062 -0.0079,         -0.1610 0.4010 0.0709,         -0.1610 0.4010 -0.0079,         -0.1637 0.3960 0.0709,         -0.1637 0.3960 -0.0079,         -0.1671 0.3915 0.0709,         -0.1671 0.3915 -0.0079,         -0.1711 0.3876 0.0709,         -0.1711 0.3876 -0.0079,         -0.1756 0.3842 0.0709,         -0.1756 0.3842 -0.0079,         -0.1805 0.3815 0.0709,         -0.1805 0.3815 -0.0079,         -0.1858 0.3795 0.0709,         -0.1858 0.3795 -0.0079,         -0.1912 0.3784 0.0709,         -0.1912 0.3784 -0.0079,         -0.1969 0.3780 0.0709,         -0.1969 0.3780 -0.0079,         -0.2025 0.3784 0.0709,         -0.2025 0.3784 -0.0079,         -0.2079 0.3795 0.0709,         -0.2079 0.3795 -0.0079,         -0.2132 0.3815 0.0709,         -0.2132 0.3815 -0.0079,         -0.2181 0.3842 0.0709,         -0.2181 0.3842 -0.0079,         -0.2226 0.3876 0.0709,         -0.2226 0.3876 -0.0079,         -0.2266 0.3915 0.0709,         -0.2266 0.3915 -0.0079,         -0.2300 0.3960 0.0709,         -0.2300 0.3960 -0.0079,         -0.2327 0.4010 0.0709,         -0.2327 0.4010 -0.0079,         -0.2346 0.4062 0.0709,         -0.2346 0.4062 -0.0079,         -0.2358 0.4117 0.0709,         -0.2358 0.4117 -0.0079,         -0.2362 0.4173 0.0709,         -0.2362 0.4173 -0.0079,         -0.2362 0.4961 -0.0079,         -0.2362 0.4961 0.0709,         0.0394 0.4173 -0.0079,         0.0394 0.4961 -0.0079,         0.0394 0.4173 0.0709,         0.0394 0.4961 0.0709,         0.0390 0.4117 0.0709,         0.0390 0.4117 -0.0079,         0.0378 0.4062 0.0709,         0.0378 0.4062 -0.0079,         0.0358 0.4010 0.0709,         0.0358 0.4010 -0.0079,         0.0331 0.3960 0.0709,         0.0331 0.3960 -0.0079,         0.0298 0.3915 0.0709,         0.0298 0.3915 -0.0079,         0.0258 0.3876 0.0709,         0.0258 0.3876 -0.0079,         0.0213 0.3842 0.0709,         0.0213 0.3842 -0.0079,         0.0164 0.3815 0.0709,         0.0164 0.3815 -0.0079,         0.0111 0.3795 0.0709,         0.0111 0.3795 -0.0079,         0.0056 0.3784 0.0709,         0.0056 0.3784 -0.0079,         0.0000 0.3780 0.0709,         0.0000 0.3780 -0.0079,         -0.0056 0.3784 0.0709,         -0.0056 0.3784 -0.0079,         -0.0111 0.3795 0.0709,         -0.0111 0.3795 -0.0079,         -0.0164 0.3815 0.0709,         -0.0164 0.3815 -0.0079,         -0.0213 0.3842 0.0709,         -0.0213 0.3842 -0.0079,         -0.0258 0.3876 0.0709,         -0.0258 0.3876 -0.0079,         -0.0298 0.3915 0.0709,         -0.0298 0.3915 -0.0079,         -0.0331 0.3960 0.0709,         -0.0331 0.3960 -0.0079,         -0.0358 0.4010 0.0709,         -0.0358 0.4010 -0.0079,         -0.0378 0.4062 0.0709,         -0.0378 0.4062 -0.0079,         -0.0390 0.4117 0.0709,         -0.0390 0.4117 -0.0079,         -0.0394 0.4173 0.0709,         -0.0394 0.4173 -0.0079,         -0.0394 0.4961 -0.0079,         -0.0394 0.4961 0.0709,         0.2362 0.4173 -0.0079,         0.2362 0.4961 -0.0079,         0.2362 0.4173 0.0709,         0.2362 0.4961 0.0709,         0.2358 0.4117 0.0709,         0.2358 0.4117 -0.0079,         0.2346 0.4062 0.0709,         0.2346 0.4062 -0.0079,         0.2327 0.4010 0.0709,         0.2327 0.4010 -0.0079,         0.2300 0.3960 0.0709,         0.2300 0.3960 -0.0079,         0.2266 0.3915 0.0709,         0.2266 0.3915 -0.0079,         0.2226 0.3876 0.0709,         0.2226 0.3876 -0.0079,         0.2181 0.3842 0.0709,         0.2181 0.3842 -0.0079,         0.2132 0.3815 0.0709,         0.2132 0.3815 -0.0079,         0.2079 0.3795 0.0709,         0.2079 0.3795 -0.0079,         0.2025 0.3784 0.0709,         0.2025 0.3784 -0.0079,         0.1969 0.3780 0.0709,         0.1969 0.3780 -0.0079,         0.1912 0.3784 0.0709,         0.1912 0.3784 -0.0079,         0.1858 0.3795 0.0709,         0.1858 0.3795 -0.0079,         0.1805 0.3815 0.0709,         0.1805 0.3815 -0.0079,         0.1756 0.3842 0.0709,         0.1756 0.3842 -0.0079,         0.1711 0.3876 0.0709,         0.1711 0.3876 -0.0079,         0.1671 0.3915 0.0709,         0.1671 0.3915 -0.0079,         0.1637 0.3960 0.0709,         0.1637 0.3960 -0.0079,         0.1610 0.4010 0.0709,         0.1610 0.4010 -0.0079,         0.1591 0.4062 0.0709,         0.1591 0.4062 -0.0079,         0.1579 0.4117 0.0709,         0.1579 0.4117 -0.0079,         0.1575 0.4173 0.0709,         0.1575 0.4173 -0.0079,         0.1575 0.4961 -0.0079,         0.1575 0.4961 0.0709,         0.4331 0.4173 -0.0079,         0.4331 0.4961 -0.0079,         0.4331 0.4173 0.0709,         0.4331 0.4961 0.0709,         0.4327 0.4117 0.0709,         0.4327 0.4117 -0.0079,         0.4315 0.4062 0.0709,         0.4315 0.4062 -0.0079,         0.4295 0.4010 0.0709,         0.4295 0.4010 -0.0079,         0.4268 0.3960 0.0709,         0.4268 0.3960 -0.0079,         0.4235 0.3915 0.0709,         0.4235 0.3915 -0.0079,         0.4195 0.3876 0.0709,         0.4195 0.3876 -0.0079,         0.4150 0.3842 0.0709,         0.4150 0.3842 -0.0079,         0.4101 0.3815 0.0709,         0.4101 0.3815 -0.0079,         0.4048 0.3795 0.0709,         0.4048 0.3795 -0.0079,         0.3993 0.3784 0.0709,         0.3993 0.3784 -0.0079,         0.3937 0.3780 0.0709,         0.3937 0.3780 -0.0079,         0.3881 0.3784 0.0709,         0.3881 0.3784 -0.0079,         0.3826 0.3795 0.0709,         0.3826 0.3795 -0.0079,         0.3773 0.3815 0.0709,         0.3773 0.3815 -0.0079,         0.3724 0.3842 0.0709,         0.3724 0.3842 -0.0079,         0.3679 0.3876 0.0709,         0.3679 0.3876 -0.0079,         0.3639 0.3915 0.0709,         0.3639 0.3915 -0.0079,         0.3606 0.3960 0.0709,         0.3606 0.3960 -0.0079,         0.3579 0.4010 0.0709,         0.3579 0.4010 -0.0079,         0.3559 0.4062 0.0709,         0.3559 0.4062 -0.0079,         0.3547 0.4117 0.0709,         0.3547 0.4117 -0.0079,         0.3543 0.4173 0.0709,         0.3543 0.4173 -0.0079,         0.3543 0.4961 -0.0079,         0.3543 0.4961 0.0709,         0.3543 0.4961 0.0709
      ]
    }
    coordIndex [
      0, 1, 2, -1,
      2, 1, 3, -1,
      0, 2, 4, -1,
      0, 4, 5, -1,
      5, 4, 6, -1,
      5, 6, 7, -1,
      7, 6, 8, -1,
      7, 8, 9, -1,
      9, 8, 10, -1,
      9, 10, 11, -1,
      11, 10, 12, -1,
      11, 12, 13, -1,
      13, 12, 14, -1,
      13, 14, 15, -1,
      15, 14, 16, -1,
      15, 16, 17, -1,
      17, 16, 18, -1,
      17, 18, 19, -1,
      19, 18, 20, -1,
      19, 20, 21, -1,
      21, 20, 22, -1,
      21, 22, 23, -1,
      23, 22, 24, -1,
      23, 24, 25, -1,
      25, 24, 26, -1,
      25, 26, 27, -1,
      27, 26, 28, -1,
      27, 28, 29, -1,
      29, 28, 30, -1,
      29, 30, 31, -1,
      31, 30, 32, -1,
      31, 32, 33, -1,
      33, 32, 34, -1,
      33, 34, 35, -1,
      35, 34, 36, -1,
      35, 36, 37, -1,
      37, 36, 38, -1,
      37, 38, 39, -1,
      39, 38, 40, -1,
      39, 40, 41, -1,
      41, 40, 42, -1,
      41, 42, 43, -1,
      43, 42, 44, -1,
      43, 44, 45, -1,
      45, 44, 46, -1,
      45, 46, 47, -1,
      48, 47, 49, -1,
      49, 47, 46, -1,
      1, 48, 3, -1,
      3, 48, 49, -1,
      48, 1, 47, -1,
      47, 1, 0, -1,
      23, 25, 0, -1,
      0, 25, 27, -1,
      0, 27, 29, -1,
      9, 11, 7, -1,
      7, 11, 13, -1,
      7, 13, 5, -1,
      17, 19, 0, -1,
      0, 19, 21, -1,
      0, 21, 23, -1,
      29, 31, 0, -1,
      0, 31, 33, -1,
      0, 33, 35, -1,
      35, 37, 0, -1,
      0, 37, 39, -1,
      0, 39, 41, -1,
      5, 13, 0, -1,
      0, 13, 15, -1,
      0, 15, 17, -1,
      41, 43, 0, -1,
      0, 43, 45, -1,
      0, 45, 47, -1,
      3, 49, 2, -1,
      2, 49, 46, -1,
      2, 46, 44, -1,
      2, 38, 36, -1,
      30, 28, 2, -1,
      2, 28, 26, -1,
      2, 26, 24, -1,
      10, 8, 6, -1,
      36, 34, 2, -1,
      2, 34, 32, -1,
      2, 32, 30, -1,
      24, 22, 2, -1,
      2, 22, 20, -1,
      2, 20, 18, -1,
      10, 6, 12, -1,
      12, 6, 4, -1,
      12, 4, 2, -1,
      44, 42, 2, -1,
      2, 42, 40, -1,
      2, 40, 38, -1,
      18, 16, 2, -1,
      2, 16, 14, -1,
      2, 14, 12, -1,
      50, 51, 52, -1,
      52, 51, 53, -1,
      50, 52, 54, -1,
      50, 54, 55, -1,
      55, 54, 56, -1,
      55, 56, 57, -1,
      57, 56, 58, -1,
      57, 58, 59, -1,
      59, 58, 60, -1,
      59, 60, 61, -1,
      61, 60, 62, -1,
      61, 62, 63, -1,
      63, 62, 64, -1,
      63, 64, 65, -1,
      65, 64, 66, -1,
      65, 66, 67, -1,
      67, 66, 68, -1,
      67, 68, 69, -1,
      69, 68, 70, -1,
      69, 70, 71, -1,
      71, 70, 72, -1,
      71, 72, 73, -1,
      73, 72, 74, -1,
      73, 74, 75, -1,
      75, 74, 76, -1,
      75, 76, 77, -1,
      77, 76, 78, -1,
      77, 78, 79, -1,
      79, 78, 80, -1,
      79, 80, 81, -1,
      81, 80, 82, -1,
      81, 82, 83, -1,
      83, 82, 84, -1,
      83, 84, 85, -1,
      85, 84, 86, -1,
      85, 86, 87, -1,
      87, 86, 88, -1,
      87, 88, 89, -1,
      89, 88, 90, -1,
      89, 90, 91, -1,
      91, 90, 92, -1,
      91, 92, 93, -1,
      93, 92, 94, -1,
      93, 94, 95, -1,
      95, 94, 96, -1,
      95, 96, 97, -1,
      98, 97, 99, -1,
      99, 97, 96, -1,
      51, 98, 53, -1,
      53, 98, 99, -1,
      98, 51, 97, -1,
      97, 51, 50, -1,
      50, 55, 97, -1,
      97, 55, 57, -1,
      97, 57, 59, -1,
      59, 61, 97, -1,
      97, 61, 63, -1,
      97, 63, 65, -1,
      65, 67, 97, -1,
      97, 67, 69, -1,
      97, 69, 71, -1,
      93, 81, 91, -1,
      91, 81, 83, -1,
      83, 85, 91, -1,
      91, 85, 87, -1,
      91, 87, 89, -1,
      77, 79, 97, -1,
      97, 79, 81, -1,
      97, 81, 95, -1,
      95, 81, 93, -1,
      71, 73, 97, -1,
      97, 73, 75, -1,
      97, 75, 77, -1,
      92, 90, 64, -1,
      92, 64, 94, -1,
      60, 58, 96, -1,
      96, 58, 56, -1,
      94, 64, 96, -1,
      96, 64, 62, -1,
      96, 62, 60, -1,
      53, 99, 52, -1,
      52, 99, 96, -1,
      52, 96, 54, -1,
      54, 96, 56, -1,
      90, 88, 64, -1,
      64, 88, 86, -1,
      64, 86, 84, -1,
      84, 82, 64, -1,
      64, 82, 80, -1,
      64, 80, 78, -1,
      68, 74, 70, -1,
      70, 74, 72, -1,
      78, 76, 64, -1,
      64, 76, 74, -1,
      64, 74, 66, -1,
      66, 74, 68, -1,
      100, 101, 102, -1,
      102, 101, 103, -1,
      100, 102, 104, -1,
      100, 104, 105, -1,
      105, 104, 106, -1,
      105, 106, 107, -1,
      107, 106, 108, -1,
      107, 108, 109, -1,
      109, 108, 110, -1,
      109, 110, 111, -1,
      111, 110, 112, -1,
      111, 112, 113, -1,
      113, 112, 114, -1,
      113, 114, 115, -1,
      115, 114, 116, -1,
      115, 116, 117, -1,
      117, 116, 118, -1,
      117, 118, 119, -1,
      119, 118, 120, -1,
      119, 120, 121, -1,
      121, 120, 122, -1,
      121, 122, 123, -1,
      123, 122, 124, -1,
      123, 124, 125, -1,
      125, 124, 126, -1,
      125, 126, 127, -1,
      127, 126, 128, -1,
      127, 128, 129, -1,
      129, 128, 130, -1,
      129, 130, 131, -1,
      131, 130, 132, -1,
      131, 132, 133, -1,
      133, 132, 134, -1,
      133, 134, 135, -1,
      135, 134, 136, -1,
      135, 136, 137, -1,
      137, 136, 138, -1,
      137, 138, 139, -1,
      139, 138, 140, -1,
      139, 140, 141, -1,
      141, 140, 142, -1,
      141, 142, 143, -1,
      143, 142, 144, -1,
      143, 144, 145, -1,
      145, 144, 146, -1,
      145, 146, 147, -1,
      148, 147, 149, -1,
      149, 147, 146, -1,
      101, 148, 103, -1,
      103, 148, 149, -1,
      148, 101, 147, -1,
      147, 101, 100, -1,
      107, 109, 129, -1,
      115, 117, 119, -1,
      123, 125, 113, -1,
      131, 133, 100, -1,
      100, 133, 135, -1,
      131, 100, 129, -1,
      129, 100, 105, -1,
      129, 105, 107, -1,
      115, 119, 113, -1,
      113, 119, 121, -1,
      113, 121, 123, -1,
      109, 111, 129, -1,
      129, 111, 113, -1,
      129, 113, 127, -1,
      127, 113, 125, -1,
      135, 137, 100, -1,
      100, 137, 139, -1,
      100, 139, 141, -1,
      141, 143, 100, -1,
      100, 143, 145, -1,
      100, 145, 147, -1,
      103, 149, 102, -1,
      102, 149, 146, -1,
      126, 124, 102, -1,
      134, 132, 102, -1,
      132, 130, 102, -1,
      102, 130, 128, -1,
      102, 128, 126, -1,
      146, 144, 102, -1,
      102, 144, 142, -1,
      102, 142, 140, -1,
      140, 138, 102, -1,
      102, 138, 136, -1,
      102, 136, 134, -1,
      124, 122, 102, -1,
      102, 122, 120, -1,
      102, 120, 118, -1,
      102, 112, 110, -1,
      110, 108, 102, -1,
      102, 108, 106, -1,
      102, 106, 104, -1,
      118, 116, 102, -1,
      102, 116, 114, -1,
      102, 114, 112, -1,
      150, 151, 152, -1,
      152, 151, 153, -1,
      150, 152, 154, -1,
      150, 154, 155, -1,
      155, 154, 156, -1,
      155, 156, 157, -1,
      157, 156, 158, -1,
      157, 158, 159, -1,
      159, 158, 160, -1,
      159, 160, 161, -1,
      161, 160, 162, -1,
      161, 162, 163, -1,
      163, 162, 164, -1,
      163, 164, 165, -1,
      165, 164, 166, -1,
      165, 166, 167, -1,
      167, 166, 168, -1,
      167, 168, 169, -1,
      169, 168, 170, -1,
      169, 170, 171, -1,
      171, 170, 172, -1,
      171, 172, 173, -1,
      173, 172, 174, -1,
      173, 174, 175, -1,
      175, 174, 176, -1,
      175, 176, 177, -1,
      177, 176, 178, -1,
      177, 178, 179, -1,
      179, 178, 180, -1,
      179, 180, 181, -1,
      181, 180, 182, -1,
      181, 182, 183, -1,
      183, 182, 184, -1,
      183, 184, 185, -1,
      185, 184, 186, -1,
      185, 186, 187, -1,
      187, 186, 188, -1,
      187, 188, 189, -1,
      189, 188, 190, -1,
      189, 190, 191, -1,
      191, 190, 192, -1,
      191, 192, 193, -1,
      193, 192, 194, -1,
      193, 194, 195, -1,
      195, 194, 196, -1,
      195, 196, 197, -1,
      198, 197, 199, -1,
      199, 197, 196, -1,
      151, 198, 153, -1,
      153, 198, 199, -1,
      179, 181, 150, -1,
      179, 150, 177, -1,
      181, 183, 150, -1,
      150, 183, 185, -1,
      150, 185, 187, -1,
      187, 189, 150, -1,
      150, 189, 191, -1,
      150, 191, 193, -1,
      198, 151, 197, -1,
      197, 151, 150, -1,
      197, 150, 195, -1,
      195, 150, 193, -1,
      165, 167, 150, -1,
      150, 167, 169, -1,
      150, 169, 171, -1,
      157, 159, 155, -1,
      155, 159, 161, -1,
      155, 161, 150, -1,
      150, 161, 163, -1,
      150, 163, 165, -1,
      171, 173, 150, -1,
      150, 173, 175, -1,
      150, 175, 177, -1,
      152, 153, 199, -1,
      199, 196, 152, -1,
      152, 196, 194, -1,
      152, 194, 192, -1,
      192, 190, 152, -1,
      152, 190, 188, -1,
      152, 188, 186, -1,
      186, 184, 152, -1,
      152, 184, 182, -1,
      152, 182, 180, -1,
      180, 178, 152, -1,
      152, 178, 176, -1,
      152, 176, 174, -1,
      164, 152, 166, -1,
      166, 152, 168, -1,
      174, 172, 152, -1,
      152, 172, 170, -1,
      152, 170, 168, -1,
      164, 162, 152, -1,
      152, 162, 160, -1,
      152, 160, 154, -1,
      154, 160, 158, -1,
      154, 158, 156, -1,
      200, 201, 202, -1,
      202, 201, 203, -1,
      200, 202, 204, -1,
      200, 204, 205, -1,
      205, 204, 206, -1,
      205, 206, 207, -1,
      207, 206, 208, -1,
      207, 208, 209, -1,
      209, 208, 210, -1,
      209, 210, 211, -1,
      211, 210, 212, -1,
      211, 212, 213, -1,
      213, 212, 214, -1,
      213, 214, 215, -1,
      215, 214, 216, -1,
      215, 216, 217, -1,
      217, 216, 218, -1,
      217, 218, 219, -1,
      219, 218, 220, -1,
      219, 220, 221, -1,
      221, 220, 222, -1,
      221, 222, 223, -1,
      223, 222, 224, -1,
      223, 224, 225, -1,
      225, 224, 226, -1,
      225, 226, 227, -1,
      227, 226, 228, -1,
      227, 228, 229, -1,
      229, 228, 230, -1,
      229, 230, 231, -1,
      231, 230, 232, -1,
      231, 232, 233, -1,
      233, 232, 234, -1,
      233, 234, 235, -1,
      235, 234, 236, -1,
      235, 236, 237, -1,
      237, 236, 238, -1,
      237, 238, 239, -1,
      239, 238, 240, -1,
      239, 240, 241, -1,
      241, 240, 242, -1,
      241, 242, 243, -1,
      243, 242, 244, -1,
      243, 244, 245, -1,
      245, 244, 246, -1,
      245, 246, 247, -1,
      248, 247, 249, -1,
      249, 247, 246, -1,
      201, 248, 203, -1,
      203, 248, 249, -1,
      248, 201, 247, -1,
      247, 201, 200, -1,
      247, 200, 245, -1,
      213, 215, 200, -1,
      200, 205, 207, -1,
      215, 217, 200, -1,
      200, 217, 219, -1,
      200, 219, 221, -1,
      227, 229, 200, -1,
      200, 229, 231, -1,
      200, 231, 233, -1,
      207, 209, 200, -1,
      200, 209, 211, -1,
      200, 211, 213, -1,
      221, 223, 200, -1,
      200, 223, 225, -1,
      200, 225, 227, -1,
      233, 235, 200, -1,
      200, 235, 237, -1,
      200, 237, 239, -1,
      239, 241, 200, -1,
      200, 241, 243, -1,
      200, 243, 245, -1,
      242, 240, 238, -1,
      236, 234, 246, -1,
      246, 234, 232, -1,
      246, 232, 230, -1,
      218, 216, 246, -1,
      246, 216, 214, -1,
      246, 214, 212, -1,
      236, 246, 238, -1,
      238, 246, 244, -1,
      238, 244, 242, -1,
      230, 228, 246, -1,
      246, 228, 226, -1,
      246, 226, 224, -1,
      224, 222, 246, -1,
      246, 222, 220, -1,
      246, 220, 218, -1,
      212, 210, 246, -1,
      246, 210, 208, -1,
      246, 208, 206, -1,
      203, 249, 202, -1,
      202, 249, 246, -1,
      202, 246, 204, -1,
      204, 246, 206, -1,
      250, 251, 252, -1,
      252, 251, 253, -1,
      250, 252, 254, -1,
      250, 254, 255, -1,
      255, 254, 256, -1,
      255, 256, 257, -1,
      257, 256, 258, -1,
      257, 258, 259, -1,
      259, 258, 260, -1,
      259, 260, 261, -1,
      261, 260, 262, -1,
      261, 262, 263, -1,
      263, 262, 264, -1,
      263, 264, 265, -1,
      265, 264, 266, -1,
      265, 266, 267, -1,
      267, 266, 268, -1,
      267, 268, 269, -1,
      269, 268, 270, -1,
      269, 270, 271, -1,
      271, 270, 272, -1,
      271, 272, 273, -1,
      273, 272, 274, -1,
      273, 274, 275, -1,
      275, 274, 276, -1,
      275, 276, 277, -1,
      277, 276, 278, -1,
      277, 278, 279, -1,
      279, 278, 280, -1,
      279, 280, 281, -1,
      281, 280, 282, -1,
      281, 282, 283, -1,
      283, 282, 284, -1,
      283, 284, 285, -1,
      285, 284, 286, -1,
      285, 286, 287, -1,
      287, 286, 288, -1,
      287, 288, 289, -1,
      289, 288, 290, -1,
      289, 290, 291, -1,
      291, 290, 292, -1,
      291, 292, 293, -1,
      293, 292, 294, -1,
      293, 294, 295, -1,
      295, 294, 296, -1,
      295, 296, 297, -1,
      298, 297, 299, -1,
      299, 297, 296, -1,
      251, 298, 253, -1,
      253, 298, 299, -1,
      297, 298, 251, -1,
      251, 250, 297, -1,
      297, 250, 255, -1,
      297, 255, 257, -1,
      257, 259, 297, -1,
      297, 259, 261, -1,
      297, 261, 263, -1,
      263, 265, 297, -1,
      297, 265, 267, -1,
      297, 267, 269, -1,
      269, 271, 297, -1,
      297, 271, 273, -1,
      297, 273, 275, -1,
      285, 297, 283, -1,
      283, 297, 281, -1,
      275, 277, 297, -1,
      297, 277, 279, -1,
      297, 279, 281, -1,
      285, 287, 297, -1,
      297, 287, 289, -1,
      297, 289, 295, -1,
      295, 289, 291, -1,
      295, 291, 293, -1,
      270, 268, 296, -1,
      270, 296, 272, -1,
      268, 266, 296, -1,
      296, 266, 264, -1,
      296, 264, 262, -1,
      262, 260, 296, -1,
      296, 260, 258, -1,
      296, 258, 256, -1,
      253, 299, 252, -1,
      252, 299, 296, -1,
      252, 296, 254, -1,
      254, 296, 256, -1,
      284, 282, 296, -1,
      296, 282, 280, -1,
      296, 280, 278, -1,
      292, 290, 294, -1,
      294, 290, 288, -1,
      294, 288, 296, -1,
      296, 288, 286, -1,
      296, 286, 284, -1,
      278, 276, 296, -1,
      296, 276, 274, -1,
      296, 274, 272, -1,
      300, 301, 302, -1,
      302, 301, 303, -1,
      300, 302, 304, -1,
      300, 304, 305, -1,
      305, 304, 306, -1,
      305, 306, 307, -1,
      307, 306, 308, -1,
      307, 308, 309, -1,
      309, 308, 310, -1,
      309, 310, 311, -1,
      311, 310, 312, -1,
      311, 312, 313, -1,
      313, 312, 314, -1,
      313, 314, 315, -1,
      315, 314, 316, -1,
      315, 316, 317, -1,
      317, 316, 318, -1,
      317, 318, 319, -1,
      319, 318, 320, -1,
      319, 320, 321, -1,
      321, 320, 322, -1,
      321, 322, 323, -1,
      323, 322, 324, -1,
      323, 324, 325, -1,
      325, 324, 326, -1,
      325, 326, 327, -1,
      327, 326, 328, -1,
      327, 328, 329, -1,
      329, 328, 330, -1,
      329, 330, 331, -1,
      331, 330, 332, -1,
      331, 332, 333, -1,
      333, 332, 334, -1,
      333, 334, 335, -1,
      335, 334, 336, -1,
      335, 336, 337, -1,
      337, 336, 338, -1,
      337, 338, 339, -1,
      339, 338, 340, -1,
      339, 340, 341, -1,
      341, 340, 342, -1,
      341, 342, 343, -1,
      343, 342, 344, -1,
      343, 344, 345, -1,
      345, 344, 346, -1,
      345, 346, 347, -1,
      348, 347, 349, -1,
      349, 347, 346, -1,
      301, 348, 303, -1,
      303, 348, 349, -1,
      307, 309, 335, -1,
      307, 335, 305, -1,
      339, 341, 300, -1,
      300, 341, 343, -1,
      305, 335, 300, -1,
      300, 335, 337, -1,
      300, 337, 339, -1,
      348, 301, 347, -1,
      347, 301, 300, -1,
      347, 300, 345, -1,
      345, 300, 343, -1,
      309, 311, 335, -1,
      335, 311, 313, -1,
      335, 313, 315, -1,
      315, 317, 335, -1,
      335, 317, 319, -1,
      335, 319, 321, -1,
      331, 325, 329, -1,
      329, 325, 327, -1,
      321, 323, 335, -1,
      335, 323, 325, -1,
      335, 325, 333, -1,
      333, 325, 331, -1,
      303, 349, 302, -1,
      302, 349, 346, -1,
      346, 344, 302, -1,
      302, 344, 342, -1,
      302, 342, 340, -1,
      340, 338, 302, -1,
      302, 338, 336, -1,
      302, 336, 334, -1,
      334, 332, 302, -1,
      302, 332, 330, -1,
      302, 330, 328, -1,
      306, 318, 308, -1,
      308, 318, 316, -1,
      316, 314, 308, -1,
      308, 314, 312, -1,
      308, 312, 310, -1,
      322, 320, 302, -1,
      302, 320, 318, -1,
      302, 318, 304, -1,
      304, 318, 306, -1,
      328, 326, 302, -1,
      302, 326, 324, -1,
      302, 324, 322, -1,
      350, 351, 352, -1,
      352, 351, 353, -1,
      350, 352, 354, -1,
      350, 354, 355, -1,
      355, 354, 356, -1,
      355, 356, 357, -1,
      357, 356, 358, -1,
      357, 358, 359, -1,
      359, 358, 360, -1,
      359, 360, 361, -1,
      361, 360, 362, -1,
      361, 362, 363, -1,
      363, 362, 364, -1,
      363, 364, 365, -1,
      365, 364, 366, -1,
      365, 366, 367, -1,
      367, 366, 368, -1,
      367, 368, 369, -1,
      369, 368, 370, -1,
      369, 370, 371, -1,
      371, 370, 372, -1,
      371, 372, 373, -1,
      373, 372, 374, -1,
      373, 374, 375, -1,
      375, 374, 376, -1,
      375, 376, 377, -1,
      377, 376, 378, -1,
      377, 378, 379, -1,
      379, 378, 380, -1,
      379, 380, 381, -1,
      381, 380, 382, -1,
      381, 382, 383, -1,
      383, 382, 384, -1,
      383, 384, 385, -1,
      385, 384, 386, -1,
      385, 386, 387, -1,
      387, 386, 388, -1,
      387, 388, 389, -1,
      389, 388, 390, -1,
      389, 390, 391, -1,
      391, 390, 392, -1,
      391, 392, 393, -1,
      393, 392, 394, -1,
      393, 394, 395, -1,
      395, 394, 396, -1,
      395, 396, 397, -1,
      398, 397, 399, -1,
      399, 397, 396, -1,
      351, 398, 353, -1,
      353, 398, 399, -1,
      398, 351, 397, -1,
      397, 351, 350, -1,
      373, 375, 350, -1,
      350, 375, 377, -1,
      350, 377, 379, -1,
      359, 361, 357, -1,
      357, 361, 363, -1,
      357, 363, 355, -1,
      367, 369, 350, -1,
      350, 369, 371, -1,
      350, 371, 373, -1,
      379, 381, 350, -1,
      350, 381, 383, -1,
      350, 383, 385, -1,
      385, 387, 350, -1,
      350, 387, 389, -1,
      350, 389, 391, -1,
      355, 363, 350, -1,
      350, 363, 365, -1,
      350, 365, 367, -1,
      391, 393, 350, -1,
      350, 393, 395, -1,
      350, 395, 397, -1,
      353, 399, 352, -1,
      352, 399, 396, -1,
      352, 396, 394, -1,
      352, 388, 386, -1,
      380, 378, 352, -1,
      352, 378, 376, -1,
      352, 376, 374, -1,
      360, 358, 356, -1,
      386, 384, 352, -1,
      352, 384, 382, -1,
      352, 382, 380, -1,
      374, 372, 352, -1,
      352, 372, 370, -1,
      352, 370, 368, -1,
      360, 356, 362, -1,
      362, 356, 354, -1,
      362, 354, 352, -1,
      394, 392, 352, -1,
      352, 392, 390, -1,
      352, 390, 388, -1,
      368, 366, 352, -1,
      352, 366, 364, -1,
      352, 364, 362, -1,
      400, 401, 402, -1,
      402, 401, 403, -1,
      400, 402, 404, -1,
      400, 404, 405, -1,
      405, 404, 406, -1,
      405, 406, 407, -1,
      407, 406, 408, -1,
      407, 408, 409, -1,
      409, 408, 410, -1,
      409, 410, 411, -1,
      411, 410, 412, -1,
      411, 412, 413, -1,
      413, 412, 414, -1,
      413, 414, 415, -1,
      415, 414, 416, -1,
      415, 416, 417, -1,
      417, 416, 418, -1,
      417, 418, 419, -1,
      419, 418, 420, -1,
      419, 420, 421, -1,
      421, 420, 422, -1,
      421, 422, 423, -1,
      423, 422, 424, -1,
      423, 424, 425, -1,
      425, 424, 426, -1,
      425, 426, 427, -1,
      427, 426, 428, -1,
      427, 428, 429, -1,
      429, 428, 430, -1,
      429, 430, 431, -1,
      431, 430, 432, -1,
      431, 432, 433, -1,
      433, 432, 434, -1,
      433, 434, 435, -1,
      435, 434, 436, -1,
      435, 436, 437, -1,
      437, 436, 438, -1,
      437, 438, 439, -1,
      439, 438, 440, -1,
      439, 440, 441, -1,
      441, 440, 442, -1,
      441, 442, 443, -1,
      443, 442, 444, -1,
      443, 444, 445, -1,
      445, 444, 446, -1,
      445, 446, 447, -1,
      448, 447, 449, -1,
      449, 447, 446, -1,
      401, 448, 403, -1,
      403, 448, 449, -1,
      448, 401, 447, -1,
      447, 401, 400, -1,
      407, 409, 429, -1,
      415, 417, 419, -1,
      423, 425, 413, -1,
      431, 433, 400, -1,
      400, 433, 435, -1,
      431, 400, 429, -1,
      429, 400, 405, -1,
      429, 405, 407, -1,
      415, 419, 413, -1,
      413, 419, 421, -1,
      413, 421, 423, -1,
      409, 411, 429, -1,
      429, 411, 413, -1,
      429, 413, 427, -1,
      427, 413, 425, -1,
      435, 437, 400, -1,
      400, 437, 439, -1,
      400, 439, 441, -1,
      441, 443, 400, -1,
      400, 443, 445, -1,
      400, 445, 447, -1,
      403, 449, 402, -1,
      402, 449, 446, -1,
      426, 424, 402, -1,
      434, 432, 402, -1,
      432, 430, 402, -1,
      402, 430, 428, -1,
      402, 428, 426, -1,
      446, 444, 402, -1,
      402, 444, 442, -1,
      402, 442, 440, -1,
      440, 438, 402, -1,
      402, 438, 436, -1,
      402, 436, 434, -1,
      424, 422, 402, -1,
      402, 422, 420, -1,
      402, 420, 418, -1,
      402, 412, 410, -1,
      410, 408, 402, -1,
      402, 408, 406, -1,
      402, 406, 404, -1,
      418, 416, 402, -1,
      402, 416, 414, -1,
      402, 414, 412, -1,
      450, 451, 452, -1,
      452, 451, 453, -1,
      450, 452, 454, -1,
      450, 454, 455, -1,
      455, 454, 456, -1,
      455, 456, 457, -1,
      457, 456, 458, -1,
      457, 458, 459, -1,
      459, 458, 460, -1,
      459, 460, 461, -1,
      461, 460, 462, -1,
      461, 462, 463, -1,
      463, 462, 464, -1,
      463, 464, 465, -1,
      465, 464, 466, -1,
      465, 466, 467, -1,
      467, 466, 468, -1,
      467, 468, 469, -1,
      469, 468, 470, -1,
      469, 470, 471, -1,
      471, 470, 472, -1,
      471, 472, 473, -1,
      473, 472, 474, -1,
      473, 474, 475, -1,
      475, 474, 476, -1,
      475, 476, 477, -1,
      477, 476, 478, -1,
      477, 478, 479, -1,
      479, 478, 480, -1,
      479, 480, 481, -1,
      481, 480, 482, -1,
      481, 482, 483, -1,
      483, 482, 484, -1,
      483, 484, 485, -1,
      485, 484, 486, -1,
      485, 486, 487, -1,
      487, 486, 488, -1,
      487, 488, 489, -1,
      489, 488, 490, -1,
      489, 490, 491, -1,
      491, 490, 492, -1,
      491, 492, 493, -1,
      493, 492, 494, -1,
      493, 494, 495, -1,
      495, 494, 496, -1,
      495, 496, 497, -1,
      498, 497, 499, -1,
      499, 497, 496, -1,
      451, 498, 453, -1,
      453, 498, 499, -1,
      498, 451, 497, -1,
      497, 451, 450, -1,
      450, 455, 497, -1,
      497, 455, 457, -1,
      497, 457, 459, -1,
      459, 461, 497, -1,
      497, 461, 463, -1,
      497, 463, 465, -1,
      465, 467, 497, -1,
      497, 467, 469, -1,
      497, 469, 471, -1,
      493, 481, 491, -1,
      491, 481, 483, -1,
      483, 485, 491, -1,
      491, 485, 487, -1,
      491, 487, 489, -1,
      477, 479, 497, -1,
      497, 479, 481, -1,
      497, 481, 495, -1,
      495, 481, 493, -1,
      471, 473, 497, -1,
      497, 473, 475, -1,
      497, 475, 477, -1,
      492, 490, 464, -1,
      492, 464, 494, -1,
      460, 458, 496, -1,
      496, 458, 456, -1,
      494, 464, 496, -1,
      496, 464, 462, -1,
      496, 462, 460, -1,
      453, 499, 452, -1,
      452, 499, 496, -1,
      452, 496, 454, -1,
      454, 496, 456, -1,
      490, 488, 464, -1,
      464, 488, 486, -1,
      464, 486, 484, -1,
      484, 482, 464, -1,
      464, 482, 480, -1,
      464, 480, 478, -1,
      468, 474, 470, -1,
      470, 474, 472, -1,
      478, 476, 464, -1,
      464, 476, 474, -1,
      464, 474, 466, -1,
      466, 474, 468, -1,
      500, 501, 502, -1,
      502, 501, 503, -1,
      500, 502, 504, -1,
      500, 504, 505, -1,
      505, 504, 506, -1,
      505, 506, 507, -1,
      507, 506, 508, -1,
      507, 508, 509, -1,
      509, 508, 510, -1,
      509, 510, 511, -1,
      511, 510, 512, -1,
      511, 512, 513, -1,
      513, 512, 514, -1,
      513, 514, 515, -1,
      515, 514, 516, -1,
      515, 516, 517, -1,
      517, 516, 518, -1,
      517, 518, 519, -1,
      519, 518, 520, -1,
      519, 520, 521, -1,
      521, 520, 522, -1,
      521, 522, 523, -1,
      523, 522, 524, -1,
      523, 524, 525, -1,
      525, 524, 526, -1,
      525, 526, 527, -1,
      527, 526, 528, -1,
      527, 528, 529, -1,
      529, 528, 530, -1,
      529, 530, 531, -1,
      531, 530, 532, -1,
      531, 532, 533, -1,
      533, 532, 534, -1,
      533, 534, 535, -1,
      535, 534, 536, -1,
      535, 536, 537, -1,
      537, 536, 538, -1,
      537, 538, 539, -1,
      539, 538, 540, -1,
      539, 540, 541, -1,
      541, 540, 542, -1,
      541, 542, 543, -1,
      543, 542, 544, -1,
      543, 544, 545, -1,
      545, 544, 546, -1,
      545, 546, 547, -1,
      548, 547, 549, -1,
      549, 547, 546, -1,
      501, 548, 503, -1,
      503, 548, 549, -1,
      529, 531, 500, -1,
      529, 500, 527, -1,
      531, 533, 500, -1,
      500, 533, 535, -1,
      500, 535, 537, -1,
      537, 539, 500, -1,
      500, 539, 541, -1,
      500, 541, 543, -1,
      548, 501, 547, -1,
      547, 501, 500, -1,
      547, 500, 545, -1,
      545, 500, 543, -1,
      515, 517, 500, -1,
      500, 517, 519, -1,
      500, 519, 521, -1,
      507, 509, 505, -1,
      505, 509, 511, -1,
      505, 511, 500, -1,
      500, 511, 513, -1,
      500, 513, 515, -1,
      521, 523, 500, -1,
      500, 523, 525, -1,
      500, 525, 527, -1,
      502, 503, 549, -1,
      549, 546, 502, -1,
      502, 546, 544, -1,
      502, 544, 542, -1,
      542, 540, 502, -1,
      502, 540, 538, -1,
      502, 538, 536, -1,
      536, 534, 502, -1,
      502, 534, 532, -1,
      502, 532, 530, -1,
      530, 528, 502, -1,
      502, 528, 526, -1,
      502, 526, 524, -1,
      514, 502, 516, -1,
      516, 502, 518, -1,
      524, 522, 502, -1,
      502, 522, 520, -1,
      502, 520, 518, -1,
      514, 512, 502, -1,
      502, 512, 510, -1,
      502, 510, 504, -1,
      504, 510, 508, -1,
      504, 508, 506, -1,
      550, 551, 552, -1,
      552, 551, 553, -1,
      550, 552, 554, -1,
      550, 554, 555, -1,
      555, 554, 556, -1,
      555, 556, 557, -1,
      557, 556, 558, -1,
      557, 558, 559, -1,
      559, 558, 560, -1,
      559, 560, 561, -1,
      561, 560, 562, -1,
      561, 562, 563, -1,
      563, 562, 564, -1,
      563, 564, 565, -1,
      565, 564, 566, -1,
      565, 566, 567, -1,
      567, 566, 568, -1,
      567, 568, 569, -1,
      569, 568, 570, -1,
      569, 570, 571, -1,
      571, 570, 572, -1,
      571, 572, 573, -1,
      573, 572, 574, -1,
      573, 574, 575, -1,
      575, 574, 576, -1,
      575, 576, 577, -1,
      577, 576, 578, -1,
      577, 578, 579, -1,
      579, 578, 580, -1,
      579, 580, 581, -1,
      581, 580, 582, -1,
      581, 582, 583, -1,
      583, 582, 584, -1,
      583, 584, 585, -1,
      585, 584, 586, -1,
      585, 586, 587, -1,
      587, 586, 588, -1,
      587, 588, 589, -1,
      589, 588, 590, -1,
      589, 590, 591, -1,
      591, 590, 592, -1,
      591, 592, 593, -1,
      593, 592, 594, -1,
      593, 594, 595, -1,
      595, 594, 596, -1,
      595, 596, 597, -1,
      598, 597, 599, -1,
      599, 597, 596, -1,
      551, 598, 553, -1,
      553, 598, 599, -1,
      598, 551, 597, -1,
      597, 551, 550, -1,
      597, 550, 595, -1,
      563, 565, 550, -1,
      550, 555, 557, -1,
      565, 567, 550, -1,
      550, 567, 569, -1,
      550, 569, 571, -1,
      577, 579, 550, -1,
      550, 579, 581, -1,
      550, 581, 583, -1,
      557, 559, 550, -1,
      550, 559, 561, -1,
      550, 561, 563, -1,
      571, 573, 550, -1,
      550, 573, 575, -1,
      550, 575, 577, -1,
      583, 585, 550, -1,
      550, 585, 587, -1,
      550, 587, 589, -1,
      589, 591, 550, -1,
      550, 591, 593, -1,
      550, 593, 595, -1,
      586, 584, 596, -1,
      570, 568, 596, -1,
      592, 590, 588, -1,
      570, 596, 572, -1,
      584, 582, 596, -1,
      596, 582, 580, -1,
      596, 580, 578, -1,
      586, 596, 588, -1,
      588, 596, 594, -1,
      588, 594, 592, -1,
      578, 576, 596, -1,
      596, 576, 574, -1,
      596, 574, 572, -1,
      568, 566, 596, -1,
      596, 566, 564, -1,
      596, 564, 562, -1,
      562, 560, 596, -1,
      596, 560, 558, -1,
      596, 558, 556, -1,
      553, 599, 552, -1,
      552, 599, 596, -1,
      552, 596, 554, -1,
      554, 596, 556, -1,
      600, 601, 602, -1,
      602, 601, 603, -1,
      600, 602, 604, -1,
      600, 604, 605, -1,
      605, 604, 606, -1,
      605, 606, 607, -1,
      607, 606, 608, -1,
      607, 608, 609, -1,
      609, 608, 610, -1,
      609, 610, 611, -1,
      611, 610, 612, -1,
      611, 612, 613, -1,
      613, 612, 614, -1,
      613, 614, 615, -1,
      615, 614, 616, -1,
      615, 616, 617, -1,
      617, 616, 618, -1,
      617, 618, 619, -1,
      619, 618, 620, -1,
      619, 620, 621, -1,
      621, 620, 622, -1,
      621, 622, 623, -1,
      623, 622, 624, -1,
      623, 624, 625, -1,
      625, 624, 626, -1,
      625, 626, 627, -1,
      627, 626, 628, -1,
      627, 628, 629, -1,
      629, 628, 630, -1,
      629, 630, 631, -1,
      631, 630, 632, -1,
      631, 632, 633, -1,
      633, 632, 634, -1,
      633, 634, 635, -1,
      635, 634, 636, -1,
      635, 636, 637, -1,
      637, 636, 638, -1,
      637, 638, 639, -1,
      639, 638, 640, -1,
      639, 640, 641, -1,
      641, 640, 642, -1,
      641, 642, 643, -1,
      643, 642, 644, -1,
      643, 644, 645, -1,
      645, 644, 646, -1,
      645, 646, 647, -1,
      648, 647, 649, -1,
      649, 647, 646, -1,
      601, 648, 603, -1,
      603, 648, 649, -1,
      647, 648, 601, -1,
      601, 600, 647, -1,
      647, 600, 605, -1,
      647, 605, 607, -1,
      607, 609, 647, -1,
      647, 609, 611, -1,
      647, 611, 613, -1,
      613, 615, 647, -1,
      647, 615, 617, -1,
      647, 617, 619, -1,
      619, 621, 647, -1,
      647, 621, 623, -1,
      647, 623, 625, -1,
      635, 647, 633, -1,
      633, 647, 631, -1,
      625, 627, 647, -1,
      647, 627, 629, -1,
      647, 629, 631, -1,
      635, 637, 647, -1,
      647, 637, 639, -1,
      647, 639, 645, -1,
      645, 639, 641, -1,
      645, 641, 643, -1,
      620, 618, 646, -1,
      620, 646, 622, -1,
      618, 616, 646, -1,
      646, 616, 614, -1,
      646, 614, 612, -1,
      612, 610, 646, -1,
      646, 610, 608, -1,
      646, 608, 606, -1,
      603, 649, 602, -1,
      602, 649, 646, -1,
      602, 646, 604, -1,
      604, 646, 606, -1,
      634, 632, 646, -1,
      646, 632, 630, -1,
      646, 630, 628, -1,
      642, 640, 644, -1,
      644, 640, 638, -1,
      644, 638, 646, -1,
      646, 638, 636, -1,
      646, 636, 634, -1,
      628, 626, 646, -1,
      646, 626, 624, -1,
      646, 624, 622, -1,
      650, 651, 652, -1,
      652, 651, 653, -1,
      650, 652, 654, -1,
      650, 654, 655, -1,
      655, 654, 656, -1,
      655, 656, 657, -1,
      657, 656, 658, -1,
      657, 658, 659, -1,
      659, 658, 660, -1,
      659, 660, 661, -1,
      661, 660, 662, -1,
      661, 662, 663, -1,
      663, 662, 664, -1,
      663, 664, 665, -1,
      665, 664, 666, -1,
      665, 666, 667, -1,
      667, 666, 668, -1,
      667, 668, 669, -1,
      669, 668, 670, -1,
      669, 670, 671, -1,
      671, 670, 672, -1,
      671, 672, 673, -1,
      673, 672, 674, -1,
      673, 674, 675, -1,
      675, 674, 676, -1,
      675, 676, 677, -1,
      677, 676, 678, -1,
      677, 678, 679, -1,
      679, 678, 680, -1,
      679, 680, 681, -1,
      681, 680, 682, -1,
      681, 682, 683, -1,
      683, 682, 684, -1,
      683, 684, 685, -1,
      685, 684, 686, -1,
      685, 686, 687, -1,
      687, 686, 688, -1,
      687, 688, 689, -1,
      689, 688, 690, -1,
      689, 690, 691, -1,
      691, 690, 692, -1,
      691, 692, 693, -1,
      693, 692, 694, -1,
      693, 694, 695, -1,
      695, 694, 696, -1,
      695, 696, 697, -1,
      698, 697, 699, -1,
      699, 697, 696, -1,
      651, 698, 653, -1,
      653, 698, 699, -1,
      657, 659, 685, -1,
      657, 685, 655, -1,
      689, 691, 650, -1,
      650, 691, 693, -1,
      655, 685, 650, -1,
      650, 685, 687, -1,
      650, 687, 689, -1,
      698, 651, 697, -1,
      697, 651, 650, -1,
      697, 650, 695, -1,
      695, 650, 693, -1,
      659, 661, 685, -1,
      685, 661, 663, -1,
      685, 663, 665, -1,
      665, 667, 685, -1,
      685, 667, 669, -1,
      685, 669, 671, -1,
      681, 675, 679, -1,
      679, 675, 677, -1,
      671, 673, 685, -1,
      685, 673, 675, -1,
      685, 675, 683, -1,
      683, 675, 681, -1,
      653, 699, 652, -1,
      652, 699, 696, -1,
      696, 694, 652, -1,
      652, 694, 692, -1,
      652, 692, 690, -1,
      690, 688, 652, -1,
      652, 688, 686, -1,
      652, 686, 684, -1,
      684, 682, 652, -1,
      652, 682, 680, -1,
      652, 680, 678, -1,
      656, 668, 658, -1,
      658, 668, 666, -1,
      666, 664, 658, -1,
      658, 664, 662, -1,
      658, 662, 660, -1,
      672, 670, 652, -1,
      652, 670, 668, -1,
      652, 668, 654, -1,
      654, 668, 656, -1,
      678, 676, 652, -1,
      652, 676, 674, -1,
      652, 674, 672, -1
    ]
  }
}
