#VRML V2.0 utf8
# 3D model generated by nlbn (https://github.com/linkyourbin/nlbn)

Shape {
  appearance Appearance {
    material Material {
      diffuseColor 0.25098039215686274 0.25098039215686274 0.25098039215686274
      specularColor 0.12549019607843137 0.12549019607843137 0.12549019607843137
      ambientIntensity 0.2
      transparency 0
      shininess 0.5
    }
  }
  geometry IndexedFaceSet {
    ccw TRUE
    solid FALSE
    coord DEF co Coordinate {
      point [
        -0.2928 -0.4227 0.2874,         -0.2928 -0.0190 0.2874,         -0.2950 -0.0190 0.2874,         -0.2522 -0.5190 0.2874,         -0.2538 -0.5192 0.2874,         -0.2445 -0.5192 0.2874,         -0.2809 -0.4230 0.2874,         -0.2781 -0.4227 0.2874,         -0.2713 -0.4601 0.2874,         -0.2737 -0.4604 0.2874,         -0.2614 -0.4604 0.2874,         -0.3849 -0.4618 0.2874,         -0.3852 -0.4604 0.2874,         -0.4750 -0.4604 0.2874,         -0.5139 -0.4740 0.2874,         -0.5134 -0.4712 0.2874,         -0.5906 -0.4712 0.2874,         -0.3626 -0.4520 0.2874,         -0.3555 -0.4581 0.2874,         -0.3307 -0.4227 0.2874,         -0.3307 -0.4604 0.2874,         -0.3980 -0.4188 0.2874,         -0.3923 -0.4227 0.2874,         -0.3862 -0.4267 0.2874,         -0.3776 -0.4367 0.2874,         -0.3720 -0.4476 0.2874,         -0.3705 -0.4481 0.2874,         -0.4473 -0.4194 0.2874,         -0.4750 -0.0190 0.2874,         -0.4527 -0.4227 0.2874,         -0.4750 -0.4227 0.2874,         -0.4537 -0.4233 0.2874,         -0.4112 -0.4142 0.2874,         -0.3307 -0.0190 0.2874,         -0.4221 -0.4130 0.2874,         -0.4352 -0.4147 0.2874,         -0.4714 -0.4344 0.2874,         -0.4683 -0.4346 0.2874,         -0.4599 -0.4286 0.2874,         -0.4653 -0.4349 0.2874,         -0.5017 -0.4470 0.2874,         -0.4993 -0.4449 0.2874,         -0.5906 -0.4227 0.2874,         -0.4905 -0.4389 0.2874,         -0.4806 -0.4354 0.2874,         -0.4750 -0.4348 0.2874,         -0.5906 -0.4604 0.2874,         -0.5119 -0.4636 0.2874,         -0.5103 -0.4604 0.2874,         -0.5074 -0.4543 0.2874,         -0.4819 -0.5185 0.2874,         -0.4864 -0.5170 0.2874,         -0.5906 -0.5192 0.2874,         -0.4958 -0.5121 0.2874,         -0.5030 -0.5058 0.2874,         -0.5040 -0.5047 0.2874,         -0.5095 -0.4962 0.2874,         -0.5130 -0.4863 0.2874,         -0.5140 -0.4771 0.2874,         -0.4750 -0.5292 0.2874,         -0.4753 -0.5289 0.2874,         -0.5906 -0.5339 0.2874,         -0.4793 -0.5241 0.2874,         -0.4816 -0.5192 0.2874,         -0.4750 -0.5906 0.2874,         -0.4505 -0.5356 0.2874,         -0.4569 -0.5364 0.2874,         -0.4579 -0.5364 0.2874,         -0.4641 -0.5354 0.2874,         -0.4750 -0.5339 0.2874,         -0.4678 -0.5339 0.2874,         -0.4702 -0.5328 0.2874,         -0.4322 -0.5192 0.2874,         -0.4322 -0.5192 0.2874,         -0.3307 -0.5339 0.2874,         -0.4353 -0.5251 0.2874,         -0.4394 -0.5297 0.2874,         -0.4446 -0.5333 0.2874,         -0.4459 -0.5339 0.2874,         -0.3557 -0.5071 0.2874,         -0.3631 -0.5134 0.2874,         -0.3307 -0.5192 0.2874,         -0.4417 -0.4882 0.2874,         -0.4371 -0.4924 0.2874,         -0.4018 -0.4739 0.2874,         -0.3506 -0.5002 0.2874,         -0.3624 -0.4801 0.2874,         -0.3636 -0.4750 0.2874,         -0.3656 -0.4712 0.2874,         -0.4750 -0.4712 0.2874,         -0.4750 -0.4909 0.2874,         -0.4743 -0.4901 0.2874,         -0.4690 -0.4864 0.2874,         -0.4631 -0.4842 0.2874,         -0.3966 -0.5029 0.2874,         -0.3936 -0.4879 0.2874,         -0.3984 -0.5036 0.2874,         -0.4001 -0.5047 0.2874,         -0.3965 -0.5188 0.2874,         -0.3982 -0.5182 0.2874,         -0.4000 -0.5170 0.2874,         -0.4008 -0.5162 0.2874,         -0.4569 -0.4834 0.2874,         -0.4536 -0.4836 0.2874,         -0.4473 -0.4852 0.2874,         -0.3712 -0.5172 0.2874,         -0.3796 -0.5190 0.2874,         -0.3952 -0.5190 0.2874,         -0.3947 -0.5027 0.2874,         -0.3944 -0.5027 0.2874,         -0.3936 -0.5028 0.2874,         -0.3470 -0.4737 0.2874,         -0.3459 -0.4821 0.2874,         -0.3307 -0.4712 0.2874,         -0.3459 -0.4832 0.2874,         -0.3472 -0.4919 0.2874,         -0.4028 -0.5108 0.2874,         -0.4028 -0.5101 0.2874,         -0.4305 -0.5074 0.2874,         -0.4024 -0.5081 0.2874,         -0.4014 -0.5062 0.2874,         -0.4019 -0.5145 0.2874,         -0.4026 -0.5127 0.2874,         -0.4306 -0.5127 0.2874,         -0.4305 -0.5100 0.2874,         -0.3676 -0.4963 0.2874,         -0.3647 -0.4922 0.2874,         -0.3629 -0.4875 0.2874,         -0.3622 -0.4824 0.2874,         -0.3931 -0.5029 0.2874,         -0.3812 -0.5029 0.2874,         -0.3765 -0.5020 0.2874,         -0.3719 -0.4999 0.2874,         -0.3680 -0.4967 0.2874,         -0.4816 -0.5008 0.2874,         -0.4787 -0.4951 0.2874,         -0.4874 -0.4973 0.2874,         -0.4921 -0.4924 0.2874,         -0.4974 -0.4766 0.2874,         -0.4971 -0.4806 0.2874,         -0.4953 -0.4870 0.2874,         -0.4917 -0.4604 0.2874,         -0.4944 -0.4643 0.2874,         -0.4967 -0.4702 0.2874,         -0.4968 -0.4712 0.2874,         -0.4862 -0.4550 0.2874,         -0.4908 -0.4591 0.2874,         -0.4803 -0.4519 0.2874,         -0.3899 -0.4471 0.2874,         -0.3956 -0.4398 0.2874,         -0.4571 -0.4542 0.2874,         -0.3975 -0.4380 0.2874,         -0.4050 -0.4329 0.2874,         -0.4133 -0.4299 0.2874,         -0.4591 -0.4531 0.2874,         -0.4650 -0.4510 0.2874,         -0.4711 -0.4502 0.2874,         -0.4738 -0.4503 0.2874,         -0.4750 -0.4506 0.2874,         -0.3861 -0.4557 0.2874,         -0.4218 -0.4289 0.2874,         -0.4228 -0.4289 0.2874,         -0.4534 -0.4462 0.2874,         -0.4316 -0.4301 0.2874,         -0.4476 -0.4391 0.2874,         -0.4402 -0.4337 0.2874,         -0.3828 -0.4618 0.2874,         -0.3660 -0.4705 0.2874,         -0.3691 -0.4670 0.2874,         -0.3732 -0.4642 0.2874,         -0.3778 -0.4624 0.2874,         -0.3539 -0.4604 0.2874,         -0.3502 -0.4657 0.2874,         -0.3480 -0.4712 0.2874,         -0.1758 -0.4499 0.2874,         -0.1894 -0.4499 0.2874,         -0.1721 -0.4601 0.2874,         -0.1894 -0.4604 0.2874,         -0.1668 -0.4601 0.2874,         0.5906 -0.4604 0.2874,         0.5906 -0.4227 0.2874,         -0.1809 -0.4230 0.2874,         -0.1894 -0.4227 0.2874,         -0.1913 -0.4499 0.2874,         -0.1948 -0.4601 0.2874,         -0.2012 -0.4604 0.2874,         -0.2001 -0.4601 0.2874,         -0.2012 -0.4227 0.2874,         -0.1894 -0.4320 0.2874,         -0.1860 -0.4230 0.2874,         -0.2445 -0.4434 0.2874,         -0.2545 -0.4434 0.2874,         -0.2445 -0.4558 0.2874,         -0.2545 -0.4558 0.2874,         -0.2359 -0.4227 0.2874,         -0.2445 -0.4227 0.2874,         -0.2402 -0.4230 0.2874,         -0.2445 -0.4230 0.2874,         -0.2402 -0.4273 0.2874,         -0.2394 -0.4558 0.2874,         -0.2359 -0.4604 0.2874,         -0.2394 -0.4601 0.2874,         -0.2445 -0.4604 0.2874,         -0.2413 -0.4434 0.2874,         -0.2413 -0.4391 0.2874,         -0.2445 -0.4391 0.2874,         -0.2445 -0.4273 0.2874,         -0.2545 -0.4273 0.2874,         -0.2545 -0.4391 0.2874,         -0.2593 -0.4230 0.2874,         -0.2614 -0.4227 0.2874,         -0.2593 -0.4601 0.2874,         -0.2667 -0.4239 0.2874,         -0.2706 -0.4228 0.2874,         -0.2716 -0.4227 0.2874,         -0.2445 -0.4601 0.2874,         -0.2667 -0.4289 0.2874,         -0.2674 -0.4588 0.2874,         -0.2745 -0.4564 0.2874,         -0.2704 -0.4556 0.2874,         -0.2667 -0.4539 0.2874,         -0.2667 -0.4585 0.2874,         -0.2709 -0.4272 0.2874,         -0.2755 -0.4267 0.2874,         -0.2895 -0.4419 0.2874,         -0.2876 -0.4500 0.2874,         -0.2858 -0.4525 0.2874,         -0.2851 -0.4532 0.2874,         -0.2827 -0.4549 0.2874,         -0.2800 -0.4560 0.2874,         -0.2763 -0.4564 0.2874,         -0.2856 -0.4308 0.2874,         -0.2876 -0.4336 0.2874,         -0.2830 -0.4287 0.2874,         -0.2801 -0.4274 0.2874,         -0.2769 -0.4267 0.2874,         -0.2888 -0.4368 0.2874,         -0.2671 -0.4287 0.2874,         -0.2894 -0.4433 0.2874,         -0.2888 -0.4470 0.2874,         -0.2755 -0.4224 0.2874,         -0.2614 -0.0190 0.2874,         -0.2755 -0.4224 0.2874,         -0.2928 -0.4337 0.2874,         -0.2918 -0.4313 0.2874,         -0.2891 -0.4278 0.2874,         -0.2882 -0.4270 0.2874,         -0.2848 -0.4245 0.2874,         -0.2944 -0.4403 0.2874,         -0.2936 -0.4355 0.2874,         -0.2950 -0.4227 0.2874,         -0.2928 -0.4506 0.2874,         -0.2937 -0.4483 0.2874,         -0.2950 -0.4604 0.2874,         -0.2945 -0.4422 0.2874,         -0.2867 -0.4581 0.2874,         -0.2897 -0.4556 0.2874,         -0.2928 -0.4604 0.2874,         -0.2922 -0.4522 0.2874,         -0.2770 -0.4607 0.2874,         -0.2792 -0.4606 0.2874,         -0.2928 -0.4712 0.2874,         -0.2802 -0.4604 0.2874,         -0.2832 -0.4597 0.2874,         -0.2032 -0.4477 0.2874,         -0.2050 -0.4516 0.2874,         -0.2154 -0.4227 0.2874,         -0.2154 -0.4239 0.2874,         -0.2117 -0.4252 0.2874,         -0.2154 -0.4591 0.2874,         -0.2154 -0.4604 0.2874,         -0.2116 -0.4576 0.2874,         -0.2078 -0.4549 0.2874,         -0.2078 -0.4279 0.2874,         -0.2065 -0.4292 0.2874,         -0.2042 -0.4324 0.2874,         -0.2028 -0.4359 0.2874,         -0.2022 -0.4410 0.2874,         -0.2023 -0.4434 0.2874,         -0.2218 -0.4230 0.2874,         -0.2161 -0.4236 0.2874,         -0.2158 -0.4593 0.2874,         -0.2222 -0.4601 0.2874,         -0.2324 -0.4601 0.2874,         -0.2324 -0.4230 0.2874,         -0.2785 -0.5186 0.2874,         -0.2803 -0.5192 0.2874,         -0.2745 -0.5189 0.2874,         -0.2893 -0.5063 0.2874,         -0.2886 -0.4988 0.2874,         -0.2902 -0.5076 0.2874,         -0.2909 -0.5092 0.2874,         -0.2768 -0.5175 0.2874,         -0.2856 -0.5192 0.2874,         -0.2873 -0.5185 0.2874,         -0.2928 -0.5192 0.2874,         -0.2903 -0.5155 0.2874,         -0.2909 -0.5140 0.2874,         -0.2783 -0.4957 0.2874,         -0.2799 -0.4956 0.2874,         -0.2824 -0.5031 0.2874,         -0.2879 -0.5050 0.2874,         -0.2859 -0.5040 0.2874,         -0.2854 -0.4967 0.2874,         -0.2825 -0.4958 0.2874,         -0.2889 -0.5174 0.2874,         -0.2894 -0.5169 0.2874,         -0.2615 -0.5045 0.2874,         -0.2636 -0.5131 0.2874,         -0.2614 -0.5045 0.2874,         -0.2619 -0.5142 0.2874,         -0.2614 -0.5144 0.2874,         -0.2842 -0.4924 0.2874,         -0.2876 -0.4937 0.2874,         -0.2886 -0.4942 0.2874,         -0.2745 -0.5148 0.2874,         -0.2747 -0.5148 0.2874,         -0.2754 -0.5159 0.2874,         -0.2912 -0.5118 0.2874,         -0.2911 -0.5112 0.2874,         -0.2745 -0.5020 0.2874,         -0.2747 -0.5000 0.2874,         -0.2752 -0.4983 0.2874,         -0.2757 -0.4974 0.2874,         -0.2719 -0.4947 0.2874,         -0.2710 -0.4962 0.2874,         -0.2629 -0.4965 0.2874,         -0.2703 -0.4982 0.2874,         -0.2634 -0.4980 0.2874,         -0.2795 -0.4918 0.2874,         -0.2767 -0.4920 0.2874,         -0.2747 -0.4926 0.2874,         -0.2764 -0.4966 0.2874,         -0.2772 -0.4961 0.2874,         -0.2614 -0.4712 0.2874,         -0.2621 -0.4953 0.2874,         -0.2732 -0.4935 0.2874,         -0.2622 -0.5037 0.2874,         -0.2628 -0.5029 0.2874,         -0.2699 -0.5018 0.2874,         -0.2633 -0.5015 0.2874,         -0.2636 -0.4995 0.2874,         -0.2804 -0.5192 0.2874,         -0.2614 -0.5339 0.2874,         -0.2928 -0.5339 0.2874,         -0.2828 -0.5195 0.2874,         -0.2854 -0.5192 0.2874,         -0.2636 -0.5179 0.2874,         -0.2699 -0.5189 0.2874,         -0.2614 -0.5187 0.2874,         -0.2614 -0.5192 0.2874,         -0.2603 -0.5191 0.2874,         -0.2594 -0.5192 0.2874,         -0.2564 -0.5195 0.2874,         -0.2470 -0.4930 0.2874,         -0.2470 -0.4975 0.2874,         -0.2614 -0.4947 0.2874,         -0.2606 -0.4939 0.2874,         -0.2595 -0.4932 0.2874,         -0.2459 -0.5135 0.2874,         -0.2465 -0.5150 0.2874,         -0.2474 -0.5162 0.2874,         -0.2570 -0.4922 0.2874,         -0.2533 -0.4918 0.2874,         -0.2445 -0.4712 0.2874,         -0.2500 -0.4921 0.2874,         -0.2473 -0.5073 0.2874,         -0.2464 -0.5086 0.2874,         -0.2459 -0.5099 0.2874,         -0.2457 -0.5117 0.2874,         -0.2487 -0.5174 0.2874,         -0.2498 -0.5180 0.2874,         -0.2537 -0.4956 0.2874,         -0.2551 -0.4957 0.2874,         -0.2588 -0.4991 0.2874,         -0.2563 -0.4960 0.2874,         -0.2574 -0.4965 0.2874,         -0.2587 -0.4997 0.2874,         -0.2586 -0.5005 0.2874,         -0.2582 -0.5011 0.2874,         -0.2578 -0.5016 0.2874,         -0.2561 -0.5026 0.2874,         -0.2505 -0.4959 0.2874,         -0.2533 -0.5039 0.2874,         -0.2478 -0.4970 0.2874,         -0.2515 -0.5046 0.2874,         -0.2484 -0.5063 0.2874,         -0.2581 -0.4972 0.2874,         -0.2585 -0.4977 0.2874,         -0.2587 -0.4984 0.2874,         -0.2590 -0.5153 0.2874,         -0.2565 -0.5072 0.2874,         -0.2593 -0.5060 0.2874,         -0.2560 -0.5157 0.2874,         -0.2558 -0.5157 0.2874,         -0.2535 -0.5085 0.2874,         -0.2534 -0.5154 0.2874,         -0.2505 -0.5121 0.2874,         -0.2505 -0.5115 0.2874,         -0.2522 -0.5150 0.2874,         -0.2518 -0.5147 0.2874,         -0.2512 -0.5143 0.2874,         -0.2508 -0.5137 0.2874,         -0.2506 -0.5130 0.2874,         -0.2507 -0.5108 0.2874,         -0.2511 -0.5102 0.2874,         -0.2517 -0.5096 0.2874,         -0.2227 -0.4924 0.2874,         -0.2179 -0.4924 0.2874,         -0.2154 -0.4712 0.2874,         -0.2312 -0.5123 0.2874,         -0.2306 -0.5145 0.2874,         -0.2305 -0.5145 0.2874,         -0.2359 -0.4712 0.2874,         -0.2359 -0.4988 0.2874,         -0.2299 -0.5123 0.2874,         -0.2303 -0.5136 0.2874,         -0.2359 -0.5192 0.2874,         -0.2359 -0.5113 0.2874,         -0.2433 -0.4924 0.2874,         -0.2381 -0.4924 0.2874,         -0.2329 -0.5188 0.2874,         -0.2331 -0.5192 0.2874,         -0.2350 -0.5236 0.2874,         -0.2445 -0.5339 0.2874,         -0.2423 -0.5310 0.2874,         -0.2423 -0.5268 0.2874,         -0.2414 -0.5271 0.2874,         -0.2397 -0.5274 0.2874,         -0.2388 -0.5273 0.2874,         -0.2378 -0.5270 0.2874,         -0.2369 -0.5264 0.2874,         -0.2359 -0.5305 0.2874,         -0.2373 -0.5311 0.2874,         -0.2359 -0.5339 0.2874,         -0.2393 -0.5313 0.2874,         -0.2404 -0.5313 0.2874,         -0.2360 -0.5255 0.2874,         -0.2359 -0.5252 0.2874,         -0.2154 -0.5339 0.2874,         -0.2339 -0.5292 0.2874,         -0.2355 -0.5304 0.2874,         -0.2284 -0.5192 0.2874,         -0.2299 -0.5229 0.2874,         -0.2320 -0.5270 0.2874,         -0.2012 -0.5022 0.2874,         -0.2081 -0.5022 0.2874,         -0.2012 -0.5146 0.2874,         -0.2081 -0.5146 0.2874,         -0.1938 -0.4818 0.2874,         -0.1938 -0.4861 0.2874,         -0.1894 -0.4712 0.2874,         -0.1929 -0.5146 0.2874,         -0.1894 -0.5192 0.2874,         -0.1929 -0.5189 0.2874,         -0.2012 -0.5192 0.2874,         -0.1948 -0.5022 0.2874,         -0.1948 -0.4979 0.2874,         -0.2012 -0.4979 0.2874,         -0.2012 -0.4861 0.2874,         -0.2081 -0.4861 0.2874,         -0.2081 -0.4979 0.2874,         -0.2012 -0.5189 0.2874,         -0.2129 -0.5189 0.2874,         -0.2154 -0.5192 0.2874,         -0.2129 -0.4818 0.2874,         -0.2012 -0.4818 0.2874,         -0.2012 -0.4712 0.2874,         -0.3307 0.5906 0.2874,         -0.2950 0.5906 0.2874,         -0.2928 0.5906 0.2874,         -0.2614 0.5906 0.2874,         -0.2445 -0.0190 0.2874,         -0.2445 0.5906 0.2874,         -0.2359 -0.0190 0.2874,         -0.2359 0.5906 0.2874,         -0.2154 -0.0190 0.2874,         -0.2154 0.5906 0.2874,         -0.2012 -0.0190 0.2874,         -0.2012 0.5906 0.2874,         -0.1894 -0.0190 0.2874,         -0.1894 0.5906 0.2874,         0.5906 -0.0190 0.2874,         0.5906 0.5906 0.2874,         -0.3540 0.4161 0.2874,         -0.3554 0.4055 0.2874,         -0.3595 0.3956 0.2874,         -0.3660 0.3871 0.2874,         -0.3745 0.3806 0.2874,         -0.4155 0.3806 0.2874,         -0.4240 0.3871 0.2874,         -0.4305 0.3956 0.2874,         -0.4305 0.4366 0.2874,         -0.4240 0.4451 0.2874,         -0.4750 0.5906 0.2874,         -0.4346 0.4055 0.2874,         -0.4360 0.4161 0.2874,         -0.4346 0.4267 0.2874,         -0.4155 0.4516 0.2874,         -0.4056 0.4557 0.2874,         -0.3950 0.4571 0.2874,         -0.3844 0.4557 0.2874,         -0.3745 0.4516 0.2874,         -0.3844 0.3765 0.2874,         -0.3950 0.3751 0.2874,         -0.4056 0.3765 0.2874,         -0.3660 0.4451 0.2874,         -0.3595 0.4366 0.2874,         -0.3554 0.4267 0.2874,         -0.5906 0.5906 0.2874,         -0.5906 -0.0190 0.2874,         -0.2960 -0.4558 0.2874,         -0.2960 -0.4601 0.2874,         -0.3155 -0.4601 0.2874,         -0.3155 -0.4230 0.2874,         -0.3108 -0.4230 0.2874,         -0.3108 -0.4558 0.2874,         -0.2950 -0.4712 0.2874,         -0.1484 -0.5189 0.2874,         -0.1537 -0.5189 0.2874,         0.5906 -0.4712 0.2874,         -0.1345 -0.4818 0.2874,         0.5906 -0.5192 0.2874,         -0.1204 -0.5189 0.2874,         -0.1256 -0.5189 0.2874,         -0.1294 -0.5087 0.2874,         -0.1449 -0.5087 0.2874,         -0.1568 -0.5065 0.2874,         -0.1559 -0.5022 0.2874,         -0.1396 -0.4818 0.2874,         -0.1558 -0.4999 0.2874,         -0.1564 -0.4947 0.2874,         -0.1586 -0.5104 0.2874,         -0.1614 -0.5137 0.2874,         -0.1652 -0.5164 0.2874,         -0.1859 -0.4818 0.2874,         -0.1859 -0.5189 0.2874,         -0.1757 -0.5189 0.2874,         -0.1694 -0.5181 0.2874,         -0.1614 -0.4867 0.2874,         -0.1601 -0.4880 0.2874,         -0.1578 -0.4912 0.2874,         -0.1754 -0.4818 0.2874,         -0.1697 -0.4824 0.2874,         -0.1652 -0.4841 0.2874,         -0.2950 -0.5192 0.2874,         -0.3155 -0.5189 0.2874,         -0.2956 -0.5189 0.2874,         -0.2956 -0.5146 0.2874,         -0.2964 -0.4861 0.2874,         -0.3155 -0.4818 0.2874,         -0.2964 -0.4818 0.2874,         -0.3108 -0.5022 0.2874,         -0.3108 -0.5146 0.2874,         -0.2975 -0.5022 0.2874,         -0.2975 -0.4979 0.2874,         -0.3108 -0.4979 0.2874,         -0.3108 -0.4861 0.2874,         -0.2012 -0.5339 0.2874,         -0.1894 -0.5339 0.2874,         0.5906 -0.5339 0.2874,         -0.2950 -0.5339 0.2874,         -0.3307 -0.5906 0.2874,         -0.2950 -0.5906 0.2874,         -0.2928 -0.5906 0.2874,         -0.2614 -0.5906 0.2874,         -0.2445 -0.5906 0.2874,         -0.2359 -0.5906 0.2874,         -0.2154 -0.5906 0.2874,         -0.2012 -0.5906 0.2874,         -0.1894 -0.5906 0.2874,         0.5906 -0.5906 0.2874,         -0.5906 -0.5906 0.2874,         -0.2052 -0.5906 0.1032,         -0.2052 -0.5906 0.0600,         -0.3054 -0.5906 0.0600,         -0.5906 -0.5906 0.0000,         -0.3054 -0.5906 0.1032,         0.5906 -0.5906 0.0000,         0.3769 -0.5906 0.0600,         0.3769 -0.5906 0.1032,         0.4736 -0.5906 0.1032,         0.4736 -0.5906 0.0600,         0.5906 0.3150 0.0000,         0.5906 0.1969 0.0000,         0.4331 0.3150 0.0000,         0.4331 0.1969 0.0000,         0.5906 0.0591 0.0000,         0.5906 -0.0591 0.0000,         0.4331 0.0591 0.0000,         0.4331 -0.0591 0.0000,         0.5906 -0.1969 0.0000,         0.5906 -0.3150 0.0000,         0.4331 -0.1969 0.0000,         0.4331 -0.3150 0.0000,         0.5906 0.5906 0.0000,         0.5906 0.4528 0.0000,         0.4331 0.4528 0.0000,         -0.5906 -0.4528 0.0000,         -0.4331 -0.4528 0.0000,         0.4331 -0.4528 0.0000,         0.5906 -0.4528 0.0000,         0.4331 -0.4724 0.0000,         -0.2362 -0.4724 0.0000,         -0.5906 0.4528 0.0000,         -0.5906 0.5906 0.0000,         -0.4331 0.4528 0.0000,         -0.2362 0.3543 0.0000,         -0.1181 0.4724 0.0000,         0.4331 0.4724 0.0000,         0.5906 -0.4528 0.0709,         0.5906 -0.0591 0.0709,         0.5906 -0.3150 0.0709,         0.5906 -0.1969 0.0709,         0.5906 0.0591 0.0709,         0.5906 0.1969 0.0709,         0.5906 0.4528 0.0709,         0.5906 0.3150 0.0709,         -0.5138 0.1969 0.0000,         -0.5906 0.1969 0.0000,         -0.5138 0.3150 0.0000,         -0.5906 0.3150 0.0000,         -0.5138 -0.0591 0.0000,         -0.5906 -0.0591 0.0000,         -0.5138 0.0591 0.0000,         -0.5906 0.0591 0.0000,         -0.2052 0.5906 0.1032,         -0.3054 0.5906 0.1032,         -0.2052 0.5906 0.0600,         -0.3054 0.5906 0.0600,         0.3769 0.5906 0.1032,         0.3769 0.5906 0.0600,         0.4736 0.5906 0.0600,         0.4736 0.5906 0.1032,         -0.5906 0.4528 0.0709,         -0.5906 0.3150 0.0709,         -0.5906 0.0591 0.0709,         -0.5906 -0.0591 0.0709,         -0.5906 -0.1969 0.0709,         -0.5906 0.1969 0.0709,         -0.5906 -0.4528 0.0709,         -0.5906 -0.3150 0.0709,         -0.5906 -0.3150 0.0000,         -0.5906 -0.1969 0.0000,         -0.5138 -0.3150 0.0000,         -0.5138 -0.1969 0.0000,         -0.5138 -0.1969 0.0000
      ]
    }
    coordIndex [
      0, 1, 2, -1,
      3, 4, 5, -1,
      6, 7, 0, -1,
      8, 9, 10, -1,
      11, 12, 13, -1,
      14, 15, 16, -1,
      17, 18, 19, -1,
      19, 18, 20, -1,
      21, 22, 19, -1,
      19, 22, 23, -1,
      19, 23, 24, -1,
      24, 25, 19, -1,
      19, 25, 26, -1,
      19, 26, 17, -1,
      27, 28, 29, -1,
      29, 28, 30, -1,
      29, 30, 31, -1,
      32, 33, 34, -1,
      34, 33, 28, -1,
      34, 28, 35, -1,
      35, 28, 27, -1,
      30, 36, 37, -1,
      31, 30, 38, -1,
      38, 30, 37, -1,
      38, 37, 39, -1,
      40, 41, 42, -1,
      43, 44, 30, -1,
      30, 44, 45, -1,
      30, 45, 36, -1,
      16, 15, 46, -1,
      15, 47, 46, -1,
      46, 47, 48, -1,
      46, 48, 42, -1,
      42, 48, 49, -1,
      42, 49, 40, -1,
      50, 51, 52, -1,
      51, 53, 52, -1,
      52, 53, 54, -1,
      52, 54, 55, -1,
      55, 56, 52, -1,
      52, 56, 57, -1,
      52, 57, 16, -1,
      16, 57, 58, -1,
      16, 58, 14, -1,
      59, 60, 61, -1,
      61, 60, 62, -1,
      61, 62, 52, -1,
      52, 62, 63, -1,
      52, 63, 50, -1,
      64, 65, 66, -1,
      66, 67, 64, -1,
      64, 67, 68, -1,
      64, 68, 69, -1,
      69, 68, 70, -1,
      69, 70, 71, -1,
      72, 73, 74, -1,
      74, 73, 75, -1,
      75, 76, 74, -1,
      74, 76, 77, -1,
      74, 77, 78, -1,
      79, 80, 81, -1,
      82, 83, 84, -1,
      79, 81, 85, -1,
      86, 87, 84, -1,
      84, 87, 88, -1,
      84, 88, 89, -1,
      90, 91, 89, -1,
      89, 91, 92, -1,
      89, 92, 93, -1,
      94, 95, 96, -1,
      96, 95, 97, -1,
      98, 99, 72, -1,
      72, 99, 100, -1,
      72, 100, 101, -1,
      93, 102, 89, -1,
      89, 102, 103, -1,
      89, 103, 84, -1,
      84, 103, 104, -1,
      84, 104, 82, -1,
      80, 105, 81, -1,
      81, 105, 106, -1,
      81, 106, 72, -1,
      72, 106, 107, -1,
      72, 107, 98, -1,
      94, 108, 95, -1,
      95, 108, 109, -1,
      95, 109, 110, -1,
      111, 112, 113, -1,
      113, 112, 114, -1,
      113, 114, 81, -1,
      81, 114, 115, -1,
      81, 115, 85, -1,
      116, 117, 118, -1,
      118, 117, 119, -1,
      118, 119, 95, -1,
      95, 119, 120, -1,
      95, 120, 97, -1,
      101, 121, 72, -1,
      72, 121, 122, -1,
      72, 122, 123, -1,
      123, 122, 116, -1,
      123, 116, 124, -1,
      124, 116, 118, -1,
      125, 126, 95, -1,
      95, 126, 127, -1,
      95, 127, 84, -1,
      84, 127, 128, -1,
      84, 128, 86, -1,
      110, 129, 95, -1,
      95, 129, 130, -1,
      95, 130, 131, -1,
      131, 132, 95, -1,
      95, 132, 133, -1,
      95, 133, 125, -1,
      134, 135, 136, -1,
      136, 135, 137, -1,
      89, 138, 90, -1,
      90, 138, 139, -1,
      90, 139, 135, -1,
      135, 139, 140, -1,
      135, 140, 137, -1,
      141, 142, 89, -1,
      142, 143, 89, -1,
      89, 143, 144, -1,
      89, 144, 138, -1,
      145, 146, 13, -1,
      145, 13, 147, -1,
      148, 149, 150, -1,
      149, 151, 150, -1,
      150, 151, 152, -1,
      150, 152, 153, -1,
      150, 154, 13, -1,
      13, 154, 155, -1,
      13, 155, 156, -1,
      156, 157, 13, -1,
      13, 157, 158, -1,
      13, 158, 147, -1,
      13, 12, 150, -1,
      150, 12, 159, -1,
      150, 159, 148, -1,
      153, 160, 150, -1,
      150, 160, 161, -1,
      150, 161, 162, -1,
      162, 161, 163, -1,
      162, 163, 164, -1,
      164, 163, 165, -1,
      146, 141, 13, -1,
      13, 141, 89, -1,
      13, 89, 11, -1,
      11, 89, 88, -1,
      11, 88, 166, -1,
      166, 88, 167, -1,
      167, 168, 166, -1,
      166, 168, 169, -1,
      166, 169, 170, -1,
      18, 171, 20, -1,
      20, 171, 172, -1,
      20, 172, 113, -1,
      113, 172, 173, -1,
      113, 173, 111, -1,
      174, 175, 176, -1,
      176, 175, 177, -1,
      176, 177, 178, -1,
      179, 180, 181, -1,
      181, 180, 182, -1,
      175, 183, 177, -1,
      177, 183, 184, -1,
      177, 184, 185, -1,
      185, 184, 186, -1,
      185, 186, 187, -1,
      187, 186, 188, -1,
      187, 188, 182, -1,
      182, 188, 189, -1,
      182, 189, 181, -1,
      190, 191, 192, -1,
      192, 191, 193, -1,
      194, 195, 196, -1,
      196, 195, 197, -1,
      196, 198, 194, -1,
      194, 198, 199, -1,
      194, 199, 200, -1,
      200, 199, 201, -1,
      200, 201, 202, -1,
      190, 192, 203, -1,
      203, 192, 199, -1,
      203, 199, 204, -1,
      204, 199, 198, -1,
      204, 198, 205, -1,
      198, 206, 205, -1,
      205, 206, 207, -1,
      205, 207, 208, -1,
      197, 195, 209, -1,
      209, 195, 210, -1,
      209, 210, 211, -1,
      212, 210, 213, -1,
      213, 210, 214, -1,
      201, 215, 202, -1,
      202, 215, 211, -1,
      202, 211, 10, -1,
      10, 211, 210, -1,
      10, 210, 216, -1,
      216, 210, 212, -1,
      8, 10, 217, -1,
      218, 219, 216, -1,
      216, 219, 220, -1,
      216, 220, 10, -1,
      10, 220, 221, -1,
      10, 221, 217, -1,
      222, 223, 224, -1,
      225, 226, 216, -1,
      216, 226, 227, -1,
      216, 227, 228, -1,
      228, 229, 216, -1,
      216, 229, 230, -1,
      216, 230, 218, -1,
      231, 232, 233, -1,
      233, 232, 234, -1,
      223, 235, 224, -1,
      224, 235, 234, -1,
      224, 234, 236, -1,
      236, 234, 232, -1,
      222, 224, 237, -1,
      237, 224, 238, -1,
      237, 238, 216, -1,
      216, 238, 239, -1,
      216, 239, 225, -1,
      0, 7, 1, -1,
      1, 7, 240, -1,
      1, 240, 241, -1,
      241, 240, 242, -1,
      241, 242, 214, -1,
      243, 244, 0, -1,
      0, 244, 245, -1,
      245, 246, 0, -1,
      0, 246, 247, -1,
      0, 247, 6, -1,
      248, 249, 250, -1,
      251, 252, 253, -1,
      253, 252, 254, -1,
      248, 250, 254, -1,
      255, 256, 257, -1,
      257, 256, 258, -1,
      259, 260, 261, -1,
      261, 260, 262, -1,
      261, 262, 257, -1,
      257, 262, 263, -1,
      257, 263, 255, -1,
      264, 265, 185, -1,
      266, 267, 187, -1,
      187, 267, 268, -1,
      269, 270, 271, -1,
      271, 270, 185, -1,
      271, 185, 272, -1,
      272, 185, 265, -1,
      268, 273, 187, -1,
      187, 273, 274, -1,
      187, 274, 275, -1,
      275, 276, 187, -1,
      187, 276, 277, -1,
      187, 277, 185, -1,
      185, 277, 278, -1,
      185, 278, 264, -1,
      194, 279, 266, -1,
      266, 279, 280, -1,
      266, 280, 267, -1,
      269, 281, 270, -1,
      270, 281, 282, -1,
      270, 282, 200, -1,
      200, 282, 283, -1,
      200, 283, 194, -1,
      194, 283, 284, -1,
      194, 284, 279, -1,
      285, 286, 287, -1,
      288, 289, 290, -1,
      290, 289, 291, -1,
      285, 287, 292, -1,
      293, 294, 295, -1,
      295, 296, 297, -1,
      298, 299, 300, -1,
      288, 301, 289, -1,
      289, 301, 302, -1,
      289, 302, 303, -1,
      303, 302, 300, -1,
      303, 300, 304, -1,
      304, 300, 299, -1,
      294, 305, 295, -1,
      295, 305, 306, -1,
      295, 306, 296, -1,
      307, 308, 309, -1,
      309, 308, 310, -1,
      309, 310, 311, -1,
      312, 261, 313, -1,
      313, 261, 314, -1,
      315, 316, 287, -1,
      287, 316, 317, -1,
      287, 317, 292, -1,
      297, 318, 295, -1,
      295, 318, 319, -1,
      295, 319, 261, -1,
      261, 319, 291, -1,
      261, 291, 314, -1,
      314, 291, 289, -1,
      320, 321, 300, -1,
      300, 321, 322, -1,
      300, 322, 323, -1,
      324, 325, 326, -1,
      326, 325, 327, -1,
      326, 327, 328, -1,
      312, 329, 261, -1,
      261, 329, 330, -1,
      261, 330, 331, -1,
      323, 332, 300, -1,
      300, 332, 333, -1,
      300, 333, 298, -1,
      9, 259, 334, -1,
      334, 259, 261, -1,
      334, 261, 335, -1,
      335, 261, 331, -1,
      335, 331, 326, -1,
      326, 331, 336, -1,
      326, 336, 324, -1,
      337, 338, 339, -1,
      339, 338, 340, -1,
      339, 340, 327, -1,
      327, 340, 341, -1,
      327, 341, 328, -1,
      286, 342, 343, -1,
      343, 342, 344, -1,
      344, 342, 345, -1,
      344, 345, 346, -1,
      307, 337, 308, -1,
      308, 337, 339, -1,
      308, 339, 347, -1,
      347, 339, 348, -1,
      347, 348, 349, -1,
      349, 348, 350, -1,
      349, 350, 351, -1,
      351, 350, 352, -1,
      353, 352, 343, -1,
      343, 352, 350, -1,
      343, 350, 286, -1,
      286, 350, 348, -1,
      286, 348, 287, -1,
      354, 355, 5, -1,
      335, 356, 334, -1,
      334, 356, 357, -1,
      334, 357, 358, -1,
      359, 360, 5, -1,
      5, 360, 361, -1,
      358, 362, 334, -1,
      334, 362, 363, -1,
      334, 363, 364, -1,
      364, 363, 365, -1,
      364, 365, 354, -1,
      366, 367, 355, -1,
      355, 367, 368, -1,
      355, 368, 5, -1,
      5, 368, 369, -1,
      5, 369, 359, -1,
      361, 370, 5, -1,
      5, 370, 371, -1,
      5, 371, 3, -1,
      372, 373, 374, -1,
      374, 373, 375, -1,
      374, 375, 376, -1,
      374, 377, 372, -1,
      372, 377, 378, -1,
      372, 378, 379, -1,
      379, 380, 372, -1,
      372, 380, 381, -1,
      372, 381, 382, -1,
      382, 381, 383, -1,
      382, 383, 384, -1,
      384, 383, 385, -1,
      384, 385, 355, -1,
      355, 385, 386, -1,
      355, 386, 366, -1,
      387, 388, 376, -1,
      376, 388, 389, -1,
      376, 389, 374, -1,
      390, 391, 311, -1,
      311, 391, 392, -1,
      311, 392, 309, -1,
      390, 393, 391, -1,
      391, 393, 394, -1,
      391, 394, 395, -1,
      395, 394, 396, -1,
      395, 397, 398, -1,
      396, 399, 395, -1,
      395, 399, 400, -1,
      395, 400, 401, -1,
      401, 402, 395, -1,
      395, 402, 403, -1,
      395, 403, 397, -1,
      398, 404, 395, -1,
      395, 404, 405, -1,
      395, 405, 406, -1,
      407, 408, 409, -1,
      410, 411, 412, -1,
      409, 413, 407, -1,
      407, 413, 414, -1,
      407, 414, 415, -1,
      415, 414, 410, -1,
      415, 410, 416, -1,
      416, 410, 412, -1,
      417, 418, 5, -1,
      5, 418, 419, -1,
      354, 5, 364, -1,
      364, 5, 419, -1,
      364, 419, 413, -1,
      413, 419, 420, -1,
      413, 420, 414, -1,
      421, 418, 422, -1,
      422, 418, 417, -1,
      422, 417, 423, -1,
      424, 425, 426, -1,
      353, 343, 4, -1,
      4, 343, 424, -1,
      4, 424, 5, -1,
      5, 424, 426, -1,
      5, 426, 417, -1,
      417, 426, 427, -1,
      417, 427, 428, -1,
      428, 429, 417, -1,
      417, 429, 430, -1,
      417, 430, 431, -1,
      432, 433, 434, -1,
      434, 433, 435, -1,
      434, 435, 424, -1,
      424, 435, 436, -1,
      424, 436, 425, -1,
      431, 437, 417, -1,
      417, 437, 438, -1,
      417, 438, 423, -1,
      439, 440, 434, -1,
      434, 440, 441, -1,
      434, 441, 432, -1,
      442, 443, 439, -1,
      439, 443, 444, -1,
      439, 444, 440, -1,
      445, 446, 447, -1,
      447, 446, 448, -1,
      449, 450, 451, -1,
      451, 450, 452, -1,
      451, 452, 453, -1,
      453, 452, 454, -1,
      453, 454, 455, -1,
      445, 447, 456, -1,
      456, 447, 452, -1,
      456, 452, 457, -1,
      457, 452, 450, -1,
      457, 450, 458, -1,
      450, 459, 458, -1,
      458, 459, 460, -1,
      458, 460, 461, -1,
      454, 462, 455, -1,
      455, 462, 463, -1,
      455, 463, 464, -1,
      464, 463, 465, -1,
      449, 451, 466, -1,
      466, 451, 467, -1,
      466, 467, 465, -1,
      465, 467, 409, -1,
      465, 409, 464, -1,
      464, 409, 408, -1,
      464, 408, 442, -1,
      468, 2, 469, -1,
      469, 2, 1, -1,
      469, 1, 470, -1,
      470, 1, 241, -1,
      470, 241, 471, -1,
      471, 241, 472, -1,
      471, 472, 473, -1,
      473, 472, 474, -1,
      473, 474, 475, -1,
      475, 474, 476, -1,
      475, 476, 477, -1,
      477, 476, 478, -1,
      477, 478, 479, -1,
      479, 478, 480, -1,
      479, 480, 481, -1,
      481, 480, 482, -1,
      481, 482, 483, -1,
      484, 485, 33, -1,
      485, 486, 33, -1,
      33, 486, 487, -1,
      33, 487, 488, -1,
      489, 490, 28, -1,
      28, 490, 491, -1,
      492, 493, 494, -1,
      491, 495, 28, -1,
      28, 495, 496, -1,
      28, 496, 494, -1,
      494, 496, 497, -1,
      494, 497, 492, -1,
      493, 498, 494, -1,
      494, 498, 499, -1,
      494, 499, 468, -1,
      499, 500, 468, -1,
      468, 500, 501, -1,
      468, 501, 502, -1,
      488, 503, 33, -1,
      33, 503, 504, -1,
      33, 504, 28, -1,
      28, 504, 505, -1,
      28, 505, 489, -1,
      502, 506, 468, -1,
      468, 506, 507, -1,
      468, 507, 508, -1,
      214, 210, 241, -1,
      241, 210, 195, -1,
      241, 195, 472, -1,
      472, 195, 194, -1,
      472, 194, 474, -1,
      474, 194, 266, -1,
      474, 266, 476, -1,
      476, 266, 187, -1,
      476, 187, 478, -1,
      478, 187, 182, -1,
      478, 182, 480, -1,
      480, 182, 180, -1,
      480, 180, 482, -1,
      508, 484, 468, -1,
      468, 484, 33, -1,
      468, 33, 2, -1,
      2, 33, 250, -1,
      2, 250, 0, -1,
      0, 250, 249, -1,
      0, 249, 243, -1,
      494, 509, 28, -1,
      28, 509, 510, -1,
      28, 510, 30, -1,
      30, 510, 42, -1,
      30, 42, 43, -1,
      43, 42, 41, -1,
      254, 250, 253, -1,
      253, 250, 511, -1,
      253, 511, 512, -1,
      20, 513, 19, -1,
      19, 513, 514, -1,
      19, 514, 515, -1,
      516, 511, 515, -1,
      515, 511, 250, -1,
      515, 250, 19, -1,
      19, 250, 33, -1,
      19, 33, 21, -1,
      21, 33, 32, -1,
      9, 334, 10, -1,
      10, 334, 364, -1,
      10, 364, 202, -1,
      202, 364, 413, -1,
      202, 413, 200, -1,
      200, 413, 409, -1,
      200, 409, 270, -1,
      270, 409, 467, -1,
      270, 467, 185, -1,
      185, 467, 451, -1,
      185, 451, 177, -1,
      512, 513, 253, -1,
      253, 513, 20, -1,
      253, 20, 517, -1,
      517, 20, 113, -1,
      518, 519, 453, -1,
      520, 521, 522, -1,
      522, 521, 523, -1,
      522, 523, 453, -1,
      453, 523, 524, -1,
      453, 524, 518, -1,
      518, 524, 525, -1,
      518, 525, 526, -1,
      527, 519, 528, -1,
      528, 519, 529, -1,
      528, 529, 530, -1,
      530, 529, 531, -1,
      527, 532, 519, -1,
      519, 532, 533, -1,
      519, 533, 534, -1,
      535, 451, 536, -1,
      536, 451, 453, -1,
      536, 453, 537, -1,
      537, 453, 519, -1,
      537, 519, 538, -1,
      538, 519, 534, -1,
      181, 178, 179, -1,
      179, 178, 177, -1,
      179, 177, 520, -1,
      520, 177, 451, -1,
      520, 451, 521, -1,
      521, 451, 529, -1,
      539, 540, 529, -1,
      529, 540, 541, -1,
      529, 541, 531, -1,
      535, 542, 451, -1,
      451, 542, 543, -1,
      451, 543, 529, -1,
      529, 543, 544, -1,
      529, 544, 539, -1,
      258, 251, 257, -1,
      257, 251, 253, -1,
      257, 253, 261, -1,
      261, 253, 517, -1,
      261, 517, 295, -1,
      295, 517, 545, -1,
      81, 545, 546, -1,
      546, 545, 547, -1,
      547, 545, 548, -1,
      548, 545, 517, -1,
      548, 517, 549, -1,
      81, 546, 113, -1,
      113, 546, 550, -1,
      113, 550, 517, -1,
      517, 550, 551, -1,
      517, 551, 549, -1,
      552, 553, 554, -1,
      554, 553, 548, -1,
      554, 548, 555, -1,
      555, 548, 549, -1,
      555, 549, 556, -1,
      556, 549, 557, -1,
      442, 439, 464, -1,
      464, 439, 558, -1,
      464, 558, 455, -1,
      455, 558, 559, -1,
      455, 559, 453, -1,
      453, 559, 560, -1,
      453, 560, 522, -1,
      72, 74, 81, -1,
      81, 74, 561, -1,
      81, 561, 545, -1,
      545, 561, 344, -1,
      545, 344, 295, -1,
      295, 344, 346, -1,
      295, 346, 293, -1,
      65, 64, 78, -1,
      78, 64, 562, -1,
      78, 562, 74, -1,
      74, 562, 563, -1,
      74, 563, 561, -1,
      561, 563, 564, -1,
      561, 564, 344, -1,
      344, 564, 565, -1,
      344, 565, 343, -1,
      343, 565, 566, -1,
      343, 566, 424, -1,
      424, 566, 567, -1,
      424, 567, 434, -1,
      434, 567, 568, -1,
      434, 568, 439, -1,
      439, 568, 569, -1,
      439, 569, 558, -1,
      558, 569, 570, -1,
      558, 570, 559, -1,
      559, 570, 571, -1,
      559, 571, 560, -1,
      71, 59, 69, -1,
      69, 59, 61, -1,
      69, 61, 64, -1,
      64, 61, 572, -1,
      573, 571, 572, -1,
      574, 575, 576, -1,
      576, 575, 572, -1,
      572, 575, 577, -1,
      572, 577, 573, -1,
      576, 578, 574, -1,
      574, 578, 579, -1,
      574, 579, 573, -1,
      573, 579, 580, -1,
      573, 580, 571, -1,
      571, 580, 581, -1,
      571, 581, 578, -1,
      578, 581, 582, -1,
      578, 582, 579, -1,
      583, 584, 585, -1,
      585, 584, 586, -1,
      587, 588, 589, -1,
      589, 588, 590, -1,
      591, 592, 593, -1,
      593, 592, 594, -1,
      595, 596, 597, -1,
      576, 598, 599, -1,
      600, 601, 602, -1,
      602, 601, 578, -1,
      602, 578, 603, -1,
      604, 605, 606, -1,
      606, 605, 595, -1,
      578, 576, 603, -1,
      603, 576, 599, -1,
      603, 599, 607, -1,
      607, 599, 606, -1,
      607, 606, 608, -1,
      608, 606, 595, -1,
      608, 595, 609, -1,
      609, 595, 597, -1,
      578, 601, 571, -1,
      571, 601, 610, -1,
      611, 588, 587, -1,
      592, 591, 612, -1,
      612, 591, 613, -1,
      614, 615, 483, -1,
      587, 614, 611, -1,
      611, 614, 483, -1,
      611, 483, 613, -1,
      613, 483, 571, -1,
      613, 571, 612, -1,
      612, 571, 610, -1,
      596, 595, 616, -1,
      616, 595, 483, -1,
      616, 483, 617, -1,
      617, 483, 615, -1,
      617, 615, 583, -1,
      583, 615, 584, -1,
      618, 619, 620, -1,
      620, 619, 621, -1,
      622, 623, 624, -1,
      624, 623, 625, -1,
      626, 627, 509, -1,
      628, 595, 605, -1,
      509, 627, 605, -1,
      605, 627, 629, -1,
      605, 629, 628, -1,
      509, 483, 626, -1,
      626, 483, 630, -1,
      626, 630, 628, -1,
      628, 630, 631, -1,
      628, 631, 595, -1,
      595, 631, 632, -1,
      595, 632, 483, -1,
      483, 632, 633, -1,
      483, 633, 630, -1,
      509, 605, 604, -1,
      604, 634, 509, -1,
      509, 634, 635, -1,
      509, 635, 572, -1,
      636, 625, 623, -1,
      637, 638, 572, -1,
      623, 637, 636, -1,
      636, 637, 572, -1,
      636, 572, 639, -1,
      639, 572, 635, -1,
      639, 635, 619, -1,
      619, 635, 621, -1,
      598, 576, 640, -1,
      640, 576, 572, -1,
      640, 572, 641, -1,
      641, 572, 638, -1,
      641, 638, 642, -1,
      642, 638, 643, -1,
      644, 642, 645, -1,
      645, 642, 643, -1
    ]
  }
}

Shape {
  appearance Appearance {
    material Material {
      diffuseColor 1 1 1
      specularColor 0.5019607843137255 0.5019607843137255 0.5019607843137255
      ambientIntensity 0.2
      transparency 0
      shininess 0.5
    }
  }
  geometry IndexedFaceSet {
    ccw TRUE
    solid FALSE
    coord DEF co Coordinate {
      point [
        -0.3540 0.4161 0.2835,         -0.3540 0.4161 0.2874,         -0.3554 0.4267 0.2835,         -0.3554 0.4267 0.2874,         -0.3595 0.4366 0.2835,         -0.3595 0.4366 0.2874,         -0.3660 0.4451 0.2835,         -0.3660 0.4451 0.2874,         -0.3745 0.4516 0.2835,         -0.3745 0.4516 0.2874,         -0.3844 0.4557 0.2835,         -0.3844 0.4557 0.2874,         -0.3950 0.4571 0.2835,         -0.3950 0.4571 0.2874,         -0.4056 0.4557 0.2835,         -0.4056 0.4557 0.2874,         -0.4155 0.4516 0.2835,         -0.4155 0.4516 0.2874,         -0.4240 0.4451 0.2835,         -0.4240 0.4451 0.2874,         -0.4305 0.4366 0.2835,         -0.4305 0.4366 0.2874,         -0.4346 0.4267 0.2835,         -0.4346 0.4267 0.2874,         -0.4360 0.4161 0.2835,         -0.4360 0.4161 0.2874,         -0.4346 0.4055 0.2835,         -0.4346 0.4055 0.2874,         -0.4305 0.3956 0.2835,         -0.4305 0.3956 0.2874,         -0.4240 0.3871 0.2835,         -0.4240 0.3871 0.2874,         -0.4155 0.3806 0.2835,         -0.4155 0.3806 0.2874,         -0.4056 0.3765 0.2835,         -0.4056 0.3765 0.2874,         -0.3950 0.3751 0.2835,         -0.3950 0.3751 0.2874,         -0.3844 0.3765 0.2835,         -0.3844 0.3765 0.2874,         -0.3745 0.3806 0.2835,         -0.3745 0.3806 0.2874,         -0.3660 0.3871 0.2835,         -0.3660 0.3871 0.2874,         -0.3595 0.3956 0.2835,         -0.3595 0.3956 0.2874,         -0.3554 0.4055 0.2835,         -0.3554 0.4055 0.2874,         -0.3950 0.4161 0.2835,         -0.3950 0.4161 0.2835
      ]
    }
    coordIndex [
      0, 1, 2, -1,
      2, 1, 3, -1,
      2, 3, 4, -1,
      4, 3, 5, -1,
      4, 5, 6, -1,
      6, 5, 7, -1,
      6, 7, 8, -1,
      8, 7, 9, -1,
      8, 9, 10, -1,
      10, 9, 11, -1,
      10, 11, 12, -1,
      12, 11, 13, -1,
      12, 13, 14, -1,
      14, 13, 15, -1,
      14, 15, 16, -1,
      16, 15, 17, -1,
      16, 17, 18, -1,
      18, 17, 19, -1,
      18, 19, 20, -1,
      20, 19, 21, -1,
      20, 21, 22, -1,
      22, 21, 23, -1,
      22, 23, 24, -1,
      24, 23, 25, -1,
      24, 25, 26, -1,
      26, 25, 27, -1,
      26, 27, 28, -1,
      28, 27, 29, -1,
      28, 29, 30, -1,
      30, 29, 31, -1,
      30, 31, 32, -1,
      32, 31, 33, -1,
      32, 33, 34, -1,
      34, 33, 35, -1,
      34, 35, 36, -1,
      36, 35, 37, -1,
      36, 37, 38, -1,
      38, 37, 39, -1,
      38, 39, 40, -1,
      40, 39, 41, -1,
      40, 41, 42, -1,
      42, 41, 43, -1,
      42, 43, 44, -1,
      44, 43, 45, -1,
      44, 45, 46, -1,
      46, 45, 47, -1,
      46, 47, 0, -1,
      0, 47, 1, -1,
      44, 46, 48, -1,
      48, 46, 0, -1,
      48, 0, 2, -1,
      38, 40, 48, -1,
      48, 40, 42, -1,
      48, 42, 44, -1,
      32, 34, 48, -1,
      48, 34, 36, -1,
      48, 36, 38, -1,
      26, 28, 48, -1,
      48, 28, 30, -1,
      48, 30, 32, -1,
      20, 22, 48, -1,
      48, 22, 24, -1,
      48, 24, 26, -1,
      14, 16, 48, -1,
      48, 16, 18, -1,
      48, 18, 20, -1,
      8, 10, 48, -1,
      48, 10, 12, -1,
      48, 12, 14, -1,
      2, 4, 48, -1,
      48, 4, 6, -1,
      48, 6, 8, -1
    ]
  }
}

Shape {
  appearance Appearance {
    material Material {
      diffuseColor 0.7529411764705882 0.7529411764705882 0.7529411764705882
      specularColor 0.3764705882352941 0.3764705882352941 0.3764705882352941
      ambientIntensity 0.2
      transparency 0
      shininess 0.5
    }
  }
  geometry IndexedFaceSet {
    ccw TRUE
    solid FALSE
    coord DEF co Coordinate {
      point [
        -0.5906 0.4528 0.0709,         -0.5945 0.4528 0.0709,         -0.5906 0.3150 0.0709,         -0.5945 0.3150 0.0709,         -0.5906 0.3150 0.0000,         -0.5945 0.3150 -0.0079,         -0.5138 0.3150 0.0000,         -0.5138 0.3150 -0.0079,         -0.4331 -0.4528 -0.0079,         -0.4331 0.4528 -0.0079,         -0.4331 -0.4528 0.0000,         -0.4331 0.4528 0.0000,         -0.5906 0.4528 0.0000,         -0.5945 0.4528 -0.0079,         -0.5945 -0.4528 -0.0079,         -0.5945 -0.3150 -0.0079,         -0.5945 -0.1969 -0.0079,         -0.5945 -0.0591 -0.0079,         -0.5138 -0.1969 -0.0079,         -0.5138 -0.0591 -0.0079,         -0.5138 -0.3150 -0.0079,         -0.5138 0.0591 -0.0079,         -0.5138 0.1969 -0.0079,         -0.5945 0.1969 -0.0079,         -0.5945 0.0591 -0.0079,         -0.5906 0.1969 0.0709,         -0.5945 0.1969 0.0709,         -0.5906 0.0591 0.0709,         -0.5945 0.0591 0.0709,         -0.5906 0.0591 0.0000,         -0.5138 0.0591 0.0000,         -0.5138 0.1969 0.0000,         -0.5906 0.1969 0.0000,         -0.5906 -0.0591 0.0709,         -0.5945 -0.0591 0.0709,         -0.5906 -0.1969 0.0709,         -0.5945 -0.1969 0.0709,         -0.5906 -0.1969 0.0000,         -0.5138 -0.1969 0.0000,         -0.5138 -0.0591 0.0000,         -0.5906 -0.0591 0.0000,         -0.5906 -0.3150 0.0709,         -0.5945 -0.3150 0.0709,         -0.5906 -0.4528 0.0709,         -0.5945 -0.4528 0.0709,         -0.5906 -0.4528 0.0000,         -0.5138 -0.3150 0.0000,         -0.5906 -0.3150 0.0000,         0.5906 0.4528 0.0709,         0.5945 0.4528 0.0709,         0.5906 0.4528 0.0000,         0.5945 0.4528 -0.0079,         0.4331 0.4528 0.0000,         0.4331 0.4528 -0.0079,         0.4331 0.3150 0.0000,         0.4331 0.3150 -0.0079,         0.5906 0.3150 0.0000,         0.5945 0.3150 -0.0079,         0.5906 0.3150 0.0709,         0.5945 0.3150 0.0709,         0.4331 -0.4528 -0.0079,         0.4331 -0.4724 -0.0079,         -0.2362 -0.4724 -0.0079,         0.5945 0.1969 -0.0079,         0.5945 0.0591 -0.0079,         0.4331 0.1969 -0.0079,         0.4331 0.0591 -0.0079,         0.4331 0.4724 -0.0079,         -0.1181 0.4724 -0.0079,         -0.2362 0.3543 -0.0079,         0.4331 -0.0591 -0.0079,         0.4331 -0.3150 -0.0079,         0.5945 -0.3150 -0.0079,         0.5945 -0.4528 -0.0079,         0.4331 -0.1969 -0.0079,         0.5945 -0.1969 -0.0079,         0.5945 -0.0591 -0.0079,         0.5906 0.1969 0.0709,         0.5945 0.1969 0.0709,         0.5906 0.1969 0.0000,         0.4331 0.1969 0.0000,         0.4331 0.0591 0.0000,         0.5906 0.0591 0.0000,         0.5906 0.0591 0.0709,         0.5945 0.0591 0.0709,         0.5906 -0.0591 0.0709,         0.5945 -0.0591 0.0709,         0.5906 -0.0591 0.0000,         0.4331 -0.0591 0.0000,         0.4331 -0.1969 0.0000,         0.5906 -0.1969 0.0000,         0.5906 -0.1969 0.0709,         0.5945 -0.1969 0.0709,         0.5906 -0.3150 0.0709,         0.5945 -0.3150 0.0709,         0.5906 -0.3150 0.0000,         0.4331 -0.3150 0.0000,         0.4331 -0.4528 0.0000,         0.5906 -0.4528 0.0000,         0.5906 -0.4528 0.0709,         0.5945 -0.4528 0.0709,         0.4331 0.4724 0.0000,         0.4331 -0.4724 0.0000,         -0.2362 -0.4724 0.0000,         -0.2362 0.3543 0.0000,         -0.1181 0.4724 0.0000,         -0.1181 0.4724 0.0000
      ]
    }
    coordIndex [
      0, 1, 2, -1,
      2, 1, 3, -1,
      2, 3, 4, -1,
      4, 3, 5, -1,
      4, 5, 6, -1,
      6, 5, 7, -1,
      8, 9, 10, -1,
      10, 9, 11, -1,
      11, 9, 12, -1,
      12, 9, 13, -1,
      12, 13, 0, -1,
      0, 13, 1, -1,
      5, 3, 13, -1,
      13, 3, 1, -1,
      8, 14, 15, -1,
      16, 17, 18, -1,
      18, 17, 19, -1,
      15, 20, 8, -1,
      8, 20, 18, -1,
      8, 18, 9, -1,
      9, 18, 19, -1,
      9, 19, 21, -1,
      5, 13, 7, -1,
      7, 13, 9, -1,
      7, 9, 22, -1,
      22, 9, 21, -1,
      22, 21, 23, -1,
      23, 21, 24, -1,
      25, 26, 27, -1,
      27, 26, 28, -1,
      27, 28, 29, -1,
      29, 28, 24, -1,
      29, 24, 30, -1,
      30, 24, 21, -1,
      31, 22, 32, -1,
      32, 22, 23, -1,
      32, 23, 25, -1,
      25, 23, 26, -1,
      24, 28, 23, -1,
      23, 28, 26, -1,
      33, 34, 35, -1,
      35, 34, 36, -1,
      35, 36, 37, -1,
      37, 36, 16, -1,
      37, 16, 38, -1,
      38, 16, 18, -1,
      39, 19, 40, -1,
      40, 19, 17, -1,
      40, 17, 33, -1,
      33, 17, 34, -1,
      16, 36, 17, -1,
      17, 36, 34, -1,
      41, 42, 43, -1,
      43, 42, 44, -1,
      43, 44, 45, -1,
      45, 44, 14, -1,
      45, 14, 10, -1,
      10, 14, 8, -1,
      46, 20, 47, -1,
      47, 20, 15, -1,
      47, 15, 41, -1,
      41, 15, 42, -1,
      14, 44, 15, -1,
      15, 44, 42, -1,
      18, 20, 38, -1,
      38, 20, 46, -1,
      21, 19, 30, -1,
      30, 19, 39, -1,
      7, 22, 6, -1,
      6, 22, 31, -1,
      48, 49, 50, -1,
      50, 49, 51, -1,
      50, 51, 52, -1,
      52, 51, 53, -1,
      54, 55, 56, -1,
      56, 55, 57, -1,
      56, 57, 58, -1,
      58, 57, 59, -1,
      58, 59, 48, -1,
      48, 59, 49, -1,
      51, 49, 57, -1,
      57, 49, 59, -1,
      60, 61, 62, -1,
      51, 57, 53, -1,
      53, 57, 55, -1,
      63, 64, 65, -1,
      65, 64, 66, -1,
      67, 53, 68, -1,
      68, 53, 55, -1,
      68, 55, 69, -1,
      69, 55, 65, -1,
      69, 65, 62, -1,
      62, 65, 66, -1,
      62, 66, 70, -1,
      71, 72, 73, -1,
      73, 60, 71, -1,
      71, 60, 62, -1,
      71, 62, 74, -1,
      74, 62, 70, -1,
      74, 70, 75, -1,
      75, 70, 76, -1,
      77, 78, 79, -1,
      79, 78, 63, -1,
      79, 63, 80, -1,
      80, 63, 65, -1,
      81, 66, 82, -1,
      82, 66, 64, -1,
      82, 64, 83, -1,
      83, 64, 84, -1,
      83, 84, 77, -1,
      77, 84, 78, -1,
      63, 78, 64, -1,
      64, 78, 84, -1,
      85, 86, 87, -1,
      87, 86, 76, -1,
      87, 76, 88, -1,
      88, 76, 70, -1,
      89, 74, 90, -1,
      90, 74, 75, -1,
      90, 75, 91, -1,
      91, 75, 92, -1,
      91, 92, 85, -1,
      85, 92, 86, -1,
      76, 86, 75, -1,
      75, 86, 92, -1,
      93, 94, 95, -1,
      95, 94, 72, -1,
      95, 72, 96, -1,
      96, 72, 71, -1,
      97, 60, 98, -1,
      98, 60, 73, -1,
      98, 73, 99, -1,
      99, 73, 100, -1,
      99, 100, 93, -1,
      93, 100, 94, -1,
      72, 94, 73, -1,
      73, 94, 100, -1,
      53, 67, 52, -1,
      52, 67, 101, -1,
      54, 80, 55, -1,
      55, 80, 65, -1,
      81, 88, 66, -1,
      66, 88, 70, -1,
      89, 96, 74, -1,
      74, 96, 71, -1,
      97, 102, 60, -1,
      60, 102, 61, -1,
      62, 61, 103, -1,
      103, 61, 102, -1,
      69, 62, 104, -1,
      104, 62, 103, -1,
      68, 69, 105, -1,
      105, 69, 104, -1,
      67, 68, 101, -1,
      101, 68, 105, -1
    ]
  }
}

Shape {
  appearance Appearance {
    material Material {
      diffuseColor 1 1 0
      specularColor 0.5019607843137255 0.5019607843137255 0
      ambientIntensity 0.2
      transparency 0
      shininess 0.5
    }
  }
  geometry IndexedFaceSet {
    ccw TRUE
    solid FALSE
    coord DEF co Coordinate {
      point [
        -0.2052 -0.5945 0.1032,         -0.2052 -0.5945 0.0600,         -0.2052 -0.5906 0.1032,         -0.2052 -0.5906 0.0600,         -0.3054 -0.5945 0.1032,         -0.3054 -0.5906 0.1032,         -0.3054 -0.5945 0.0600,         -0.3054 -0.5906 0.0600,         0.4736 -0.5945 0.1032,         0.4736 -0.5945 0.0600,         0.4736 -0.5906 0.1032,         0.4736 -0.5906 0.0600,         0.3769 -0.5945 0.1032,         0.3769 -0.5906 0.1032,         0.3769 -0.5945 0.0600,         0.3769 -0.5906 0.0600,         -0.2052 0.5945 0.0600,         -0.2052 0.5945 0.1032,         -0.2052 0.5906 0.0600,         -0.2052 0.5906 0.1032,         -0.3054 0.5945 0.0600,         -0.3054 0.5906 0.0600,         -0.3054 0.5945 0.1032,         -0.3054 0.5906 0.1032,         0.4736 0.5945 0.0600,         0.4736 0.5945 0.1032,         0.4736 0.5906 0.0600,         0.4736 0.5906 0.1032,         0.3769 0.5945 0.0600,         0.3769 0.5906 0.0600,         0.3769 0.5945 0.1032,         0.3769 0.5906 0.1032,         0.3769 0.5906 0.1032
      ]
    }
    coordIndex [
      0, 1, 2, -1,
      2, 1, 3, -1,
      4, 0, 5, -1,
      5, 0, 2, -1,
      6, 4, 7, -1,
      7, 4, 5, -1,
      1, 6, 3, -1,
      3, 6, 7, -1,
      4, 6, 0, -1,
      0, 6, 1, -1,
      8, 9, 10, -1,
      10, 9, 11, -1,
      12, 8, 13, -1,
      13, 8, 10, -1,
      14, 12, 15, -1,
      15, 12, 13, -1,
      9, 14, 11, -1,
      11, 14, 15, -1,
      12, 14, 8, -1,
      8, 14, 9, -1,
      16, 17, 18, -1,
      18, 17, 19, -1,
      20, 16, 21, -1,
      21, 16, 18, -1,
      22, 20, 23, -1,
      23, 20, 21, -1,
      17, 22, 19, -1,
      19, 22, 23, -1,
      20, 22, 16, -1,
      16, 22, 17, -1,
      24, 25, 26, -1,
      26, 25, 27, -1,
      28, 24, 29, -1,
      29, 24, 26, -1,
      30, 28, 31, -1,
      31, 28, 29, -1,
      25, 30, 27, -1,
      27, 30, 31, -1,
      28, 30, 24, -1,
      24, 30, 25, -1
    ]
  }
}

Shape {
  appearance Appearance {
    material Material {
      diffuseColor 1 1 1
      specularColor 0.5019607843137255 0.5019607843137255 0.5019607843137255
      ambientIntensity 0.2
      transparency 0
      shininess 0.5
    }
  }
  geometry IndexedFaceSet {
    ccw TRUE
    solid FALSE
    coord DEF co Coordinate {
      point [
        -0.2960 -0.4558 0.2913,         -0.2960 -0.4601 0.2913,         -0.2960 -0.4558 0.2874,         -0.2960 -0.4601 0.2874,         -0.3108 -0.4558 0.2913,         -0.3108 -0.4558 0.2874,         -0.3108 -0.4230 0.2913,         -0.3108 -0.4230 0.2874,         -0.3155 -0.4230 0.2913,         -0.3155 -0.4230 0.2874,         -0.3155 -0.4601 0.2913,         -0.3155 -0.4601 0.2874,         -0.2770 -0.4607 0.2913,         -0.2770 -0.4607 0.2874,         -0.2713 -0.4601 0.2913,         -0.2737 -0.4604 0.2874,         -0.2713 -0.4601 0.2874,         -0.2674 -0.4588 0.2874,         -0.2674 -0.4588 0.2913,         -0.2667 -0.4585 0.2874,         -0.2667 -0.4585 0.2913,         -0.2667 -0.4539 0.2913,         -0.2667 -0.4539 0.2874,         -0.2704 -0.4556 0.2874,         -0.2704 -0.4556 0.2913,         -0.2745 -0.4564 0.2874,         -0.2745 -0.4564 0.2913,         -0.2763 -0.4564 0.2874,         -0.2763 -0.4564 0.2913,         -0.2800 -0.4560 0.2874,         -0.2800 -0.4560 0.2913,         -0.2827 -0.4549 0.2874,         -0.2827 -0.4549 0.2913,         -0.2851 -0.4532 0.2874,         -0.2851 -0.4532 0.2913,         -0.2858 -0.4525 0.2874,         -0.2858 -0.4525 0.2913,         -0.2876 -0.4500 0.2874,         -0.2876 -0.4500 0.2913,         -0.2888 -0.4470 0.2874,         -0.2888 -0.4470 0.2913,         -0.2894 -0.4433 0.2874,         -0.2894 -0.4433 0.2913,         -0.2895 -0.4419 0.2874,         -0.2895 -0.4419 0.2913,         -0.2888 -0.4368 0.2874,         -0.2888 -0.4368 0.2913,         -0.2876 -0.4336 0.2874,         -0.2876 -0.4336 0.2913,         -0.2856 -0.4308 0.2874,         -0.2856 -0.4308 0.2913,         -0.2830 -0.4287 0.2874,         -0.2830 -0.4287 0.2913,         -0.2801 -0.4274 0.2874,         -0.2801 -0.4274 0.2913,         -0.2769 -0.4267 0.2874,         -0.2769 -0.4267 0.2913,         -0.2755 -0.4267 0.2874,         -0.2755 -0.4267 0.2913,         -0.2709 -0.4272 0.2874,         -0.2709 -0.4272 0.2913,         -0.2671 -0.4287 0.2874,         -0.2671 -0.4287 0.2913,         -0.2667 -0.4289 0.2874,         -0.2667 -0.4289 0.2913,         -0.2667 -0.4239 0.2913,         -0.2667 -0.4239 0.2874,         -0.2755 -0.4224 0.2874,         -0.2755 -0.4224 0.2913,         -0.2755 -0.4224 0.2913,         -0.2706 -0.4228 0.2874,         -0.2706 -0.4228 0.2913,         -0.2716 -0.4227 0.2874,         -0.2755 -0.4224 0.2874,         -0.2781 -0.4227 0.2874,         -0.2809 -0.4230 0.2913,         -0.2809 -0.4230 0.2874,         -0.2848 -0.4245 0.2874,         -0.2848 -0.4245 0.2913,         -0.2882 -0.4270 0.2874,         -0.2882 -0.4270 0.2913,         -0.2891 -0.4278 0.2874,         -0.2891 -0.4278 0.2913,         -0.2918 -0.4313 0.2874,         -0.2918 -0.4313 0.2913,         -0.2928 -0.4337 0.2874,         -0.2936 -0.4355 0.2913,         -0.2936 -0.4355 0.2874,         -0.2944 -0.4403 0.2874,         -0.2944 -0.4403 0.2913,         -0.2945 -0.4422 0.2874,         -0.2945 -0.4422 0.2913,         -0.2897 -0.4556 0.2874,         -0.2897 -0.4556 0.2913,         -0.2922 -0.4522 0.2913,         -0.2937 -0.4483 0.2874,         -0.2937 -0.4483 0.2913,         -0.2928 -0.4506 0.2874,         -0.2922 -0.4522 0.2874,         -0.2792 -0.4606 0.2913,         -0.2867 -0.4581 0.2874,         -0.2867 -0.4581 0.2913,         -0.2832 -0.4597 0.2874,         -0.2832 -0.4597 0.2913,         -0.2802 -0.4604 0.2874,         -0.2792 -0.4606 0.2874,         -0.2394 -0.4558 0.2913,         -0.2394 -0.4601 0.2913,         -0.2394 -0.4558 0.2874,         -0.2394 -0.4601 0.2874,         -0.2545 -0.4558 0.2874,         -0.2545 -0.4558 0.2913,         -0.2445 -0.4558 0.2874,         -0.2545 -0.4434 0.2913,         -0.2545 -0.4434 0.2874,         -0.2413 -0.4434 0.2913,         -0.2445 -0.4434 0.2874,         -0.2413 -0.4434 0.2874,         -0.2413 -0.4391 0.2913,         -0.2413 -0.4391 0.2874,         -0.2545 -0.4391 0.2874,         -0.2545 -0.4391 0.2913,         -0.2445 -0.4391 0.2874,         -0.2545 -0.4273 0.2913,         -0.2545 -0.4273 0.2874,         -0.2402 -0.4273 0.2913,         -0.2445 -0.4273 0.2874,         -0.2402 -0.4273 0.2874,         -0.2402 -0.4230 0.2913,         -0.2402 -0.4230 0.2874,         -0.2593 -0.4230 0.2874,         -0.2593 -0.4230 0.2913,         -0.2445 -0.4230 0.2874,         -0.2593 -0.4601 0.2913,         -0.2593 -0.4601 0.2874,         -0.2445 -0.4601 0.2874,         -0.2093 -0.4497 0.2913,         -0.2112 -0.4520 0.2913,         -0.2078 -0.4549 0.2913,         -0.2119 -0.4526 0.2913,         -0.2116 -0.4576 0.2913,         -0.2143 -0.4542 0.2913,         -0.2158 -0.4593 0.2913,         -0.2175 -0.4553 0.2913,         -0.2222 -0.4601 0.2913,         -0.2222 -0.4558 0.2913,         -0.2324 -0.4601 0.2913,         -0.2276 -0.4558 0.2913,         -0.2324 -0.4230 0.2913,         -0.2276 -0.4273 0.2913,         -0.2218 -0.4230 0.2913,         -0.2220 -0.4273 0.2913,         -0.2161 -0.4236 0.2913,         -0.2172 -0.4278 0.2913,         -0.2117 -0.4252 0.2913,         -0.2140 -0.4289 0.2913,         -0.2078 -0.4279 0.2913,         -0.2113 -0.4307 0.2913,         -0.2065 -0.4292 0.2913,         -0.2103 -0.4317 0.2913,         -0.2042 -0.4324 0.2913,         -0.2088 -0.4338 0.2913,         -0.2028 -0.4359 0.2913,         -0.2078 -0.4365 0.2913,         -0.2022 -0.4410 0.2913,         -0.2072 -0.4412 0.2913,         -0.2023 -0.4434 0.2913,         -0.2073 -0.4435 0.2913,         -0.2032 -0.4477 0.2913,         -0.2081 -0.4469 0.2913,         -0.2050 -0.4516 0.2913,         -0.2222 -0.4601 0.2874,         -0.2324 -0.4601 0.2874,         -0.2078 -0.4549 0.2874,         -0.2158 -0.4593 0.2874,         -0.2154 -0.4591 0.2874,         -0.2116 -0.4576 0.2874,         -0.2050 -0.4516 0.2874,         -0.2032 -0.4477 0.2874,         -0.2023 -0.4434 0.2874,         -0.2022 -0.4410 0.2874,         -0.2028 -0.4359 0.2874,         -0.2042 -0.4324 0.2874,         -0.2065 -0.4292 0.2874,         -0.2078 -0.4279 0.2874,         -0.2218 -0.4230 0.2874,         -0.2117 -0.4252 0.2874,         -0.2154 -0.4239 0.2874,         -0.2161 -0.4236 0.2874,         -0.2324 -0.4230 0.2874,         -0.2220 -0.4273 0.2874,         -0.2276 -0.4273 0.2874,         -0.2276 -0.4558 0.2874,         -0.2222 -0.4558 0.2874,         -0.2112 -0.4520 0.2874,         -0.2119 -0.4526 0.2874,         -0.2143 -0.4542 0.2874,         -0.2175 -0.4553 0.2874,         -0.2072 -0.4412 0.2874,         -0.2073 -0.4435 0.2874,         -0.2081 -0.4469 0.2874,         -0.2093 -0.4497 0.2874,         -0.2113 -0.4307 0.2874,         -0.2103 -0.4317 0.2874,         -0.2088 -0.4338 0.2874,         -0.2078 -0.4365 0.2874,         -0.2172 -0.4278 0.2874,         -0.2140 -0.4289 0.2874,         -0.2140 -0.4289 0.2874
      ]
    }
    coordIndex [
      0, 1, 2, -1,
      2, 1, 3, -1,
      4, 0, 5, -1,
      5, 0, 2, -1,
      6, 4, 7, -1,
      7, 4, 5, -1,
      8, 6, 9, -1,
      9, 6, 7, -1,
      10, 8, 11, -1,
      11, 8, 9, -1,
      1, 10, 3, -1,
      3, 10, 11, -1,
      6, 8, 4, -1,
      4, 8, 10, -1,
      4, 10, 0, -1,
      0, 10, 1, -1,
      12, 13, 14, -1,
      14, 13, 15, -1,
      15, 16, 14, -1,
      14, 16, 17, -1,
      14, 17, 18, -1,
      18, 17, 19, -1,
      18, 19, 20, -1,
      21, 20, 22, -1,
      22, 20, 19, -1,
      21, 22, 23, -1,
      21, 23, 24, -1,
      24, 23, 25, -1,
      24, 25, 26, -1,
      26, 25, 27, -1,
      26, 27, 28, -1,
      28, 27, 29, -1,
      28, 29, 30, -1,
      30, 29, 31, -1,
      30, 31, 32, -1,
      32, 31, 33, -1,
      32, 33, 34, -1,
      34, 33, 35, -1,
      34, 35, 36, -1,
      36, 35, 37, -1,
      36, 37, 38, -1,
      38, 37, 39, -1,
      38, 39, 40, -1,
      40, 39, 41, -1,
      40, 41, 42, -1,
      42, 41, 43, -1,
      42, 43, 44, -1,
      44, 43, 45, -1,
      44, 45, 46, -1,
      46, 45, 47, -1,
      46, 47, 48, -1,
      48, 47, 49, -1,
      48, 49, 50, -1,
      50, 49, 51, -1,
      50, 51, 52, -1,
      52, 51, 53, -1,
      52, 53, 54, -1,
      54, 53, 55, -1,
      54, 55, 56, -1,
      56, 55, 57, -1,
      56, 57, 58, -1,
      58, 57, 59, -1,
      58, 59, 60, -1,
      60, 59, 61, -1,
      60, 61, 62, -1,
      62, 61, 63, -1,
      62, 63, 64, -1,
      65, 64, 66, -1,
      66, 64, 63, -1,
      67, 68, 69, -1,
      65, 66, 70, -1,
      65, 70, 71, -1,
      71, 70, 72, -1,
      71, 72, 69, -1,
      69, 72, 73, -1,
      69, 73, 67, -1,
      68, 67, 74, -1,
      68, 74, 75, -1,
      74, 76, 75, -1,
      75, 76, 77, -1,
      75, 77, 78, -1,
      78, 77, 79, -1,
      78, 79, 80, -1,
      80, 79, 81, -1,
      80, 81, 82, -1,
      82, 81, 83, -1,
      82, 83, 84, -1,
      84, 83, 85, -1,
      84, 85, 86, -1,
      85, 87, 86, -1,
      86, 87, 88, -1,
      86, 88, 89, -1,
      89, 88, 90, -1,
      89, 90, 91, -1,
      92, 93, 94, -1,
      91, 90, 95, -1,
      91, 95, 96, -1,
      96, 95, 97, -1,
      96, 97, 94, -1,
      94, 97, 98, -1,
      94, 98, 92, -1,
      13, 12, 99, -1,
      93, 92, 100, -1,
      93, 100, 101, -1,
      101, 100, 102, -1,
      101, 102, 103, -1,
      103, 102, 104, -1,
      103, 104, 99, -1,
      99, 104, 105, -1,
      99, 105, 13, -1,
      62, 64, 65, -1,
      52, 80, 50, -1,
      50, 80, 82, -1,
      50, 82, 48, -1,
      48, 82, 84, -1,
      48, 84, 46, -1,
      62, 65, 60, -1,
      60, 65, 71, -1,
      60, 71, 58, -1,
      58, 71, 69, -1,
      58, 69, 56, -1,
      56, 69, 68, -1,
      56, 68, 54, -1,
      54, 68, 75, -1,
      54, 75, 52, -1,
      52, 75, 78, -1,
      52, 78, 80, -1,
      91, 44, 89, -1,
      89, 44, 46, -1,
      89, 46, 86, -1,
      86, 46, 84, -1,
      20, 21, 18, -1,
      18, 21, 24, -1,
      18, 24, 14, -1,
      14, 24, 26, -1,
      14, 26, 12, -1,
      12, 26, 28, -1,
      12, 28, 99, -1,
      99, 28, 30, -1,
      99, 30, 103, -1,
      103, 30, 32, -1,
      103, 32, 101, -1,
      101, 32, 34, -1,
      101, 34, 93, -1,
      93, 34, 36, -1,
      93, 36, 94, -1,
      94, 36, 38, -1,
      94, 38, 96, -1,
      96, 38, 40, -1,
      96, 40, 91, -1,
      91, 40, 42, -1,
      91, 42, 44, -1,
      106, 107, 108, -1,
      108, 107, 109, -1,
      110, 111, 112, -1,
      112, 111, 106, -1,
      112, 106, 108, -1,
      113, 111, 114, -1,
      114, 111, 110, -1,
      113, 114, 115, -1,
      115, 114, 116, -1,
      115, 116, 117, -1,
      118, 115, 119, -1,
      119, 115, 117, -1,
      120, 121, 122, -1,
      122, 121, 118, -1,
      122, 118, 119, -1,
      123, 121, 124, -1,
      124, 121, 120, -1,
      123, 124, 125, -1,
      125, 124, 126, -1,
      125, 126, 127, -1,
      128, 125, 129, -1,
      129, 125, 127, -1,
      130, 131, 132, -1,
      132, 131, 128, -1,
      132, 128, 129, -1,
      133, 131, 134, -1,
      134, 131, 130, -1,
      133, 134, 107, -1,
      107, 134, 135, -1,
      107, 135, 109, -1,
      133, 107, 106, -1,
      106, 111, 133, -1,
      133, 111, 113, -1,
      133, 113, 131, -1,
      125, 128, 123, -1,
      123, 128, 131, -1,
      123, 131, 121, -1,
      121, 131, 113, -1,
      121, 113, 118, -1,
      118, 113, 115, -1,
      136, 137, 138, -1,
      138, 137, 139, -1,
      138, 139, 140, -1,
      140, 139, 141, -1,
      140, 141, 142, -1,
      142, 141, 143, -1,
      142, 143, 144, -1,
      144, 143, 145, -1,
      144, 145, 146, -1,
      146, 145, 147, -1,
      146, 147, 148, -1,
      148, 147, 149, -1,
      148, 149, 150, -1,
      150, 149, 151, -1,
      150, 151, 152, -1,
      152, 151, 153, -1,
      152, 153, 154, -1,
      154, 153, 155, -1,
      154, 155, 156, -1,
      156, 155, 157, -1,
      156, 157, 158, -1,
      158, 157, 159, -1,
      158, 159, 160, -1,
      160, 159, 161, -1,
      160, 161, 162, -1,
      162, 161, 163, -1,
      162, 163, 164, -1,
      164, 163, 165, -1,
      164, 165, 166, -1,
      166, 165, 167, -1,
      166, 167, 168, -1,
      168, 167, 169, -1,
      168, 169, 170, -1,
      170, 169, 136, -1,
      170, 136, 138, -1,
      144, 146, 171, -1,
      171, 146, 172, -1,
      173, 138, 140, -1,
      144, 171, 174, -1,
      144, 174, 142, -1,
      142, 174, 175, -1,
      142, 175, 140, -1,
      140, 175, 176, -1,
      140, 176, 173, -1,
      138, 173, 177, -1,
      138, 177, 170, -1,
      170, 177, 178, -1,
      170, 178, 168, -1,
      168, 178, 179, -1,
      168, 179, 166, -1,
      166, 179, 180, -1,
      166, 180, 164, -1,
      164, 180, 181, -1,
      164, 181, 162, -1,
      162, 181, 182, -1,
      162, 182, 160, -1,
      160, 182, 183, -1,
      160, 183, 158, -1,
      158, 183, 184, -1,
      158, 184, 156, -1,
      185, 150, 152, -1,
      156, 184, 186, -1,
      156, 186, 154, -1,
      154, 186, 187, -1,
      154, 187, 152, -1,
      152, 187, 188, -1,
      152, 188, 185, -1,
      148, 150, 189, -1,
      189, 150, 185, -1,
      146, 148, 172, -1,
      172, 148, 189, -1,
      151, 149, 190, -1,
      190, 149, 191, -1,
      149, 147, 191, -1,
      191, 147, 192, -1,
      147, 145, 192, -1,
      192, 145, 193, -1,
      137, 194, 195, -1,
      137, 195, 139, -1,
      139, 195, 196, -1,
      139, 196, 141, -1,
      141, 196, 197, -1,
      141, 197, 143, -1,
      143, 197, 193, -1,
      143, 193, 145, -1,
      165, 198, 199, -1,
      165, 199, 167, -1,
      167, 199, 200, -1,
      167, 200, 169, -1,
      169, 200, 201, -1,
      169, 201, 136, -1,
      136, 201, 194, -1,
      136, 194, 137, -1,
      157, 202, 203, -1,
      157, 203, 159, -1,
      159, 203, 204, -1,
      159, 204, 161, -1,
      161, 204, 205, -1,
      161, 205, 163, -1,
      163, 205, 198, -1,
      163, 198, 165, -1,
      151, 190, 206, -1,
      151, 206, 153, -1,
      153, 206, 207, -1,
      153, 207, 155, -1,
      155, 207, 202, -1,
      155, 202, 157, -1
    ]
  }
}

Shape {
  appearance Appearance {
    material Material {
      diffuseColor 0.25098039215686274 0.25098039215686274 0.25098039215686274
      specularColor 0.12549019607843137 0.12549019607843137 0.12549019607843137
      ambientIntensity 0.2
      transparency 0
      shininess 0.5
    }
  }
  geometry IndexedFaceSet {
    ccw TRUE
    solid FALSE
    coord DEF co Coordinate {
      point [
        -0.2276 -0.4273 0.2874,         -0.2276 -0.4558 0.2874,         -0.2220 -0.4273 0.2874,         -0.2222 -0.4558 0.2874,         -0.2175 -0.4553 0.2874,         -0.2143 -0.4542 0.2874,         -0.2119 -0.4526 0.2874,         -0.2112 -0.4520 0.2874,         -0.2093 -0.4497 0.2874,         -0.2081 -0.4469 0.2874,         -0.2073 -0.4435 0.2874,         -0.2072 -0.4412 0.2874,         -0.2078 -0.4365 0.2874,         -0.2088 -0.4338 0.2874,         -0.2103 -0.4317 0.2874,         -0.2113 -0.4307 0.2874,         -0.2172 -0.4278 0.2874,         -0.2140 -0.4289 0.2874,         -0.2140 -0.4289 0.2874
      ]
    }
    coordIndex [
      0, 1, 2, -1,
      2, 1, 3, -1,
      2, 3, 4, -1,
      4, 5, 2, -1,
      2, 5, 6, -1,
      2, 6, 7, -1,
      7, 8, 2, -1,
      2, 8, 9, -1,
      2, 9, 10, -1,
      10, 11, 2, -1,
      2, 11, 12, -1,
      2, 12, 13, -1,
      13, 14, 2, -1,
      2, 14, 15, -1,
      2, 15, 16, -1,
      16, 15, 17, -1
    ]
  }
}

Shape {
  appearance Appearance {
    material Material {
      diffuseColor 1 1 1
      specularColor 0.5019607843137255 0.5019607843137255 0.5019607843137255
      ambientIntensity 0.2
      transparency 0
      shininess 0.5
    }
  }
  geometry IndexedFaceSet {
    ccw TRUE
    solid FALSE
    coord DEF co Coordinate {
      point [
        -0.1898 -0.4457 0.2913,         -0.1913 -0.4499 0.2913,         -0.1773 -0.4457 0.2913,         -0.1758 -0.4499 0.2913,         -0.1842 -0.4303 0.2913,         -0.1860 -0.4230 0.2913,         -0.2001 -0.4601 0.2913,         -0.1948 -0.4601 0.2913,         -0.1839 -0.4292 0.2913,         -0.1836 -0.4277 0.2913,         -0.1809 -0.4230 0.2913,         -0.1835 -0.4277 0.2913,         -0.1832 -0.4293 0.2913,         -0.1829 -0.4303 0.2913,         -0.1668 -0.4601 0.2913,         -0.1721 -0.4601 0.2913,         -0.1809 -0.4230 0.2874,         -0.1668 -0.4601 0.2874,         -0.1860 -0.4230 0.2874,         -0.2001 -0.4601 0.2874,         -0.1894 -0.4320 0.2874,         -0.1948 -0.4601 0.2874,         -0.1913 -0.4499 0.2874,         -0.1758 -0.4499 0.2874,         -0.1894 -0.4499 0.2874,         -0.1721 -0.4601 0.2874,         -0.1898 -0.4457 0.2874,         -0.1773 -0.4457 0.2874,         -0.1829 -0.4303 0.2874,         -0.1835 -0.4277 0.2874,         -0.1832 -0.4293 0.2874,         -0.1836 -0.4277 0.2874,         -0.1842 -0.4303 0.2874,         -0.1839 -0.4292 0.2874,         -0.1839 -0.4292 0.2874
      ]
    }
    coordIndex [
      0, 1, 2, -1,
      2, 1, 3, -1,
      4, 5, 0, -1,
      0, 5, 6, -1,
      0, 6, 1, -1,
      1, 6, 7, -1,
      4, 8, 5, -1,
      5, 8, 9, -1,
      5, 9, 10, -1,
      10, 9, 11, -1,
      10, 11, 12, -1,
      12, 13, 10, -1,
      10, 13, 2, -1,
      10, 2, 14, -1,
      14, 2, 3, -1,
      14, 3, 15, -1,
      10, 14, 16, -1,
      16, 14, 17, -1,
      5, 10, 18, -1,
      18, 10, 16, -1,
      19, 6, 20, -1,
      20, 6, 5, -1,
      20, 5, 18, -1,
      7, 6, 21, -1,
      21, 6, 19, -1,
      1, 7, 22, -1,
      22, 7, 21, -1,
      23, 3, 24, -1,
      24, 3, 1, -1,
      24, 1, 22, -1,
      15, 3, 25, -1,
      25, 3, 23, -1,
      14, 15, 17, -1,
      17, 15, 25, -1,
      0, 2, 26, -1,
      26, 2, 27, -1,
      2, 13, 27, -1,
      27, 13, 28, -1,
      11, 29, 30, -1,
      11, 30, 12, -1,
      12, 30, 28, -1,
      12, 28, 13, -1,
      11, 9, 29, -1,
      29, 9, 31, -1,
      4, 32, 33, -1,
      4, 33, 8, -1,
      8, 33, 31, -1,
      8, 31, 9, -1,
      4, 0, 32, -1,
      32, 0, 26, -1
    ]
  }
}

Shape {
  appearance Appearance {
    material Material {
      diffuseColor 0.25098039215686274 0.25098039215686274 0.25098039215686274
      specularColor 0.12549019607843137 0.12549019607843137 0.12549019607843137
      ambientIntensity 0.2
      transparency 0
      shininess 0.5
    }
  }
  geometry IndexedFaceSet {
    ccw TRUE
    solid FALSE
    coord DEF co Coordinate {
      point [
        -0.1835 -0.4277 0.2874,         -0.1836 -0.4277 0.2874,         -0.1832 -0.4293 0.2874,         -0.1839 -0.4292 0.2874,         -0.1829 -0.4303 0.2874,         -0.1842 -0.4303 0.2874,         -0.1773 -0.4457 0.2874,         -0.1898 -0.4457 0.2874,         -0.1898 -0.4457 0.2874
      ]
    }
    coordIndex [
      0, 1, 2, -1,
      2, 1, 3, -1,
      2, 3, 4, -1,
      4, 3, 5, -1,
      4, 5, 6, -1,
      6, 5, 7, -1
    ]
  }
}

Shape {
  appearance Appearance {
    material Material {
      diffuseColor 1 1 1
      specularColor 0.5019607843137255 0.5019607843137255 0.5019607843137255
      ambientIntensity 0.2
      transparency 0
      shininess 0.5
    }
  }
  geometry IndexedFaceSet {
    ccw TRUE
    solid FALSE
    coord DEF co Coordinate {
      point [
        -0.2956 -0.5146 0.2913,         -0.2956 -0.5189 0.2913,         -0.2956 -0.5146 0.2874,         -0.2956 -0.5189 0.2874,         -0.3108 -0.5146 0.2913,         -0.3108 -0.5146 0.2874,         -0.3108 -0.5022 0.2913,         -0.3108 -0.5022 0.2874,         -0.2975 -0.5022 0.2913,         -0.2975 -0.5022 0.2874,         -0.2975 -0.4979 0.2913,         -0.2975 -0.4979 0.2874,         -0.3108 -0.4979 0.2913,         -0.3108 -0.4979 0.2874,         -0.3108 -0.4861 0.2913,         -0.3108 -0.4861 0.2874,         -0.2964 -0.4861 0.2913,         -0.2964 -0.4861 0.2874,         -0.2964 -0.4818 0.2913,         -0.2964 -0.4818 0.2874,         -0.3155 -0.4818 0.2913,         -0.3155 -0.4818 0.2874,         -0.3155 -0.5189 0.2913,         -0.3155 -0.5189 0.2874,         -0.2745 -0.5189 0.2913,         -0.2699 -0.5189 0.2913,         -0.2745 -0.5148 0.2913,         -0.2699 -0.5018 0.2913,         -0.2745 -0.5020 0.2913,         -0.2846 -0.5076 0.2913,         -0.2836 -0.5071 0.2913,         -0.2747 -0.5148 0.2913,         -0.2771 -0.5141 0.2913,         -0.2754 -0.5159 0.2913,         -0.2784 -0.5150 0.2913,         -0.2807 -0.5064 0.2913,         -0.2745 -0.5056 0.2913,         -0.2745 -0.5081 0.2913,         -0.2745 -0.5084 0.2913,         -0.2748 -0.5105 0.2913,         -0.2755 -0.5122 0.2913,         -0.2765 -0.5135 0.2913,         -0.2747 -0.5000 0.2913,         -0.2703 -0.4982 0.2913,         -0.2752 -0.4983 0.2913,         -0.2710 -0.4962 0.2913,         -0.2757 -0.4974 0.2913,         -0.2719 -0.4947 0.2913,         -0.2764 -0.4966 0.2913,         -0.2732 -0.4935 0.2913,         -0.2772 -0.4961 0.2913,         -0.2747 -0.4926 0.2913,         -0.2783 -0.4957 0.2913,         -0.2767 -0.4920 0.2913,         -0.2799 -0.4956 0.2913,         -0.2795 -0.4918 0.2913,         -0.2825 -0.4958 0.2913,         -0.2842 -0.4924 0.2913,         -0.2854 -0.4967 0.2913,         -0.2876 -0.4937 0.2913,         -0.2886 -0.4988 0.2913,         -0.2886 -0.4942 0.2913,         -0.2855 -0.5141 0.2913,         -0.2889 -0.5174 0.2913,         -0.2851 -0.5145 0.2913,         -0.2873 -0.5185 0.2913,         -0.2842 -0.5151 0.2913,         -0.2856 -0.5192 0.2913,         -0.2831 -0.5155 0.2913,         -0.2828 -0.5195 0.2913,         -0.2816 -0.5157 0.2913,         -0.2804 -0.5192 0.2913,         -0.2798 -0.5155 0.2913,         -0.2785 -0.5186 0.2913,         -0.2768 -0.5175 0.2913,         -0.2864 -0.5107 0.2913,         -0.2911 -0.5112 0.2913,         -0.2865 -0.5114 0.2913,         -0.2912 -0.5118 0.2913,         -0.2863 -0.5125 0.2913,         -0.2909 -0.5140 0.2913,         -0.2860 -0.5133 0.2913,         -0.2903 -0.5155 0.2913,         -0.2894 -0.5169 0.2913,         -0.2824 -0.5031 0.2913,         -0.2859 -0.5040 0.2913,         -0.2852 -0.5080 0.2913,         -0.2879 -0.5050 0.2913,         -0.2858 -0.5087 0.2913,         -0.2893 -0.5063 0.2913,         -0.2862 -0.5096 0.2913,         -0.2902 -0.5076 0.2913,         -0.2909 -0.5092 0.2913,         -0.2795 -0.4918 0.2874,         -0.2842 -0.4924 0.2874,         -0.2876 -0.4937 0.2874,         -0.2886 -0.4942 0.2874,         -0.2886 -0.4988 0.2874,         -0.2854 -0.4967 0.2874,         -0.2825 -0.4958 0.2874,         -0.2799 -0.4956 0.2874,         -0.2783 -0.4957 0.2874,         -0.2772 -0.4961 0.2874,         -0.2764 -0.4966 0.2874,         -0.2757 -0.4974 0.2874,         -0.2752 -0.4983 0.2874,         -0.2747 -0.5000 0.2874,         -0.2745 -0.5020 0.2874,         -0.2824 -0.5031 0.2874,         -0.2859 -0.5040 0.2874,         -0.2879 -0.5050 0.2874,         -0.2893 -0.5063 0.2874,         -0.2902 -0.5076 0.2874,         -0.2909 -0.5092 0.2874,         -0.2911 -0.5112 0.2874,         -0.2912 -0.5118 0.2874,         -0.2909 -0.5140 0.2874,         -0.2903 -0.5155 0.2874,         -0.2894 -0.5169 0.2874,         -0.2889 -0.5174 0.2874,         -0.2828 -0.5195 0.2874,         -0.2854 -0.5192 0.2874,         -0.2856 -0.5192 0.2874,         -0.2873 -0.5185 0.2874,         -0.2804 -0.5192 0.2874,         -0.2803 -0.5192 0.2874,         -0.2785 -0.5186 0.2874,         -0.2768 -0.5175 0.2874,         -0.2754 -0.5159 0.2874,         -0.2747 -0.5148 0.2874,         -0.2745 -0.5148 0.2874,         -0.2745 -0.5189 0.2874,         -0.2699 -0.5189 0.2874,         -0.2699 -0.5018 0.2874,         -0.2703 -0.4982 0.2874,         -0.2710 -0.4962 0.2874,         -0.2719 -0.4947 0.2874,         -0.2732 -0.4935 0.2874,         -0.2747 -0.4926 0.2874,         -0.2767 -0.4920 0.2874,         -0.2852 -0.5080 0.2874,         -0.2846 -0.5076 0.2874,         -0.2836 -0.5071 0.2874,         -0.2807 -0.5064 0.2874,         -0.2865 -0.5114 0.2874,         -0.2864 -0.5107 0.2874,         -0.2862 -0.5096 0.2874,         -0.2858 -0.5087 0.2874,         -0.2851 -0.5145 0.2874,         -0.2855 -0.5141 0.2874,         -0.2860 -0.5133 0.2874,         -0.2863 -0.5125 0.2874,         -0.2816 -0.5157 0.2874,         -0.2831 -0.5155 0.2874,         -0.2842 -0.5151 0.2874,         -0.2765 -0.5135 0.2874,         -0.2771 -0.5141 0.2874,         -0.2784 -0.5150 0.2874,         -0.2798 -0.5155 0.2874,         -0.2745 -0.5081 0.2874,         -0.2745 -0.5084 0.2874,         -0.2748 -0.5105 0.2874,         -0.2755 -0.5122 0.2874,         -0.2745 -0.5056 0.2874,         -0.2745 -0.5056 0.2874
      ]
    }
    coordIndex [
      0, 1, 2, -1,
      2, 1, 3, -1,
      4, 0, 5, -1,
      5, 0, 2, -1,
      6, 4, 7, -1,
      7, 4, 5, -1,
      8, 6, 9, -1,
      9, 6, 7, -1,
      10, 8, 11, -1,
      11, 8, 9, -1,
      12, 10, 13, -1,
      13, 10, 11, -1,
      14, 12, 15, -1,
      15, 12, 13, -1,
      16, 14, 17, -1,
      17, 14, 15, -1,
      18, 16, 19, -1,
      19, 16, 17, -1,
      20, 18, 21, -1,
      21, 18, 19, -1,
      22, 20, 23, -1,
      23, 20, 21, -1,
      1, 22, 3, -1,
      3, 22, 23, -1,
      22, 1, 0, -1,
      0, 4, 22, -1,
      22, 4, 6, -1,
      22, 6, 20, -1,
      16, 18, 14, -1,
      14, 18, 20, -1,
      14, 20, 12, -1,
      12, 20, 6, -1,
      12, 6, 10, -1,
      10, 6, 8, -1,
      24, 25, 26, -1,
      26, 25, 27, -1,
      28, 29, 30, -1,
      31, 32, 33, -1,
      33, 32, 34, -1,
      35, 36, 27, -1,
      27, 36, 37, -1,
      37, 38, 27, -1,
      27, 38, 39, -1,
      27, 39, 26, -1,
      26, 39, 40, -1,
      26, 40, 31, -1,
      31, 40, 41, -1,
      31, 41, 32, -1,
      30, 35, 28, -1,
      28, 35, 27, -1,
      28, 27, 42, -1,
      42, 27, 43, -1,
      42, 43, 44, -1,
      44, 43, 45, -1,
      44, 45, 46, -1,
      46, 45, 47, -1,
      46, 47, 48, -1,
      48, 47, 49, -1,
      48, 49, 50, -1,
      50, 49, 51, -1,
      50, 51, 52, -1,
      52, 51, 53, -1,
      52, 53, 54, -1,
      54, 53, 55, -1,
      54, 55, 56, -1,
      56, 55, 57, -1,
      56, 57, 58, -1,
      58, 57, 59, -1,
      58, 59, 60, -1,
      60, 59, 61, -1,
      62, 63, 64, -1,
      64, 63, 65, -1,
      64, 65, 66, -1,
      66, 65, 67, -1,
      66, 67, 68, -1,
      68, 67, 69, -1,
      68, 69, 70, -1,
      70, 69, 71, -1,
      70, 71, 72, -1,
      72, 71, 73, -1,
      72, 73, 34, -1,
      34, 73, 74, -1,
      34, 74, 33, -1,
      75, 76, 77, -1,
      77, 76, 78, -1,
      77, 78, 79, -1,
      79, 78, 80, -1,
      79, 80, 81, -1,
      81, 80, 82, -1,
      81, 82, 62, -1,
      62, 82, 83, -1,
      62, 83, 63, -1,
      28, 84, 29, -1,
      29, 84, 85, -1,
      29, 85, 86, -1,
      86, 85, 87, -1,
      86, 87, 88, -1,
      88, 87, 89, -1,
      88, 89, 90, -1,
      90, 89, 91, -1,
      90, 91, 75, -1,
      75, 91, 92, -1,
      75, 92, 76, -1,
      55, 93, 94, -1,
      55, 94, 57, -1,
      57, 94, 95, -1,
      57, 95, 59, -1,
      59, 95, 96, -1,
      59, 96, 61, -1,
      60, 61, 97, -1,
      97, 61, 96, -1,
      60, 97, 98, -1,
      60, 98, 58, -1,
      58, 98, 99, -1,
      58, 99, 56, -1,
      56, 99, 100, -1,
      56, 100, 54, -1,
      54, 100, 101, -1,
      54, 101, 52, -1,
      52, 101, 102, -1,
      52, 102, 50, -1,
      50, 102, 103, -1,
      50, 103, 48, -1,
      48, 103, 104, -1,
      48, 104, 46, -1,
      46, 104, 105, -1,
      46, 105, 44, -1,
      44, 105, 106, -1,
      44, 106, 42, -1,
      42, 106, 107, -1,
      42, 107, 28, -1,
      84, 28, 108, -1,
      108, 28, 107, -1,
      84, 108, 109, -1,
      84, 109, 85, -1,
      85, 109, 110, -1,
      85, 110, 87, -1,
      87, 110, 111, -1,
      87, 111, 89, -1,
      89, 111, 112, -1,
      89, 112, 91, -1,
      91, 112, 113, -1,
      91, 113, 92, -1,
      92, 113, 114, -1,
      92, 114, 76, -1,
      76, 114, 115, -1,
      76, 115, 78, -1,
      78, 115, 116, -1,
      78, 116, 80, -1,
      80, 116, 117, -1,
      80, 117, 82, -1,
      82, 117, 118, -1,
      82, 118, 83, -1,
      83, 118, 119, -1,
      83, 119, 63, -1,
      120, 69, 121, -1,
      121, 69, 67, -1,
      121, 67, 122, -1,
      122, 67, 65, -1,
      122, 65, 123, -1,
      123, 65, 63, -1,
      123, 63, 119, -1,
      69, 120, 124, -1,
      69, 124, 71, -1,
      71, 124, 125, -1,
      71, 125, 73, -1,
      125, 126, 73, -1,
      73, 126, 127, -1,
      73, 127, 74, -1,
      74, 127, 128, -1,
      74, 128, 33, -1,
      33, 128, 129, -1,
      33, 129, 31, -1,
      26, 31, 130, -1,
      130, 31, 129, -1,
      24, 26, 131, -1,
      131, 26, 130, -1,
      25, 24, 132, -1,
      132, 24, 131, -1,
      27, 25, 133, -1,
      133, 25, 132, -1,
      27, 133, 134, -1,
      27, 134, 43, -1,
      43, 134, 135, -1,
      43, 135, 45, -1,
      45, 135, 136, -1,
      45, 136, 47, -1,
      47, 136, 137, -1,
      47, 137, 49, -1,
      49, 137, 138, -1,
      49, 138, 51, -1,
      51, 138, 139, -1,
      51, 139, 53, -1,
      53, 139, 93, -1,
      53, 93, 55, -1,
      86, 140, 141, -1,
      86, 141, 29, -1,
      29, 141, 142, -1,
      29, 142, 30, -1,
      30, 142, 143, -1,
      30, 143, 35, -1,
      77, 144, 145, -1,
      77, 145, 75, -1,
      75, 145, 146, -1,
      75, 146, 90, -1,
      90, 146, 147, -1,
      90, 147, 88, -1,
      88, 147, 140, -1,
      88, 140, 86, -1,
      64, 148, 149, -1,
      64, 149, 62, -1,
      62, 149, 150, -1,
      62, 150, 81, -1,
      81, 150, 151, -1,
      81, 151, 79, -1,
      79, 151, 144, -1,
      79, 144, 77, -1,
      70, 152, 153, -1,
      70, 153, 68, -1,
      68, 153, 154, -1,
      68, 154, 66, -1,
      66, 154, 148, -1,
      66, 148, 64, -1,
      41, 155, 156, -1,
      41, 156, 32, -1,
      32, 156, 157, -1,
      32, 157, 34, -1,
      34, 157, 158, -1,
      34, 158, 72, -1,
      72, 158, 152, -1,
      72, 152, 70, -1,
      37, 159, 160, -1,
      37, 160, 38, -1,
      38, 160, 161, -1,
      38, 161, 39, -1,
      39, 161, 162, -1,
      39, 162, 40, -1,
      40, 162, 155, -1,
      40, 155, 41, -1,
      37, 36, 159, -1,
      159, 36, 163, -1,
      36, 35, 163, -1,
      163, 35, 143, -1
    ]
  }
}

Shape {
  appearance Appearance {
    material Material {
      diffuseColor 0.25098039215686274 0.25098039215686274 0.25098039215686274
      specularColor 0.12549019607843137 0.12549019607843137 0.12549019607843137
      ambientIntensity 0.2
      transparency 0
      shininess 0.5
    }
  }
  geometry IndexedFaceSet {
    ccw TRUE
    solid FALSE
    coord DEF co Coordinate {
      point [
        -0.2745 -0.5084 0.2874,         -0.2745 -0.5081 0.2874,         -0.2852 -0.5080 0.2874,         -0.2745 -0.5056 0.2874,         -0.2807 -0.5064 0.2874,         -0.2836 -0.5071 0.2874,         -0.2846 -0.5076 0.2874,         -0.2748 -0.5105 0.2874,         -0.2858 -0.5087 0.2874,         -0.2755 -0.5122 0.2874,         -0.2855 -0.5141 0.2874,         -0.2851 -0.5145 0.2874,         -0.2771 -0.5141 0.2874,         -0.2860 -0.5133 0.2874,         -0.2784 -0.5150 0.2874,         -0.2798 -0.5155 0.2874,         -0.2816 -0.5157 0.2874,         -0.2862 -0.5096 0.2874,         -0.2864 -0.5107 0.2874,         -0.2765 -0.5135 0.2874,         -0.2865 -0.5114 0.2874,         -0.2863 -0.5125 0.2874,         -0.2842 -0.5151 0.2874,         -0.2831 -0.5155 0.2874,         -0.2831 -0.5155 0.2874
      ]
    }
    coordIndex [
      0, 1, 2, -1,
      1, 3, 4, -1,
      4, 5, 1, -1,
      1, 5, 6, -1,
      1, 6, 2, -1,
      0, 2, 7, -1,
      7, 2, 8, -1,
      7, 8, 9, -1,
      10, 11, 12, -1,
      10, 12, 13, -1,
      14, 12, 15, -1,
      15, 12, 16, -1,
      8, 17, 9, -1,
      9, 17, 18, -1,
      9, 18, 19, -1,
      19, 18, 20, -1,
      19, 20, 12, -1,
      12, 20, 21, -1,
      12, 21, 13, -1,
      11, 22, 12, -1,
      12, 22, 23, -1,
      12, 23, 16, -1
    ]
  }
}

Shape {
  appearance Appearance {
    material Material {
      diffuseColor 1 1 1
      specularColor 0.5019607843137255 0.5019607843137255 0.5019607843137255
      ambientIntensity 0.2
      transparency 0
      shininess 0.5
    }
  }
  geometry IndexedFaceSet {
    ccw TRUE
    solid FALSE
    coord DEF co Coordinate {
      point [
        -0.2636 -0.5131 0.2874,         -0.2636 -0.5131 0.2913,         -0.2619 -0.5142 0.2913,         -0.2560 -0.5157 0.2913,         -0.2560 -0.5157 0.2874,         -0.2590 -0.5153 0.2874,         -0.2590 -0.5153 0.2913,         -0.2614 -0.5144 0.2874,         -0.2619 -0.5142 0.2874,         -0.2636 -0.5179 0.2913,         -0.2636 -0.5179 0.2874,         -0.2614 -0.5187 0.2874,         -0.2603 -0.5191 0.2913,         -0.2564 -0.5195 0.2874,         -0.2564 -0.5195 0.2913,         -0.2594 -0.5192 0.2874,         -0.2603 -0.5191 0.2874,         -0.2538 -0.5192 0.2874,         -0.2522 -0.5190 0.2913,         -0.2522 -0.5190 0.2874,         -0.2498 -0.5180 0.2874,         -0.2498 -0.5180 0.2913,         -0.2487 -0.5174 0.2874,         -0.2487 -0.5174 0.2913,         -0.2474 -0.5162 0.2874,         -0.2474 -0.5162 0.2913,         -0.2465 -0.5150 0.2874,         -0.2465 -0.5150 0.2913,         -0.2459 -0.5135 0.2874,         -0.2459 -0.5135 0.2913,         -0.2457 -0.5117 0.2874,         -0.2457 -0.5117 0.2913,         -0.2459 -0.5099 0.2874,         -0.2459 -0.5099 0.2913,         -0.2464 -0.5086 0.2874,         -0.2464 -0.5086 0.2913,         -0.2473 -0.5073 0.2874,         -0.2473 -0.5073 0.2913,         -0.2484 -0.5063 0.2874,         -0.2484 -0.5063 0.2913,         -0.2515 -0.5046 0.2874,         -0.2515 -0.5046 0.2913,         -0.2533 -0.5039 0.2874,         -0.2533 -0.5039 0.2913,         -0.2561 -0.5026 0.2874,         -0.2561 -0.5026 0.2913,         -0.2578 -0.5016 0.2874,         -0.2578 -0.5016 0.2913,         -0.2582 -0.5011 0.2874,         -0.2582 -0.5011 0.2913,         -0.2586 -0.5005 0.2874,         -0.2586 -0.5005 0.2913,         -0.2587 -0.4997 0.2874,         -0.2587 -0.4997 0.2913,         -0.2588 -0.4991 0.2874,         -0.2588 -0.4991 0.2913,         -0.2587 -0.4984 0.2874,         -0.2587 -0.4984 0.2913,         -0.2585 -0.4977 0.2874,         -0.2585 -0.4977 0.2913,         -0.2581 -0.4972 0.2874,         -0.2581 -0.4972 0.2913,         -0.2574 -0.4965 0.2874,         -0.2574 -0.4965 0.2913,         -0.2563 -0.4960 0.2874,         -0.2563 -0.4960 0.2913,         -0.2551 -0.4957 0.2874,         -0.2551 -0.4957 0.2913,         -0.2537 -0.4956 0.2874,         -0.2537 -0.4956 0.2913,         -0.2505 -0.4959 0.2874,         -0.2505 -0.4959 0.2913,         -0.2478 -0.4970 0.2874,         -0.2478 -0.4970 0.2913,         -0.2470 -0.4975 0.2874,         -0.2470 -0.4975 0.2913,         -0.2470 -0.4930 0.2913,         -0.2470 -0.4930 0.2874,         -0.2500 -0.4921 0.2874,         -0.2500 -0.4921 0.2913,         -0.2533 -0.4918 0.2874,         -0.2533 -0.4918 0.2913,         -0.2570 -0.4922 0.2874,         -0.2570 -0.4922 0.2913,         -0.2595 -0.4932 0.2874,         -0.2595 -0.4932 0.2913,         -0.2606 -0.4939 0.2874,         -0.2606 -0.4939 0.2913,         -0.2614 -0.4947 0.2874,         -0.2621 -0.4953 0.2913,         -0.2621 -0.4953 0.2874,         -0.2629 -0.4965 0.2874,         -0.2629 -0.4965 0.2913,         -0.2634 -0.4980 0.2874,         -0.2634 -0.4980 0.2913,         -0.2636 -0.4995 0.2874,         -0.2636 -0.4995 0.2913,         -0.2633 -0.5015 0.2874,         -0.2633 -0.5015 0.2913,         -0.2628 -0.5029 0.2874,         -0.2628 -0.5029 0.2913,         -0.2622 -0.5037 0.2874,         -0.2622 -0.5037 0.2913,         -0.2565 -0.5072 0.2874,         -0.2565 -0.5072 0.2913,         -0.2593 -0.5060 0.2913,         -0.2615 -0.5045 0.2874,         -0.2615 -0.5045 0.2913,         -0.2614 -0.5045 0.2874,         -0.2593 -0.5060 0.2874,         -0.2535 -0.5085 0.2874,         -0.2535 -0.5085 0.2913,         -0.2517 -0.5096 0.2874,         -0.2517 -0.5096 0.2913,         -0.2511 -0.5102 0.2874,         -0.2511 -0.5102 0.2913,         -0.2507 -0.5108 0.2874,         -0.2507 -0.5108 0.2913,         -0.2505 -0.5115 0.2874,         -0.2505 -0.5115 0.2913,         -0.2505 -0.5121 0.2874,         -0.2505 -0.5121 0.2913,         -0.2506 -0.5130 0.2874,         -0.2506 -0.5130 0.2913,         -0.2508 -0.5137 0.2874,         -0.2508 -0.5137 0.2913,         -0.2512 -0.5143 0.2874,         -0.2512 -0.5143 0.2913,         -0.2518 -0.5147 0.2874,         -0.2518 -0.5147 0.2913,         -0.2522 -0.5150 0.2874,         -0.2522 -0.5150 0.2913,         -0.2534 -0.5154 0.2874,         -0.2534 -0.5154 0.2913,         -0.2558 -0.5157 0.2874,         -0.2558 -0.5157 0.2913,         -0.2227 -0.4924 0.2913,         -0.2179 -0.4924 0.2913,         -0.2227 -0.4924 0.2874,         -0.2179 -0.4924 0.2874,         -0.2299 -0.5123 0.2913,         -0.2299 -0.5123 0.2874,         -0.2303 -0.5136 0.2874,         -0.2303 -0.5136 0.2913,         -0.2305 -0.5145 0.2874,         -0.2305 -0.5145 0.2913,         -0.2306 -0.5145 0.2913,         -0.2306 -0.5145 0.2874,         -0.2312 -0.5123 0.2913,         -0.2312 -0.5123 0.2874,         -0.2381 -0.4924 0.2913,         -0.2359 -0.4988 0.2874,         -0.2381 -0.4924 0.2874,         -0.2433 -0.4924 0.2913,         -0.2433 -0.4924 0.2874,         -0.2329 -0.5188 0.2913,         -0.2359 -0.5113 0.2874,         -0.2329 -0.5188 0.2874,         -0.2350 -0.5236 0.2874,         -0.2350 -0.5236 0.2913,         -0.2331 -0.5192 0.2874,         -0.2359 -0.5252 0.2874,         -0.2360 -0.5255 0.2913,         -0.2360 -0.5255 0.2874,         -0.2369 -0.5264 0.2874,         -0.2369 -0.5264 0.2913,         -0.2378 -0.5270 0.2874,         -0.2378 -0.5270 0.2913,         -0.2388 -0.5273 0.2874,         -0.2388 -0.5273 0.2913,         -0.2397 -0.5274 0.2874,         -0.2397 -0.5274 0.2913,         -0.2414 -0.5271 0.2874,         -0.2414 -0.5271 0.2913,         -0.2423 -0.5268 0.2874,         -0.2423 -0.5268 0.2913,         -0.2423 -0.5310 0.2913,         -0.2423 -0.5310 0.2874,         -0.2404 -0.5313 0.2874,         -0.2404 -0.5313 0.2913,         -0.2393 -0.5313 0.2874,         -0.2393 -0.5313 0.2913,         -0.2373 -0.5311 0.2874,         -0.2373 -0.5311 0.2913,         -0.2359 -0.5305 0.2874,         -0.2355 -0.5304 0.2913,         -0.2355 -0.5304 0.2874,         -0.2339 -0.5292 0.2874,         -0.2339 -0.5292 0.2913,         -0.2320 -0.5270 0.2874,         -0.2320 -0.5270 0.2913,         -0.2299 -0.5229 0.2874,         -0.2299 -0.5229 0.2913,         -0.2284 -0.5192 0.2874,         -0.1929 -0.5146 0.2913,         -0.1929 -0.5189 0.2913,         -0.1929 -0.5146 0.2874,         -0.1929 -0.5189 0.2874,         -0.2081 -0.5146 0.2913,         -0.2012 -0.5146 0.2874,         -0.2081 -0.5146 0.2874,         -0.2081 -0.5022 0.2913,         -0.2081 -0.5022 0.2874,         -0.1948 -0.5022 0.2913,         -0.2012 -0.5022 0.2874,         -0.1948 -0.5022 0.2874,         -0.1948 -0.4979 0.2913,         -0.1948 -0.4979 0.2874,         -0.2081 -0.4979 0.2874,         -0.2081 -0.4979 0.2913,         -0.2012 -0.4979 0.2874,         -0.2081 -0.4861 0.2913,         -0.2081 -0.4861 0.2874,         -0.1938 -0.4861 0.2874,         -0.1938 -0.4861 0.2913,         -0.2012 -0.4861 0.2874,         -0.1938 -0.4818 0.2913,         -0.1938 -0.4818 0.2874,         -0.2129 -0.4818 0.2874,         -0.2129 -0.4818 0.2913,         -0.2012 -0.4818 0.2874,         -0.2129 -0.5189 0.2913,         -0.2129 -0.5189 0.2874,         -0.2012 -0.5189 0.2874,         -0.1629 -0.5085 0.2913,         -0.1648 -0.5108 0.2913,         -0.1614 -0.5137 0.2913,         -0.1654 -0.5114 0.2913,         -0.1652 -0.5164 0.2913,         -0.1679 -0.5130 0.2913,         -0.1694 -0.5181 0.2913,         -0.1711 -0.5141 0.2913,         -0.1757 -0.5189 0.2913,         -0.1758 -0.5146 0.2913,         -0.1859 -0.5189 0.2913,         -0.1812 -0.5146 0.2913,         -0.1859 -0.4818 0.2913,         -0.1812 -0.4861 0.2913,         -0.1754 -0.4818 0.2913,         -0.1756 -0.4861 0.2913,         -0.1697 -0.4824 0.2913,         -0.1708 -0.4866 0.2913,         -0.1652 -0.4841 0.2913,         -0.1676 -0.4877 0.2913,         -0.1614 -0.4867 0.2913,         -0.1649 -0.4895 0.2913,         -0.1601 -0.4880 0.2913,         -0.1639 -0.4905 0.2913,         -0.1578 -0.4912 0.2913,         -0.1624 -0.4926 0.2913,         -0.1564 -0.4947 0.2913,         -0.1614 -0.4953 0.2913,         -0.1558 -0.4999 0.2913,         -0.1608 -0.5000 0.2913,         -0.1559 -0.5022 0.2913,         -0.1609 -0.5023 0.2913,         -0.1568 -0.5065 0.2913,         -0.1616 -0.5057 0.2913,         -0.1586 -0.5104 0.2913,         -0.1757 -0.5189 0.2874,         -0.1859 -0.5189 0.2874,         -0.1694 -0.5181 0.2874,         -0.1652 -0.5164 0.2874,         -0.1614 -0.5137 0.2874,         -0.1586 -0.5104 0.2874,         -0.1568 -0.5065 0.2874,         -0.1559 -0.5022 0.2874,         -0.1558 -0.4999 0.2874,         -0.1564 -0.4947 0.2874,         -0.1578 -0.4912 0.2874,         -0.1601 -0.4880 0.2874,         -0.1614 -0.4867 0.2874,         -0.1652 -0.4841 0.2874,         -0.1697 -0.4824 0.2874,         -0.1754 -0.4818 0.2874,         -0.1859 -0.4818 0.2874,         -0.1756 -0.4861 0.2874,         -0.1812 -0.4861 0.2874,         -0.1812 -0.5146 0.2874,         -0.1758 -0.5146 0.2874,         -0.1648 -0.5108 0.2874,         -0.1654 -0.5114 0.2874,         -0.1679 -0.5130 0.2874,         -0.1711 -0.5141 0.2874,         -0.1608 -0.5000 0.2874,         -0.1609 -0.5023 0.2874,         -0.1616 -0.5057 0.2874,         -0.1629 -0.5085 0.2874,         -0.1649 -0.4895 0.2874,         -0.1639 -0.4905 0.2874,         -0.1624 -0.4926 0.2874,         -0.1614 -0.4953 0.2874,         -0.1708 -0.4866 0.2874,         -0.1676 -0.4877 0.2874,         -0.1676 -0.4877 0.2874
      ]
    }
    coordIndex [
      0, 1, 2, -1,
      3, 4, 5, -1,
      3, 5, 6, -1,
      6, 5, 7, -1,
      6, 7, 2, -1,
      2, 7, 8, -1,
      2, 8, 0, -1,
      9, 1, 10, -1,
      10, 1, 0, -1,
      10, 11, 9, -1,
      9, 11, 12, -1,
      13, 14, 15, -1,
      15, 14, 12, -1,
      15, 12, 16, -1,
      16, 12, 11, -1,
      13, 17, 14, -1,
      14, 17, 18, -1,
      17, 19, 18, -1,
      18, 19, 20, -1,
      18, 20, 21, -1,
      21, 20, 22, -1,
      21, 22, 23, -1,
      23, 22, 24, -1,
      23, 24, 25, -1,
      25, 24, 26, -1,
      25, 26, 27, -1,
      27, 26, 28, -1,
      27, 28, 29, -1,
      29, 28, 30, -1,
      29, 30, 31, -1,
      31, 30, 32, -1,
      31, 32, 33, -1,
      33, 32, 34, -1,
      33, 34, 35, -1,
      35, 34, 36, -1,
      35, 36, 37, -1,
      37, 36, 38, -1,
      37, 38, 39, -1,
      39, 38, 40, -1,
      39, 40, 41, -1,
      41, 40, 42, -1,
      41, 42, 43, -1,
      43, 42, 44, -1,
      43, 44, 45, -1,
      45, 44, 46, -1,
      45, 46, 47, -1,
      47, 46, 48, -1,
      47, 48, 49, -1,
      49, 48, 50, -1,
      49, 50, 51, -1,
      51, 50, 52, -1,
      51, 52, 53, -1,
      53, 52, 54, -1,
      53, 54, 55, -1,
      55, 54, 56, -1,
      55, 56, 57, -1,
      57, 56, 58, -1,
      57, 58, 59, -1,
      59, 58, 60, -1,
      59, 60, 61, -1,
      61, 60, 62, -1,
      61, 62, 63, -1,
      63, 62, 64, -1,
      63, 64, 65, -1,
      65, 64, 66, -1,
      65, 66, 67, -1,
      67, 66, 68, -1,
      67, 68, 69, -1,
      69, 68, 70, -1,
      69, 70, 71, -1,
      71, 70, 72, -1,
      71, 72, 73, -1,
      73, 72, 74, -1,
      73, 74, 75, -1,
      76, 75, 77, -1,
      77, 75, 74, -1,
      76, 77, 78, -1,
      76, 78, 79, -1,
      79, 78, 80, -1,
      79, 80, 81, -1,
      81, 80, 82, -1,
      81, 82, 83, -1,
      83, 82, 84, -1,
      83, 84, 85, -1,
      85, 84, 86, -1,
      85, 86, 87, -1,
      86, 88, 87, -1,
      87, 88, 89, -1,
      88, 90, 89, -1,
      89, 90, 91, -1,
      89, 91, 92, -1,
      92, 91, 93, -1,
      92, 93, 94, -1,
      94, 93, 95, -1,
      94, 95, 96, -1,
      96, 95, 97, -1,
      96, 97, 98, -1,
      98, 97, 99, -1,
      98, 99, 100, -1,
      100, 99, 101, -1,
      100, 101, 102, -1,
      103, 104, 105, -1,
      102, 101, 106, -1,
      102, 106, 107, -1,
      107, 106, 108, -1,
      107, 108, 105, -1,
      105, 108, 109, -1,
      105, 109, 103, -1,
      104, 103, 110, -1,
      104, 110, 111, -1,
      111, 110, 112, -1,
      111, 112, 113, -1,
      113, 112, 114, -1,
      113, 114, 115, -1,
      115, 114, 116, -1,
      115, 116, 117, -1,
      117, 116, 118, -1,
      117, 118, 119, -1,
      119, 118, 120, -1,
      119, 120, 121, -1,
      121, 120, 122, -1,
      121, 122, 123, -1,
      123, 122, 124, -1,
      123, 124, 125, -1,
      125, 124, 126, -1,
      125, 126, 127, -1,
      127, 126, 128, -1,
      127, 128, 129, -1,
      129, 128, 130, -1,
      129, 130, 131, -1,
      131, 130, 132, -1,
      131, 132, 133, -1,
      133, 132, 134, -1,
      133, 134, 135, -1,
      135, 134, 4, -1,
      135, 4, 3, -1,
      59, 61, 87, -1,
      87, 61, 85, -1,
      85, 61, 63, -1,
      85, 63, 83, -1,
      125, 25, 27, -1,
      111, 43, 104, -1,
      104, 43, 45, -1,
      96, 98, 51, -1,
      51, 98, 100, -1,
      51, 100, 49, -1,
      49, 100, 102, -1,
      49, 102, 47, -1,
      47, 102, 107, -1,
      47, 107, 45, -1,
      45, 107, 105, -1,
      45, 105, 104, -1,
      125, 27, 123, -1,
      123, 27, 29, -1,
      123, 29, 121, -1,
      121, 29, 31, -1,
      121, 31, 119, -1,
      119, 31, 33, -1,
      119, 33, 117, -1,
      117, 33, 35, -1,
      117, 35, 115, -1,
      115, 35, 37, -1,
      115, 37, 113, -1,
      113, 37, 39, -1,
      113, 39, 111, -1,
      111, 39, 41, -1,
      111, 41, 43, -1,
      25, 125, 23, -1,
      23, 125, 127, -1,
      23, 127, 21, -1,
      14, 3, 12, -1,
      12, 3, 6, -1,
      12, 6, 9, -1,
      9, 6, 2, -1,
      9, 2, 1, -1,
      63, 65, 83, -1,
      83, 65, 67, -1,
      83, 67, 81, -1,
      81, 67, 69, -1,
      81, 69, 79, -1,
      79, 69, 71, -1,
      79, 71, 76, -1,
      76, 71, 73, -1,
      76, 73, 75, -1,
      127, 129, 21, -1,
      21, 129, 131, -1,
      21, 131, 18, -1,
      18, 131, 133, -1,
      18, 133, 14, -1,
      14, 133, 135, -1,
      14, 135, 3, -1,
      87, 89, 59, -1,
      59, 89, 92, -1,
      59, 92, 57, -1,
      57, 92, 94, -1,
      57, 94, 55, -1,
      55, 94, 96, -1,
      55, 96, 53, -1,
      53, 96, 51, -1,
      136, 137, 138, -1,
      138, 137, 139, -1,
      140, 136, 141, -1,
      141, 136, 138, -1,
      140, 141, 142, -1,
      140, 142, 143, -1,
      143, 142, 144, -1,
      143, 144, 145, -1,
      146, 145, 147, -1,
      147, 145, 144, -1,
      148, 146, 149, -1,
      149, 146, 147, -1,
      148, 149, 150, -1,
      150, 149, 151, -1,
      150, 151, 152, -1,
      153, 150, 154, -1,
      154, 150, 152, -1,
      153, 154, 155, -1,
      155, 154, 156, -1,
      155, 156, 157, -1,
      158, 159, 160, -1,
      160, 159, 155, -1,
      160, 155, 157, -1,
      158, 161, 159, -1,
      159, 161, 162, -1,
      161, 163, 162, -1,
      162, 163, 164, -1,
      162, 164, 165, -1,
      165, 164, 166, -1,
      165, 166, 167, -1,
      167, 166, 168, -1,
      167, 168, 169, -1,
      169, 168, 170, -1,
      169, 170, 171, -1,
      171, 170, 172, -1,
      171, 172, 173, -1,
      173, 172, 174, -1,
      173, 174, 175, -1,
      176, 175, 177, -1,
      177, 175, 174, -1,
      176, 177, 178, -1,
      176, 178, 179, -1,
      179, 178, 180, -1,
      179, 180, 181, -1,
      181, 180, 182, -1,
      181, 182, 183, -1,
      183, 182, 184, -1,
      183, 184, 185, -1,
      184, 186, 185, -1,
      185, 186, 187, -1,
      185, 187, 188, -1,
      188, 187, 189, -1,
      188, 189, 190, -1,
      190, 189, 191, -1,
      190, 191, 192, -1,
      139, 137, 193, -1,
      193, 137, 192, -1,
      193, 192, 191, -1,
      143, 145, 192, -1,
      137, 136, 192, -1,
      192, 136, 140, -1,
      192, 140, 143, -1,
      150, 153, 148, -1,
      148, 153, 155, -1,
      148, 155, 146, -1,
      145, 146, 192, -1,
      192, 146, 155, -1,
      192, 155, 190, -1,
      155, 159, 190, -1,
      190, 159, 162, -1,
      190, 162, 188, -1,
      188, 162, 165, -1,
      188, 165, 185, -1,
      185, 165, 167, -1,
      185, 167, 183, -1,
      183, 167, 169, -1,
      183, 169, 181, -1,
      181, 169, 171, -1,
      181, 171, 179, -1,
      179, 171, 173, -1,
      179, 173, 176, -1,
      176, 173, 175, -1,
      194, 195, 196, -1,
      196, 195, 197, -1,
      194, 196, 198, -1,
      198, 196, 199, -1,
      198, 199, 200, -1,
      201, 198, 202, -1,
      202, 198, 200, -1,
      201, 202, 203, -1,
      203, 202, 204, -1,
      203, 204, 205, -1,
      206, 203, 207, -1,
      207, 203, 205, -1,
      208, 209, 210, -1,
      210, 209, 206, -1,
      210, 206, 207, -1,
      211, 209, 212, -1,
      212, 209, 208, -1,
      213, 214, 215, -1,
      215, 214, 211, -1,
      215, 211, 212, -1,
      216, 214, 217, -1,
      217, 214, 213, -1,
      218, 219, 220, -1,
      220, 219, 216, -1,
      220, 216, 217, -1,
      221, 219, 222, -1,
      222, 219, 218, -1,
      221, 222, 195, -1,
      195, 222, 223, -1,
      195, 223, 197, -1,
      221, 195, 194, -1,
      194, 198, 221, -1,
      221, 198, 201, -1,
      221, 201, 219, -1,
      214, 216, 211, -1,
      211, 216, 219, -1,
      211, 219, 209, -1,
      209, 219, 201, -1,
      209, 201, 206, -1,
      206, 201, 203, -1,
      224, 225, 226, -1,
      226, 225, 227, -1,
      226, 227, 228, -1,
      228, 227, 229, -1,
      228, 229, 230, -1,
      230, 229, 231, -1,
      230, 231, 232, -1,
      232, 231, 233, -1,
      232, 233, 234, -1,
      234, 233, 235, -1,
      234, 235, 236, -1,
      236, 235, 237, -1,
      236, 237, 238, -1,
      238, 237, 239, -1,
      238, 239, 240, -1,
      240, 239, 241, -1,
      240, 241, 242, -1,
      242, 241, 243, -1,
      242, 243, 244, -1,
      244, 243, 245, -1,
      244, 245, 246, -1,
      246, 245, 247, -1,
      246, 247, 248, -1,
      248, 247, 249, -1,
      248, 249, 250, -1,
      250, 249, 251, -1,
      250, 251, 252, -1,
      252, 251, 253, -1,
      252, 253, 254, -1,
      254, 253, 255, -1,
      254, 255, 256, -1,
      256, 255, 257, -1,
      256, 257, 258, -1,
      258, 257, 224, -1,
      258, 224, 226, -1,
      232, 234, 259, -1,
      259, 234, 260, -1,
      232, 259, 261, -1,
      232, 261, 230, -1,
      230, 261, 262, -1,
      230, 262, 228, -1,
      228, 262, 263, -1,
      228, 263, 226, -1,
      226, 263, 264, -1,
      226, 264, 258, -1,
      258, 264, 265, -1,
      258, 265, 256, -1,
      256, 265, 266, -1,
      256, 266, 254, -1,
      254, 266, 267, -1,
      254, 267, 252, -1,
      252, 267, 268, -1,
      252, 268, 250, -1,
      250, 268, 269, -1,
      250, 269, 248, -1,
      248, 269, 270, -1,
      248, 270, 246, -1,
      246, 270, 271, -1,
      246, 271, 244, -1,
      244, 271, 272, -1,
      244, 272, 242, -1,
      242, 272, 273, -1,
      242, 273, 240, -1,
      240, 273, 274, -1,
      240, 274, 238, -1,
      236, 238, 275, -1,
      275, 238, 274, -1,
      234, 236, 260, -1,
      260, 236, 275, -1,
      239, 237, 276, -1,
      276, 237, 277, -1,
      237, 235, 277, -1,
      277, 235, 278, -1,
      235, 233, 278, -1,
      278, 233, 279, -1,
      225, 280, 281, -1,
      225, 281, 227, -1,
      227, 281, 282, -1,
      227, 282, 229, -1,
      229, 282, 283, -1,
      229, 283, 231, -1,
      231, 283, 279, -1,
      231, 279, 233, -1,
      253, 284, 285, -1,
      253, 285, 255, -1,
      255, 285, 286, -1,
      255, 286, 257, -1,
      257, 286, 287, -1,
      257, 287, 224, -1,
      224, 287, 280, -1,
      224, 280, 225, -1,
      245, 288, 289, -1,
      245, 289, 247, -1,
      247, 289, 290, -1,
      247, 290, 249, -1,
      249, 290, 291, -1,
      249, 291, 251, -1,
      251, 291, 284, -1,
      251, 284, 253, -1,
      239, 276, 292, -1,
      239, 292, 241, -1,
      241, 292, 293, -1,
      241, 293, 243, -1,
      243, 293, 288, -1,
      243, 288, 245, -1
    ]
  }
}

Shape {
  appearance Appearance {
    material Material {
      diffuseColor 0.25098039215686274 0.25098039215686274 0.25098039215686274
      specularColor 0.12549019607843137 0.12549019607843137 0.12549019607843137
      ambientIntensity 0.2
      transparency 0
      shininess 0.5
    }
  }
  geometry IndexedFaceSet {
    ccw TRUE
    solid FALSE
    coord DEF co Coordinate {
      point [
        -0.1812 -0.4861 0.2874,         -0.1812 -0.5146 0.2874,         -0.1756 -0.4861 0.2874,         -0.1758 -0.5146 0.2874,         -0.1711 -0.5141 0.2874,         -0.1679 -0.5130 0.2874,         -0.1654 -0.5114 0.2874,         -0.1648 -0.5108 0.2874,         -0.1629 -0.5085 0.2874,         -0.1616 -0.5057 0.2874,         -0.1609 -0.5023 0.2874,         -0.1608 -0.5000 0.2874,         -0.1614 -0.4953 0.2874,         -0.1624 -0.4926 0.2874,         -0.1639 -0.4905 0.2874,         -0.1649 -0.4895 0.2874,         -0.1708 -0.4866 0.2874,         -0.1676 -0.4877 0.2874,         -0.1676 -0.4877 0.2874
      ]
    }
    coordIndex [
      0, 1, 2, -1,
      2, 1, 3, -1,
      2, 3, 4, -1,
      4, 5, 2, -1,
      2, 5, 6, -1,
      2, 6, 7, -1,
      7, 8, 2, -1,
      2, 8, 9, -1,
      2, 9, 10, -1,
      10, 11, 2, -1,
      2, 11, 12, -1,
      2, 12, 13, -1,
      13, 14, 2, -1,
      2, 14, 15, -1,
      2, 15, 16, -1,
      16, 15, 17, -1
    ]
  }
}

Shape {
  appearance Appearance {
    material Material {
      diffuseColor 1 1 1
      specularColor 0.5019607843137255 0.5019607843137255 0.5019607843137255
      ambientIntensity 0.2
      transparency 0
      shininess 0.5
    }
  }
  geometry IndexedFaceSet {
    ccw TRUE
    solid FALSE
    coord DEF co Coordinate {
      point [
        -0.1433 -0.5045 0.2913,         -0.1449 -0.5087 0.2913,         -0.1309 -0.5045 0.2913,         -0.1294 -0.5087 0.2913,         -0.1378 -0.4891 0.2913,         -0.1396 -0.4818 0.2913,         -0.1537 -0.5189 0.2913,         -0.1484 -0.5189 0.2913,         -0.1375 -0.4880 0.2913,         -0.1372 -0.4865 0.2913,         -0.1345 -0.4818 0.2913,         -0.1371 -0.4865 0.2913,         -0.1368 -0.4881 0.2913,         -0.1365 -0.4891 0.2913,         -0.1204 -0.5189 0.2913,         -0.1256 -0.5189 0.2913,         -0.1345 -0.4818 0.2874,         -0.1204 -0.5189 0.2874,         -0.1396 -0.4818 0.2874,         -0.1537 -0.5189 0.2874,         -0.1484 -0.5189 0.2874,         -0.1449 -0.5087 0.2874,         -0.1294 -0.5087 0.2874,         -0.1256 -0.5189 0.2874,         -0.1433 -0.5045 0.2874,         -0.1309 -0.5045 0.2874,         -0.1365 -0.4891 0.2874,         -0.1371 -0.4865 0.2874,         -0.1368 -0.4881 0.2874,         -0.1372 -0.4865 0.2874,         -0.1378 -0.4891 0.2874,         -0.1375 -0.4880 0.2874,         -0.1375 -0.4880 0.2874
      ]
    }
    coordIndex [
      0, 1, 2, -1,
      2, 1, 3, -1,
      4, 5, 0, -1,
      0, 5, 6, -1,
      0, 6, 1, -1,
      1, 6, 7, -1,
      4, 8, 5, -1,
      5, 8, 9, -1,
      5, 9, 10, -1,
      10, 9, 11, -1,
      10, 11, 12, -1,
      12, 13, 10, -1,
      10, 13, 2, -1,
      10, 2, 14, -1,
      14, 2, 3, -1,
      14, 3, 15, -1,
      10, 14, 16, -1,
      16, 14, 17, -1,
      5, 10, 18, -1,
      18, 10, 16, -1,
      6, 5, 19, -1,
      19, 5, 18, -1,
      7, 6, 20, -1,
      20, 6, 19, -1,
      1, 7, 21, -1,
      21, 7, 20, -1,
      3, 1, 22, -1,
      22, 1, 21, -1,
      15, 3, 23, -1,
      23, 3, 22, -1,
      14, 15, 17, -1,
      17, 15, 23, -1,
      0, 2, 24, -1,
      24, 2, 25, -1,
      2, 13, 25, -1,
      25, 13, 26, -1,
      11, 27, 28, -1,
      11, 28, 12, -1,
      12, 28, 26, -1,
      12, 26, 13, -1,
      11, 9, 27, -1,
      27, 9, 29, -1,
      4, 30, 31, -1,
      4, 31, 8, -1,
      8, 31, 29, -1,
      8, 29, 9, -1,
      4, 0, 30, -1,
      30, 0, 24, -1
    ]
  }
}

Shape {
  appearance Appearance {
    material Material {
      diffuseColor 0.25098039215686274 0.25098039215686274 0.25098039215686274
      specularColor 0.12549019607843137 0.12549019607843137 0.12549019607843137
      ambientIntensity 0.2
      transparency 0
      shininess 0.5
    }
  }
  geometry IndexedFaceSet {
    ccw TRUE
    solid FALSE
    coord DEF co Coordinate {
      point [
        -0.1371 -0.4865 0.2874,         -0.1372 -0.4865 0.2874,         -0.1368 -0.4881 0.2874,         -0.1375 -0.4880 0.2874,         -0.1365 -0.4891 0.2874,         -0.1378 -0.4891 0.2874,         -0.1309 -0.5045 0.2874,         -0.1433 -0.5045 0.2874,         -0.1433 -0.5045 0.2874
      ]
    }
    coordIndex [
      0, 1, 2, -1,
      2, 1, 3, -1,
      2, 3, 4, -1,
      4, 3, 5, -1,
      4, 5, 6, -1,
      6, 5, 7, -1
    ]
  }
}

Shape {
  appearance Appearance {
    material Material {
      diffuseColor 1 1 1
      specularColor 0.5019607843137255 0.5019607843137255 0.5019607843137255
      ambientIntensity 0.2
      transparency 0
      shininess 0.5
    }
  }
  geometry IndexedFaceSet {
    ccw TRUE
    solid FALSE
    coord DEF co Coordinate {
      point [
        -0.4793 -0.5241 0.2913,         -0.4753 -0.5289 0.2913,         -0.4816 -0.5008 0.2913,         -0.4549 -0.5002 0.2913,         -0.4525 -0.5011 0.2913,         -0.4305 -0.5074 0.2913,         -0.4504 -0.5025 0.2913,         -0.3622 -0.4824 0.2913,         -0.3629 -0.4875 0.2913,         -0.3472 -0.4919 0.2913,         -0.3936 -0.4879 0.2913,         -0.4018 -0.4739 0.2913,         -0.4371 -0.4924 0.2913,         -0.4571 -0.5000 0.2913,         -0.4640 -0.5180 0.2913,         -0.4619 -0.5194 0.2913,         -0.4702 -0.5328 0.2913,         -0.4594 -0.5203 0.2913,         -0.4874 -0.4973 0.2913,         -0.4864 -0.5170 0.2913,         -0.4819 -0.5185 0.2913,         -0.4593 -0.5003 0.2913,         -0.4631 -0.4842 0.2913,         -0.4617 -0.5011 0.2913,         -0.4690 -0.4864 0.2913,         -0.4638 -0.5025 0.2913,         -0.4743 -0.4901 0.2913,         -0.4655 -0.5043 0.2913,         -0.4787 -0.4951 0.2913,         -0.4667 -0.5066 0.2913,         -0.4673 -0.5092 0.2913,         -0.3849 -0.4618 0.2913,         -0.3828 -0.4618 0.2913,         -0.3720 -0.4476 0.2913,         -0.3778 -0.4624 0.2913,         -0.3705 -0.4481 0.2913,         -0.3732 -0.4642 0.2913,         -0.3626 -0.4520 0.2913,         -0.3555 -0.4581 0.2913,         -0.4591 -0.4531 0.2913,         -0.4571 -0.4542 0.2913,         -0.4653 -0.4349 0.2913,         -0.4534 -0.4462 0.2913,         -0.4599 -0.4286 0.2913,         -0.4476 -0.4391 0.2913,         -0.4537 -0.4233 0.2913,         -0.4402 -0.4337 0.2913,         -0.4473 -0.4194 0.2913,         -0.4473 -0.4852 0.2913,         -0.4536 -0.4836 0.2913,         -0.4569 -0.4834 0.2913,         -0.3506 -0.5002 0.2913,         -0.3647 -0.4922 0.2913,         -0.3557 -0.5071 0.2913,         -0.4352 -0.4147 0.2913,         -0.4316 -0.4301 0.2913,         -0.4221 -0.4130 0.2913,         -0.3862 -0.4267 0.2913,         -0.3956 -0.4398 0.2913,         -0.3776 -0.4367 0.2913,         -0.3899 -0.4471 0.2913,         -0.3861 -0.4557 0.2913,         -0.4921 -0.4924 0.2913,         -0.5030 -0.5058 0.2913,         -0.4958 -0.5121 0.2913,         -0.4967 -0.4702 0.2913,         -0.5139 -0.4740 0.2913,         -0.4974 -0.4766 0.2913,         -0.5140 -0.4771 0.2913,         -0.4971 -0.4806 0.2913,         -0.5130 -0.4863 0.2913,         -0.4953 -0.4870 0.2913,         -0.5095 -0.4962 0.2913,         -0.5040 -0.5047 0.2913,         -0.3691 -0.4670 0.2913,         -0.3660 -0.4705 0.2913,         -0.3502 -0.4657 0.2913,         -0.3636 -0.4750 0.2913,         -0.3470 -0.4737 0.2913,         -0.3624 -0.4801 0.2913,         -0.3459 -0.4821 0.2913,         -0.3459 -0.4832 0.2913,         -0.3676 -0.4963 0.2913,         -0.3680 -0.4967 0.2913,         -0.3631 -0.5134 0.2913,         -0.3719 -0.4999 0.2913,         -0.3712 -0.5172 0.2913,         -0.3765 -0.5020 0.2913,         -0.3796 -0.5190 0.2913,         -0.3812 -0.5029 0.2913,         -0.3952 -0.5190 0.2913,         -0.3931 -0.5029 0.2913,         -0.3965 -0.5188 0.2913,         -0.4650 -0.4510 0.2913,         -0.4683 -0.4346 0.2913,         -0.4711 -0.4502 0.2913,         -0.4714 -0.4344 0.2913,         -0.4738 -0.4503 0.2913,         -0.4806 -0.4354 0.2913,         -0.4803 -0.4519 0.2913,         -0.4905 -0.4389 0.2913,         -0.4862 -0.4550 0.2913,         -0.4993 -0.4449 0.2913,         -0.4908 -0.4591 0.2913,         -0.5017 -0.4470 0.2913,         -0.4944 -0.4643 0.2913,         -0.5074 -0.4543 0.2913,         -0.5119 -0.4636 0.2913,         -0.4656 -0.5160 0.2913,         -0.4668 -0.5139 0.2913,         -0.4673 -0.5114 0.2913,         -0.4417 -0.4882 0.2913,         -0.4228 -0.4289 0.2913,         -0.4218 -0.4289 0.2913,         -0.4112 -0.4142 0.2913,         -0.4133 -0.4299 0.2913,         -0.3980 -0.4188 0.2913,         -0.4050 -0.4329 0.2913,         -0.3975 -0.4380 0.2913,         -0.4487 -0.5044 0.2913,         -0.4475 -0.5066 0.2913,         -0.4305 -0.5100 0.2913,         -0.4469 -0.5090 0.2913,         -0.4306 -0.5127 0.2913,         -0.4469 -0.5115 0.2913,         -0.4322 -0.5192 0.2913,         -0.4475 -0.5140 0.2913,         -0.4353 -0.5251 0.2913,         -0.4488 -0.5163 0.2913,         -0.4394 -0.5297 0.2913,         -0.4505 -0.5182 0.2913,         -0.4446 -0.5333 0.2913,         -0.4526 -0.5195 0.2913,         -0.4505 -0.5356 0.2913,         -0.4549 -0.5203 0.2913,         -0.4569 -0.5364 0.2913,         -0.4571 -0.5206 0.2913,         -0.4579 -0.5364 0.2913,         -0.4641 -0.5354 0.2913,         -0.3944 -0.5027 0.2913,         -0.4008 -0.5162 0.2913,         -0.4000 -0.5170 0.2913,         -0.3966 -0.5029 0.2913,         -0.3984 -0.5036 0.2913,         -0.4028 -0.5101 0.2913,         -0.4028 -0.5108 0.2913,         -0.4026 -0.5127 0.2913,         -0.4019 -0.5145 0.2913,         -0.3936 -0.5028 0.2913,         -0.3982 -0.5182 0.2913,         -0.3947 -0.5027 0.2913,         -0.4001 -0.5047 0.2913,         -0.4014 -0.5062 0.2913,         -0.4024 -0.5081 0.2913,         -0.3539 -0.4604 0.2874,         -0.3502 -0.4657 0.2874,         -0.3480 -0.4712 0.2874,         -0.3470 -0.4737 0.2874,         -0.3459 -0.4821 0.2874,         -0.3555 -0.4581 0.2874,         -0.3626 -0.4520 0.2874,         -0.3705 -0.4481 0.2874,         -0.3720 -0.4476 0.2874,         -0.3776 -0.4367 0.2874,         -0.3862 -0.4267 0.2874,         -0.3923 -0.4227 0.2874,         -0.3980 -0.4188 0.2874,         -0.4112 -0.4142 0.2874,         -0.4221 -0.4130 0.2874,         -0.4537 -0.4233 0.2874,         -0.4527 -0.4227 0.2874,         -0.4473 -0.4194 0.2874,         -0.4352 -0.4147 0.2874,         -0.4599 -0.4286 0.2874,         -0.4653 -0.4349 0.2874,         -0.4683 -0.4346 0.2874,         -0.4714 -0.4344 0.2874,         -0.4750 -0.4348 0.2874,         -0.4806 -0.4354 0.2874,         -0.4905 -0.4389 0.2874,         -0.4993 -0.4449 0.2874,         -0.5017 -0.4470 0.2874,         -0.5074 -0.4543 0.2874,         -0.5103 -0.4604 0.2874,         -0.5119 -0.4636 0.2874,         -0.5134 -0.4712 0.2874,         -0.5139 -0.4740 0.2874,         -0.5140 -0.4771 0.2874,         -0.5130 -0.4863 0.2874,         -0.5095 -0.4962 0.2874,         -0.5040 -0.5047 0.2874,         -0.5030 -0.5058 0.2874,         -0.4958 -0.5121 0.2874,         -0.4864 -0.5170 0.2874,         -0.4819 -0.5185 0.2874,         -0.4816 -0.5192 0.2874,         -0.4793 -0.5241 0.2874,         -0.4753 -0.5289 0.2874,         -0.4750 -0.5292 0.2874,         -0.4702 -0.5328 0.2874,         -0.4678 -0.5339 0.2874,         -0.4641 -0.5354 0.2874,         -0.4579 -0.5364 0.2874,         -0.4569 -0.5364 0.2874,         -0.4305 -0.5100 0.2874,         -0.4505 -0.5356 0.2874,         -0.4459 -0.5339 0.2874,         -0.4446 -0.5333 0.2874,         -0.4394 -0.5297 0.2874,         -0.4353 -0.5251 0.2874,         -0.4322 -0.5192 0.2874,         -0.4322 -0.5192 0.2874,         -0.4306 -0.5127 0.2874,         -0.4305 -0.5074 0.2874,         -0.3936 -0.4879 0.2874,         -0.4018 -0.4739 0.2874,         -0.4371 -0.4924 0.2874,         -0.4417 -0.4882 0.2874,         -0.4473 -0.4852 0.2874,         -0.4536 -0.4836 0.2874,         -0.4569 -0.4834 0.2874,         -0.4816 -0.5008 0.2874,         -0.4631 -0.4842 0.2874,         -0.4690 -0.4864 0.2874,         -0.4743 -0.4901 0.2874,         -0.4750 -0.4909 0.2874,         -0.4787 -0.4951 0.2874,         -0.4874 -0.4973 0.2874,         -0.4921 -0.4924 0.2874,         -0.4953 -0.4870 0.2874,         -0.4971 -0.4806 0.2874,         -0.4974 -0.4766 0.2874,         -0.4711 -0.4502 0.2874,         -0.4968 -0.4712 0.2874,         -0.4967 -0.4702 0.2874,         -0.4944 -0.4643 0.2874,         -0.4917 -0.4604 0.2874,         -0.4908 -0.4591 0.2874,         -0.4862 -0.4550 0.2874,         -0.4803 -0.4519 0.2874,         -0.4750 -0.4506 0.2874,         -0.4738 -0.4503 0.2874,         -0.4650 -0.4510 0.2874,         -0.4591 -0.4531 0.2874,         -0.4571 -0.4542 0.2874,         -0.4534 -0.4462 0.2874,         -0.4476 -0.4391 0.2874,         -0.4402 -0.4337 0.2874,         -0.4316 -0.4301 0.2874,         -0.4228 -0.4289 0.2874,         -0.4218 -0.4289 0.2874,         -0.3849 -0.4618 0.2874,         -0.3852 -0.4604 0.2874,         -0.3861 -0.4557 0.2874,         -0.3899 -0.4471 0.2874,         -0.3956 -0.4398 0.2874,         -0.3975 -0.4380 0.2874,         -0.4050 -0.4329 0.2874,         -0.4133 -0.4299 0.2874,         -0.3828 -0.4618 0.2874,         -0.3778 -0.4624 0.2874,         -0.3732 -0.4642 0.2874,         -0.3691 -0.4670 0.2874,         -0.3660 -0.4705 0.2874,         -0.3656 -0.4712 0.2874,         -0.3636 -0.4750 0.2874,         -0.3624 -0.4801 0.2874,         -0.3622 -0.4824 0.2874,         -0.3629 -0.4875 0.2874,         -0.3647 -0.4922 0.2874,         -0.3676 -0.4963 0.2874,         -0.3680 -0.4967 0.2874,         -0.3719 -0.4999 0.2874,         -0.3765 -0.5020 0.2874,         -0.3812 -0.5029 0.2874,         -0.3931 -0.5029 0.2874,         -0.3936 -0.5028 0.2874,         -0.3944 -0.5027 0.2874,         -0.3947 -0.5027 0.2874,         -0.3966 -0.5029 0.2874,         -0.3984 -0.5036 0.2874,         -0.4001 -0.5047 0.2874,         -0.4014 -0.5062 0.2874,         -0.4024 -0.5081 0.2874,         -0.4028 -0.5101 0.2874,         -0.4028 -0.5108 0.2874,         -0.4026 -0.5127 0.2874,         -0.4019 -0.5145 0.2874,         -0.4008 -0.5162 0.2874,         -0.4000 -0.5170 0.2874,         -0.3982 -0.5182 0.2874,         -0.3965 -0.5188 0.2874,         -0.3952 -0.5190 0.2874,         -0.3796 -0.5190 0.2874,         -0.3712 -0.5172 0.2874,         -0.3631 -0.5134 0.2874,         -0.3557 -0.5071 0.2874,         -0.3506 -0.5002 0.2874,         -0.3472 -0.4919 0.2874,         -0.3459 -0.4832 0.2874,         -0.4571 -0.5000 0.2874,         -0.4549 -0.5002 0.2874,         -0.4525 -0.5011 0.2874,         -0.4504 -0.5025 0.2874,         -0.4487 -0.5044 0.2874,         -0.4475 -0.5066 0.2874,         -0.4469 -0.5090 0.2874,         -0.4469 -0.5115 0.2874,         -0.4475 -0.5140 0.2874,         -0.4488 -0.5163 0.2874,         -0.4505 -0.5182 0.2874,         -0.4526 -0.5195 0.2874,         -0.4549 -0.5203 0.2874,         -0.4571 -0.5206 0.2874,         -0.4594 -0.5203 0.2874,         -0.4619 -0.5194 0.2874,         -0.4640 -0.5180 0.2874,         -0.4656 -0.5160 0.2874,         -0.4668 -0.5139 0.2874,         -0.4673 -0.5114 0.2874,         -0.4673 -0.5092 0.2874,         -0.4667 -0.5066 0.2874,         -0.4655 -0.5043 0.2874,         -0.4638 -0.5025 0.2874,         -0.4617 -0.5011 0.2874,         -0.4593 -0.5003 0.2874,         -0.4593 -0.5003 0.2874
      ]
    }
    coordIndex [
      0, 1, 2, -1,
      3, 4, 5, -1,
      5, 4, 6, -1,
      7, 8, 9, -1,
      10, 11, 5, -1,
      5, 11, 12, -1,
      5, 12, 3, -1,
      3, 12, 13, -1,
      14, 1, 15, -1,
      15, 1, 16, -1,
      15, 16, 17, -1,
      18, 19, 2, -1,
      2, 19, 20, -1,
      2, 20, 0, -1,
      21, 22, 23, -1,
      23, 22, 24, -1,
      23, 24, 25, -1,
      25, 24, 26, -1,
      25, 26, 27, -1,
      27, 26, 28, -1,
      27, 28, 29, -1,
      29, 28, 2, -1,
      29, 2, 30, -1,
      31, 32, 33, -1,
      33, 32, 34, -1,
      33, 34, 35, -1,
      35, 34, 36, -1,
      35, 36, 37, -1,
      37, 36, 38, -1,
      39, 40, 41, -1,
      41, 40, 42, -1,
      41, 42, 43, -1,
      43, 42, 44, -1,
      43, 44, 45, -1,
      45, 44, 46, -1,
      45, 46, 47, -1,
      48, 49, 21, -1,
      21, 49, 50, -1,
      21, 50, 22, -1,
      9, 8, 51, -1,
      51, 8, 52, -1,
      51, 52, 53, -1,
      47, 46, 54, -1,
      54, 46, 55, -1,
      54, 55, 56, -1,
      57, 58, 59, -1,
      59, 58, 60, -1,
      59, 60, 33, -1,
      33, 60, 61, -1,
      33, 61, 31, -1,
      62, 63, 18, -1,
      18, 63, 64, -1,
      18, 64, 19, -1,
      65, 66, 67, -1,
      67, 66, 68, -1,
      67, 68, 69, -1,
      69, 68, 70, -1,
      69, 70, 71, -1,
      71, 70, 72, -1,
      71, 72, 62, -1,
      62, 72, 73, -1,
      62, 73, 63, -1,
      36, 74, 38, -1,
      38, 74, 75, -1,
      38, 75, 76, -1,
      76, 75, 77, -1,
      76, 77, 78, -1,
      78, 77, 79, -1,
      78, 79, 80, -1,
      80, 79, 7, -1,
      80, 7, 81, -1,
      81, 7, 9, -1,
      52, 82, 53, -1,
      53, 82, 83, -1,
      53, 83, 84, -1,
      84, 83, 85, -1,
      84, 85, 86, -1,
      86, 85, 87, -1,
      86, 87, 88, -1,
      88, 87, 89, -1,
      88, 89, 90, -1,
      90, 89, 91, -1,
      90, 91, 92, -1,
      39, 41, 93, -1,
      93, 41, 94, -1,
      93, 94, 95, -1,
      95, 94, 96, -1,
      95, 96, 97, -1,
      97, 96, 98, -1,
      97, 98, 99, -1,
      99, 98, 100, -1,
      99, 100, 101, -1,
      101, 100, 102, -1,
      101, 102, 103, -1,
      103, 102, 104, -1,
      103, 104, 105, -1,
      105, 104, 106, -1,
      105, 106, 65, -1,
      65, 106, 107, -1,
      65, 107, 66, -1,
      14, 108, 1, -1,
      1, 108, 109, -1,
      1, 109, 2, -1,
      2, 109, 110, -1,
      2, 110, 30, -1,
      13, 12, 21, -1,
      21, 12, 111, -1,
      21, 111, 48, -1,
      55, 112, 56, -1,
      56, 112, 113, -1,
      56, 113, 114, -1,
      114, 113, 115, -1,
      114, 115, 116, -1,
      116, 115, 117, -1,
      116, 117, 57, -1,
      57, 117, 118, -1,
      57, 118, 58, -1,
      6, 119, 5, -1,
      5, 119, 120, -1,
      5, 120, 121, -1,
      121, 120, 122, -1,
      121, 122, 123, -1,
      123, 122, 124, -1,
      123, 124, 125, -1,
      125, 124, 126, -1,
      125, 126, 127, -1,
      127, 126, 128, -1,
      127, 128, 129, -1,
      129, 128, 130, -1,
      129, 130, 131, -1,
      131, 130, 132, -1,
      131, 132, 133, -1,
      133, 132, 134, -1,
      133, 134, 135, -1,
      135, 134, 136, -1,
      135, 136, 137, -1,
      137, 136, 17, -1,
      137, 17, 138, -1,
      138, 17, 16, -1,
      139, 140, 141, -1,
      142, 143, 144, -1,
      145, 146, 139, -1,
      139, 146, 147, -1,
      139, 147, 140, -1,
      91, 148, 92, -1,
      92, 148, 139, -1,
      92, 139, 149, -1,
      149, 139, 141, -1,
      145, 139, 144, -1,
      144, 139, 150, -1,
      144, 150, 142, -1,
      143, 151, 144, -1,
      144, 151, 152, -1,
      144, 152, 153, -1,
      154, 38, 155, -1,
      155, 38, 76, -1,
      155, 76, 156, -1,
      156, 76, 78, -1,
      156, 78, 157, -1,
      157, 78, 80, -1,
      157, 80, 158, -1,
      154, 159, 38, -1,
      38, 159, 160, -1,
      38, 160, 37, -1,
      37, 160, 161, -1,
      37, 161, 35, -1,
      35, 161, 162, -1,
      35, 162, 33, -1,
      33, 162, 163, -1,
      33, 163, 59, -1,
      59, 163, 164, -1,
      59, 164, 57, -1,
      57, 164, 116, -1,
      116, 164, 165, -1,
      165, 166, 116, -1,
      116, 166, 167, -1,
      116, 167, 114, -1,
      114, 167, 168, -1,
      114, 168, 56, -1,
      169, 45, 170, -1,
      170, 45, 47, -1,
      170, 47, 171, -1,
      171, 47, 54, -1,
      171, 54, 172, -1,
      172, 54, 56, -1,
      172, 56, 168, -1,
      45, 169, 173, -1,
      45, 173, 43, -1,
      43, 173, 174, -1,
      43, 174, 41, -1,
      41, 174, 175, -1,
      41, 175, 94, -1,
      94, 175, 176, -1,
      94, 176, 96, -1,
      96, 176, 177, -1,
      96, 177, 98, -1,
      177, 178, 98, -1,
      98, 178, 179, -1,
      98, 179, 100, -1,
      100, 179, 180, -1,
      100, 180, 102, -1,
      102, 180, 181, -1,
      102, 181, 104, -1,
      107, 106, 182, -1,
      182, 106, 104, -1,
      182, 104, 181, -1,
      182, 183, 107, -1,
      107, 183, 184, -1,
      107, 184, 66, -1,
      66, 184, 185, -1,
      185, 186, 66, -1,
      66, 186, 187, -1,
      66, 187, 68, -1,
      68, 187, 188, -1,
      68, 188, 70, -1,
      70, 188, 189, -1,
      70, 189, 72, -1,
      72, 189, 190, -1,
      72, 190, 73, -1,
      73, 190, 191, -1,
      73, 191, 63, -1,
      63, 191, 192, -1,
      63, 192, 64, -1,
      64, 192, 193, -1,
      64, 193, 19, -1,
      19, 193, 194, -1,
      19, 194, 20, -1,
      20, 194, 195, -1,
      20, 195, 0, -1,
      195, 196, 0, -1,
      0, 196, 197, -1,
      0, 197, 1, -1,
      1, 197, 198, -1,
      1, 198, 16, -1,
      198, 199, 16, -1,
      16, 199, 200, -1,
      16, 200, 138, -1,
      200, 201, 138, -1,
      138, 201, 202, -1,
      138, 202, 137, -1,
      137, 202, 203, -1,
      137, 203, 135, -1,
      204, 121, 123, -1,
      135, 203, 205, -1,
      135, 205, 133, -1,
      133, 205, 206, -1,
      133, 206, 131, -1,
      206, 207, 131, -1,
      131, 207, 208, -1,
      131, 208, 129, -1,
      129, 208, 209, -1,
      129, 209, 127, -1,
      127, 209, 210, -1,
      127, 210, 125, -1,
      125, 210, 211, -1,
      125, 211, 123, -1,
      123, 211, 212, -1,
      123, 212, 204, -1,
      5, 121, 213, -1,
      213, 121, 204, -1,
      10, 5, 214, -1,
      214, 5, 213, -1,
      11, 10, 215, -1,
      215, 10, 214, -1,
      12, 11, 216, -1,
      216, 11, 215, -1,
      12, 216, 217, -1,
      12, 217, 111, -1,
      111, 217, 218, -1,
      111, 218, 48, -1,
      48, 218, 219, -1,
      48, 219, 49, -1,
      49, 219, 220, -1,
      49, 220, 50, -1,
      221, 2, 28, -1,
      50, 220, 222, -1,
      50, 222, 22, -1,
      22, 222, 223, -1,
      22, 223, 24, -1,
      24, 223, 224, -1,
      24, 224, 26, -1,
      26, 224, 225, -1,
      26, 225, 28, -1,
      28, 225, 226, -1,
      28, 226, 221, -1,
      2, 221, 227, -1,
      2, 227, 18, -1,
      18, 227, 228, -1,
      18, 228, 62, -1,
      62, 228, 229, -1,
      62, 229, 71, -1,
      71, 229, 230, -1,
      71, 230, 69, -1,
      69, 230, 231, -1,
      69, 231, 67, -1,
      232, 95, 97, -1,
      231, 233, 67, -1,
      67, 233, 65, -1,
      233, 234, 65, -1,
      65, 234, 235, -1,
      65, 235, 105, -1,
      105, 235, 236, -1,
      105, 236, 103, -1,
      236, 237, 103, -1,
      103, 237, 238, -1,
      103, 238, 101, -1,
      101, 238, 239, -1,
      101, 239, 99, -1,
      99, 239, 240, -1,
      99, 240, 97, -1,
      97, 240, 241, -1,
      97, 241, 232, -1,
      95, 232, 242, -1,
      95, 242, 93, -1,
      93, 242, 243, -1,
      93, 243, 39, -1,
      39, 243, 244, -1,
      39, 244, 40, -1,
      40, 244, 245, -1,
      40, 245, 42, -1,
      42, 245, 246, -1,
      42, 246, 44, -1,
      44, 246, 247, -1,
      44, 247, 46, -1,
      46, 247, 248, -1,
      46, 248, 55, -1,
      55, 248, 249, -1,
      55, 249, 112, -1,
      112, 249, 250, -1,
      112, 250, 113, -1,
      251, 31, 252, -1,
      252, 31, 61, -1,
      252, 61, 253, -1,
      253, 61, 60, -1,
      253, 60, 254, -1,
      254, 60, 58, -1,
      254, 58, 255, -1,
      255, 58, 118, -1,
      255, 118, 256, -1,
      256, 118, 117, -1,
      256, 117, 257, -1,
      257, 117, 115, -1,
      257, 115, 258, -1,
      258, 115, 113, -1,
      258, 113, 250, -1,
      32, 31, 259, -1,
      259, 31, 251, -1,
      32, 259, 260, -1,
      32, 260, 34, -1,
      34, 260, 261, -1,
      34, 261, 36, -1,
      36, 261, 262, -1,
      36, 262, 74, -1,
      74, 262, 263, -1,
      74, 263, 75, -1,
      75, 263, 264, -1,
      75, 264, 77, -1,
      264, 265, 77, -1,
      77, 265, 266, -1,
      77, 266, 79, -1,
      79, 266, 267, -1,
      79, 267, 7, -1,
      7, 267, 268, -1,
      7, 268, 8, -1,
      8, 268, 269, -1,
      8, 269, 52, -1,
      52, 269, 270, -1,
      52, 270, 82, -1,
      82, 270, 271, -1,
      82, 271, 83, -1,
      83, 271, 272, -1,
      83, 272, 85, -1,
      85, 272, 273, -1,
      85, 273, 87, -1,
      87, 273, 274, -1,
      87, 274, 89, -1,
      91, 89, 275, -1,
      275, 89, 274, -1,
      91, 275, 276, -1,
      91, 276, 148, -1,
      148, 276, 277, -1,
      148, 277, 139, -1,
      139, 277, 278, -1,
      139, 278, 150, -1,
      150, 278, 279, -1,
      150, 279, 142, -1,
      142, 279, 280, -1,
      142, 280, 143, -1,
      143, 280, 281, -1,
      143, 281, 151, -1,
      151, 281, 282, -1,
      151, 282, 152, -1,
      152, 282, 283, -1,
      152, 283, 153, -1,
      153, 283, 284, -1,
      153, 284, 144, -1,
      144, 284, 285, -1,
      144, 285, 145, -1,
      145, 285, 286, -1,
      145, 286, 146, -1,
      146, 286, 287, -1,
      146, 287, 147, -1,
      147, 287, 288, -1,
      147, 288, 140, -1,
      140, 288, 289, -1,
      140, 289, 141, -1,
      141, 289, 290, -1,
      141, 290, 149, -1,
      149, 290, 291, -1,
      149, 291, 92, -1,
      92, 291, 292, -1,
      92, 292, 90, -1,
      88, 90, 293, -1,
      293, 90, 292, -1,
      88, 293, 294, -1,
      88, 294, 86, -1,
      86, 294, 295, -1,
      86, 295, 84, -1,
      84, 295, 296, -1,
      84, 296, 53, -1,
      53, 296, 297, -1,
      53, 297, 51, -1,
      51, 297, 298, -1,
      51, 298, 9, -1,
      9, 298, 299, -1,
      9, 299, 81, -1,
      81, 299, 158, -1,
      81, 158, 80, -1,
      13, 300, 301, -1,
      13, 301, 3, -1,
      3, 301, 302, -1,
      3, 302, 4, -1,
      4, 302, 303, -1,
      4, 303, 6, -1,
      6, 303, 304, -1,
      6, 304, 119, -1,
      119, 304, 305, -1,
      119, 305, 120, -1,
      120, 305, 306, -1,
      120, 306, 122, -1,
      122, 306, 307, -1,
      122, 307, 124, -1,
      124, 307, 308, -1,
      124, 308, 126, -1,
      126, 308, 309, -1,
      126, 309, 128, -1,
      128, 309, 310, -1,
      128, 310, 130, -1,
      130, 310, 311, -1,
      130, 311, 132, -1,
      132, 311, 312, -1,
      132, 312, 134, -1,
      134, 312, 313, -1,
      134, 313, 136, -1,
      136, 313, 314, -1,
      136, 314, 17, -1,
      17, 314, 315, -1,
      17, 315, 15, -1,
      15, 315, 316, -1,
      15, 316, 14, -1,
      14, 316, 317, -1,
      14, 317, 108, -1,
      108, 317, 318, -1,
      108, 318, 109, -1,
      109, 318, 319, -1,
      109, 319, 110, -1,
      110, 319, 320, -1,
      110, 320, 30, -1,
      30, 320, 321, -1,
      30, 321, 29, -1,
      29, 321, 322, -1,
      29, 322, 27, -1,
      27, 322, 323, -1,
      27, 323, 25, -1,
      25, 323, 324, -1,
      25, 324, 23, -1,
      23, 324, 325, -1,
      23, 325, 21, -1,
      21, 325, 300, -1,
      21, 300, 13, -1
    ]
  }
}

Shape {
  appearance Appearance {
    material Material {
      diffuseColor 0.25098039215686274 0.25098039215686274 0.25098039215686274
      specularColor 0.12549019607843137 0.12549019607843137 0.12549019607843137
      ambientIntensity 0.2
      transparency 0
      shininess 0.5
    }
  }
  geometry IndexedFaceSet {
    ccw TRUE
    solid FALSE
    coord DEF co Coordinate {
      point [
        -0.4549 -0.5203 0.2874,         -0.4571 -0.5000 0.2874,         -0.4571 -0.5206 0.2874,         -0.4593 -0.5003 0.2874,         -0.4673 -0.5114 0.2874,         -0.4673 -0.5092 0.2874,         -0.4617 -0.5011 0.2874,         -0.4469 -0.5090 0.2874,         -0.4475 -0.5066 0.2874,         -0.4487 -0.5044 0.2874,         -0.4504 -0.5025 0.2874,         -0.4525 -0.5011 0.2874,         -0.4549 -0.5002 0.2874,         -0.4638 -0.5025 0.2874,         -0.4655 -0.5043 0.2874,         -0.4667 -0.5066 0.2874,         -0.4668 -0.5139 0.2874,         -0.4656 -0.5160 0.2874,         -0.4640 -0.5180 0.2874,         -0.4526 -0.5195 0.2874,         -0.4505 -0.5182 0.2874,         -0.4469 -0.5115 0.2874,         -0.4488 -0.5163 0.2874,         -0.4475 -0.5140 0.2874,         -0.4619 -0.5194 0.2874,         -0.4594 -0.5203 0.2874,         -0.4594 -0.5203 0.2874
      ]
    }
    coordIndex [
      0, 1, 2, -1,
      2, 1, 3, -1,
      4, 3, 5, -1,
      5, 3, 6, -1,
      7, 8, 0, -1,
      0, 8, 9, -1,
      0, 9, 10, -1,
      10, 11, 0, -1,
      0, 11, 12, -1,
      0, 12, 1, -1,
      6, 13, 5, -1,
      5, 13, 14, -1,
      5, 14, 15, -1,
      4, 16, 3, -1,
      3, 16, 17, -1,
      3, 17, 18, -1,
      0, 19, 7, -1,
      7, 19, 20, -1,
      7, 20, 21, -1,
      21, 20, 22, -1,
      21, 22, 23, -1,
      18, 24, 3, -1,
      3, 24, 25, -1,
      3, 25, 2, -1
    ]
  }
}
