#VRML V2.0 utf8
# 3D model generated by nlbn (https://github.com/linkyourbin/nlbn)

Shape {
  appearance Appearance {
    material Material {
      diffuseColor 0.20784313725490197 0.20784313725490197 0.20784313725490197
      specularColor 0.01568627450980392 0.01568627450980392 0.01568627450980392
      ambientIntensity 0.2
      transparency 0
      shininess 0.5
    }
  }
  geometry IndexedFaceSet {
    ccw TRUE
    solid FALSE
    coord DEF co Coordinate {
      point [
        0.6501 0.5602 0.3465,         0.6501 0.6218 0.3465,         0.5675 0.6218 0.3465,         0.6890 -0.6890 0.3465,         0.6890 0.0222 0.3465,         0.6501 0.0222 0.3465,         0.5086 0.5404 0.3465,         0.5086 0.5414 0.3465,         0.4998 0.5414 0.3465,         0.2032 0.5387 0.3465,         0.2090 0.5333 0.3465,         0.2226 0.5404 0.3465,         0.4334 0.4994 0.3465,         0.4320 0.4999 0.3465,         0.4320 0.4993 0.3465,         0.4438 0.4996 0.3465,         0.4417 0.4993 0.3465,         0.4535 0.4993 0.3465,         0.5279 0.4997 0.3465,         0.5279 0.5404 0.3465,         0.5234 0.5404 0.3465,         0.4073 0.6214 0.3465,         0.4109 0.6218 0.3465,         0.3894 0.6218 0.3465,         0.5099 0.5744 0.3465,         0.5234 0.6100 0.3465,         0.5234 0.6218 0.3465,         0.5407 0.5872 0.3465,         0.5234 0.5872 0.3465,         0.5455 0.5744 0.3465,         0.5234 0.5602 0.3465,         0.5522 0.5744 0.3465,         0.5675 0.5602 0.3465,         0.5343 0.6214 0.3465,         0.5211 0.5872 0.3465,         0.5166 0.5744 0.3465,         0.5086 0.5602 0.3465,         0.5086 0.6218 0.3465,         0.3694 0.5404 0.3465,         0.3694 0.5263 0.3465,         0.3884 0.5404 0.3465,         0.3862 0.5263 0.3465,         0.3862 0.5209 0.3465,         0.3884 0.4993 0.3465,         0.3884 0.4997 0.3465,         0.3633 0.4997 0.3465,         0.3694 0.5414 0.3465,         0.3876 0.5414 0.3465,         0.3876 0.5468 0.3465,         0.3884 0.5602 0.3465,         0.3633 0.5468 0.3465,         0.3441 0.5602 0.3465,         0.3633 0.5404 0.3465,         0.3441 0.5404 0.3465,         0.3441 0.4993 0.3465,         0.3887 0.4997 0.3465,         0.3894 0.4993 0.3465,         0.3887 0.5051 0.3465,         0.3894 0.5404 0.3465,         0.3884 0.5051 0.3465,         0.5867 0.5468 0.3465,         0.5932 0.5468 0.3465,         0.5843 0.5404 0.3465,         0.5675 0.5404 0.3465,         0.5688 0.4997 0.3465,         0.5675 0.4993 0.3465,         0.5755 0.4997 0.3465,         0.6044 0.4997 0.3465,         0.5996 0.5126 0.3465,         0.5800 0.5126 0.3465,         0.3988 0.5871 0.3465,         0.4011 0.5839 0.3465,         0.4233 0.6148 0.3465,         0.4020 0.5830 0.3465,         0.4051 0.5809 0.3465,         0.4014 0.6115 0.3465,         0.3988 0.6080 0.3465,         0.4046 0.6142 0.3465,         0.4083 0.6159 0.3465,         0.4200 0.6160 0.3465,         0.4142 0.6167 0.3465,         0.3965 0.5956 0.3465,         0.4124 0.6167 0.3465,         0.3965 0.5974 0.3465,         0.3973 0.6039 0.3465,         0.4084 0.5796 0.3465,         0.4132 0.5790 0.3465,         0.4154 0.5791 0.3465,         0.3973 0.5909 0.3465,         0.4233 0.6218 0.3465,         0.4233 0.6209 0.3465,         0.4273 0.6218 0.3465,         0.4253 0.6203 0.3465,         0.4253 0.6139 0.3465,         0.4233 0.5755 0.3465,         0.4233 0.5602 0.3465,         0.4245 0.5759 0.3465,         0.4273 0.5602 0.3465,         0.4253 0.5763 0.3465,         0.4253 0.5821 0.3465,         0.4143 0.6222 0.3465,         0.4192 0.6218 0.3465,         0.4204 0.6217 0.3465,         0.4044 0.5748 0.3465,         0.3999 0.5768 0.3465,         0.3894 0.5602 0.3465,         0.3912 0.6056 0.3465,         0.3935 0.6108 0.3465,         0.3969 0.6153 0.3465,         0.4195 0.5743 0.3465,         0.4123 0.5736 0.3465,         0.4095 0.5737 0.3465,         0.3961 0.5800 0.3465,         0.3954 0.5808 0.3465,         0.3927 0.5849 0.3465,         0.3980 0.6164 0.3465,         0.4024 0.6195 0.3465,         0.3909 0.5900 0.3465,         0.3901 0.5970 0.3465,         0.3902 0.5995 0.3465,         0.4680 0.4993 0.3465,         0.4682 0.4998 0.3465,         0.4905 0.5404 0.3465,         0.4535 0.5404 0.3465,         0.4617 0.5333 0.3465,         0.4551 0.5333 0.3465,         0.4704 0.5081 0.3465,         0.4712 0.5053 0.3465,         0.4713 0.5053 0.3465,         0.4716 0.5064 0.3465,         0.4720 0.5080 0.3465,         0.4812 0.5333 0.3465,         0.4721 0.4946 0.3465,         0.4693 0.4892 0.3465,         0.4905 0.0222 0.3465,         0.4563 0.4896 0.3465,         0.4575 0.4892 0.3465,         0.4596 0.4889 0.3465,         0.4873 0.5333 0.3465,         0.4739 0.4993 0.3465,         0.4905 0.4993 0.3465,         0.4648 0.4851 0.3465,         0.4625 0.4842 0.3465,         0.4601 0.4839 0.3465,         0.4535 0.0222 0.3465,         0.4587 0.4839 0.3465,         0.4563 0.4844 0.3465,         0.4607 0.4890 0.3465,         0.4620 0.4894 0.3465,         0.4632 0.4901 0.3465,         0.4671 0.4867 0.3465,         0.4669 0.4865 0.3465,         0.4644 0.4914 0.3465,         0.4657 0.4937 0.3465,         0.5636 0.5349 0.3465,         0.5607 0.5390 0.3465,         0.5592 0.5404 0.3465,         0.5649 0.5153 0.3465,         0.5626 0.5105 0.3465,         0.5591 0.5063 0.3465,         0.5543 0.5028 0.3465,         0.5489 0.5007 0.3465,         0.5408 0.4997 0.3465,         0.5234 0.4993 0.3465,         0.5654 0.5304 0.3465,         0.5662 0.5238 0.3465,         0.5661 0.5209 0.3465,         0.5591 0.5405 0.3465,         0.5542 0.5439 0.3465,         0.5279 0.5468 0.3465,         0.5413 0.5468 0.3465,         0.5485 0.5460 0.3465,         0.4504 0.5269 0.3465,         0.4504 0.5326 0.3465,         0.4511 0.5048 0.3465,         0.4500 0.5032 0.3465,         0.4320 0.5404 0.3465,         0.4331 0.5314 0.3465,         0.4345 0.5323 0.3465,         0.4517 0.5066 0.3465,         0.4377 0.5335 0.3465,         0.4424 0.5341 0.3465,         0.4466 0.5337 0.3465,         0.4482 0.5016 0.3465,         0.4469 0.5008 0.3465,         0.4500 0.5144 0.3465,         0.4510 0.5129 0.3465,         0.4517 0.5112 0.3465,         0.4520 0.5088 0.3465,         0.4418 0.5293 0.3465,         0.4401 0.5292 0.3465,         0.4354 0.5248 0.3465,         0.4385 0.5288 0.3465,         0.4372 0.5280 0.3465,         0.4355 0.5240 0.3465,         0.4357 0.5231 0.3465,         0.4361 0.5223 0.3465,         0.4367 0.5216 0.3465,         0.4388 0.5203 0.3465,         0.4460 0.5288 0.3465,         0.4424 0.5188 0.3465,         0.4493 0.5275 0.3465,         0.4447 0.5178 0.3465,         0.4486 0.5157 0.3465,         0.4363 0.5273 0.3465,         0.4358 0.5265 0.3465,         0.4355 0.5257 0.3465,         0.4273 0.4993 0.3465,         0.4293 0.5009 0.3465,         0.4293 0.5070 0.3465,         0.4303 0.5200 0.3465,         0.4296 0.5218 0.3465,         0.4314 0.5056 0.3465,         0.4320 0.5054 0.3465,         0.4320 0.5179 0.3465,         0.4293 0.5242 0.3465,         0.4295 0.5262 0.3465,         0.4273 0.5404 0.3465,         0.4302 0.5281 0.3465,         0.4313 0.5297 0.3465,         0.4320 0.5304 0.3465,         0.4310 0.5189 0.3465,         0.4320 0.5179 0.3465,         0.4351 0.5042 0.3465,         0.4383 0.5145 0.3465,         0.4347 0.5161 0.3465,         0.4390 0.5037 0.3465,         0.4392 0.5037 0.3465,         0.4421 0.5129 0.3465,         0.4423 0.5041 0.3465,         0.4459 0.5083 0.3465,         0.4459 0.5090 0.3465,         0.4438 0.5046 0.3465,         0.4443 0.5049 0.3465,         0.4450 0.5055 0.3465,         0.4455 0.5063 0.3465,         0.4458 0.5071 0.3465,         0.4456 0.5099 0.3465,         0.4452 0.5107 0.3465,         0.4444 0.5115 0.3465,         0.4320 0.0222 0.3465,         0.4384 0.4989 0.3465,         0.4346 0.4993 0.3465,         0.4233 0.4993 0.3465,         0.4213 0.4997 0.3465,         0.4154 0.4997 0.3465,         0.4124 0.5014 0.3465,         0.4102 0.5000 0.3465,         0.4081 0.4993 0.3465,         0.4013 0.4994 0.3465,         0.3991 0.5002 0.3465,         0.3972 0.5016 0.3465,         0.3965 0.5022 0.3465,         0.3976 0.5252 0.3465,         0.3976 0.5310 0.3465,         0.3988 0.5316 0.3465,         0.4171 0.5319 0.3465,         0.4187 0.5304 0.3465,         0.4233 0.5404 0.3465,         0.4151 0.5330 0.3465,         0.3953 0.5040 0.3465,         0.3946 0.5060 0.3465,         0.3943 0.5087 0.3465,         0.4154 0.5049 0.3465,         0.4153 0.5049 0.3465,         0.4143 0.5034 0.3465,         0.3943 0.5094 0.3465,         0.3947 0.5119 0.3465,         0.3955 0.5140 0.3465,         0.3967 0.5157 0.3465,         0.3985 0.5173 0.3465,         0.4010 0.5186 0.3465,         0.4017 0.5278 0.3465,         0.4054 0.5197 0.3465,         0.4106 0.5291 0.3465,         0.4086 0.5293 0.3465,         0.4054 0.5290 0.3465,         0.4199 0.5285 0.3465,         0.4208 0.5259 0.3465,         0.4213 0.5213 0.3465,         0.4031 0.5334 0.3465,         0.4092 0.5341 0.3465,         0.4126 0.5338 0.3465,         0.4154 0.5211 0.3465,         0.4152 0.5236 0.3465,         0.4146 0.5257 0.3465,         0.4139 0.5270 0.3465,         0.4130 0.5279 0.3465,         0.4120 0.5286 0.3465,         0.4078 0.4992 0.3465,         0.4233 0.0222 0.3465,         0.4050 0.4989 0.3465,         0.3894 0.0222 0.3465,         0.4041 0.4989 0.3465,         0.4016 0.4993 0.3465,         0.2587 0.6267 0.3465,         0.2659 0.6218 0.3465,         0.3441 0.6218 0.3465,         0.2736 0.6167 0.3465,         0.2845 0.6040 0.3465,         0.3040 0.5843 0.3465,         0.3129 0.5765 0.3465,         0.3196 0.5668 0.3465,         0.2917 0.5902 0.3465,         0.2941 0.5894 0.3465,         0.2419 0.6326 0.3465,         0.3441 0.6890 0.3465,         0.2281 0.6341 0.3465,         0.2115 0.6320 0.3465,         -0.1609 0.6890 0.3465,         0.1961 0.6260 0.3465,         0.1893 0.6218 0.3465,         -0.1609 0.6218 0.3465,         0.1879 0.6210 0.3465,         0.1304 0.5940 0.3465,         0.1270 0.5909 0.3465,         0.1200 0.5821 0.3465,         0.1417 0.6014 0.3465,         0.1542 0.6058 0.3465,         0.1655 0.6070 0.3465,         0.1801 0.6143 0.3465,         0.1694 0.6067 0.3465,         0.1732 0.6063 0.3465,         0.1113 0.5527 0.3465,         0.1115 0.5572 0.3465,         -0.1609 0.5602 0.3465,         0.1121 0.5602 0.3465,         0.1142 0.5703 0.3465,         0.1459 0.5022 0.3465,         0.1341 0.5086 0.3465,         -0.1609 0.4993 0.3465,         0.1168 0.5289 0.3465,         -0.1609 0.5404 0.3465,         0.1129 0.5404 0.3465,         0.1125 0.5415 0.3465,         0.1521 0.5002 0.3465,         0.1254 0.5163 0.3465,         0.1238 0.5181 0.3465,         0.2153 0.4993 0.3465,         0.2153 0.4992 0.3465,         0.3441 0.0222 0.3465,         0.1747 0.4787 0.3465,         0.1670 0.4820 0.3465,         -0.1609 0.0222 0.3465,         0.1604 0.4869 0.3465,         0.1555 0.4930 0.3465,         0.1526 0.4993 0.3465,         0.2113 0.4918 0.3465,         0.2061 0.4859 0.3465,         0.1995 0.4813 0.3465,         0.1920 0.4784 0.3465,         0.1839 0.4775 0.3465,         0.1826 0.4775 0.3465,         0.3113 0.5135 0.3465,         0.3025 0.5064 0.3465,         0.2609 0.4997 0.3465,         0.2586 0.5005 0.3465,         0.2564 0.5019 0.3465,         0.2551 0.5032 0.3465,         0.2561 0.5177 0.3465,         0.2582 0.5192 0.3465,         0.2642 0.5390 0.3465,         0.2605 0.5200 0.3465,         0.3124 0.5146 0.3465,         0.3248 0.5445 0.3465,         0.3241 0.5404 0.3465,         0.3230 0.5335 0.3465,         0.3186 0.5230 0.3465,         0.2922 0.5016 0.3465,         0.2820 0.4995 0.3465,         0.2622 0.4995 0.3465,         0.2629 0.5203 0.3465,         0.2632 0.5203 0.3465,         0.2642 0.5200 0.3465,         0.2525 0.5099 0.3465,         0.2526 0.5109 0.3465,         0.2174 0.5143 0.3465,         0.2532 0.5135 0.3465,         0.2544 0.5158 0.3465,         0.2536 0.5053 0.3465,         0.2528 0.5076 0.3465,         0.2172 0.5075 0.3465,         0.2174 0.5109 0.3465,         0.2973 0.5284 0.3465,         0.3009 0.5336 0.3465,         0.2649 0.5200 0.3465,         0.2800 0.5200 0.3465,         0.2859 0.5211 0.3465,         0.2918 0.5238 0.3465,         0.2968 0.5278 0.3465,         0.3032 0.5396 0.3465,         0.3034 0.5404 0.3465,         0.2634 0.5404 0.3465,         0.3040 0.5461 0.3465,         0.1686 0.5409 0.3465,         0.1760 0.5437 0.3465,         0.1332 0.5602 0.3465,         0.3039 0.5489 0.3465,         0.3023 0.5554 0.3465,         0.2539 0.5568 0.3465,         0.1839 0.5447 0.3465,         0.2998 0.5602 0.3465,         0.1351 0.5404 0.3465,         0.1679 0.5404 0.3465,         0.1328 0.5483 0.3465,         0.1324 0.5534 0.3465,         0.1880 0.5445 0.3465,         0.1961 0.5425 0.3465,         0.1999 0.5404 0.3465,         0.1352 0.5401 0.3465,         0.1562 0.5298 0.3465,         0.1617 0.5362 0.3465,         0.1392 0.5333 0.3465,         0.1452 0.5271 0.3465,         0.1525 0.5226 0.3465,         0.2741 0.5785 0.3465,         0.2697 0.5896 0.3465,         0.2627 0.5991 0.3465,         0.2494 0.6090 0.3465,         0.2388 0.6128 0.3465,         0.2753 0.5722 0.3465,         0.1836 0.5819 0.3465,         0.1811 0.5832 0.3465,         0.1736 0.5859 0.3465,         0.1881 0.5915 0.3465,         0.2779 0.5722 0.3465,         0.2992 0.5611 0.3465,         0.2953 0.5655 0.3465,         0.2901 0.5691 0.3465,         0.2843 0.5714 0.3465,         0.2589 0.6027 0.3465,         0.2284 0.6140 0.3465,         0.2266 0.6139 0.3465,         0.2155 0.6122 0.3465,         0.1542 0.5848 0.3465,         0.1467 0.5808 0.3465,         0.1624 0.5867 0.3465,         0.1409 0.5756 0.3465,         0.1362 0.5690 0.3465,         0.2046 0.6076 0.3465,         0.1954 0.6006 0.3465,         0.1658 0.5869 0.3465,         0.1334 0.5615 0.3465,         0.3221 0.5602 0.3465,         0.3235 0.5566 0.3465,         0.3248 0.5464 0.3465,         0.5060 0.5900 0.3465,         0.5037 0.5851 0.3465,         0.4905 0.6218 0.3465,         0.4905 0.6203 0.3465,         0.4952 0.6186 0.3465,         0.5002 0.5810 0.3465,         0.4953 0.5775 0.3465,         0.4905 0.5602 0.3465,         0.5002 0.6152 0.3465,         0.5018 0.6136 0.3465,         0.5047 0.6095 0.3465,         0.5065 0.6051 0.3465,         0.5073 0.5985 0.3465,         0.5071 0.5955 0.3465,         0.4576 0.6010 0.3465,         0.4576 0.5956 0.3465,         0.4689 0.5744 0.3465,         0.4535 0.6010 0.3465,         0.4590 0.6160 0.3465,         0.4601 0.5744 0.3465,         0.4601 0.5797 0.3465,         0.4535 0.5797 0.3465,         0.4689 0.6214 0.3465,         0.4824 0.6214 0.3465,         0.4896 0.6206 0.3465,         0.4905 0.5756 0.3465,         0.4900 0.5754 0.3465,         0.4819 0.5744 0.3465,         0.4590 0.6214 0.3465,         0.4535 0.6218 0.3465,         0.4998 0.5209 0.3465,         0.4998 0.5051 0.3465,         0.5086 0.5051 0.3465,         0.5166 0.5209 0.3465,         0.5086 0.4993 0.3465,         0.5190 0.4997 0.3465,         0.5190 0.5051 0.3465,         0.5086 0.5209 0.3465,         0.4998 0.5404 0.3465,         0.4998 0.5263 0.3465,         0.5086 0.5263 0.3465,         0.5166 0.5263 0.3465,         0.4937 0.4997 0.3465,         0.4937 0.5404 0.3465,         0.4937 0.5468 0.3465,         0.5086 0.4997 0.3465,         0.4535 0.5956 0.3465,         0.4408 0.5956 0.3465,         0.4408 0.5797 0.3465,         0.4535 0.6160 0.3465,         0.4408 0.6160 0.3465,         0.4408 0.6010 0.3465,         0.4535 0.5602 0.3465,         0.4535 0.5744 0.3465,         0.4320 0.5602 0.3465,         0.4347 0.5744 0.3465,         0.4320 0.6218 0.3465,         0.4347 0.6214 0.3465,         0.4535 0.6214 0.3465,         0.6890 0.6218 0.3465,         0.6890 0.5602 0.3465,         0.6890 0.5404 0.3465,         0.6501 0.5404 0.3465,         0.6890 0.4993 0.3465,         0.6501 0.4993 0.3465,         0.6112 0.4997 0.3465,         0.5956 0.5404 0.3465,         0.5278 0.6214 0.3465,         0.5086 0.0222 0.3465,         0.5234 0.0222 0.3465,         0.5675 0.0222 0.3465,         0.4207 0.5801 0.3465,         0.4233 0.5812 0.3465,         0.4248 0.6142 0.3465,         0.4273 0.0222 0.3465,         0.4233 0.6890 0.3465,         0.4273 0.6890 0.3465,         0.4320 0.6890 0.3465,         0.4535 0.6890 0.3465,         0.4905 0.6890 0.3465,         0.5086 0.6890 0.3465,         0.5234 0.6890 0.3465,         0.5675 0.6890 0.3465,         0.6501 0.6890 0.3465,         0.6890 0.6890 0.3465,         0.5179 0.5414 0.3465,         0.5179 0.5468 0.3465,         0.5086 0.5468 0.3465,         0.3884 0.6218 0.3465,         0.3694 0.5051 0.3465,         0.3694 0.5209 0.3465,         0.3884 0.0222 0.3465,         0.3694 0.5797 0.3465,         0.3882 0.5797 0.3465,         0.3694 0.6214 0.3465,         0.3633 0.6214 0.3465,         0.3633 0.5744 0.3465,         0.3882 0.5744 0.3465,         0.3884 0.6890 0.3465,         0.3894 0.6890 0.3465,         0.4142 0.6222 0.3465,         -0.4331 -0.4921 0.3465,         -0.4351 -0.5074 0.3465,         -0.1609 -0.6890 0.3465,         -0.4410 -0.5217 0.3465,         -0.4504 -0.5339 0.3465,         -0.4921 -0.4331 0.3465,         -0.4768 -0.4351 0.3465,         -0.4626 -0.4410 0.3465,         -0.4504 -0.4504 0.3465,         -0.4410 -0.4626 0.3465,         -0.4351 -0.4768 0.3465,         -0.4626 -0.5433 0.3465,         -0.4768 -0.5492 0.3465,         -0.6890 -0.6890 0.3465,         -0.4921 -0.5512 0.3465,         -0.5074 -0.5492 0.3465,         0.6501 -0.6890 0.3465,         0.5675 -0.6890 0.3465,         0.5234 -0.6890 0.3465,         0.5086 -0.6890 0.3465,         0.4905 -0.6890 0.3465,         0.4535 -0.6890 0.3465,         0.4320 -0.6890 0.3465,         0.4273 -0.6890 0.3465,         0.4233 -0.6890 0.3465,         0.3894 -0.6890 0.3465,         0.3884 -0.6890 0.3465,         0.3441 -0.6890 0.3465,         -0.5217 -0.5433 0.3465,         -0.5339 -0.5339 0.3465,         -0.5433 -0.5217 0.3465,         -0.5433 -0.4626 0.3465,         -0.5339 -0.4504 0.3465,         -0.6890 0.0222 0.3465,         -0.5217 -0.4410 0.3465,         -0.5074 -0.4351 0.3465,         -0.5492 -0.5074 0.3465,         -0.5512 -0.4921 0.3465,         -0.5492 -0.4768 0.3465,         -0.6890 0.6890 0.3465,         -0.6890 0.6218 0.3465,         -0.6890 0.5602 0.3465,         -0.6890 0.5404 0.3465,         -0.6890 0.4993 0.3465,         0.5787 -0.3425 0.0000,         0.6890 -0.3425 0.0000,         0.6890 -0.6890 0.0000,         -0.5787 0.3425 0.0000,         -0.6890 0.3425 0.0000,         -0.6890 0.6890 0.0000,         -0.4409 0.6890 0.0000,         -0.4409 0.5787 0.0000,         -0.3481 -0.5665 0.0000,         -0.3528 -0.5551 0.0000,         -0.2559 -0.3937 0.0000,         0.5453 0.2619 0.0000,         0.5551 0.2544 0.0000,         0.3937 -0.3937 0.0000,         0.5453 -0.3287 0.0000,         0.5551 -0.3362 0.0000,         -0.4393 0.5665 0.0000,         -0.4346 0.5551 0.0000,         -0.3937 0.3937 0.0000,         -0.4271 0.5453 0.0000,         -0.5315 -0.2953 0.0000,         -0.3937 -0.2559 0.0000,         -0.5331 -0.3075 0.0000,         -0.5378 -0.3189 0.0000,         -0.5453 0.3287 0.0000,         -0.5551 0.3362 0.0000,         0.5551 0.3362 0.0000,         0.3937 0.3937 0.0000,         0.5665 0.3409 0.0000,         0.6890 0.6890 0.0000,         0.5787 0.3425 0.0000,         0.6890 0.3425 0.0000,         0.5453 0.3287 0.0000,         0.5378 0.3189 0.0000,         0.5331 0.3075 0.0000,         0.5665 -0.3409 0.0000,         0.2425 0.5665 0.0000,         0.3528 0.5551 0.0000,         0.3603 0.5453 0.0000,         -0.5331 -0.2830 0.0000,         -0.5378 -0.2717 0.0000,         -0.5453 -0.2619 0.0000,         -0.5551 -0.2544 0.0000,         -0.5551 0.2544 0.0000,         -0.5665 -0.2496 0.0000,         -0.5665 0.3409 0.0000,         0.4409 -0.6890 0.0000,         0.4409 -0.5787 0.0000,         0.4393 -0.5665 0.0000,         0.4346 -0.5551 0.0000,         0.4271 -0.5453 0.0000,         0.4173 -0.5378 0.0000,         0.4059 -0.5331 0.0000,         0.3937 -0.5315 0.0000,         0.5315 0.2953 0.0000,         0.5331 0.2830 0.0000,         0.5378 0.2717 0.0000,         -0.4173 0.5378 0.0000,         -0.4059 0.5331 0.0000,         -0.3937 0.5315 0.0000,         0.4346 0.5551 0.0000,         0.4271 0.5453 0.0000,         0.4173 0.5378 0.0000,         0.4059 0.5331 0.0000,         0.4393 0.5665 0.0000,         0.4409 0.5787 0.0000,         0.4409 0.6890 0.0000,         -0.3603 -0.5453 0.0000,         -0.3701 -0.5378 0.0000,         0.5315 -0.2953 0.0000,         0.5331 -0.3075 0.0000,         0.5378 -0.3189 0.0000,         -0.2205 0.5378 0.0000,         -0.2303 0.5453 0.0000,         -0.2378 0.5551 0.0000,         0.2441 0.6890 0.0000,         0.3465 0.6890 0.0000,         0.2441 0.5787 0.0000,         0.3465 0.5787 0.0000,         0.3481 0.5665 0.0000,         -0.5315 0.2953 0.0000,         -0.5331 0.3075 0.0000,         -0.5378 0.3189 0.0000,         -0.3815 -0.5331 0.0000,         -0.3937 -0.5315 0.0000,         -0.4059 -0.5331 0.0000,         -0.4173 -0.5378 0.0000,         -0.4409 -0.6890 0.0000,         -0.6890 -0.6890 0.0000,         -0.6890 -0.3425 0.0000,         -0.3465 -0.5787 0.0000,         -0.2303 -0.5453 0.0000,         -0.2378 -0.5551 0.0000,         0.5787 0.2480 0.0000,         0.6890 0.2480 0.0000,         0.6890 -0.2480 0.0000,         0.5378 -0.2717 0.0000,         0.5331 -0.2830 0.0000,         -0.3815 0.5331 0.0000,         -0.3701 0.5378 0.0000,         -0.3603 0.5453 0.0000,         0.2091 0.5331 0.0000,         0.2205 0.5378 0.0000,         -0.5453 0.2619 0.0000,         -0.5378 0.2717 0.0000,         -0.5331 0.2830 0.0000,         -0.4393 -0.5665 0.0000,         -0.5665 -0.3409 0.0000,         -0.4346 -0.5551 0.0000,         -0.5551 -0.3362 0.0000,         -0.4271 -0.5453 0.0000,         -0.5787 -0.3425 0.0000,         -0.4409 -0.5787 0.0000,         -0.5453 -0.3287 0.0000,         0.2205 -0.5378 0.0000,         0.2303 -0.5453 0.0000,         0.2378 -0.5551 0.0000,         -0.0236 -0.5378 0.0000,         -0.0122 -0.5331 0.0000,         0.0000 -0.5315 0.0000,         -0.1846 -0.5331 0.0000,         -0.1969 -0.5315 0.0000,         -0.2441 -0.6890 0.0000,         -0.3465 -0.6890 0.0000,         -0.2441 -0.5787 0.0000,         -0.2425 -0.5665 0.0000,         0.5787 -0.2480 0.0000,         0.5665 -0.2496 0.0000,         0.5665 0.2496 0.0000,         0.5551 -0.2544 0.0000,         0.5453 -0.2619 0.0000,         -0.3465 0.5787 0.0000,         -0.3465 0.6890 0.0000,         -0.2441 0.6890 0.0000,         -0.6890 -0.2480 0.0000,         -0.6890 0.2480 0.0000,         -0.5787 -0.2480 0.0000,         -0.5787 0.2480 0.0000,         -0.5665 0.2496 0.0000,         0.3815 -0.5331 0.0000,         0.3701 -0.5378 0.0000,         0.3603 -0.5453 0.0000,         -0.2091 -0.5331 0.0000,         -0.2205 -0.5378 0.0000,         -0.3528 0.5551 0.0000,         -0.3481 0.5665 0.0000,         -0.2425 0.5665 0.0000,         -0.2441 0.5787 0.0000,         -0.2091 0.5331 0.0000,         -0.1969 0.5315 0.0000,         -0.1846 0.5331 0.0000,         -0.1732 0.5378 0.0000,         -0.1634 0.5453 0.0000,         -0.1559 0.5551 0.0000,         0.3465 -0.5787 0.0000,         0.3465 -0.6890 0.0000,         0.2441 -0.6890 0.0000,         0.2091 -0.5331 0.0000,         0.1969 -0.5315 0.0000,         0.1846 -0.5331 0.0000,         0.0236 -0.5378 0.0000,         0.1732 -0.5378 0.0000,         0.1634 -0.5453 0.0000,         -0.0409 -0.5551 0.0000,         -0.1512 -0.5665 0.0000,         -0.0334 -0.5453 0.0000,         -0.1559 -0.5551 0.0000,         -0.1634 -0.5453 0.0000,         -0.1732 -0.5378 0.0000,         0.0122 0.5331 0.0000,         0.0236 0.5378 0.0000,         0.3528 -0.5551 0.0000,         0.3481 -0.5665 0.0000,         0.2425 -0.5665 0.0000,         0.2441 -0.5787 0.0000,         0.0122 -0.5331 0.0000,         0.1559 -0.5551 0.0000,         0.1512 -0.5665 0.0000,         0.0334 -0.5453 0.0000,         0.0409 -0.5551 0.0000,         -0.1512 0.5665 0.0000,         -0.0409 0.5551 0.0000,         -0.0334 0.5453 0.0000,         0.2303 0.5453 0.0000,         0.2378 0.5551 0.0000,         -0.0472 -0.5787 0.0000,         -0.0472 -0.6890 0.0000,         -0.1496 -0.6890 0.0000,         0.3701 0.5378 0.0000,         0.3815 0.5331 0.0000,         0.3937 0.5315 0.0000,         -0.0456 -0.5665 0.0000,         -0.1496 -0.5787 0.0000,         -0.0236 0.5378 0.0000,         -0.0122 0.5331 0.0000,         -0.0000 0.5315 0.0000,         0.0334 0.5453 0.0000,         0.0409 0.5551 0.0000,         0.1512 0.5665 0.0000,         0.1559 0.5551 0.0000,         0.1634 0.5453 0.0000,         0.1732 0.5378 0.0000,         0.1846 0.5331 0.0000,         0.1969 0.5315 0.0000,         0.1496 -0.6890 0.0000,         0.0472 -0.6890 0.0000,         0.1496 -0.5787 0.0000,         0.0472 -0.5787 0.0000,         0.0456 -0.5665 0.0000,         -0.1496 0.6890 0.0000,         -0.0472 0.6890 0.0000,         -0.1496 0.5787 0.0000,         -0.0472 0.5787 0.0000,         -0.0456 0.5665 0.0000,         0.0472 0.5787 0.0000,         0.0472 0.6890 0.0000,         0.1496 0.6890 0.0000,         0.0456 0.5665 0.0000,         0.1496 0.5787 0.0000,         -0.3465 -0.6890 0.0709,         -0.2441 -0.6890 0.0709,         0.0472 -0.6890 0.0709,         -0.4409 -0.6890 0.0709,         -0.1496 -0.6890 0.0709,         0.1496 -0.6890 0.0709,         0.2441 -0.6890 0.0709,         -0.0472 -0.6890 0.0709,         0.4409 -0.6890 0.0709,         0.3465 -0.6890 0.0709,         0.3465 0.6890 0.0709,         0.2441 0.6890 0.0709,         0.4409 0.6890 0.0709,         0.1496 0.6890 0.0709,         -0.1496 0.6890 0.0709,         -0.2441 0.6890 0.0709,         -0.0472 0.6890 0.0709,         0.0472 0.6890 0.0709,         -0.4409 0.6890 0.0709,         -0.3465 0.6890 0.0709,         -0.6890 0.3425 0.0709,         -0.6890 0.2480 0.0709,         -0.6890 -0.3425 0.0709,         -0.6890 -0.2480 0.0709,         0.6890 -0.3425 0.0709,         0.6890 -0.2480 0.0709,         0.6890 0.3425 0.0709,         0.6890 0.2480 0.0709,         0.6890 0.2480 0.0709
      ]
    }
    coordIndex [
      0, 1, 2, -1,
      3, 4, 5, -1,
      6, 7, 8, -1,
      9, 10, 11, -1,
      12, 13, 14, -1,
      15, 16, 17, -1,
      18, 19, 20, -1,
      21, 22, 23, -1,
      24, 25, 26, -1,
      27, 28, 29, -1,
      29, 28, 30, -1,
      29, 30, 31, -1,
      31, 30, 32, -1,
      31, 32, 33, -1,
      28, 34, 30, -1,
      30, 34, 35, -1,
      30, 35, 36, -1,
      36, 35, 24, -1,
      36, 24, 37, -1,
      37, 24, 26, -1,
      38, 39, 40, -1,
      40, 39, 41, -1,
      40, 41, 42, -1,
      43, 44, 45, -1,
      46, 38, 47, -1,
      47, 38, 40, -1,
      47, 40, 48, -1,
      48, 40, 49, -1,
      48, 49, 50, -1,
      50, 49, 51, -1,
      50, 51, 52, -1,
      52, 51, 53, -1,
      52, 53, 45, -1,
      45, 53, 54, -1,
      45, 54, 43, -1,
      44, 43, 55, -1,
      55, 43, 56, -1,
      55, 56, 57, -1,
      57, 56, 58, -1,
      57, 58, 59, -1,
      32, 60, 61, -1,
      60, 32, 62, -1,
      62, 32, 63, -1,
      62, 63, 64, -1,
      64, 63, 65, -1,
      64, 65, 66, -1,
      67, 68, 69, -1,
      70, 71, 72, -1,
      72, 71, 73, -1,
      72, 73, 74, -1,
      75, 76, 77, -1,
      77, 76, 78, -1,
      79, 80, 81, -1,
      81, 80, 82, -1,
      81, 82, 83, -1,
      83, 82, 78, -1,
      83, 78, 84, -1,
      84, 78, 76, -1,
      74, 85, 72, -1,
      72, 85, 86, -1,
      72, 86, 87, -1,
      79, 81, 72, -1,
      72, 81, 88, -1,
      72, 88, 70, -1,
      89, 90, 91, -1,
      91, 90, 92, -1,
      91, 92, 93, -1,
      94, 95, 96, -1,
      96, 95, 97, -1,
      96, 97, 98, -1,
      98, 97, 99, -1,
      100, 101, 89, -1,
      89, 101, 102, -1,
      89, 102, 90, -1,
      103, 104, 105, -1,
      106, 107, 23, -1,
      23, 107, 108, -1,
      94, 109, 95, -1,
      95, 109, 110, -1,
      95, 110, 105, -1,
      105, 110, 111, -1,
      105, 111, 103, -1,
      104, 112, 105, -1,
      105, 112, 113, -1,
      105, 113, 114, -1,
      108, 115, 23, -1,
      23, 115, 116, -1,
      23, 116, 21, -1,
      114, 117, 105, -1,
      105, 117, 118, -1,
      105, 118, 23, -1,
      23, 118, 119, -1,
      23, 119, 106, -1,
      17, 120, 121, -1,
      122, 123, 124, -1,
      124, 123, 125, -1,
      126, 127, 128, -1,
      128, 129, 126, -1,
      126, 129, 130, -1,
      126, 130, 124, -1,
      124, 130, 131, -1,
      124, 131, 122, -1,
      132, 133, 134, -1,
      135, 136, 17, -1,
      17, 136, 137, -1,
      138, 139, 140, -1,
      140, 139, 132, -1,
      141, 142, 134, -1,
      134, 142, 143, -1,
      134, 143, 144, -1,
      144, 143, 145, -1,
      144, 145, 146, -1,
      137, 147, 17, -1,
      17, 147, 148, -1,
      17, 148, 149, -1,
      133, 150, 134, -1,
      134, 150, 151, -1,
      134, 151, 141, -1,
      149, 152, 17, -1,
      17, 152, 153, -1,
      17, 153, 120, -1,
      154, 63, 155, -1,
      155, 63, 156, -1,
      157, 158, 65, -1,
      65, 158, 159, -1,
      65, 159, 160, -1,
      160, 161, 65, -1,
      65, 161, 162, -1,
      65, 162, 163, -1,
      154, 164, 63, -1,
      63, 164, 165, -1,
      63, 165, 65, -1,
      65, 165, 166, -1,
      65, 166, 157, -1,
      20, 19, 30, -1,
      156, 63, 167, -1,
      167, 63, 32, -1,
      167, 32, 168, -1,
      19, 169, 30, -1,
      30, 169, 170, -1,
      30, 170, 32, -1,
      32, 170, 171, -1,
      32, 171, 168, -1,
      121, 125, 17, -1,
      17, 125, 123, -1,
      17, 123, 172, -1,
      172, 123, 173, -1,
      174, 175, 17, -1,
      176, 177, 178, -1,
      174, 17, 179, -1,
      178, 180, 176, -1,
      176, 180, 181, -1,
      176, 181, 123, -1,
      123, 181, 182, -1,
      123, 182, 173, -1,
      175, 183, 17, -1,
      17, 183, 184, -1,
      17, 184, 15, -1,
      185, 186, 172, -1,
      172, 186, 187, -1,
      172, 187, 17, -1,
      17, 187, 188, -1,
      17, 188, 179, -1,
      189, 190, 191, -1,
      191, 190, 192, -1,
      191, 192, 193, -1,
      191, 194, 189, -1,
      189, 194, 195, -1,
      189, 195, 196, -1,
      196, 197, 189, -1,
      189, 197, 198, -1,
      189, 198, 199, -1,
      199, 198, 200, -1,
      199, 200, 201, -1,
      201, 200, 202, -1,
      201, 202, 172, -1,
      172, 202, 203, -1,
      172, 203, 185, -1,
      204, 205, 193, -1,
      193, 205, 206, -1,
      193, 206, 191, -1,
      14, 13, 207, -1,
      207, 13, 208, -1,
      207, 208, 209, -1,
      210, 211, 209, -1,
      212, 213, 214, -1,
      215, 216, 217, -1,
      216, 218, 217, -1,
      217, 218, 219, -1,
      217, 219, 176, -1,
      176, 219, 220, -1,
      176, 220, 177, -1,
      210, 209, 221, -1,
      212, 214, 209, -1,
      209, 214, 222, -1,
      209, 222, 221, -1,
      223, 224, 213, -1,
      213, 224, 225, -1,
      213, 225, 214, -1,
      223, 226, 224, -1,
      224, 226, 227, -1,
      224, 227, 228, -1,
      228, 227, 229, -1,
      228, 230, 231, -1,
      229, 232, 228, -1,
      228, 232, 233, -1,
      228, 233, 234, -1,
      234, 235, 228, -1,
      228, 235, 236, -1,
      228, 236, 230, -1,
      231, 237, 228, -1,
      228, 237, 238, -1,
      228, 238, 239, -1,
      240, 241, 242, -1,
      241, 240, 16, -1,
      16, 240, 144, -1,
      16, 144, 17, -1,
      17, 144, 146, -1,
      17, 146, 135, -1,
      243, 244, 245, -1,
      246, 247, 245, -1,
      245, 247, 248, -1,
      245, 248, 243, -1,
      249, 250, 56, -1,
      56, 250, 251, -1,
      56, 251, 252, -1,
      56, 253, 58, -1,
      58, 253, 254, -1,
      58, 254, 255, -1,
      256, 257, 258, -1,
      256, 258, 259, -1,
      252, 260, 56, -1,
      56, 260, 261, -1,
      56, 261, 262, -1,
      263, 264, 245, -1,
      245, 264, 265, -1,
      245, 265, 246, -1,
      262, 266, 56, -1,
      56, 266, 267, -1,
      56, 267, 253, -1,
      253, 267, 268, -1,
      253, 268, 269, -1,
      269, 270, 253, -1,
      253, 270, 271, -1,
      253, 271, 272, -1,
      272, 271, 273, -1,
      274, 275, 273, -1,
      273, 275, 276, -1,
      273, 276, 272, -1,
      257, 277, 258, -1,
      258, 277, 278, -1,
      258, 278, 279, -1,
      255, 280, 58, -1,
      58, 280, 281, -1,
      58, 281, 258, -1,
      258, 281, 282, -1,
      258, 282, 259, -1,
      283, 284, 273, -1,
      273, 284, 285, -1,
      273, 285, 286, -1,
      286, 287, 273, -1,
      273, 287, 288, -1,
      273, 288, 274, -1,
      248, 289, 290, -1,
      290, 289, 291, -1,
      290, 291, 292, -1,
      292, 291, 293, -1,
      292, 293, 294, -1,
      295, 296, 297, -1,
      297, 296, 298, -1,
      297, 298, 299, -1,
      300, 301, 297, -1,
      297, 301, 302, -1,
      297, 302, 51, -1,
      299, 303, 297, -1,
      297, 303, 304, -1,
      297, 304, 300, -1,
      305, 295, 306, -1,
      305, 306, 307, -1,
      307, 306, 308, -1,
      308, 306, 309, -1,
      308, 309, 310, -1,
      310, 309, 311, -1,
      311, 309, 312, -1,
      311, 312, 313, -1,
      314, 312, 315, -1,
      315, 312, 316, -1,
      314, 317, 312, -1,
      312, 317, 318, -1,
      312, 318, 313, -1,
      313, 318, 319, -1,
      313, 319, 320, -1,
      320, 319, 321, -1,
      320, 321, 322, -1,
      323, 324, 325, -1,
      325, 324, 326, -1,
      325, 326, 312, -1,
      312, 326, 327, -1,
      312, 327, 316, -1,
      328, 329, 330, -1,
      330, 331, 332, -1,
      332, 331, 333, -1,
      332, 333, 325, -1,
      325, 333, 334, -1,
      325, 334, 323, -1,
      328, 330, 335, -1,
      329, 336, 330, -1,
      330, 336, 337, -1,
      330, 337, 331, -1,
      338, 339, 340, -1,
      341, 342, 343, -1,
      342, 344, 343, -1,
      343, 344, 345, -1,
      343, 345, 330, -1,
      330, 345, 346, -1,
      330, 346, 335, -1,
      339, 347, 340, -1,
      340, 347, 348, -1,
      340, 348, 349, -1,
      349, 350, 340, -1,
      340, 350, 351, -1,
      340, 351, 343, -1,
      343, 351, 352, -1,
      343, 352, 341, -1,
      353, 354, 54, -1,
      355, 356, 338, -1,
      338, 356, 357, -1,
      338, 357, 358, -1,
      359, 360, 361, -1,
      361, 360, 362, -1,
      353, 54, 363, -1,
      364, 365, 53, -1,
      53, 365, 366, -1,
      53, 366, 54, -1,
      54, 366, 367, -1,
      54, 367, 363, -1,
      354, 368, 54, -1,
      54, 368, 369, -1,
      54, 369, 338, -1,
      338, 369, 370, -1,
      338, 370, 355, -1,
      362, 371, 361, -1,
      361, 371, 372, -1,
      361, 372, 373, -1,
      374, 375, 376, -1,
      376, 375, 377, -1,
      376, 377, 361, -1,
      361, 377, 378, -1,
      361, 378, 359, -1,
      358, 379, 338, -1,
      338, 379, 380, -1,
      338, 380, 381, -1,
      381, 380, 374, -1,
      381, 374, 382, -1,
      382, 374, 376, -1,
      361, 383, 384, -1,
      373, 385, 361, -1,
      361, 385, 386, -1,
      361, 386, 387, -1,
      387, 388, 361, -1,
      361, 388, 389, -1,
      361, 389, 383, -1,
      384, 390, 361, -1,
      361, 390, 391, -1,
      361, 391, 392, -1,
      392, 391, 393, -1,
      394, 395, 396, -1,
      393, 397, 392, -1,
      392, 397, 398, -1,
      392, 398, 399, -1,
      395, 400, 396, -1,
      396, 400, 399, -1,
      396, 399, 401, -1,
      401, 399, 398, -1,
      402, 403, 404, -1,
      404, 403, 394, -1,
      404, 394, 405, -1,
      405, 394, 396, -1,
      400, 406, 399, -1,
      399, 406, 407, -1,
      399, 407, 11, -1,
      11, 407, 408, -1,
      11, 408, 9, -1,
      409, 410, 402, -1,
      402, 410, 411, -1,
      402, 411, 403, -1,
      409, 412, 410, -1,
      410, 412, 413, -1,
      410, 413, 414, -1,
      415, 416, 417, -1,
      418, 419, 420, -1,
      401, 421, 396, -1,
      396, 421, 422, -1,
      396, 422, 423, -1,
      424, 421, 420, -1,
      420, 421, 401, -1,
      420, 401, 425, -1,
      425, 401, 426, -1,
      426, 427, 425, -1,
      425, 427, 428, -1,
      425, 428, 429, -1,
      415, 417, 420, -1,
      420, 417, 430, -1,
      420, 430, 418, -1,
      419, 431, 420, -1,
      420, 431, 432, -1,
      420, 432, 433, -1,
      434, 435, 436, -1,
      436, 435, 437, -1,
      436, 437, 438, -1,
      433, 439, 420, -1,
      420, 439, 440, -1,
      420, 440, 424, -1,
      423, 441, 396, -1,
      396, 441, 436, -1,
      396, 436, 442, -1,
      442, 436, 438, -1,
      302, 443, 51, -1,
      51, 443, 444, -1,
      51, 444, 53, -1,
      53, 444, 445, -1,
      53, 445, 364, -1,
      446, 447, 36, -1,
      448, 449, 37, -1,
      37, 449, 450, -1,
      447, 451, 36, -1,
      36, 451, 452, -1,
      36, 452, 453, -1,
      450, 454, 37, -1,
      37, 454, 455, -1,
      37, 455, 456, -1,
      456, 457, 37, -1,
      37, 457, 458, -1,
      37, 458, 36, -1,
      36, 458, 459, -1,
      36, 459, 446, -1,
      460, 461, 462, -1,
      463, 460, 464, -1,
      465, 462, 466, -1,
      466, 462, 461, -1,
      466, 461, 467, -1,
      468, 469, 448, -1,
      448, 469, 470, -1,
      448, 470, 449, -1,
      452, 471, 453, -1,
      453, 471, 472, -1,
      453, 472, 473, -1,
      460, 462, 464, -1,
      464, 462, 468, -1,
      464, 468, 474, -1,
      474, 468, 448, -1,
      474, 448, 475, -1,
      476, 477, 478, -1,
      162, 18, 163, -1,
      163, 18, 20, -1,
      163, 20, 479, -1,
      480, 163, 481, -1,
      481, 163, 482, -1,
      482, 163, 479, -1,
      482, 479, 478, -1,
      478, 479, 483, -1,
      478, 483, 476, -1,
      484, 485, 486, -1,
      8, 484, 6, -1,
      6, 484, 486, -1,
      6, 486, 20, -1,
      20, 486, 487, -1,
      20, 487, 479, -1,
      488, 489, 122, -1,
      122, 489, 490, -1,
      481, 491, 480, -1,
      480, 491, 488, -1,
      480, 488, 140, -1,
      140, 488, 122, -1,
      140, 122, 138, -1,
      138, 122, 131, -1,
      461, 492, 467, -1,
      467, 492, 493, -1,
      467, 493, 494, -1,
      464, 495, 463, -1,
      463, 495, 496, -1,
      463, 496, 497, -1,
      473, 462, 453, -1,
      453, 462, 465, -1,
      453, 465, 498, -1,
      498, 465, 499, -1,
      498, 499, 500, -1,
      500, 499, 501, -1,
      502, 503, 475, -1,
      475, 503, 504, -1,
      475, 504, 474, -1,
      505, 1, 506, -1,
      506, 1, 0, -1,
      506, 0, 507, -1,
      507, 0, 508, -1,
      507, 508, 509, -1,
      509, 508, 510, -1,
      69, 66, 67, -1,
      67, 66, 65, -1,
      67, 65, 511, -1,
      511, 65, 510, -1,
      511, 510, 512, -1,
      512, 510, 508, -1,
      512, 508, 61, -1,
      61, 508, 0, -1,
      61, 0, 32, -1,
      32, 0, 2, -1,
      32, 2, 33, -1,
      33, 2, 26, -1,
      33, 26, 513, -1,
      513, 26, 25, -1,
      132, 134, 140, -1,
      140, 134, 514, -1,
      140, 514, 480, -1,
      480, 514, 515, -1,
      480, 515, 163, -1,
      163, 515, 516, -1,
      163, 516, 65, -1,
      65, 516, 5, -1,
      65, 5, 510, -1,
      510, 5, 4, -1,
      510, 4, 509, -1,
      87, 517, 72, -1,
      72, 517, 518, -1,
      72, 518, 519, -1,
      519, 518, 99, -1,
      519, 99, 93, -1,
      93, 99, 97, -1,
      93, 97, 91, -1,
      91, 97, 500, -1,
      91, 500, 502, -1,
      502, 500, 501, -1,
      502, 501, 503, -1,
      248, 290, 243, -1,
      243, 290, 520, -1,
      243, 520, 207, -1,
      207, 520, 240, -1,
      207, 240, 14, -1,
      14, 240, 242, -1,
      14, 242, 12, -1,
      211, 215, 209, -1,
      209, 215, 217, -1,
      209, 217, 207, -1,
      207, 217, 258, -1,
      207, 258, 243, -1,
      243, 258, 279, -1,
      243, 279, 244, -1,
      100, 89, 521, -1,
      521, 89, 91, -1,
      521, 91, 522, -1,
      522, 91, 502, -1,
      522, 502, 523, -1,
      523, 502, 475, -1,
      523, 475, 524, -1,
      524, 475, 448, -1,
      524, 448, 525, -1,
      525, 448, 37, -1,
      525, 37, 526, -1,
      526, 37, 26, -1,
      526, 26, 527, -1,
      527, 26, 2, -1,
      527, 2, 528, -1,
      528, 2, 1, -1,
      528, 1, 529, -1,
      529, 1, 505, -1,
      529, 505, 530, -1,
      7, 6, 531, -1,
      531, 6, 20, -1,
      531, 20, 532, -1,
      532, 20, 30, -1,
      532, 30, 533, -1,
      533, 30, 36, -1,
      533, 36, 490, -1,
      490, 36, 453, -1,
      490, 453, 122, -1,
      122, 453, 498, -1,
      122, 498, 123, -1,
      123, 498, 500, -1,
      123, 500, 176, -1,
      176, 500, 97, -1,
      176, 97, 217, -1,
      217, 97, 95, -1,
      217, 95, 258, -1,
      258, 95, 105, -1,
      258, 105, 58, -1,
      23, 534, 105, -1,
      105, 534, 49, -1,
      105, 49, 58, -1,
      58, 49, 40, -1,
      58, 40, 59, -1,
      59, 40, 42, -1,
      59, 42, 535, -1,
      535, 42, 536, -1,
      338, 340, 54, -1,
      54, 340, 537, -1,
      54, 537, 43, -1,
      43, 537, 292, -1,
      43, 292, 56, -1,
      56, 292, 294, -1,
      56, 294, 249, -1,
      538, 539, 540, -1,
      540, 539, 534, -1,
      540, 534, 541, -1,
      541, 534, 297, -1,
      541, 297, 542, -1,
      542, 297, 51, -1,
      542, 51, 543, -1,
      543, 51, 49, -1,
      543, 49, 539, -1,
      539, 49, 534, -1,
      295, 297, 306, -1,
      306, 297, 534, -1,
      306, 534, 544, -1,
      544, 534, 23, -1,
      544, 23, 545, -1,
      545, 23, 22, -1,
      545, 22, 521, -1,
      521, 22, 546, -1,
      521, 546, 100, -1,
      547, 548, 549, -1,
      549, 548, 550, -1,
      549, 550, 551, -1,
      552, 553, 343, -1,
      343, 553, 554, -1,
      554, 555, 343, -1,
      343, 555, 556, -1,
      343, 556, 557, -1,
      551, 558, 549, -1,
      549, 558, 559, -1,
      549, 559, 560, -1,
      560, 559, 561, -1,
      560, 561, 562, -1,
      3, 5, 563, -1,
      563, 5, 516, -1,
      563, 516, 564, -1,
      564, 516, 515, -1,
      564, 515, 565, -1,
      565, 515, 514, -1,
      565, 514, 566, -1,
      566, 514, 134, -1,
      566, 134, 567, -1,
      567, 134, 144, -1,
      567, 144, 568, -1,
      568, 144, 240, -1,
      568, 240, 569, -1,
      569, 240, 520, -1,
      569, 520, 570, -1,
      570, 520, 290, -1,
      570, 290, 571, -1,
      571, 290, 292, -1,
      571, 292, 572, -1,
      572, 292, 537, -1,
      572, 537, 573, -1,
      573, 537, 340, -1,
      573, 340, 574, -1,
      574, 340, 343, -1,
      574, 343, 549, -1,
      549, 343, 557, -1,
      549, 557, 547, -1,
      562, 575, 560, -1,
      560, 575, 576, -1,
      560, 576, 577, -1,
      578, 579, 580, -1,
      580, 579, 581, -1,
      580, 581, 582, -1,
      577, 583, 560, -1,
      560, 583, 584, -1,
      560, 584, 580, -1,
      580, 584, 585, -1,
      580, 585, 578, -1,
      309, 586, 312, -1,
      312, 586, 587, -1,
      312, 587, 325, -1,
      325, 587, 588, -1,
      325, 588, 332, -1,
      332, 588, 589, -1,
      332, 589, 330, -1,
      330, 589, 590, -1,
      330, 590, 343, -1,
      343, 590, 580, -1,
      343, 580, 552, -1,
      552, 580, 582, -1,
      591, 592, 593, -1,
      594, 595, 596, -1,
      596, 597, 598, -1,
      599, 600, 601, -1,
      602, 603, 604, -1,
      605, 606, 604, -1,
      598, 607, 596, -1,
      596, 607, 608, -1,
      596, 608, 609, -1,
      609, 608, 610, -1,
      611, 612, 613, -1,
      613, 612, 614, -1,
      615, 616, 609, -1,
      617, 618, 619, -1,
      619, 618, 620, -1,
      619, 620, 621, -1,
      621, 620, 622, -1,
      617, 623, 618, -1,
      618, 623, 624, -1,
      618, 624, 625, -1,
      604, 606, 593, -1,
      593, 606, 626, -1,
      593, 626, 591, -1,
      627, 628, 629, -1,
      611, 630, 612, -1,
      612, 630, 631, -1,
      612, 631, 609, -1,
      609, 631, 632, -1,
      609, 632, 633, -1,
      634, 633, 635, -1,
      609, 616, 596, -1,
      596, 616, 636, -1,
      596, 636, 594, -1,
      593, 637, 638, -1,
      638, 639, 593, -1,
      593, 639, 640, -1,
      593, 640, 604, -1,
      604, 640, 641, -1,
      641, 642, 604, -1,
      604, 642, 643, -1,
      604, 643, 644, -1,
      625, 645, 618, -1,
      618, 645, 646, -1,
      618, 646, 604, -1,
      604, 646, 647, -1,
      604, 647, 602, -1,
      610, 648, 609, -1,
      609, 648, 649, -1,
      609, 649, 650, -1,
      651, 620, 652, -1,
      652, 620, 618, -1,
      652, 618, 653, -1,
      653, 618, 654, -1,
      651, 655, 620, -1,
      620, 655, 656, -1,
      620, 656, 657, -1,
      600, 658, 601, -1,
      601, 658, 659, -1,
      601, 659, 612, -1,
      660, 661, 604, -1,
      604, 661, 662, -1,
      604, 662, 605, -1,
      663, 609, 664, -1,
      664, 609, 665, -1,
      666, 667, 668, -1,
      668, 667, 669, -1,
      668, 669, 627, -1,
      627, 669, 670, -1,
      627, 670, 628, -1,
      671, 672, 609, -1,
      609, 672, 673, -1,
      609, 673, 615, -1,
      659, 674, 612, -1,
      612, 674, 675, -1,
      612, 675, 614, -1,
      614, 675, 676, -1,
      614, 676, 677, -1,
      678, 679, 680, -1,
      599, 601, 681, -1,
      681, 601, 682, -1,
      681, 682, 683, -1,
      684, 685, 686, -1,
      603, 687, 604, -1,
      604, 687, 688, -1,
      604, 688, 660, -1,
      650, 689, 609, -1,
      609, 689, 690, -1,
      609, 690, 665, -1,
      665, 690, 691, -1,
      692, 693, 618, -1,
      634, 694, 633, -1,
      633, 694, 695, -1,
      633, 695, 609, -1,
      609, 695, 696, -1,
      609, 696, 671, -1,
      697, 698, 699, -1,
      699, 698, 700, -1,
      699, 700, 701, -1,
      680, 702, 678, -1,
      678, 702, 698, -1,
      678, 698, 703, -1,
      703, 698, 697, -1,
      701, 700, 677, -1,
      677, 700, 704, -1,
      677, 704, 614, -1,
      705, 604, 706, -1,
      706, 604, 707, -1,
      708, 601, 709, -1,
      709, 601, 710, -1,
      711, 712, 601, -1,
      713, 714, 715, -1,
      715, 714, 681, -1,
      715, 681, 716, -1,
      716, 681, 683, -1,
      686, 717, 684, -1,
      684, 717, 718, -1,
      684, 718, 719, -1,
      719, 718, 720, -1,
      719, 720, 603, -1,
      603, 720, 721, -1,
      603, 721, 687, -1,
      722, 723, 724, -1,
      725, 726, 727, -1,
      727, 726, 728, -1,
      727, 728, 635, -1,
      635, 728, 729, -1,
      635, 729, 634, -1,
      644, 730, 604, -1,
      604, 730, 731, -1,
      604, 731, 707, -1,
      707, 731, 732, -1,
      712, 733, 601, -1,
      601, 733, 734, -1,
      601, 734, 682, -1,
      691, 735, 665, -1,
      665, 735, 736, -1,
      665, 736, 737, -1,
      737, 736, 722, -1,
      737, 722, 738, -1,
      738, 722, 724, -1,
      663, 739, 609, -1,
      609, 739, 740, -1,
      609, 740, 618, -1,
      618, 740, 741, -1,
      741, 742, 618, -1,
      618, 742, 743, -1,
      618, 743, 744, -1,
      745, 746, 747, -1,
      705, 748, 604, -1,
      604, 748, 749, -1,
      604, 749, 750, -1,
      751, 752, 753, -1,
      754, 755, 756, -1,
      756, 755, 708, -1,
      755, 757, 708, -1,
      708, 757, 758, -1,
      708, 758, 601, -1,
      601, 758, 759, -1,
      601, 759, 711, -1,
      760, 761, 618, -1,
      732, 762, 707, -1,
      707, 762, 763, -1,
      707, 763, 764, -1,
      764, 763, 745, -1,
      764, 745, 765, -1,
      765, 745, 747, -1,
      710, 601, 766, -1,
      766, 601, 604, -1,
      766, 604, 751, -1,
      751, 604, 750, -1,
      751, 750, 752, -1,
      753, 767, 751, -1,
      751, 767, 768, -1,
      751, 768, 769, -1,
      769, 768, 770, -1,
      771, 772, 744, -1,
      744, 772, 773, -1,
      693, 774, 618, -1,
      618, 774, 775, -1,
      618, 775, 627, -1,
      776, 777, 778, -1,
      629, 779, 627, -1,
      627, 779, 780, -1,
      627, 780, 618, -1,
      618, 780, 781, -1,
      618, 781, 654, -1,
      754, 782, 755, -1,
      755, 782, 776, -1,
      755, 776, 783, -1,
      783, 776, 778, -1,
      773, 784, 744, -1,
      744, 784, 785, -1,
      744, 785, 618, -1,
      618, 785, 786, -1,
      618, 786, 760, -1,
      787, 788, 789, -1,
      787, 789, 761, -1,
      761, 789, 790, -1,
      761, 790, 791, -1,
      791, 792, 761, -1,
      761, 792, 793, -1,
      761, 793, 618, -1,
      618, 793, 794, -1,
      618, 794, 692, -1,
      795, 796, 797, -1,
      797, 796, 798, -1,
      797, 798, 768, -1,
      768, 798, 799, -1,
      768, 799, 770, -1,
      800, 801, 802, -1,
      802, 801, 803, -1,
      802, 803, 771, -1,
      771, 803, 804, -1,
      771, 804, 772, -1,
      805, 806, 807, -1,
      788, 808, 789, -1,
      789, 808, 805, -1,
      789, 805, 809, -1,
      809, 805, 807, -1,
      560, 679, 678, -1,
      714, 713, 810, -1,
      810, 713, 811, -1,
      812, 796, 795, -1,
      678, 813, 560, -1,
      560, 813, 810, -1,
      560, 810, 3, -1,
      3, 810, 811, -1,
      3, 811, 814, -1,
      815, 816, 3, -1,
      795, 815, 812, -1,
      812, 815, 3, -1,
      812, 3, 817, -1,
      817, 3, 814, -1,
      817, 814, 777, -1,
      777, 814, 778, -1,
      637, 593, 818, -1,
      818, 593, 3, -1,
      818, 3, 819, -1,
      819, 3, 816, -1,
      819, 816, 746, -1,
      746, 816, 747, -1,
      530, 620, 657, -1,
      667, 666, 820, -1,
      820, 666, 821, -1,
      657, 822, 530, -1,
      530, 822, 820, -1,
      530, 820, 586, -1,
      586, 820, 821, -1,
      586, 821, 823, -1,
      824, 825, 586, -1,
      826, 801, 800, -1,
      800, 824, 826, -1,
      826, 824, 586, -1,
      826, 586, 827, -1,
      827, 586, 823, -1,
      827, 823, 806, -1,
      806, 823, 807, -1,
      597, 596, 828, -1,
      828, 596, 586, -1,
      828, 586, 829, -1,
      829, 586, 825, -1,
      829, 825, 723, -1,
      723, 825, 724, -1,
      586, 596, 595, -1,
      595, 830, 586, -1,
      586, 830, 831, -1,
      586, 831, 560, -1,
      680, 679, 832, -1,
      832, 679, 560, -1,
      832, 560, 833, -1,
      833, 560, 831, -1,
      833, 831, 725, -1,
      725, 831, 726, -1,
      3, 593, 592, -1,
      592, 834, 3, -1,
      3, 834, 835, -1,
      3, 835, 530, -1,
      622, 620, 836, -1,
      836, 620, 530, -1,
      836, 530, 837, -1,
      837, 530, 835, -1,
      837, 835, 685, -1,
      685, 835, 686, -1
    ]
  }
}

Shape {
  appearance Appearance {
    material Material {
      diffuseColor 0.34901960784313724 0.34901960784313724 0.34901960784313724
      specularColor 0.023529411764705882 0.023529411764705882 0.023529411764705882
      ambientIntensity 0.2
      transparency 0
      shininess 0.5
    }
  }
  geometry IndexedFaceSet {
    ccw TRUE
    solid FALSE
    coord DEF co Coordinate {
      point [
        -0.4921 -0.4331 0.3386,         -0.4921 -0.4331 0.3465,         -0.5074 -0.4351 0.3386,         -0.5074 -0.4351 0.3465,         -0.5217 -0.4410 0.3386,         -0.5217 -0.4410 0.3465,         -0.5339 -0.4504 0.3386,         -0.5339 -0.4504 0.3465,         -0.5433 -0.4626 0.3386,         -0.5433 -0.4626 0.3465,         -0.5492 -0.4768 0.3386,         -0.5492 -0.4768 0.3465,         -0.5512 -0.4921 0.3386,         -0.5512 -0.4921 0.3465,         -0.5492 -0.5074 0.3386,         -0.5492 -0.5074 0.3465,         -0.5433 -0.5217 0.3386,         -0.5433 -0.5217 0.3465,         -0.5339 -0.5339 0.3386,         -0.5339 -0.5339 0.3465,         -0.5217 -0.5433 0.3386,         -0.5217 -0.5433 0.3465,         -0.5074 -0.5492 0.3386,         -0.5074 -0.5492 0.3465,         -0.4921 -0.5512 0.3386,         -0.4921 -0.5512 0.3465,         -0.4768 -0.5492 0.3386,         -0.4768 -0.5492 0.3465,         -0.4626 -0.5433 0.3386,         -0.4626 -0.5433 0.3465,         -0.4504 -0.5339 0.3386,         -0.4504 -0.5339 0.3465,         -0.4410 -0.5217 0.3386,         -0.4410 -0.5217 0.3465,         -0.4351 -0.5074 0.3386,         -0.4351 -0.5074 0.3465,         -0.4331 -0.4921 0.3386,         -0.4331 -0.4921 0.3465,         -0.4351 -0.4768 0.3386,         -0.4351 -0.4768 0.3465,         -0.4410 -0.4626 0.3386,         -0.4410 -0.4626 0.3465,         -0.4504 -0.4504 0.3386,         -0.4504 -0.4504 0.3465,         -0.4626 -0.4410 0.3386,         -0.4626 -0.4410 0.3465,         -0.4768 -0.4351 0.3386,         -0.4768 -0.4351 0.3465,         -0.4921 -0.4921 0.3386,         -0.4921 -0.4921 0.3386
      ]
    }
    coordIndex [
      0, 1, 2, -1,
      2, 1, 3, -1,
      2, 3, 4, -1,
      4, 3, 5, -1,
      4, 5, 6, -1,
      6, 5, 7, -1,
      6, 7, 8, -1,
      8, 7, 9, -1,
      8, 9, 10, -1,
      10, 9, 11, -1,
      10, 11, 12, -1,
      12, 11, 13, -1,
      12, 13, 14, -1,
      14, 13, 15, -1,
      14, 15, 16, -1,
      16, 15, 17, -1,
      16, 17, 18, -1,
      18, 17, 19, -1,
      18, 19, 20, -1,
      20, 19, 21, -1,
      20, 21, 22, -1,
      22, 21, 23, -1,
      22, 23, 24, -1,
      24, 23, 25, -1,
      24, 25, 26, -1,
      26, 25, 27, -1,
      26, 27, 28, -1,
      28, 27, 29, -1,
      28, 29, 30, -1,
      30, 29, 31, -1,
      30, 31, 32, -1,
      32, 31, 33, -1,
      32, 33, 34, -1,
      34, 33, 35, -1,
      34, 35, 36, -1,
      36, 35, 37, -1,
      36, 37, 38, -1,
      38, 37, 39, -1,
      38, 39, 40, -1,
      40, 39, 41, -1,
      40, 41, 42, -1,
      42, 41, 43, -1,
      42, 43, 44, -1,
      44, 43, 45, -1,
      44, 45, 46, -1,
      46, 45, 47, -1,
      46, 47, 0, -1,
      0, 47, 1, -1,
      44, 46, 48, -1,
      48, 46, 0, -1,
      48, 0, 2, -1,
      38, 40, 48, -1,
      48, 40, 42, -1,
      48, 42, 44, -1,
      32, 34, 48, -1,
      48, 34, 36, -1,
      48, 36, 38, -1,
      26, 28, 48, -1,
      48, 28, 30, -1,
      48, 30, 32, -1,
      20, 22, 48, -1,
      48, 22, 24, -1,
      48, 24, 26, -1,
      14, 16, 48, -1,
      48, 16, 18, -1,
      48, 18, 20, -1,
      8, 10, 48, -1,
      48, 10, 12, -1,
      48, 12, 14, -1,
      2, 4, 48, -1,
      48, 4, 6, -1,
      48, 6, 8, -1
    ]
  }
}

Shape {
  appearance Appearance {
    material Material {
      diffuseColor 0.6666666666666666 0.6666666666666666 0.6666666666666666
      specularColor 0.4666666666666667 0.4666666666666667 0.4666666666666667
      ambientIntensity 0.2
      transparency 0
      shininess 0.5
    }
  }
  geometry IndexedFaceSet {
    ccw TRUE
    solid FALSE
    coord DEF co Coordinate {
      point [
        -0.6890 0.3425 0.0709,         -0.6894 0.3425 0.0709,         -0.6890 0.2480 0.0709,         -0.6894 0.2480 0.0709,         -0.6890 0.2480 0.0000,         -0.6894 0.2480 -0.0079,         -0.5787 0.2480 0.0000,         -0.5787 0.2480 -0.0079,         -0.6890 0.3425 0.0000,         -0.5787 0.3425 0.0000,         -0.5787 0.3425 -0.0079,         -0.6894 0.3425 -0.0079,         -0.5665 0.2496 -0.0079,         -0.5665 0.2496 0.0000,         -0.5551 0.2544 -0.0079,         -0.5551 0.2544 0.0000,         -0.5453 0.2619 -0.0079,         -0.5453 0.2619 0.0000,         -0.5378 0.2717 -0.0079,         -0.5378 0.2717 0.0000,         -0.5331 0.2830 -0.0079,         -0.5331 0.2830 0.0000,         -0.5315 0.2953 -0.0079,         -0.5315 0.2953 0.0000,         -0.5331 0.3075 -0.0079,         -0.5331 0.3075 0.0000,         -0.5378 0.3189 -0.0079,         -0.5378 0.3189 0.0000,         -0.5453 0.3287 -0.0079,         -0.5453 0.3287 0.0000,         -0.5551 0.3362 -0.0079,         -0.5551 0.3362 0.0000,         -0.5665 0.3409 -0.0079,         -0.5665 0.3409 0.0000,         -0.6890 -0.2480 0.0709,         -0.6894 -0.2480 0.0709,         -0.6890 -0.3425 0.0709,         -0.6894 -0.3425 0.0709,         -0.6890 -0.3425 0.0000,         -0.6894 -0.3425 -0.0079,         -0.5787 -0.3425 0.0000,         -0.5787 -0.3425 -0.0079,         -0.6890 -0.2480 0.0000,         -0.5787 -0.2480 0.0000,         -0.5787 -0.2480 -0.0079,         -0.6894 -0.2480 -0.0079,         -0.5665 -0.3409 -0.0079,         -0.5665 -0.3409 0.0000,         -0.5551 -0.3362 -0.0079,         -0.5551 -0.3362 0.0000,         -0.5453 -0.3287 -0.0079,         -0.5453 -0.3287 0.0000,         -0.5378 -0.3189 -0.0079,         -0.5378 -0.3189 0.0000,         -0.5331 -0.3075 -0.0079,         -0.5331 -0.3075 0.0000,         -0.5315 -0.2953 -0.0079,         -0.5315 -0.2953 0.0000,         -0.5331 -0.2830 -0.0079,         -0.5331 -0.2830 0.0000,         -0.5378 -0.2717 -0.0079,         -0.5378 -0.2717 0.0000,         -0.5453 -0.2619 -0.0079,         -0.5453 -0.2619 0.0000,         -0.5551 -0.2544 -0.0079,         -0.5551 -0.2544 0.0000,         -0.5665 -0.2496 -0.0079,         -0.5665 -0.2496 0.0000,         0.6890 0.2480 0.0709,         0.6894 0.2480 0.0709,         0.6890 0.3425 0.0709,         0.6894 0.3425 0.0709,         0.6890 0.3425 0.0000,         0.6894 0.3425 -0.0079,         0.5787 0.3425 0.0000,         0.5787 0.3425 -0.0079,         0.6890 0.2480 0.0000,         0.5787 0.2480 0.0000,         0.5787 0.2480 -0.0079,         0.6894 0.2480 -0.0079,         0.5665 0.3409 -0.0079,         0.5665 0.3409 0.0000,         0.5551 0.3362 -0.0079,         0.5551 0.3362 0.0000,         0.5453 0.3287 -0.0079,         0.5453 0.3287 0.0000,         0.5378 0.3189 -0.0079,         0.5378 0.3189 0.0000,         0.5331 0.3075 -0.0079,         0.5331 0.3075 0.0000,         0.5315 0.2953 -0.0079,         0.5315 0.2953 0.0000,         0.5331 0.2830 -0.0079,         0.5331 0.2830 0.0000,         0.5378 0.2717 -0.0079,         0.5378 0.2717 0.0000,         0.5453 0.2619 -0.0079,         0.5453 0.2619 0.0000,         0.5551 0.2544 -0.0079,         0.5551 0.2544 0.0000,         0.5665 0.2496 -0.0079,         0.5665 0.2496 0.0000,         0.6890 -0.3425 0.0709,         0.6894 -0.3425 0.0709,         0.6890 -0.2480 0.0709,         0.6894 -0.2480 0.0709,         0.6890 -0.2480 0.0000,         0.6894 -0.2480 -0.0079,         0.5787 -0.2480 0.0000,         0.5787 -0.2480 -0.0079,         0.6890 -0.3425 0.0000,         0.5787 -0.3425 0.0000,         0.5787 -0.3425 -0.0079,         0.6894 -0.3425 -0.0079,         0.5665 -0.2496 -0.0079,         0.5665 -0.2496 0.0000,         0.5551 -0.2544 -0.0079,         0.5551 -0.2544 0.0000,         0.5453 -0.2619 -0.0079,         0.5453 -0.2619 0.0000,         0.5378 -0.2717 -0.0079,         0.5378 -0.2717 0.0000,         0.5331 -0.2830 -0.0079,         0.5331 -0.2830 0.0000,         0.5315 -0.2953 -0.0079,         0.5315 -0.2953 0.0000,         0.5331 -0.3075 -0.0079,         0.5331 -0.3075 0.0000,         0.5378 -0.3189 -0.0079,         0.5378 -0.3189 0.0000,         0.5453 -0.3287 -0.0079,         0.5453 -0.3287 0.0000,         0.5551 -0.3362 -0.0079,         0.5551 -0.3362 0.0000,         0.5665 -0.3409 -0.0079,         0.5665 -0.3409 0.0000,         -0.3465 0.6890 0.0709,         -0.3465 0.6894 0.0709,         -0.4409 0.6890 0.0709,         -0.4409 0.6894 0.0709,         -0.3465 0.6890 0.0000,         -0.3465 0.5787 0.0000,         -0.3465 0.5787 -0.0079,         -0.3465 0.6894 -0.0079,         -0.4409 0.6890 0.0000,         -0.4409 0.6894 -0.0079,         -0.4409 0.5787 0.0000,         -0.4409 0.5787 -0.0079,         -0.4393 0.5665 -0.0079,         -0.4393 0.5665 0.0000,         -0.4346 0.5551 -0.0079,         -0.4346 0.5551 0.0000,         -0.4271 0.5453 -0.0079,         -0.4271 0.5453 0.0000,         -0.4173 0.5378 -0.0079,         -0.4173 0.5378 0.0000,         -0.4059 0.5331 -0.0079,         -0.4059 0.5331 0.0000,         -0.3937 0.5315 -0.0079,         -0.3937 0.5315 0.0000,         -0.3815 0.5331 -0.0079,         -0.3815 0.5331 0.0000,         -0.3701 0.5378 -0.0079,         -0.3701 0.5378 0.0000,         -0.3603 0.5453 -0.0079,         -0.3603 0.5453 0.0000,         -0.3528 0.5551 -0.0079,         -0.3528 0.5551 0.0000,         -0.3481 0.5665 -0.0079,         -0.3481 0.5665 0.0000,         -0.1496 0.6890 0.0709,         -0.1496 0.6894 0.0709,         -0.2441 0.6890 0.0709,         -0.2441 0.6894 0.0709,         -0.1496 0.6890 0.0000,         -0.1496 0.5787 0.0000,         -0.1496 0.5787 -0.0079,         -0.1496 0.6894 -0.0079,         -0.2441 0.6890 0.0000,         -0.2441 0.6894 -0.0079,         -0.2441 0.5787 0.0000,         -0.2441 0.5787 -0.0079,         -0.2425 0.5665 -0.0079,         -0.2425 0.5665 0.0000,         -0.2378 0.5551 -0.0079,         -0.2378 0.5551 0.0000,         -0.2303 0.5453 -0.0079,         -0.2303 0.5453 0.0000,         -0.2205 0.5378 -0.0079,         -0.2205 0.5378 0.0000,         -0.2091 0.5331 -0.0079,         -0.2091 0.5331 0.0000,         -0.1969 0.5315 -0.0079,         -0.1969 0.5315 0.0000,         -0.1846 0.5331 -0.0079,         -0.1846 0.5331 0.0000,         -0.1732 0.5378 -0.0079,         -0.1732 0.5378 0.0000,         -0.1634 0.5453 -0.0079,         -0.1634 0.5453 0.0000,         -0.1559 0.5551 -0.0079,         -0.1559 0.5551 0.0000,         -0.1512 0.5665 -0.0079,         -0.1512 0.5665 0.0000,         0.0472 0.6890 0.0709,         0.0472 0.6894 0.0709,         -0.0472 0.6890 0.0709,         -0.0472 0.6894 0.0709,         0.0472 0.6890 0.0000,         0.0472 0.5787 0.0000,         0.0472 0.5787 -0.0079,         0.0472 0.6894 -0.0079,         -0.0472 0.6890 0.0000,         -0.0472 0.6894 -0.0079,         -0.0472 0.5787 0.0000,         -0.0472 0.5787 -0.0079,         -0.0456 0.5665 -0.0079,         -0.0456 0.5665 0.0000,         -0.0409 0.5551 -0.0079,         -0.0409 0.5551 0.0000,         -0.0334 0.5453 -0.0079,         -0.0334 0.5453 0.0000,         -0.0236 0.5378 -0.0079,         -0.0236 0.5378 0.0000,         -0.0122 0.5331 -0.0079,         -0.0122 0.5331 0.0000,         -0.0000 0.5315 -0.0079,         -0.0000 0.5315 0.0000,         0.0122 0.5331 -0.0079,         0.0122 0.5331 0.0000,         0.0236 0.5378 -0.0079,         0.0236 0.5378 0.0000,         0.0334 0.5453 -0.0079,         0.0334 0.5453 0.0000,         0.0409 0.5551 -0.0079,         0.0409 0.5551 0.0000,         0.0456 0.5665 -0.0079,         0.0456 0.5665 0.0000,         0.2441 0.6890 0.0709,         0.2441 0.6894 0.0709,         0.1496 0.6890 0.0709,         0.1496 0.6894 0.0709,         0.2441 0.6890 0.0000,         0.2441 0.5787 0.0000,         0.2441 0.5787 -0.0079,         0.2441 0.6894 -0.0079,         0.1496 0.6890 0.0000,         0.1496 0.6894 -0.0079,         0.1496 0.5787 0.0000,         0.1496 0.5787 -0.0079,         0.1512 0.5665 -0.0079,         0.1512 0.5665 0.0000,         0.1559 0.5551 -0.0079,         0.1559 0.5551 0.0000,         0.1634 0.5453 -0.0079,         0.1634 0.5453 0.0000,         0.1732 0.5378 -0.0079,         0.1732 0.5378 0.0000,         0.1846 0.5331 -0.0079,         0.1846 0.5331 0.0000,         0.1969 0.5315 -0.0079,         0.1969 0.5315 0.0000,         0.2091 0.5331 -0.0079,         0.2091 0.5331 0.0000,         0.2205 0.5378 -0.0079,         0.2205 0.5378 0.0000,         0.2303 0.5453 -0.0079,         0.2303 0.5453 0.0000,         0.2378 0.5551 -0.0079,         0.2378 0.5551 0.0000,         0.2425 0.5665 -0.0079,         0.2425 0.5665 0.0000,         0.4409 0.6890 0.0709,         0.4409 0.6894 0.0709,         0.3465 0.6890 0.0709,         0.3465 0.6894 0.0709,         0.4409 0.6890 0.0000,         0.4409 0.5787 0.0000,         0.4409 0.5787 -0.0079,         0.4409 0.6894 -0.0079,         0.3465 0.6890 0.0000,         0.3465 0.6894 -0.0079,         0.3465 0.5787 0.0000,         0.3465 0.5787 -0.0079,         0.3481 0.5665 -0.0079,         0.3481 0.5665 0.0000,         0.3528 0.5551 -0.0079,         0.3528 0.5551 0.0000,         0.3603 0.5453 -0.0079,         0.3603 0.5453 0.0000,         0.3701 0.5378 -0.0079,         0.3701 0.5378 0.0000,         0.3815 0.5331 -0.0079,         0.3815 0.5331 0.0000,         0.3937 0.5315 -0.0079,         0.3937 0.5315 0.0000,         0.4059 0.5331 -0.0079,         0.4059 0.5331 0.0000,         0.4173 0.5378 -0.0079,         0.4173 0.5378 0.0000,         0.4271 0.5453 -0.0079,         0.4271 0.5453 0.0000,         0.4346 0.5551 -0.0079,         0.4346 0.5551 0.0000,         0.4393 0.5665 -0.0079,         0.4393 0.5665 0.0000,         -0.4409 -0.6890 0.0709,         -0.4409 -0.6894 0.0709,         -0.3465 -0.6890 0.0709,         -0.3465 -0.6894 0.0709,         -0.3465 -0.6890 0.0000,         -0.3465 -0.6894 -0.0079,         -0.3465 -0.5787 0.0000,         -0.3465 -0.5787 -0.0079,         -0.4409 -0.6890 0.0000,         -0.4409 -0.5787 0.0000,         -0.4409 -0.5787 -0.0079,         -0.4409 -0.6894 -0.0079,         -0.3481 -0.5665 -0.0079,         -0.3481 -0.5665 0.0000,         -0.3528 -0.5551 -0.0079,         -0.3528 -0.5551 0.0000,         -0.3603 -0.5453 -0.0079,         -0.3603 -0.5453 0.0000,         -0.3701 -0.5378 -0.0079,         -0.3701 -0.5378 0.0000,         -0.3815 -0.5331 -0.0079,         -0.3815 -0.5331 0.0000,         -0.3937 -0.5315 -0.0079,         -0.3937 -0.5315 0.0000,         -0.4059 -0.5331 -0.0079,         -0.4059 -0.5331 0.0000,         -0.4173 -0.5378 -0.0079,         -0.4173 -0.5378 0.0000,         -0.4271 -0.5453 -0.0079,         -0.4271 -0.5453 0.0000,         -0.4346 -0.5551 -0.0079,         -0.4346 -0.5551 0.0000,         -0.4393 -0.5665 -0.0079,         -0.4393 -0.5665 0.0000,         -0.2441 -0.6890 0.0709,         -0.2441 -0.6894 0.0709,         -0.1496 -0.6890 0.0709,         -0.1496 -0.6894 0.0709,         -0.1496 -0.6890 0.0000,         -0.1496 -0.6894 -0.0079,         -0.1496 -0.5787 0.0000,         -0.1496 -0.5787 -0.0079,         -0.2441 -0.6890 0.0000,         -0.2441 -0.5787 0.0000,         -0.2441 -0.5787 -0.0079,         -0.2441 -0.6894 -0.0079,         -0.1512 -0.5665 -0.0079,         -0.1512 -0.5665 0.0000,         -0.1559 -0.5551 -0.0079,         -0.1559 -0.5551 0.0000,         -0.1634 -0.5453 -0.0079,         -0.1634 -0.5453 0.0000,         -0.1732 -0.5378 -0.0079,         -0.1732 -0.5378 0.0000,         -0.1846 -0.5331 -0.0079,         -0.1846 -0.5331 0.0000,         -0.1969 -0.5315 -0.0079,         -0.1969 -0.5315 0.0000,         -0.2091 -0.5331 -0.0079,         -0.2091 -0.5331 0.0000,         -0.2205 -0.5378 -0.0079,         -0.2205 -0.5378 0.0000,         -0.2303 -0.5453 -0.0079,         -0.2303 -0.5453 0.0000,         -0.2378 -0.5551 -0.0079,         -0.2378 -0.5551 0.0000,         -0.2425 -0.5665 -0.0079,         -0.2425 -0.5665 0.0000,         -0.0472 -0.6890 0.0709,         -0.0472 -0.6894 0.0709,         0.0472 -0.6890 0.0709,         0.0472 -0.6894 0.0709,         0.0472 -0.6890 0.0000,         0.0472 -0.6894 -0.0079,         0.0472 -0.5787 0.0000,         0.0472 -0.5787 -0.0079,         -0.0472 -0.6890 0.0000,         -0.0472 -0.5787 0.0000,         -0.0472 -0.5787 -0.0079,         -0.0472 -0.6894 -0.0079,         0.0456 -0.5665 -0.0079,         0.0456 -0.5665 0.0000,         0.0409 -0.5551 -0.0079,         0.0409 -0.5551 0.0000,         0.0334 -0.5453 -0.0079,         0.0334 -0.5453 0.0000,         0.0236 -0.5378 -0.0079,         0.0236 -0.5378 0.0000,         0.0122 -0.5331 -0.0079,         0.0122 -0.5331 0.0000,         0.0000 -0.5315 -0.0079,         0.0000 -0.5315 0.0000,         -0.0122 -0.5331 -0.0079,         -0.0122 -0.5331 0.0000,         -0.0236 -0.5378 -0.0079,         -0.0236 -0.5378 0.0000,         -0.0334 -0.5453 -0.0079,         -0.0334 -0.5453 0.0000,         -0.0409 -0.5551 -0.0079,         -0.0409 -0.5551 0.0000,         -0.0456 -0.5665 -0.0079,         -0.0456 -0.5665 0.0000,         0.1496 -0.6890 0.0709,         0.1496 -0.6894 0.0709,         0.2441 -0.6890 0.0709,         0.2441 -0.6894 0.0709,         0.2441 -0.6890 0.0000,         0.2441 -0.6894 -0.0079,         0.2441 -0.5787 0.0000,         0.2441 -0.5787 -0.0079,         0.1496 -0.6890 0.0000,         0.1496 -0.5787 0.0000,         0.1496 -0.5787 -0.0079,         0.1496 -0.6894 -0.0079,         0.2425 -0.5665 -0.0079,         0.2425 -0.5665 0.0000,         0.2378 -0.5551 -0.0079,         0.2378 -0.5551 0.0000,         0.2303 -0.5453 -0.0079,         0.2303 -0.5453 0.0000,         0.2205 -0.5378 -0.0079,         0.2205 -0.5378 0.0000,         0.2091 -0.5331 -0.0079,         0.2091 -0.5331 0.0000,         0.1969 -0.5315 -0.0079,         0.1969 -0.5315 0.0000,         0.1846 -0.5331 -0.0079,         0.1846 -0.5331 0.0000,         0.1732 -0.5378 -0.0079,         0.1732 -0.5378 0.0000,         0.1634 -0.5453 -0.0079,         0.1634 -0.5453 0.0000,         0.1559 -0.5551 -0.0079,         0.1559 -0.5551 0.0000,         0.1512 -0.5665 -0.0079,         0.1512 -0.5665 0.0000,         0.3465 -0.6890 0.0709,         0.3465 -0.6894 0.0709,         0.4409 -0.6890 0.0709,         0.4409 -0.6894 0.0709,         0.4409 -0.6890 0.0000,         0.4409 -0.6894 -0.0079,         0.4409 -0.5787 0.0000,         0.4409 -0.5787 -0.0079,         0.3465 -0.6890 0.0000,         0.3465 -0.5787 0.0000,         0.3465 -0.5787 -0.0079,         0.3465 -0.6894 -0.0079,         0.4393 -0.5665 -0.0079,         0.4393 -0.5665 0.0000,         0.4346 -0.5551 -0.0079,         0.4346 -0.5551 0.0000,         0.4271 -0.5453 -0.0079,         0.4271 -0.5453 0.0000,         0.4173 -0.5378 -0.0079,         0.4173 -0.5378 0.0000,         0.4059 -0.5331 -0.0079,         0.4059 -0.5331 0.0000,         0.3937 -0.5315 -0.0079,         0.3937 -0.5315 0.0000,         0.3815 -0.5331 -0.0079,         0.3815 -0.5331 0.0000,         0.3701 -0.5378 -0.0079,         0.3701 -0.5378 0.0000,         0.3603 -0.5453 -0.0079,         0.3603 -0.5453 0.0000,         0.3528 -0.5551 -0.0079,         0.3528 -0.5551 0.0000,         0.3481 -0.5665 -0.0079,         0.3481 -0.5665 0.0000,         0.3937 0.3937 -0.0079,         -0.3937 0.3937 -0.0079,         0.3937 0.3937 0.0000,         -0.3937 0.3937 0.0000,         0.3937 -0.3937 -0.0079,         0.3937 -0.3937 0.0000,         -0.2559 -0.3937 -0.0079,         -0.2559 -0.3937 0.0000,         -0.3937 -0.2559 -0.0079,         -0.3937 -0.2559 0.0000,         -0.3937 -0.2559 0.0000
      ]
    }
    coordIndex [
      0, 1, 2, -1,
      2, 1, 3, -1,
      2, 3, 4, -1,
      4, 3, 5, -1,
      4, 5, 6, -1,
      6, 5, 7, -1,
      1, 0, 8, -1,
      9, 10, 8, -1,
      8, 10, 11, -1,
      8, 11, 1, -1,
      3, 1, 5, -1,
      5, 1, 11, -1,
      6, 7, 12, -1,
      6, 12, 13, -1,
      13, 12, 14, -1,
      13, 14, 15, -1,
      15, 14, 16, -1,
      15, 16, 17, -1,
      17, 16, 18, -1,
      17, 18, 19, -1,
      19, 18, 20, -1,
      19, 20, 21, -1,
      21, 20, 22, -1,
      21, 22, 23, -1,
      23, 22, 24, -1,
      23, 24, 25, -1,
      25, 24, 26, -1,
      25, 26, 27, -1,
      27, 26, 28, -1,
      27, 28, 29, -1,
      29, 28, 30, -1,
      29, 30, 31, -1,
      31, 30, 32, -1,
      31, 32, 33, -1,
      33, 32, 10, -1,
      33, 10, 9, -1,
      5, 11, 7, -1,
      7, 11, 10, -1,
      10, 32, 7, -1,
      7, 32, 30, -1,
      7, 30, 28, -1,
      28, 26, 7, -1,
      7, 26, 24, -1,
      7, 24, 12, -1,
      20, 18, 16, -1,
      20, 16, 22, -1,
      22, 16, 24, -1,
      24, 16, 14, -1,
      24, 14, 12, -1,
      34, 35, 36, -1,
      36, 35, 37, -1,
      36, 37, 38, -1,
      38, 37, 39, -1,
      38, 39, 40, -1,
      40, 39, 41, -1,
      35, 34, 42, -1,
      43, 44, 42, -1,
      42, 44, 45, -1,
      42, 45, 35, -1,
      37, 35, 39, -1,
      39, 35, 45, -1,
      40, 41, 46, -1,
      40, 46, 47, -1,
      47, 46, 48, -1,
      47, 48, 49, -1,
      49, 48, 50, -1,
      49, 50, 51, -1,
      51, 50, 52, -1,
      51, 52, 53, -1,
      53, 52, 54, -1,
      53, 54, 55, -1,
      55, 54, 56, -1,
      55, 56, 57, -1,
      57, 56, 58, -1,
      57, 58, 59, -1,
      59, 58, 60, -1,
      59, 60, 61, -1,
      61, 60, 62, -1,
      61, 62, 63, -1,
      63, 62, 64, -1,
      63, 64, 65, -1,
      65, 64, 66, -1,
      65, 66, 67, -1,
      67, 66, 44, -1,
      67, 44, 43, -1,
      39, 45, 41, -1,
      41, 45, 44, -1,
      64, 62, 56, -1,
      56, 62, 60, -1,
      56, 60, 58, -1,
      54, 52, 44, -1,
      44, 52, 50, -1,
      54, 44, 56, -1,
      56, 44, 66, -1,
      56, 66, 64, -1,
      50, 48, 44, -1,
      44, 48, 46, -1,
      44, 46, 41, -1,
      68, 69, 70, -1,
      70, 69, 71, -1,
      70, 71, 72, -1,
      72, 71, 73, -1,
      72, 73, 74, -1,
      74, 73, 75, -1,
      69, 68, 76, -1,
      77, 78, 76, -1,
      76, 78, 79, -1,
      76, 79, 69, -1,
      71, 69, 73, -1,
      73, 69, 79, -1,
      74, 75, 80, -1,
      74, 80, 81, -1,
      81, 80, 82, -1,
      81, 82, 83, -1,
      83, 82, 84, -1,
      83, 84, 85, -1,
      85, 84, 86, -1,
      85, 86, 87, -1,
      87, 86, 88, -1,
      87, 88, 89, -1,
      89, 88, 90, -1,
      89, 90, 91, -1,
      91, 90, 92, -1,
      91, 92, 93, -1,
      93, 92, 94, -1,
      93, 94, 95, -1,
      95, 94, 96, -1,
      95, 96, 97, -1,
      97, 96, 98, -1,
      97, 98, 99, -1,
      99, 98, 100, -1,
      99, 100, 101, -1,
      101, 100, 78, -1,
      101, 78, 77, -1,
      73, 79, 75, -1,
      75, 79, 78, -1,
      78, 100, 75, -1,
      75, 100, 98, -1,
      75, 98, 96, -1,
      96, 94, 75, -1,
      75, 94, 92, -1,
      75, 92, 80, -1,
      88, 86, 84, -1,
      88, 84, 90, -1,
      90, 84, 92, -1,
      92, 84, 82, -1,
      92, 82, 80, -1,
      102, 103, 104, -1,
      104, 103, 105, -1,
      104, 105, 106, -1,
      106, 105, 107, -1,
      106, 107, 108, -1,
      108, 107, 109, -1,
      103, 102, 110, -1,
      111, 112, 110, -1,
      110, 112, 113, -1,
      110, 113, 103, -1,
      105, 103, 107, -1,
      107, 103, 113, -1,
      108, 109, 114, -1,
      108, 114, 115, -1,
      115, 114, 116, -1,
      115, 116, 117, -1,
      117, 116, 118, -1,
      117, 118, 119, -1,
      119, 118, 120, -1,
      119, 120, 121, -1,
      121, 120, 122, -1,
      121, 122, 123, -1,
      123, 122, 124, -1,
      123, 124, 125, -1,
      125, 124, 126, -1,
      125, 126, 127, -1,
      127, 126, 128, -1,
      127, 128, 129, -1,
      129, 128, 130, -1,
      129, 130, 131, -1,
      131, 130, 132, -1,
      131, 132, 133, -1,
      133, 132, 134, -1,
      133, 134, 135, -1,
      135, 134, 112, -1,
      135, 112, 111, -1,
      107, 113, 109, -1,
      109, 113, 112, -1,
      109, 112, 134, -1,
      128, 126, 109, -1,
      109, 126, 124, -1,
      109, 124, 122, -1,
      134, 132, 109, -1,
      109, 132, 130, -1,
      109, 130, 128, -1,
      122, 120, 109, -1,
      109, 120, 118, -1,
      109, 118, 114, -1,
      114, 118, 116, -1,
      136, 137, 138, -1,
      138, 137, 139, -1,
      137, 136, 140, -1,
      141, 142, 140, -1,
      140, 142, 143, -1,
      140, 143, 137, -1,
      138, 139, 144, -1,
      144, 139, 145, -1,
      144, 145, 146, -1,
      146, 145, 147, -1,
      139, 137, 145, -1,
      145, 137, 143, -1,
      146, 147, 148, -1,
      146, 148, 149, -1,
      149, 148, 150, -1,
      149, 150, 151, -1,
      151, 150, 152, -1,
      151, 152, 153, -1,
      153, 152, 154, -1,
      153, 154, 155, -1,
      155, 154, 156, -1,
      155, 156, 157, -1,
      157, 156, 158, -1,
      157, 158, 159, -1,
      159, 158, 160, -1,
      159, 160, 161, -1,
      161, 160, 162, -1,
      161, 162, 163, -1,
      163, 162, 164, -1,
      163, 164, 165, -1,
      165, 164, 166, -1,
      165, 166, 167, -1,
      167, 166, 168, -1,
      167, 168, 169, -1,
      169, 168, 142, -1,
      169, 142, 141, -1,
      145, 143, 147, -1,
      147, 143, 142, -1,
      152, 150, 142, -1,
      142, 150, 148, -1,
      142, 148, 147, -1,
      168, 156, 142, -1,
      142, 156, 154, -1,
      142, 154, 152, -1,
      164, 162, 160, -1,
      168, 166, 156, -1,
      156, 166, 164, -1,
      156, 164, 158, -1,
      158, 164, 160, -1,
      170, 171, 172, -1,
      172, 171, 173, -1,
      171, 170, 174, -1,
      175, 176, 174, -1,
      174, 176, 177, -1,
      174, 177, 171, -1,
      172, 173, 178, -1,
      178, 173, 179, -1,
      178, 179, 180, -1,
      180, 179, 181, -1,
      173, 171, 179, -1,
      179, 171, 177, -1,
      180, 181, 182, -1,
      180, 182, 183, -1,
      183, 182, 184, -1,
      183, 184, 185, -1,
      185, 184, 186, -1,
      185, 186, 187, -1,
      187, 186, 188, -1,
      187, 188, 189, -1,
      189, 188, 190, -1,
      189, 190, 191, -1,
      191, 190, 192, -1,
      191, 192, 193, -1,
      193, 192, 194, -1,
      193, 194, 195, -1,
      195, 194, 196, -1,
      195, 196, 197, -1,
      197, 196, 198, -1,
      197, 198, 199, -1,
      199, 198, 200, -1,
      199, 200, 201, -1,
      201, 200, 202, -1,
      201, 202, 203, -1,
      203, 202, 176, -1,
      203, 176, 175, -1,
      179, 177, 181, -1,
      181, 177, 176, -1,
      202, 184, 176, -1,
      176, 184, 182, -1,
      176, 182, 181, -1,
      198, 196, 194, -1,
      194, 192, 198, -1,
      198, 192, 190, -1,
      198, 190, 188, -1,
      202, 200, 184, -1,
      184, 200, 198, -1,
      184, 198, 186, -1,
      186, 198, 188, -1,
      204, 205, 206, -1,
      206, 205, 207, -1,
      205, 204, 208, -1,
      209, 210, 208, -1,
      208, 210, 211, -1,
      208, 211, 205, -1,
      206, 207, 212, -1,
      212, 207, 213, -1,
      212, 213, 214, -1,
      214, 213, 215, -1,
      207, 205, 213, -1,
      213, 205, 211, -1,
      214, 215, 216, -1,
      214, 216, 217, -1,
      217, 216, 218, -1,
      217, 218, 219, -1,
      219, 218, 220, -1,
      219, 220, 221, -1,
      221, 220, 222, -1,
      221, 222, 223, -1,
      223, 222, 224, -1,
      223, 224, 225, -1,
      225, 224, 226, -1,
      225, 226, 227, -1,
      227, 226, 228, -1,
      227, 228, 229, -1,
      229, 228, 230, -1,
      229, 230, 231, -1,
      231, 230, 232, -1,
      231, 232, 233, -1,
      233, 232, 234, -1,
      233, 234, 235, -1,
      235, 234, 236, -1,
      235, 236, 237, -1,
      237, 236, 210, -1,
      237, 210, 209, -1,
      215, 213, 211, -1,
      211, 210, 215, -1,
      215, 210, 236, -1,
      215, 236, 234, -1,
      220, 218, 234, -1,
      234, 218, 216, -1,
      234, 216, 215, -1,
      232, 230, 224, -1,
      224, 230, 228, -1,
      224, 228, 226, -1,
      232, 224, 234, -1,
      234, 224, 222, -1,
      234, 222, 220, -1,
      238, 239, 240, -1,
      240, 239, 241, -1,
      239, 238, 242, -1,
      243, 244, 242, -1,
      242, 244, 245, -1,
      242, 245, 239, -1,
      240, 241, 246, -1,
      246, 241, 247, -1,
      246, 247, 248, -1,
      248, 247, 249, -1,
      241, 239, 247, -1,
      247, 239, 245, -1,
      248, 249, 250, -1,
      248, 250, 251, -1,
      251, 250, 252, -1,
      251, 252, 253, -1,
      253, 252, 254, -1,
      253, 254, 255, -1,
      255, 254, 256, -1,
      255, 256, 257, -1,
      257, 256, 258, -1,
      257, 258, 259, -1,
      259, 258, 260, -1,
      259, 260, 261, -1,
      261, 260, 262, -1,
      261, 262, 263, -1,
      263, 262, 264, -1,
      263, 264, 265, -1,
      265, 264, 266, -1,
      265, 266, 267, -1,
      267, 266, 268, -1,
      267, 268, 269, -1,
      269, 268, 270, -1,
      269, 270, 271, -1,
      271, 270, 244, -1,
      271, 244, 243, -1,
      247, 245, 249, -1,
      249, 245, 244, -1,
      244, 270, 249, -1,
      249, 270, 268, -1,
      249, 268, 250, -1,
      262, 268, 264, -1,
      264, 268, 266, -1,
      262, 260, 268, -1,
      268, 260, 258, -1,
      268, 258, 256, -1,
      256, 254, 268, -1,
      268, 254, 252, -1,
      268, 252, 250, -1,
      272, 273, 274, -1,
      274, 273, 275, -1,
      273, 272, 276, -1,
      277, 278, 276, -1,
      276, 278, 279, -1,
      276, 279, 273, -1,
      274, 275, 280, -1,
      280, 275, 281, -1,
      280, 281, 282, -1,
      282, 281, 283, -1,
      275, 273, 281, -1,
      281, 273, 279, -1,
      282, 283, 284, -1,
      282, 284, 285, -1,
      285, 284, 286, -1,
      285, 286, 287, -1,
      287, 286, 288, -1,
      287, 288, 289, -1,
      289, 288, 290, -1,
      289, 290, 291, -1,
      291, 290, 292, -1,
      291, 292, 293, -1,
      293, 292, 294, -1,
      293, 294, 295, -1,
      295, 294, 296, -1,
      295, 296, 297, -1,
      297, 296, 298, -1,
      297, 298, 299, -1,
      299, 298, 300, -1,
      299, 300, 301, -1,
      301, 300, 302, -1,
      301, 302, 303, -1,
      303, 302, 304, -1,
      303, 304, 305, -1,
      305, 304, 278, -1,
      305, 278, 277, -1,
      286, 278, 304, -1,
      281, 279, 283, -1,
      283, 279, 278, -1,
      283, 278, 284, -1,
      284, 278, 286, -1,
      294, 292, 304, -1,
      302, 300, 298, -1,
      292, 290, 304, -1,
      304, 290, 288, -1,
      304, 288, 286, -1,
      302, 298, 304, -1,
      304, 298, 296, -1,
      304, 296, 294, -1,
      306, 307, 308, -1,
      308, 307, 309, -1,
      308, 309, 310, -1,
      310, 309, 311, -1,
      310, 311, 312, -1,
      312, 311, 313, -1,
      307, 306, 314, -1,
      315, 316, 314, -1,
      314, 316, 317, -1,
      314, 317, 307, -1,
      312, 313, 318, -1,
      312, 318, 319, -1,
      319, 318, 320, -1,
      319, 320, 321, -1,
      321, 320, 322, -1,
      321, 322, 323, -1,
      323, 322, 324, -1,
      323, 324, 325, -1,
      325, 324, 326, -1,
      325, 326, 327, -1,
      327, 326, 328, -1,
      327, 328, 329, -1,
      329, 328, 330, -1,
      329, 330, 331, -1,
      331, 330, 332, -1,
      331, 332, 333, -1,
      333, 332, 334, -1,
      333, 334, 335, -1,
      335, 334, 336, -1,
      335, 336, 337, -1,
      337, 336, 338, -1,
      337, 338, 339, -1,
      339, 338, 316, -1,
      339, 316, 315, -1,
      309, 307, 311, -1,
      311, 307, 317, -1,
      318, 313, 338, -1,
      311, 317, 313, -1,
      313, 317, 316, -1,
      313, 316, 338, -1,
      324, 322, 334, -1,
      334, 322, 336, -1,
      336, 322, 338, -1,
      338, 322, 320, -1,
      338, 320, 318, -1,
      334, 332, 330, -1,
      330, 328, 334, -1,
      334, 328, 326, -1,
      334, 326, 324, -1,
      340, 341, 342, -1,
      342, 341, 343, -1,
      342, 343, 344, -1,
      344, 343, 345, -1,
      344, 345, 346, -1,
      346, 345, 347, -1,
      341, 340, 348, -1,
      349, 350, 348, -1,
      348, 350, 351, -1,
      348, 351, 341, -1,
      346, 347, 352, -1,
      346, 352, 353, -1,
      353, 352, 354, -1,
      353, 354, 355, -1,
      355, 354, 356, -1,
      355, 356, 357, -1,
      357, 356, 358, -1,
      357, 358, 359, -1,
      359, 358, 360, -1,
      359, 360, 361, -1,
      361, 360, 362, -1,
      361, 362, 363, -1,
      363, 362, 364, -1,
      363, 364, 365, -1,
      365, 364, 366, -1,
      365, 366, 367, -1,
      367, 366, 368, -1,
      367, 368, 369, -1,
      369, 368, 370, -1,
      369, 370, 371, -1,
      371, 370, 372, -1,
      371, 372, 373, -1,
      373, 372, 350, -1,
      373, 350, 349, -1,
      343, 341, 345, -1,
      345, 341, 351, -1,
      345, 351, 347, -1,
      347, 351, 350, -1,
      350, 372, 347, -1,
      347, 372, 370, -1,
      347, 370, 368, -1,
      368, 366, 347, -1,
      347, 366, 364, -1,
      347, 364, 352, -1,
      352, 364, 354, -1,
      364, 362, 354, -1,
      354, 362, 360, -1,
      354, 360, 356, -1,
      356, 360, 358, -1,
      374, 375, 376, -1,
      376, 375, 377, -1,
      376, 377, 378, -1,
      378, 377, 379, -1,
      378, 379, 380, -1,
      380, 379, 381, -1,
      375, 374, 382, -1,
      383, 384, 382, -1,
      382, 384, 385, -1,
      382, 385, 375, -1,
      380, 381, 386, -1,
      380, 386, 387, -1,
      387, 386, 388, -1,
      387, 388, 389, -1,
      389, 388, 390, -1,
      389, 390, 391, -1,
      391, 390, 392, -1,
      391, 392, 393, -1,
      393, 392, 394, -1,
      393, 394, 395, -1,
      395, 394, 396, -1,
      395, 396, 397, -1,
      397, 396, 398, -1,
      397, 398, 399, -1,
      399, 398, 400, -1,
      399, 400, 401, -1,
      401, 400, 402, -1,
      401, 402, 403, -1,
      403, 402, 404, -1,
      403, 404, 405, -1,
      405, 404, 406, -1,
      405, 406, 407, -1,
      407, 406, 384, -1,
      407, 384, 383, -1,
      377, 375, 379, -1,
      379, 375, 385, -1,
      379, 385, 381, -1,
      381, 385, 384, -1,
      381, 384, 386, -1,
      406, 404, 390, -1,
      390, 404, 402, -1,
      390, 402, 392, -1,
      406, 390, 384, -1,
      384, 390, 388, -1,
      384, 388, 386, -1,
      402, 400, 398, -1,
      398, 396, 402, -1,
      402, 396, 394, -1,
      402, 394, 392, -1,
      408, 409, 410, -1,
      410, 409, 411, -1,
      410, 411, 412, -1,
      412, 411, 413, -1,
      412, 413, 414, -1,
      414, 413, 415, -1,
      409, 408, 416, -1,
      417, 418, 416, -1,
      416, 418, 419, -1,
      416, 419, 409, -1,
      414, 415, 420, -1,
      414, 420, 421, -1,
      421, 420, 422, -1,
      421, 422, 423, -1,
      423, 422, 424, -1,
      423, 424, 425, -1,
      425, 424, 426, -1,
      425, 426, 427, -1,
      427, 426, 428, -1,
      427, 428, 429, -1,
      429, 428, 430, -1,
      429, 430, 431, -1,
      431, 430, 432, -1,
      431, 432, 433, -1,
      433, 432, 434, -1,
      433, 434, 435, -1,
      435, 434, 436, -1,
      435, 436, 437, -1,
      437, 436, 438, -1,
      437, 438, 439, -1,
      439, 438, 440, -1,
      439, 440, 441, -1,
      441, 440, 418, -1,
      441, 418, 417, -1,
      411, 409, 413, -1,
      413, 409, 419, -1,
      413, 419, 415, -1,
      415, 419, 418, -1,
      426, 424, 418, -1,
      424, 422, 418, -1,
      418, 422, 420, -1,
      418, 420, 415, -1,
      418, 440, 438, -1,
      438, 436, 418, -1,
      418, 436, 434, -1,
      418, 434, 432, -1,
      432, 430, 418, -1,
      418, 430, 428, -1,
      418, 428, 426, -1,
      442, 443, 444, -1,
      444, 443, 445, -1,
      444, 445, 446, -1,
      446, 445, 447, -1,
      446, 447, 448, -1,
      448, 447, 449, -1,
      443, 442, 450, -1,
      451, 452, 450, -1,
      450, 452, 453, -1,
      450, 453, 443, -1,
      448, 449, 454, -1,
      448, 454, 455, -1,
      455, 454, 456, -1,
      455, 456, 457, -1,
      457, 456, 458, -1,
      457, 458, 459, -1,
      459, 458, 460, -1,
      459, 460, 461, -1,
      461, 460, 462, -1,
      461, 462, 463, -1,
      463, 462, 464, -1,
      463, 464, 465, -1,
      465, 464, 466, -1,
      465, 466, 467, -1,
      467, 466, 468, -1,
      467, 468, 469, -1,
      469, 468, 470, -1,
      469, 470, 471, -1,
      471, 470, 472, -1,
      471, 472, 473, -1,
      473, 472, 474, -1,
      473, 474, 475, -1,
      475, 474, 452, -1,
      475, 452, 451, -1,
      445, 443, 447, -1,
      447, 443, 453, -1,
      447, 453, 449, -1,
      449, 453, 452, -1,
      449, 452, 474, -1,
      474, 472, 449, -1,
      449, 472, 470, -1,
      449, 470, 454, -1,
      454, 470, 456, -1,
      456, 470, 468, -1,
      456, 468, 466, -1,
      466, 464, 456, -1,
      456, 464, 462, -1,
      456, 462, 458, -1,
      458, 462, 460, -1,
      476, 477, 478, -1,
      478, 477, 479, -1,
      480, 476, 481, -1,
      481, 476, 478, -1,
      482, 480, 483, -1,
      483, 480, 481, -1,
      484, 482, 485, -1,
      485, 482, 483, -1,
      477, 484, 479, -1,
      479, 484, 485, -1,
      484, 477, 482, -1,
      482, 477, 476, -1,
      482, 476, 480, -1
    ]
  }
}

Shape {
  appearance Appearance {
    material Material {
      diffuseColor 1 1 1
      specularColor 0.8784313725490196 0.8784313725490196 0.8784313725490196
      ambientIntensity 0.2
      transparency 0
      shininess 0.5
    }
  }
  geometry IndexedFaceSet {
    ccw TRUE
    solid FALSE
    coord DEF co Coordinate {
      point [
        0.5571 0.5129 0.3504,         0.5548 0.5100 0.3504,         0.5591 0.5063 0.3504,         0.5539 0.5092 0.3504,         0.5543 0.5028 0.3504,         0.5508 0.5072 0.3504,         0.5489 0.5007 0.3504,         0.5468 0.5057 0.3504,         0.5408 0.4997 0.3504,         0.5408 0.5051 0.3504,         0.5279 0.4997 0.3504,         0.5340 0.5051 0.3504,         0.5279 0.5468 0.3504,         0.5340 0.5414 0.3504,         0.5413 0.5468 0.3504,         0.5411 0.5414 0.3504,         0.5485 0.5460 0.3504,         0.5471 0.5407 0.3504,         0.5542 0.5439 0.3504,         0.5512 0.5392 0.3504,         0.5591 0.5405 0.3504,         0.5547 0.5369 0.3504,         0.5607 0.5390 0.3504,         0.5562 0.5354 0.3504,         0.5636 0.5349 0.3504,         0.5580 0.5327 0.3504,         0.5654 0.5304 0.3504,         0.5592 0.5291 0.3504,         0.5662 0.5238 0.3504,         0.5598 0.5237 0.3504,         0.5661 0.5209 0.3504,         0.5597 0.5207 0.3504,         0.5649 0.5153 0.3504,         0.5587 0.5164 0.3504,         0.5626 0.5105 0.3504,         0.5591 0.5063 0.3465,         0.5626 0.5105 0.3465,         0.5649 0.5153 0.3465,         0.5661 0.5209 0.3465,         0.5662 0.5238 0.3465,         0.5591 0.5405 0.3465,         0.5592 0.5404 0.3465,         0.5607 0.5390 0.3465,         0.5636 0.5349 0.3465,         0.5654 0.5304 0.3465,         0.5542 0.5439 0.3465,         0.5485 0.5460 0.3465,         0.5413 0.5468 0.3465,         0.5279 0.5468 0.3465,         0.5279 0.4997 0.3465,         0.5279 0.5404 0.3465,         0.5408 0.4997 0.3465,         0.5489 0.5007 0.3465,         0.5543 0.5028 0.3465,         0.5547 0.5369 0.3465,         0.5562 0.5354 0.3465,         0.5580 0.5327 0.3465,         0.5592 0.5291 0.3465,         0.5598 0.5237 0.3465,         0.5411 0.5414 0.3465,         0.5471 0.5407 0.3465,         0.5512 0.5392 0.3465,         0.5340 0.5414 0.3465,         0.5340 0.5051 0.3465,         0.5408 0.5051 0.3465,         0.5548 0.5100 0.3465,         0.5539 0.5092 0.3465,         0.5508 0.5072 0.3465,         0.5468 0.5057 0.3465,         0.5597 0.5207 0.3465,         0.5587 0.5164 0.3465,         0.5571 0.5129 0.3465,         0.5571 0.5129 0.3465
      ]
    }
    coordIndex [
      0, 1, 2, -1,
      2, 1, 3, -1,
      2, 3, 4, -1,
      4, 3, 5, -1,
      4, 5, 6, -1,
      6, 5, 7, -1,
      6, 7, 8, -1,
      8, 7, 9, -1,
      8, 9, 10, -1,
      10, 9, 11, -1,
      10, 11, 12, -1,
      12, 11, 13, -1,
      12, 13, 14, -1,
      14, 13, 15, -1,
      14, 15, 16, -1,
      16, 15, 17, -1,
      16, 17, 18, -1,
      18, 17, 19, -1,
      18, 19, 20, -1,
      20, 19, 21, -1,
      20, 21, 22, -1,
      22, 21, 23, -1,
      22, 23, 24, -1,
      24, 23, 25, -1,
      24, 25, 26, -1,
      26, 25, 27, -1,
      26, 27, 28, -1,
      28, 27, 29, -1,
      28, 29, 30, -1,
      30, 29, 31, -1,
      30, 31, 32, -1,
      32, 31, 33, -1,
      32, 33, 34, -1,
      34, 33, 0, -1,
      34, 0, 2, -1,
      2, 35, 36, -1,
      2, 36, 34, -1,
      34, 36, 37, -1,
      34, 37, 32, -1,
      32, 37, 38, -1,
      32, 38, 30, -1,
      30, 38, 39, -1,
      30, 39, 28, -1,
      40, 20, 41, -1,
      41, 20, 22, -1,
      41, 22, 42, -1,
      42, 22, 24, -1,
      42, 24, 43, -1,
      43, 24, 26, -1,
      43, 26, 44, -1,
      44, 26, 28, -1,
      44, 28, 39, -1,
      20, 40, 45, -1,
      20, 45, 18, -1,
      18, 45, 46, -1,
      18, 46, 16, -1,
      16, 46, 47, -1,
      16, 47, 14, -1,
      12, 14, 48, -1,
      48, 14, 47, -1,
      49, 10, 50, -1,
      50, 10, 12, -1,
      50, 12, 48, -1,
      8, 10, 51, -1,
      51, 10, 49, -1,
      8, 51, 52, -1,
      8, 52, 6, -1,
      6, 52, 53, -1,
      6, 53, 4, -1,
      4, 53, 35, -1,
      4, 35, 2, -1,
      21, 54, 55, -1,
      21, 55, 23, -1,
      23, 55, 56, -1,
      23, 56, 25, -1,
      25, 56, 57, -1,
      25, 57, 27, -1,
      27, 57, 58, -1,
      27, 58, 29, -1,
      15, 59, 60, -1,
      15, 60, 17, -1,
      17, 60, 61, -1,
      17, 61, 19, -1,
      19, 61, 54, -1,
      19, 54, 21, -1,
      15, 13, 59, -1,
      59, 13, 62, -1,
      13, 11, 62, -1,
      62, 11, 63, -1,
      11, 9, 63, -1,
      63, 9, 64, -1,
      1, 65, 66, -1,
      1, 66, 3, -1,
      3, 66, 67, -1,
      3, 67, 5, -1,
      5, 67, 68, -1,
      5, 68, 7, -1,
      7, 68, 64, -1,
      7, 64, 9, -1,
      29, 58, 69, -1,
      29, 69, 31, -1,
      31, 69, 70, -1,
      31, 70, 33, -1,
      33, 70, 71, -1,
      33, 71, 0, -1,
      0, 71, 65, -1,
      0, 65, 1, -1
    ]
  }
}

Shape {
  appearance Appearance {
    material Material {
      diffuseColor 0.20784313725490197 0.20784313725490197 0.20784313725490197
      specularColor 0.01568627450980392 0.01568627450980392 0.01568627450980392
      ambientIntensity 0.2
      transparency 0
      shininess 0.5
    }
  }
  geometry IndexedFaceSet {
    ccw TRUE
    solid FALSE
    coord DEF co Coordinate {
      point [
        0.5340 0.5414 0.3465,         0.5340 0.5051 0.3465,         0.5411 0.5414 0.3465,         0.5408 0.5051 0.3465,         0.5468 0.5057 0.3465,         0.5508 0.5072 0.3465,         0.5539 0.5092 0.3465,         0.5548 0.5100 0.3465,         0.5571 0.5129 0.3465,         0.5587 0.5164 0.3465,         0.5597 0.5207 0.3465,         0.5598 0.5237 0.3465,         0.5592 0.5291 0.3465,         0.5580 0.5327 0.3465,         0.5562 0.5354 0.3465,         0.5547 0.5369 0.3465,         0.5471 0.5407 0.3465,         0.5512 0.5392 0.3465,         0.5512 0.5392 0.3465
      ]
    }
    coordIndex [
      0, 1, 2, -1,
      2, 1, 3, -1,
      2, 3, 4, -1,
      4, 5, 2, -1,
      2, 5, 6, -1,
      2, 6, 7, -1,
      7, 8, 2, -1,
      2, 8, 9, -1,
      2, 9, 10, -1,
      10, 11, 2, -1,
      2, 11, 12, -1,
      2, 12, 13, -1,
      13, 14, 2, -1,
      2, 14, 15, -1,
      2, 15, 16, -1,
      16, 15, 17, -1
    ]
  }
}

Shape {
  appearance Appearance {
    material Material {
      diffuseColor 1 1 1
      specularColor 0.8784313725490196 0.8784313725490196 0.8784313725490196
      ambientIntensity 0.2
      transparency 0
      shininess 0.5
    }
  }
  geometry IndexedFaceSet {
    ccw TRUE
    solid FALSE
    coord DEF co Coordinate {
      point [
        0.4720 0.5080 0.3504,         0.4720 0.5080 0.3465,         0.4716 0.5064 0.3465,         0.4716 0.5064 0.3504,         0.4713 0.5053 0.3465,         0.4713 0.5053 0.3504,         0.4712 0.5053 0.3504,         0.4712 0.5053 0.3465,         0.4704 0.5081 0.3504,         0.4704 0.5081 0.3465,         0.4617 0.5333 0.3504,         0.4617 0.5333 0.3465,         0.4551 0.5333 0.3504,         0.4551 0.5333 0.3465,         0.4682 0.4998 0.3504,         0.4682 0.4998 0.3465,         0.4657 0.4937 0.3465,         0.4657 0.4937 0.3504,         0.4680 0.4993 0.3465,         0.4644 0.4914 0.3465,         0.4644 0.4914 0.3504,         0.4632 0.4901 0.3465,         0.4632 0.4901 0.3504,         0.4620 0.4894 0.3465,         0.4620 0.4894 0.3504,         0.4607 0.4890 0.3465,         0.4607 0.4890 0.3504,         0.4596 0.4889 0.3465,         0.4596 0.4889 0.3504,         0.4575 0.4892 0.3465,         0.4575 0.4892 0.3504,         0.4563 0.4896 0.3465,         0.4563 0.4896 0.3504,         0.4563 0.4844 0.3504,         0.4563 0.4844 0.3465,         0.4587 0.4839 0.3465,         0.4587 0.4839 0.3504,         0.4601 0.4839 0.3465,         0.4601 0.4839 0.3504,         0.4625 0.4842 0.3465,         0.4625 0.4842 0.3504,         0.4648 0.4851 0.3465,         0.4648 0.4851 0.3504,         0.4669 0.4865 0.3465,         0.4669 0.4865 0.3504,         0.4671 0.4867 0.3465,         0.4671 0.4867 0.3504,         0.4693 0.4892 0.3465,         0.4693 0.4892 0.3504,         0.4721 0.4946 0.3465,         0.4721 0.4946 0.3504,         0.4873 0.5333 0.3465,         0.4873 0.5333 0.3504,         0.4739 0.4993 0.3465,         0.4812 0.5333 0.3504,         0.4812 0.5333 0.3465,         0.4384 0.4989 0.3465,         0.4417 0.4993 0.3465,         0.4384 0.4989 0.3504,         0.4438 0.4996 0.3504,         0.4438 0.4996 0.3465,         0.4469 0.5008 0.3465,         0.4469 0.5008 0.3504,         0.4482 0.5016 0.3465,         0.4482 0.5016 0.3504,         0.4500 0.5032 0.3465,         0.4500 0.5032 0.3504,         0.4511 0.5048 0.3465,         0.4511 0.5048 0.3504,         0.4517 0.5066 0.3465,         0.4517 0.5066 0.3504,         0.4520 0.5088 0.3465,         0.4520 0.5088 0.3504,         0.4517 0.5112 0.3465,         0.4517 0.5112 0.3504,         0.4510 0.5129 0.3465,         0.4510 0.5129 0.3504,         0.4500 0.5144 0.3465,         0.4500 0.5144 0.3504,         0.4486 0.5157 0.3465,         0.4486 0.5157 0.3504,         0.4447 0.5178 0.3465,         0.4447 0.5178 0.3504,         0.4424 0.5188 0.3465,         0.4424 0.5188 0.3504,         0.4388 0.5203 0.3465,         0.4388 0.5203 0.3504,         0.4367 0.5216 0.3465,         0.4367 0.5216 0.3504,         0.4361 0.5223 0.3465,         0.4361 0.5223 0.3504,         0.4357 0.5231 0.3465,         0.4357 0.5231 0.3504,         0.4355 0.5240 0.3465,         0.4355 0.5240 0.3504,         0.4354 0.5248 0.3465,         0.4354 0.5248 0.3504,         0.4355 0.5257 0.3465,         0.4355 0.5257 0.3504,         0.4358 0.5265 0.3465,         0.4358 0.5265 0.3504,         0.4363 0.5273 0.3465,         0.4363 0.5273 0.3504,         0.4372 0.5280 0.3465,         0.4372 0.5280 0.3504,         0.4385 0.5288 0.3465,         0.4385 0.5288 0.3504,         0.4401 0.5292 0.3465,         0.4401 0.5292 0.3504,         0.4418 0.5293 0.3465,         0.4418 0.5293 0.3504,         0.4460 0.5288 0.3465,         0.4460 0.5288 0.3504,         0.4493 0.5275 0.3465,         0.4493 0.5275 0.3504,         0.4504 0.5269 0.3465,         0.4504 0.5269 0.3504,         0.4504 0.5326 0.3504,         0.4504 0.5326 0.3465,         0.4466 0.5337 0.3465,         0.4466 0.5337 0.3504,         0.4424 0.5341 0.3465,         0.4424 0.5341 0.3504,         0.4377 0.5335 0.3465,         0.4377 0.5335 0.3504,         0.4345 0.5323 0.3465,         0.4345 0.5323 0.3504,         0.4331 0.5314 0.3465,         0.4331 0.5314 0.3504,         0.4320 0.5304 0.3465,         0.4313 0.5297 0.3504,         0.4313 0.5297 0.3465,         0.4302 0.5281 0.3465,         0.4302 0.5281 0.3504,         0.4295 0.5262 0.3465,         0.4295 0.5262 0.3504,         0.4293 0.5242 0.3465,         0.4293 0.5242 0.3504,         0.4296 0.5218 0.3465,         0.4296 0.5218 0.3504,         0.4303 0.5200 0.3465,         0.4303 0.5200 0.3504,         0.4310 0.5189 0.3465,         0.4310 0.5189 0.3504,         0.4383 0.5145 0.3465,         0.4383 0.5145 0.3504,         0.4347 0.5161 0.3504,         0.4320 0.5179 0.3465,         0.4320 0.5179 0.3504,         0.4320 0.5179 0.3465,         0.4347 0.5161 0.3465,         0.4421 0.5129 0.3465,         0.4421 0.5129 0.3504,         0.4444 0.5115 0.3465,         0.4444 0.5115 0.3504,         0.4452 0.5107 0.3465,         0.4452 0.5107 0.3504,         0.4456 0.5099 0.3465,         0.4456 0.5099 0.3504,         0.4459 0.5090 0.3465,         0.4459 0.5090 0.3504,         0.4459 0.5083 0.3465,         0.4459 0.5083 0.3504,         0.4458 0.5071 0.3465,         0.4458 0.5071 0.3504,         0.4455 0.5063 0.3465,         0.4455 0.5063 0.3504,         0.4450 0.5055 0.3465,         0.4450 0.5055 0.3504,         0.4443 0.5049 0.3465,         0.4443 0.5049 0.3504,         0.4438 0.5046 0.3465,         0.4438 0.5046 0.3504,         0.4423 0.5041 0.3465,         0.4423 0.5041 0.3504,         0.4392 0.5037 0.3465,         0.4392 0.5037 0.3504,         0.4390 0.5037 0.3465,         0.4390 0.5037 0.3504,         0.4293 0.5070 0.3465,         0.4293 0.5070 0.3504,         0.4314 0.5056 0.3504,         0.4351 0.5042 0.3465,         0.4351 0.5042 0.3504,         0.4320 0.5054 0.3465,         0.4314 0.5056 0.3465,         0.4293 0.5009 0.3504,         0.4293 0.5009 0.3465,         0.4320 0.4999 0.3465,         0.4334 0.4994 0.3504,         0.4346 0.4993 0.3465,         0.4334 0.4994 0.3465,         0.4075 0.5155 0.3504,         0.4154 0.5166 0.3504,         0.4213 0.5213 0.3504,         0.4154 0.4997 0.3504,         0.4213 0.4997 0.3504,         0.4154 0.5049 0.3504,         0.4154 0.5211 0.3504,         0.4026 0.5141 0.3504,         0.4040 0.5147 0.3504,         0.4153 0.5049 0.3504,         0.4123 0.5059 0.3504,         0.4143 0.5034 0.3504,         0.4106 0.5047 0.3504,         0.4154 0.5133 0.3504,         0.4151 0.5105 0.3504,         0.4142 0.5084 0.3504,         0.4129 0.5065 0.3504,         0.4045 0.5040 0.3504,         0.4050 0.4989 0.3504,         0.4065 0.5037 0.3504,         0.4078 0.4992 0.3504,         0.4089 0.5040 0.3504,         0.4102 0.5000 0.3504,         0.4124 0.5014 0.3504,         0.4152 0.5236 0.3504,         0.4208 0.5259 0.3504,         0.4146 0.5257 0.3504,         0.4199 0.5285 0.3504,         0.4139 0.5270 0.3504,         0.4187 0.5304 0.3504,         0.4130 0.5279 0.3504,         0.4171 0.5319 0.3504,         0.4120 0.5286 0.3504,         0.4151 0.5330 0.3504,         0.4106 0.5291 0.3504,         0.4126 0.5338 0.3504,         0.4086 0.5293 0.3504,         0.4092 0.5341 0.3504,         0.4054 0.5290 0.3504,         0.4031 0.5334 0.3504,         0.4017 0.5278 0.3504,         0.3988 0.5316 0.3504,         0.3976 0.5252 0.3504,         0.3976 0.5310 0.3504,         0.4015 0.5058 0.3504,         0.3972 0.5016 0.3504,         0.4020 0.5053 0.3504,         0.3991 0.5002 0.3504,         0.4032 0.5045 0.3504,         0.4013 0.4994 0.3504,         0.4041 0.4989 0.3504,         0.4003 0.5101 0.3504,         0.3943 0.5094 0.3504,         0.4003 0.5092 0.3504,         0.3943 0.5087 0.3504,         0.4004 0.5078 0.3504,         0.3946 0.5060 0.3504,         0.4008 0.5068 0.3504,         0.3953 0.5040 0.3504,         0.3965 0.5022 0.3504,         0.4054 0.5197 0.3504,         0.4010 0.5186 0.3504,         0.4018 0.5134 0.3504,         0.3985 0.5173 0.3504,         0.4011 0.5126 0.3504,         0.3967 0.5157 0.3504,         0.4006 0.5115 0.3504,         0.3955 0.5140 0.3504,         0.3947 0.5119 0.3504,         0.4086 0.5293 0.3465,         0.4106 0.5291 0.3465,         0.4120 0.5286 0.3465,         0.4130 0.5279 0.3465,         0.4139 0.5270 0.3465,         0.4146 0.5257 0.3465,         0.4152 0.5236 0.3465,         0.4154 0.5211 0.3465,         0.4054 0.5197 0.3465,         0.4010 0.5186 0.3465,         0.3985 0.5173 0.3465,         0.3967 0.5157 0.3465,         0.3955 0.5140 0.3465,         0.3947 0.5119 0.3465,         0.3943 0.5094 0.3465,         0.3943 0.5087 0.3465,         0.3946 0.5060 0.3465,         0.3953 0.5040 0.3465,         0.3965 0.5022 0.3465,         0.3972 0.5016 0.3465,         0.4050 0.4989 0.3465,         0.3991 0.5002 0.3465,         0.4013 0.4994 0.3465,         0.4016 0.4993 0.3465,         0.4041 0.4989 0.3465,         0.4078 0.4992 0.3465,         0.4081 0.4993 0.3465,         0.4102 0.5000 0.3465,         0.4124 0.5014 0.3465,         0.4143 0.5034 0.3465,         0.4153 0.5049 0.3465,         0.4154 0.5049 0.3465,         0.4154 0.4997 0.3465,         0.4213 0.4997 0.3465,         0.4213 0.5213 0.3465,         0.4208 0.5259 0.3465,         0.4199 0.5285 0.3465,         0.4187 0.5304 0.3465,         0.4171 0.5319 0.3465,         0.4151 0.5330 0.3465,         0.4126 0.5338 0.3465,         0.4092 0.5341 0.3465,         0.4031 0.5334 0.3465,         0.3988 0.5316 0.3465,         0.3976 0.5310 0.3465,         0.3976 0.5252 0.3465,         0.4017 0.5278 0.3465,         0.4054 0.5290 0.3465,         0.4129 0.5065 0.3465,         0.4123 0.5059 0.3465,         0.4106 0.5047 0.3465,         0.4089 0.5040 0.3465,         0.4065 0.5037 0.3465,         0.4154 0.5133 0.3465,         0.4151 0.5105 0.3465,         0.4142 0.5084 0.3465,         0.4154 0.5166 0.3465,         0.4075 0.5155 0.3465,         0.4018 0.5134 0.3465,         0.4026 0.5141 0.3465,         0.4040 0.5147 0.3465,         0.4003 0.5092 0.3465,         0.4003 0.5101 0.3465,         0.4006 0.5115 0.3465,         0.4011 0.5126 0.3465,         0.4020 0.5053 0.3465,         0.4015 0.5058 0.3465,         0.4008 0.5068 0.3465,         0.4004 0.5078 0.3465,         0.4045 0.5040 0.3465,         0.4032 0.5045 0.3465,         0.4032 0.5045 0.3465
      ]
    }
    coordIndex [
      0, 1, 2, -1,
      0, 2, 3, -1,
      3, 2, 4, -1,
      3, 4, 5, -1,
      6, 5, 7, -1,
      7, 5, 4, -1,
      8, 6, 9, -1,
      9, 6, 7, -1,
      10, 8, 11, -1,
      11, 8, 9, -1,
      12, 10, 13, -1,
      13, 10, 11, -1,
      14, 12, 15, -1,
      15, 12, 13, -1,
      16, 17, 18, -1,
      18, 17, 14, -1,
      18, 14, 15, -1,
      17, 16, 19, -1,
      17, 19, 20, -1,
      20, 19, 21, -1,
      20, 21, 22, -1,
      22, 21, 23, -1,
      22, 23, 24, -1,
      24, 23, 25, -1,
      24, 25, 26, -1,
      26, 25, 27, -1,
      26, 27, 28, -1,
      28, 27, 29, -1,
      28, 29, 30, -1,
      30, 29, 31, -1,
      30, 31, 32, -1,
      33, 32, 34, -1,
      34, 32, 31, -1,
      33, 34, 35, -1,
      33, 35, 36, -1,
      36, 35, 37, -1,
      36, 37, 38, -1,
      38, 37, 39, -1,
      38, 39, 40, -1,
      40, 39, 41, -1,
      40, 41, 42, -1,
      42, 41, 43, -1,
      42, 43, 44, -1,
      44, 43, 45, -1,
      44, 45, 46, -1,
      46, 45, 47, -1,
      46, 47, 48, -1,
      48, 47, 49, -1,
      48, 49, 50, -1,
      51, 52, 53, -1,
      53, 52, 50, -1,
      53, 50, 49, -1,
      54, 52, 55, -1,
      55, 52, 51, -1,
      0, 54, 1, -1,
      1, 54, 55, -1,
      3, 5, 50, -1,
      52, 54, 50, -1,
      50, 54, 0, -1,
      50, 0, 3, -1,
      10, 12, 8, -1,
      8, 12, 14, -1,
      8, 14, 6, -1,
      5, 6, 50, -1,
      50, 6, 14, -1,
      50, 14, 48, -1,
      14, 17, 48, -1,
      48, 17, 20, -1,
      48, 20, 46, -1,
      46, 20, 22, -1,
      32, 33, 30, -1,
      30, 33, 36, -1,
      30, 36, 28, -1,
      28, 36, 38, -1,
      28, 38, 26, -1,
      26, 38, 40, -1,
      26, 40, 24, -1,
      24, 40, 42, -1,
      24, 42, 22, -1,
      22, 42, 44, -1,
      22, 44, 46, -1,
      56, 57, 58, -1,
      58, 57, 59, -1,
      57, 60, 59, -1,
      59, 60, 61, -1,
      59, 61, 62, -1,
      62, 61, 63, -1,
      62, 63, 64, -1,
      64, 63, 65, -1,
      64, 65, 66, -1,
      66, 65, 67, -1,
      66, 67, 68, -1,
      68, 67, 69, -1,
      68, 69, 70, -1,
      70, 69, 71, -1,
      70, 71, 72, -1,
      72, 71, 73, -1,
      72, 73, 74, -1,
      74, 73, 75, -1,
      74, 75, 76, -1,
      76, 75, 77, -1,
      76, 77, 78, -1,
      78, 77, 79, -1,
      78, 79, 80, -1,
      80, 79, 81, -1,
      80, 81, 82, -1,
      82, 81, 83, -1,
      82, 83, 84, -1,
      84, 83, 85, -1,
      84, 85, 86, -1,
      86, 85, 87, -1,
      86, 87, 88, -1,
      88, 87, 89, -1,
      88, 89, 90, -1,
      90, 89, 91, -1,
      90, 91, 92, -1,
      92, 91, 93, -1,
      92, 93, 94, -1,
      94, 93, 95, -1,
      94, 95, 96, -1,
      96, 95, 97, -1,
      96, 97, 98, -1,
      98, 97, 99, -1,
      98, 99, 100, -1,
      100, 99, 101, -1,
      100, 101, 102, -1,
      102, 101, 103, -1,
      102, 103, 104, -1,
      104, 103, 105, -1,
      104, 105, 106, -1,
      106, 105, 107, -1,
      106, 107, 108, -1,
      108, 107, 109, -1,
      108, 109, 110, -1,
      110, 109, 111, -1,
      110, 111, 112, -1,
      112, 111, 113, -1,
      112, 113, 114, -1,
      114, 113, 115, -1,
      114, 115, 116, -1,
      117, 116, 118, -1,
      118, 116, 115, -1,
      117, 118, 119, -1,
      117, 119, 120, -1,
      120, 119, 121, -1,
      120, 121, 122, -1,
      122, 121, 123, -1,
      122, 123, 124, -1,
      124, 123, 125, -1,
      124, 125, 126, -1,
      126, 125, 127, -1,
      126, 127, 128, -1,
      127, 129, 128, -1,
      128, 129, 130, -1,
      129, 131, 130, -1,
      130, 131, 132, -1,
      130, 132, 133, -1,
      133, 132, 134, -1,
      133, 134, 135, -1,
      135, 134, 136, -1,
      135, 136, 137, -1,
      137, 136, 138, -1,
      137, 138, 139, -1,
      139, 138, 140, -1,
      139, 140, 141, -1,
      141, 140, 142, -1,
      141, 142, 143, -1,
      144, 145, 146, -1,
      143, 142, 147, -1,
      143, 147, 148, -1,
      148, 147, 149, -1,
      148, 149, 146, -1,
      146, 149, 150, -1,
      146, 150, 144, -1,
      145, 144, 151, -1,
      145, 151, 152, -1,
      152, 151, 153, -1,
      152, 153, 154, -1,
      154, 153, 155, -1,
      154, 155, 156, -1,
      156, 155, 157, -1,
      156, 157, 158, -1,
      158, 157, 159, -1,
      158, 159, 160, -1,
      160, 159, 161, -1,
      160, 161, 162, -1,
      162, 161, 163, -1,
      162, 163, 164, -1,
      164, 163, 165, -1,
      164, 165, 166, -1,
      166, 165, 167, -1,
      166, 167, 168, -1,
      168, 167, 169, -1,
      168, 169, 170, -1,
      170, 169, 171, -1,
      170, 171, 172, -1,
      172, 171, 173, -1,
      172, 173, 174, -1,
      174, 173, 175, -1,
      174, 175, 176, -1,
      176, 175, 177, -1,
      176, 177, 178, -1,
      179, 180, 181, -1,
      178, 177, 182, -1,
      178, 182, 183, -1,
      183, 182, 184, -1,
      183, 184, 181, -1,
      181, 184, 185, -1,
      181, 185, 179, -1,
      186, 180, 187, -1,
      187, 180, 179, -1,
      187, 188, 186, -1,
      186, 188, 189, -1,
      56, 58, 190, -1,
      190, 58, 189, -1,
      190, 189, 191, -1,
      191, 189, 188, -1,
      100, 102, 128, -1,
      128, 102, 126, -1,
      126, 102, 104, -1,
      126, 104, 124, -1,
      166, 66, 68, -1,
      152, 84, 145, -1,
      145, 84, 86, -1,
      166, 68, 164, -1,
      164, 68, 70, -1,
      164, 70, 162, -1,
      162, 70, 72, -1,
      162, 72, 160, -1,
      160, 72, 74, -1,
      160, 74, 158, -1,
      158, 74, 76, -1,
      158, 76, 156, -1,
      156, 76, 78, -1,
      156, 78, 154, -1,
      154, 78, 80, -1,
      154, 80, 152, -1,
      152, 80, 82, -1,
      152, 82, 84, -1,
      66, 166, 64, -1,
      64, 166, 168, -1,
      64, 168, 62, -1,
      58, 178, 189, -1,
      189, 178, 183, -1,
      189, 183, 186, -1,
      186, 183, 181, -1,
      186, 181, 180, -1,
      104, 106, 124, -1,
      124, 106, 108, -1,
      124, 108, 122, -1,
      122, 108, 110, -1,
      122, 110, 120, -1,
      120, 110, 112, -1,
      120, 112, 117, -1,
      117, 112, 114, -1,
      117, 114, 116, -1,
      168, 170, 62, -1,
      62, 170, 172, -1,
      62, 172, 59, -1,
      59, 172, 174, -1,
      59, 174, 58, -1,
      58, 174, 176, -1,
      58, 176, 178, -1,
      128, 130, 100, -1,
      100, 130, 133, -1,
      100, 133, 98, -1,
      98, 133, 135, -1,
      98, 135, 96, -1,
      96, 135, 137, -1,
      96, 137, 94, -1,
      94, 137, 139, -1,
      94, 139, 92, -1,
      92, 139, 141, -1,
      92, 141, 90, -1,
      90, 141, 143, -1,
      90, 143, 88, -1,
      88, 143, 148, -1,
      88, 148, 86, -1,
      86, 148, 146, -1,
      86, 146, 145, -1,
      192, 193, 194, -1,
      195, 196, 197, -1,
      197, 196, 194, -1,
      198, 199, 200, -1,
      201, 202, 203, -1,
      203, 202, 204, -1,
      193, 205, 194, -1,
      194, 205, 206, -1,
      194, 206, 197, -1,
      197, 206, 207, -1,
      197, 207, 201, -1,
      201, 207, 208, -1,
      201, 208, 202, -1,
      209, 210, 211, -1,
      211, 210, 212, -1,
      211, 212, 213, -1,
      213, 212, 214, -1,
      213, 214, 204, -1,
      204, 214, 215, -1,
      204, 215, 203, -1,
      200, 192, 198, -1,
      198, 192, 194, -1,
      198, 194, 216, -1,
      216, 194, 217, -1,
      216, 217, 218, -1,
      218, 217, 219, -1,
      218, 219, 220, -1,
      220, 219, 221, -1,
      220, 221, 222, -1,
      222, 221, 223, -1,
      222, 223, 224, -1,
      224, 223, 225, -1,
      224, 225, 226, -1,
      226, 225, 227, -1,
      226, 227, 228, -1,
      228, 227, 229, -1,
      228, 229, 230, -1,
      230, 229, 231, -1,
      230, 231, 232, -1,
      232, 231, 233, -1,
      232, 233, 234, -1,
      234, 233, 235, -1,
      236, 237, 238, -1,
      238, 237, 239, -1,
      238, 239, 240, -1,
      240, 239, 241, -1,
      240, 241, 209, -1,
      209, 241, 242, -1,
      209, 242, 210, -1,
      243, 244, 245, -1,
      245, 244, 246, -1,
      245, 246, 247, -1,
      247, 246, 248, -1,
      247, 248, 249, -1,
      249, 248, 250, -1,
      249, 250, 236, -1,
      236, 250, 251, -1,
      236, 251, 237, -1,
      198, 252, 199, -1,
      199, 252, 253, -1,
      199, 253, 254, -1,
      254, 253, 255, -1,
      254, 255, 256, -1,
      256, 255, 257, -1,
      256, 257, 258, -1,
      258, 257, 259, -1,
      258, 259, 243, -1,
      243, 259, 260, -1,
      243, 260, 244, -1,
      228, 261, 262, -1,
      228, 262, 226, -1,
      226, 262, 263, -1,
      226, 263, 224, -1,
      224, 263, 264, -1,
      224, 264, 222, -1,
      222, 264, 265, -1,
      222, 265, 220, -1,
      220, 265, 266, -1,
      220, 266, 218, -1,
      218, 266, 267, -1,
      218, 267, 216, -1,
      216, 267, 268, -1,
      216, 268, 198, -1,
      252, 198, 269, -1,
      269, 198, 268, -1,
      252, 269, 270, -1,
      252, 270, 253, -1,
      253, 270, 271, -1,
      253, 271, 255, -1,
      255, 271, 272, -1,
      255, 272, 257, -1,
      257, 272, 273, -1,
      257, 273, 259, -1,
      259, 273, 274, -1,
      259, 274, 260, -1,
      260, 274, 275, -1,
      260, 275, 244, -1,
      244, 275, 276, -1,
      244, 276, 246, -1,
      246, 276, 277, -1,
      246, 277, 248, -1,
      248, 277, 278, -1,
      248, 278, 250, -1,
      250, 278, 279, -1,
      250, 279, 251, -1,
      251, 279, 280, -1,
      251, 280, 237, -1,
      281, 210, 242, -1,
      237, 280, 282, -1,
      237, 282, 239, -1,
      239, 282, 283, -1,
      239, 283, 241, -1,
      241, 283, 284, -1,
      241, 284, 242, -1,
      242, 284, 285, -1,
      242, 285, 281, -1,
      210, 281, 286, -1,
      210, 286, 212, -1,
      212, 286, 287, -1,
      212, 287, 214, -1,
      287, 288, 214, -1,
      214, 288, 289, -1,
      214, 289, 215, -1,
      215, 289, 290, -1,
      215, 290, 203, -1,
      203, 290, 291, -1,
      203, 291, 201, -1,
      197, 201, 292, -1,
      292, 201, 291, -1,
      195, 197, 293, -1,
      293, 197, 292, -1,
      196, 195, 294, -1,
      294, 195, 293, -1,
      194, 196, 295, -1,
      295, 196, 294, -1,
      194, 295, 296, -1,
      194, 296, 217, -1,
      217, 296, 297, -1,
      217, 297, 219, -1,
      219, 297, 298, -1,
      219, 298, 221, -1,
      221, 298, 299, -1,
      221, 299, 223, -1,
      223, 299, 300, -1,
      223, 300, 225, -1,
      225, 300, 301, -1,
      225, 301, 227, -1,
      227, 301, 302, -1,
      227, 302, 229, -1,
      229, 302, 303, -1,
      229, 303, 231, -1,
      231, 303, 304, -1,
      231, 304, 233, -1,
      233, 304, 305, -1,
      233, 305, 235, -1,
      234, 235, 306, -1,
      306, 235, 305, -1,
      234, 306, 307, -1,
      234, 307, 232, -1,
      232, 307, 308, -1,
      232, 308, 230, -1,
      230, 308, 261, -1,
      230, 261, 228, -1,
      208, 309, 310, -1,
      208, 310, 202, -1,
      202, 310, 311, -1,
      202, 311, 204, -1,
      204, 311, 312, -1,
      204, 312, 213, -1,
      213, 312, 313, -1,
      213, 313, 211, -1,
      205, 314, 315, -1,
      205, 315, 206, -1,
      206, 315, 316, -1,
      206, 316, 207, -1,
      207, 316, 309, -1,
      207, 309, 208, -1,
      205, 193, 314, -1,
      314, 193, 317, -1,
      193, 192, 317, -1,
      317, 192, 318, -1,
      254, 319, 320, -1,
      254, 320, 199, -1,
      199, 320, 321, -1,
      199, 321, 200, -1,
      200, 321, 318, -1,
      200, 318, 192, -1,
      245, 322, 323, -1,
      245, 323, 243, -1,
      243, 323, 324, -1,
      243, 324, 258, -1,
      258, 324, 325, -1,
      258, 325, 256, -1,
      256, 325, 319, -1,
      256, 319, 254, -1,
      238, 326, 327, -1,
      238, 327, 236, -1,
      236, 327, 328, -1,
      236, 328, 249, -1,
      249, 328, 329, -1,
      249, 329, 247, -1,
      247, 329, 322, -1,
      247, 322, 245, -1,
      211, 313, 330, -1,
      211, 330, 209, -1,
      209, 330, 331, -1,
      209, 331, 240, -1,
      240, 331, 326, -1,
      240, 326, 238, -1
    ]
  }
}

Shape {
  appearance Appearance {
    material Material {
      diffuseColor 0.20784313725490197 0.20784313725490197 0.20784313725490197
      specularColor 0.01568627450980392 0.01568627450980392 0.01568627450980392
      ambientIntensity 0.2
      transparency 0
      shininess 0.5
    }
  }
  geometry IndexedFaceSet {
    ccw TRUE
    solid FALSE
    coord DEF co Coordinate {
      point [
        0.4123 0.5059 0.3465,         0.4129 0.5065 0.3465,         0.4075 0.5155 0.3465,         0.4142 0.5084 0.3465,         0.4089 0.5040 0.3465,         0.4040 0.5147 0.3465,         0.4026 0.5141 0.3465,         0.4106 0.5047 0.3465,         0.4151 0.5105 0.3465,         0.4154 0.5133 0.3465,         0.4154 0.5166 0.3465,         0.4006 0.5115 0.3465,         0.4003 0.5101 0.3465,         0.4003 0.5092 0.3465,         0.4004 0.5078 0.3465,         0.4032 0.5045 0.3465,         0.4045 0.5040 0.3465,         0.4020 0.5053 0.3465,         0.4065 0.5037 0.3465,         0.4018 0.5134 0.3465,         0.4011 0.5126 0.3465,         0.4008 0.5068 0.3465,         0.4015 0.5058 0.3465,         0.4015 0.5058 0.3465
      ]
    }
    coordIndex [
      0, 1, 2, -1,
      2, 1, 3, -1,
      4, 5, 6, -1,
      5, 4, 2, -1,
      2, 4, 7, -1,
      2, 7, 0, -1,
      3, 8, 2, -1,
      2, 8, 9, -1,
      2, 9, 10, -1,
      11, 12, 4, -1,
      4, 12, 13, -1,
      4, 13, 14, -1,
      15, 16, 17, -1,
      17, 16, 18, -1,
      17, 18, 4, -1,
      6, 19, 4, -1,
      4, 19, 20, -1,
      4, 20, 11, -1,
      14, 21, 4, -1,
      4, 21, 22, -1,
      4, 22, 17, -1
    ]
  }
}

Shape {
  appearance Appearance {
    material Material {
      diffuseColor 1 1 1
      specularColor 0.8784313725490196 0.8784313725490196 0.8784313725490196
      ambientIntensity 0.2
      transparency 0
      shininess 0.5
    }
  }
  geometry IndexedFaceSet {
    ccw TRUE
    solid FALSE
    coord DEF co Coordinate {
      point [
        0.1555 0.4930 0.3504,         0.1604 0.4869 0.3504,         0.1525 0.5226 0.3504,         0.2642 0.5390 0.3504,         0.2539 0.5568 0.3504,         0.2090 0.5333 0.3504,         0.1836 0.5236 0.3504,         0.1858 0.5234 0.3504,         0.2174 0.5143 0.3504,         0.1890 0.5225 0.3504,         0.2174 0.5109 0.3504,         0.1940 0.5184 0.3504,         0.1956 0.5157 0.3504,         0.2172 0.5075 0.3504,         0.1750 0.5008 0.3504,         0.1777 0.4990 0.3504,         0.1670 0.4820 0.3504,         0.1808 0.4978 0.3504,         0.1880 0.5445 0.3504,         0.1839 0.5447 0.3504,         0.1779 0.5223 0.3504,         0.1452 0.5271 0.3504,         0.1459 0.5022 0.3504,         0.1521 0.5002 0.3504,         0.1918 0.5207 0.3504,         0.1961 0.5425 0.3504,         0.1760 0.5437 0.3504,         0.1686 0.5409 0.3504,         0.1752 0.5206 0.3504,         0.1617 0.5362 0.3504,         0.1730 0.5182 0.3504,         0.1562 0.5298 0.3504,         0.1714 0.5154 0.3504,         0.1706 0.5121 0.3504,         0.2753 0.5722 0.3504,         0.2779 0.5722 0.3504,         0.2917 0.5902 0.3504,         0.2843 0.5714 0.3504,         0.2941 0.5894 0.3504,         0.2901 0.5691 0.3504,         0.3040 0.5843 0.3504,         0.3129 0.5765 0.3504,         0.1811 0.5832 0.3504,         0.1836 0.5819 0.3504,         0.1732 0.6063 0.3504,         0.1881 0.5915 0.3504,         0.1801 0.6143 0.3504,         0.1954 0.6006 0.3504,         0.1879 0.6210 0.3504,         0.2046 0.6076 0.3504,         0.1961 0.6260 0.3504,         0.2609 0.4997 0.3504,         0.2622 0.4995 0.3504,         0.2649 0.5200 0.3504,         0.2115 0.6320 0.3504,         0.2155 0.6122 0.3504,         0.2281 0.6341 0.3504,         0.2736 0.6167 0.3504,         0.2627 0.5991 0.3504,         0.2845 0.6040 0.3504,         0.2697 0.5896 0.3504,         0.2741 0.5785 0.3504,         0.1392 0.5333 0.3504,         0.1254 0.5163 0.3504,         0.1341 0.5086 0.3504,         0.1334 0.5615 0.3504,         0.1115 0.5572 0.3504,         0.1324 0.5534 0.3504,         0.1113 0.5527 0.3504,         0.1328 0.5483 0.3504,         0.1125 0.5415 0.3504,         0.1352 0.5401 0.3504,         0.1168 0.5289 0.3504,         0.1238 0.5181 0.3504,         0.1965 0.5127 0.3504,         0.1966 0.5095 0.3504,         0.2153 0.4992 0.3504,         0.1959 0.5062 0.3504,         0.2113 0.4918 0.3504,         0.1944 0.5033 0.3504,         0.2061 0.4859 0.3504,         0.1923 0.5008 0.3504,         0.1995 0.4813 0.3504,         0.1897 0.4991 0.3504,         0.1920 0.4784 0.3504,         0.1868 0.4979 0.3504,         0.1839 0.4775 0.3504,         0.1836 0.4975 0.3504,         0.1826 0.4775 0.3504,         0.1747 0.4787 0.3504,         0.1728 0.5032 0.3504,         0.1714 0.5059 0.3504,         0.1706 0.5090 0.3504,         0.1809 0.5234 0.3504,         0.2032 0.5387 0.3504,         0.2953 0.5655 0.3504,         0.2992 0.5611 0.3504,         0.3196 0.5668 0.3504,         0.3023 0.5554 0.3504,         0.3235 0.5566 0.3504,         0.3039 0.5489 0.3504,         0.3248 0.5464 0.3504,         0.3040 0.5461 0.3504,         0.2800 0.5200 0.3504,         0.2820 0.4995 0.3504,         0.2859 0.5211 0.3504,         0.2922 0.5016 0.3504,         0.2918 0.5238 0.3504,         0.3025 0.5064 0.3504,         0.2968 0.5278 0.3504,         0.3113 0.5135 0.3504,         0.2973 0.5284 0.3504,         0.3124 0.5146 0.3504,         0.3009 0.5336 0.3504,         0.3186 0.5230 0.3504,         0.3032 0.5396 0.3504,         0.3230 0.5335 0.3504,         0.3248 0.5445 0.3504,         0.1736 0.5859 0.3504,         0.1694 0.6067 0.3504,         0.1658 0.5869 0.3504,         0.1655 0.6070 0.3504,         0.1624 0.5867 0.3504,         0.1542 0.6058 0.3504,         0.1542 0.5848 0.3504,         0.1417 0.6014 0.3504,         0.1467 0.5808 0.3504,         0.1304 0.5940 0.3504,         0.1409 0.5756 0.3504,         0.1270 0.5909 0.3504,         0.1362 0.5690 0.3504,         0.1200 0.5821 0.3504,         0.1142 0.5703 0.3504,         0.2266 0.6139 0.3504,         0.2284 0.6140 0.3504,         0.2419 0.6326 0.3504,         0.2388 0.6128 0.3504,         0.2587 0.6267 0.3504,         0.2494 0.6090 0.3504,         0.2589 0.6027 0.3504,         0.2526 0.5109 0.3504,         0.2525 0.5099 0.3504,         0.2632 0.5203 0.3504,         0.2528 0.5076 0.3504,         0.2536 0.5053 0.3504,         0.2551 0.5032 0.3504,         0.2564 0.5019 0.3504,         0.2642 0.5200 0.3504,         0.2586 0.5005 0.3504,         0.2629 0.5203 0.3504,         0.2605 0.5200 0.3504,         0.2582 0.5192 0.3504,         0.2561 0.5177 0.3504,         0.2544 0.5158 0.3504,         0.2532 0.5135 0.3504,         0.3248 0.5464 0.3465,         0.3235 0.5566 0.3465,         0.3221 0.5602 0.3465,         0.3196 0.5668 0.3465,         0.3129 0.5765 0.3465,         0.3040 0.5843 0.3465,         0.2941 0.5894 0.3465,         0.2917 0.5902 0.3465,         0.2845 0.6040 0.3465,         0.2736 0.6167 0.3465,         0.2659 0.6218 0.3465,         0.2587 0.6267 0.3465,         0.2419 0.6326 0.3465,         0.2281 0.6341 0.3465,         0.1879 0.6210 0.3465,         0.1893 0.6218 0.3465,         0.1961 0.6260 0.3465,         0.2115 0.6320 0.3465,         0.1801 0.6143 0.3465,         0.1732 0.6063 0.3465,         0.1694 0.6067 0.3465,         0.1655 0.6070 0.3465,         0.1542 0.6058 0.3465,         0.1417 0.6014 0.3465,         0.1304 0.5940 0.3465,         0.1270 0.5909 0.3465,         0.1142 0.5703 0.3465,         0.1200 0.5821 0.3465,         0.1121 0.5602 0.3465,         0.1115 0.5572 0.3465,         0.1113 0.5527 0.3465,         0.1125 0.5415 0.3465,         0.1129 0.5404 0.3465,         0.1168 0.5289 0.3465,         0.1238 0.5181 0.3465,         0.1254 0.5163 0.3465,         0.1341 0.5086 0.3465,         0.1459 0.5022 0.3465,         0.1521 0.5002 0.3465,         0.1526 0.4993 0.3465,         0.1555 0.4930 0.3465,         0.1604 0.4869 0.3465,         0.1670 0.4820 0.3465,         0.1747 0.4787 0.3465,         0.1826 0.4775 0.3465,         0.1839 0.4775 0.3465,         0.2174 0.5109 0.3465,         0.1920 0.4784 0.3465,         0.1995 0.4813 0.3465,         0.2061 0.4859 0.3465,         0.2113 0.4918 0.3465,         0.2153 0.4992 0.3465,         0.2153 0.4993 0.3465,         0.2172 0.5075 0.3465,         0.2174 0.5143 0.3465,         0.2642 0.5390 0.3465,         0.2539 0.5568 0.3465,         0.2634 0.5404 0.3465,         0.2090 0.5333 0.3465,         0.2226 0.5404 0.3465,         0.2032 0.5387 0.3465,         0.1999 0.5404 0.3465,         0.1961 0.5425 0.3465,         0.1880 0.5445 0.3465,         0.1839 0.5447 0.3465,         0.1760 0.5437 0.3465,         0.1686 0.5409 0.3465,         0.1679 0.5404 0.3465,         0.1617 0.5362 0.3465,         0.1562 0.5298 0.3465,         0.1525 0.5226 0.3465,         0.1324 0.5534 0.3465,         0.1452 0.5271 0.3465,         0.1392 0.5333 0.3465,         0.1352 0.5401 0.3465,         0.1351 0.5404 0.3465,         0.1328 0.5483 0.3465,         0.1332 0.5602 0.3465,         0.1334 0.5615 0.3465,         0.1362 0.5690 0.3465,         0.1409 0.5756 0.3465,         0.1467 0.5808 0.3465,         0.1542 0.5848 0.3465,         0.1624 0.5867 0.3465,         0.1658 0.5869 0.3465,         0.1736 0.5859 0.3465,         0.1811 0.5832 0.3465,         0.1836 0.5819 0.3465,         0.1881 0.5915 0.3465,         0.1954 0.6006 0.3465,         0.2046 0.6076 0.3465,         0.2155 0.6122 0.3465,         0.2266 0.6139 0.3465,         0.2284 0.6140 0.3465,         0.2388 0.6128 0.3465,         0.2494 0.6090 0.3465,         0.2589 0.6027 0.3465,         0.2627 0.5991 0.3465,         0.2697 0.5896 0.3465,         0.2741 0.5785 0.3465,         0.2753 0.5722 0.3465,         0.2779 0.5722 0.3465,         0.2843 0.5714 0.3465,         0.2901 0.5691 0.3465,         0.2953 0.5655 0.3465,         0.2992 0.5611 0.3465,         0.2998 0.5602 0.3465,         0.3023 0.5554 0.3465,         0.3039 0.5489 0.3465,         0.3040 0.5461 0.3465,         0.3034 0.5404 0.3465,         0.3032 0.5396 0.3465,         0.3009 0.5336 0.3465,         0.2973 0.5284 0.3465,         0.2968 0.5278 0.3465,         0.2918 0.5238 0.3465,         0.2859 0.5211 0.3465,         0.2800 0.5200 0.3465,         0.2649 0.5200 0.3465,         0.2642 0.5200 0.3465,         0.2632 0.5203 0.3465,         0.2629 0.5203 0.3465,         0.2605 0.5200 0.3465,         0.2582 0.5192 0.3465,         0.2561 0.5177 0.3465,         0.2544 0.5158 0.3465,         0.2532 0.5135 0.3465,         0.2526 0.5109 0.3465,         0.2525 0.5099 0.3465,         0.2528 0.5076 0.3465,         0.2536 0.5053 0.3465,         0.2551 0.5032 0.3465,         0.2564 0.5019 0.3465,         0.2586 0.5005 0.3465,         0.2609 0.4997 0.3465,         0.2622 0.4995 0.3465,         0.2820 0.4995 0.3465,         0.2922 0.5016 0.3465,         0.3025 0.5064 0.3465,         0.3113 0.5135 0.3465,         0.3124 0.5146 0.3465,         0.3230 0.5335 0.3465,         0.3186 0.5230 0.3465,         0.3241 0.5404 0.3465,         0.3248 0.5445 0.3465,         0.1836 0.5236 0.3465,         0.1858 0.5234 0.3465,         0.1890 0.5225 0.3465,         0.1918 0.5207 0.3465,         0.1940 0.5184 0.3465,         0.1956 0.5157 0.3465,         0.1965 0.5127 0.3465,         0.1966 0.5095 0.3465,         0.1959 0.5062 0.3465,         0.1944 0.5033 0.3465,         0.1923 0.5008 0.3465,         0.1897 0.4991 0.3465,         0.1868 0.4979 0.3465,         0.1836 0.4975 0.3465,         0.1808 0.4978 0.3465,         0.1777 0.4990 0.3465,         0.1750 0.5008 0.3465,         0.1728 0.5032 0.3465,         0.1714 0.5059 0.3465,         0.1706 0.5090 0.3465,         0.1706 0.5121 0.3465,         0.1714 0.5154 0.3465,         0.1730 0.5182 0.3465,         0.1752 0.5206 0.3465,         0.1779 0.5223 0.3465,         0.1809 0.5234 0.3465,         0.1809 0.5234 0.3465
      ]
    }
    coordIndex [
      0, 1, 2, -1,
      3, 4, 5, -1,
      6, 7, 3, -1,
      3, 7, 8, -1,
      8, 7, 9, -1,
      8, 9, 10, -1,
      11, 12, 13, -1,
      14, 1, 15, -1,
      15, 1, 16, -1,
      15, 16, 17, -1,
      18, 19, 20, -1,
      21, 22, 2, -1,
      2, 22, 23, -1,
      2, 23, 0, -1,
      10, 9, 13, -1,
      13, 9, 24, -1,
      13, 24, 11, -1,
      18, 20, 25, -1,
      19, 26, 20, -1,
      20, 26, 27, -1,
      20, 27, 28, -1,
      28, 27, 29, -1,
      28, 29, 30, -1,
      30, 29, 31, -1,
      30, 31, 32, -1,
      32, 31, 2, -1,
      32, 2, 33, -1,
      34, 35, 36, -1,
      36, 35, 37, -1,
      36, 37, 38, -1,
      38, 37, 39, -1,
      38, 39, 40, -1,
      40, 39, 41, -1,
      42, 43, 44, -1,
      44, 43, 45, -1,
      44, 45, 46, -1,
      46, 45, 47, -1,
      46, 47, 48, -1,
      48, 47, 49, -1,
      48, 49, 50, -1,
      51, 52, 53, -1,
      50, 49, 54, -1,
      54, 49, 55, -1,
      54, 55, 56, -1,
      57, 58, 59, -1,
      59, 58, 60, -1,
      59, 60, 36, -1,
      36, 60, 61, -1,
      36, 61, 34, -1,
      62, 63, 21, -1,
      21, 63, 64, -1,
      21, 64, 22, -1,
      65, 66, 67, -1,
      67, 66, 68, -1,
      67, 68, 69, -1,
      69, 68, 70, -1,
      69, 70, 71, -1,
      71, 70, 72, -1,
      71, 72, 62, -1,
      62, 72, 73, -1,
      62, 73, 63, -1,
      12, 74, 13, -1,
      13, 74, 75, -1,
      13, 75, 76, -1,
      76, 75, 77, -1,
      76, 77, 78, -1,
      78, 77, 79, -1,
      78, 79, 80, -1,
      80, 79, 81, -1,
      80, 81, 82, -1,
      82, 81, 83, -1,
      82, 83, 84, -1,
      84, 83, 85, -1,
      84, 85, 86, -1,
      86, 85, 87, -1,
      86, 87, 88, -1,
      88, 87, 17, -1,
      88, 17, 89, -1,
      89, 17, 16, -1,
      14, 90, 1, -1,
      1, 90, 91, -1,
      1, 91, 2, -1,
      2, 91, 92, -1,
      2, 92, 33, -1,
      6, 3, 93, -1,
      93, 3, 5, -1,
      93, 5, 20, -1,
      20, 5, 94, -1,
      20, 94, 25, -1,
      39, 95, 41, -1,
      41, 95, 96, -1,
      41, 96, 97, -1,
      97, 96, 98, -1,
      97, 98, 99, -1,
      99, 98, 100, -1,
      99, 100, 101, -1,
      101, 100, 102, -1,
      53, 52, 103, -1,
      103, 52, 104, -1,
      103, 104, 105, -1,
      105, 104, 106, -1,
      105, 106, 107, -1,
      107, 106, 108, -1,
      107, 108, 109, -1,
      109, 108, 110, -1,
      109, 110, 111, -1,
      111, 110, 112, -1,
      111, 112, 113, -1,
      113, 112, 114, -1,
      113, 114, 115, -1,
      115, 114, 116, -1,
      115, 116, 102, -1,
      102, 116, 117, -1,
      102, 117, 101, -1,
      42, 44, 118, -1,
      118, 44, 119, -1,
      118, 119, 120, -1,
      120, 119, 121, -1,
      120, 121, 122, -1,
      122, 121, 123, -1,
      122, 123, 124, -1,
      124, 123, 125, -1,
      124, 125, 126, -1,
      126, 125, 127, -1,
      126, 127, 128, -1,
      128, 127, 129, -1,
      128, 129, 130, -1,
      130, 129, 131, -1,
      130, 131, 65, -1,
      65, 131, 132, -1,
      65, 132, 66, -1,
      55, 133, 56, -1,
      56, 133, 134, -1,
      56, 134, 135, -1,
      135, 134, 136, -1,
      135, 136, 137, -1,
      137, 136, 138, -1,
      137, 138, 57, -1,
      57, 138, 139, -1,
      57, 139, 58, -1,
      140, 141, 142, -1,
      142, 141, 143, -1,
      143, 144, 142, -1,
      142, 144, 145, -1,
      142, 145, 146, -1,
      53, 147, 51, -1,
      51, 147, 142, -1,
      51, 142, 148, -1,
      148, 142, 146, -1,
      142, 149, 140, -1,
      140, 149, 150, -1,
      140, 150, 151, -1,
      151, 152, 140, -1,
      140, 152, 153, -1,
      140, 153, 154, -1,
      101, 155, 156, -1,
      101, 156, 99, -1,
      99, 156, 157, -1,
      99, 157, 97, -1,
      157, 158, 97, -1,
      97, 158, 159, -1,
      97, 159, 41, -1,
      41, 159, 160, -1,
      41, 160, 40, -1,
      40, 160, 161, -1,
      40, 161, 38, -1,
      38, 161, 162, -1,
      38, 162, 36, -1,
      36, 162, 163, -1,
      36, 163, 59, -1,
      59, 163, 164, -1,
      59, 164, 57, -1,
      57, 164, 137, -1,
      137, 164, 165, -1,
      165, 166, 137, -1,
      137, 166, 167, -1,
      137, 167, 135, -1,
      135, 167, 168, -1,
      135, 168, 56, -1,
      169, 48, 170, -1,
      170, 48, 50, -1,
      170, 50, 171, -1,
      171, 50, 54, -1,
      171, 54, 172, -1,
      172, 54, 56, -1,
      172, 56, 168, -1,
      48, 169, 173, -1,
      48, 173, 46, -1,
      46, 173, 174, -1,
      46, 174, 44, -1,
      44, 174, 175, -1,
      44, 175, 119, -1,
      119, 175, 176, -1,
      119, 176, 121, -1,
      121, 176, 177, -1,
      121, 177, 123, -1,
      123, 177, 178, -1,
      123, 178, 125, -1,
      125, 178, 179, -1,
      125, 179, 127, -1,
      127, 179, 180, -1,
      127, 180, 129, -1,
      181, 131, 182, -1,
      182, 131, 129, -1,
      182, 129, 180, -1,
      183, 66, 181, -1,
      181, 66, 132, -1,
      181, 132, 131, -1,
      183, 184, 66, -1,
      66, 184, 185, -1,
      66, 185, 68, -1,
      68, 185, 186, -1,
      68, 186, 70, -1,
      70, 186, 187, -1,
      70, 187, 72, -1,
      187, 188, 72, -1,
      72, 188, 189, -1,
      72, 189, 73, -1,
      73, 189, 190, -1,
      73, 190, 63, -1,
      63, 190, 191, -1,
      63, 191, 64, -1,
      64, 191, 192, -1,
      64, 192, 22, -1,
      22, 192, 193, -1,
      22, 193, 23, -1,
      23, 193, 194, -1,
      23, 194, 0, -1,
      194, 195, 0, -1,
      0, 195, 196, -1,
      0, 196, 1, -1,
      1, 196, 197, -1,
      1, 197, 16, -1,
      16, 197, 198, -1,
      16, 198, 89, -1,
      89, 198, 199, -1,
      89, 199, 88, -1,
      88, 199, 200, -1,
      88, 200, 86, -1,
      201, 10, 13, -1,
      86, 200, 202, -1,
      86, 202, 84, -1,
      84, 202, 203, -1,
      84, 203, 82, -1,
      82, 203, 204, -1,
      82, 204, 80, -1,
      80, 204, 205, -1,
      80, 205, 78, -1,
      78, 205, 206, -1,
      78, 206, 76, -1,
      76, 206, 207, -1,
      76, 207, 13, -1,
      13, 207, 208, -1,
      13, 208, 201, -1,
      8, 10, 209, -1,
      209, 10, 201, -1,
      3, 8, 210, -1,
      210, 8, 209, -1,
      211, 4, 212, -1,
      212, 4, 3, -1,
      212, 3, 210, -1,
      213, 5, 214, -1,
      214, 5, 4, -1,
      214, 4, 211, -1,
      5, 213, 215, -1,
      5, 215, 94, -1,
      94, 215, 216, -1,
      94, 216, 25, -1,
      216, 217, 25, -1,
      25, 217, 218, -1,
      25, 218, 18, -1,
      18, 218, 219, -1,
      18, 219, 19, -1,
      19, 219, 220, -1,
      19, 220, 26, -1,
      26, 220, 221, -1,
      26, 221, 27, -1,
      27, 221, 222, -1,
      27, 222, 29, -1,
      222, 223, 29, -1,
      29, 223, 224, -1,
      29, 224, 31, -1,
      31, 224, 225, -1,
      31, 225, 2, -1,
      226, 67, 69, -1,
      2, 225, 227, -1,
      2, 227, 21, -1,
      21, 227, 228, -1,
      21, 228, 62, -1,
      62, 228, 229, -1,
      62, 229, 71, -1,
      71, 229, 230, -1,
      71, 230, 69, -1,
      69, 230, 231, -1,
      69, 231, 226, -1,
      226, 232, 67, -1,
      67, 232, 65, -1,
      232, 233, 65, -1,
      65, 233, 234, -1,
      65, 234, 130, -1,
      130, 234, 235, -1,
      130, 235, 128, -1,
      128, 235, 236, -1,
      128, 236, 126, -1,
      126, 236, 237, -1,
      126, 237, 124, -1,
      124, 237, 238, -1,
      124, 238, 122, -1,
      122, 238, 239, -1,
      122, 239, 120, -1,
      120, 239, 240, -1,
      120, 240, 118, -1,
      118, 240, 241, -1,
      118, 241, 42, -1,
      42, 241, 242, -1,
      42, 242, 43, -1,
      43, 242, 243, -1,
      43, 243, 45, -1,
      45, 243, 244, -1,
      45, 244, 47, -1,
      47, 244, 245, -1,
      47, 245, 49, -1,
      49, 245, 246, -1,
      49, 246, 55, -1,
      55, 246, 247, -1,
      55, 247, 133, -1,
      133, 247, 248, -1,
      133, 248, 134, -1,
      134, 248, 249, -1,
      134, 249, 136, -1,
      136, 249, 250, -1,
      136, 250, 138, -1,
      138, 250, 251, -1,
      138, 251, 139, -1,
      139, 251, 252, -1,
      139, 252, 58, -1,
      58, 252, 253, -1,
      58, 253, 60, -1,
      60, 253, 254, -1,
      60, 254, 61, -1,
      61, 254, 255, -1,
      61, 255, 34, -1,
      35, 34, 256, -1,
      256, 34, 255, -1,
      35, 256, 257, -1,
      35, 257, 37, -1,
      37, 257, 258, -1,
      37, 258, 39, -1,
      39, 258, 259, -1,
      39, 259, 95, -1,
      95, 259, 260, -1,
      95, 260, 96, -1,
      96, 260, 261, -1,
      96, 261, 98, -1,
      261, 262, 98, -1,
      98, 262, 263, -1,
      98, 263, 100, -1,
      100, 263, 264, -1,
      100, 264, 102, -1,
      264, 265, 102, -1,
      102, 265, 115, -1,
      265, 266, 115, -1,
      115, 266, 267, -1,
      115, 267, 113, -1,
      113, 267, 268, -1,
      113, 268, 111, -1,
      111, 268, 269, -1,
      111, 269, 109, -1,
      109, 269, 270, -1,
      109, 270, 107, -1,
      107, 270, 271, -1,
      107, 271, 105, -1,
      105, 271, 272, -1,
      105, 272, 103, -1,
      53, 103, 273, -1,
      273, 103, 272, -1,
      53, 273, 274, -1,
      53, 274, 147, -1,
      147, 274, 275, -1,
      147, 275, 142, -1,
      142, 275, 276, -1,
      142, 276, 149, -1,
      149, 276, 277, -1,
      149, 277, 150, -1,
      150, 277, 278, -1,
      150, 278, 151, -1,
      151, 278, 279, -1,
      151, 279, 152, -1,
      152, 279, 280, -1,
      152, 280, 153, -1,
      153, 280, 281, -1,
      153, 281, 154, -1,
      154, 281, 282, -1,
      154, 282, 140, -1,
      140, 282, 283, -1,
      140, 283, 141, -1,
      141, 283, 284, -1,
      141, 284, 143, -1,
      143, 284, 285, -1,
      143, 285, 144, -1,
      144, 285, 286, -1,
      144, 286, 145, -1,
      145, 286, 287, -1,
      145, 287, 146, -1,
      146, 287, 288, -1,
      146, 288, 148, -1,
      148, 288, 289, -1,
      148, 289, 51, -1,
      51, 289, 290, -1,
      51, 290, 52, -1,
      104, 52, 291, -1,
      291, 52, 290, -1,
      104, 291, 292, -1,
      104, 292, 106, -1,
      106, 292, 293, -1,
      106, 293, 108, -1,
      108, 293, 294, -1,
      108, 294, 110, -1,
      110, 294, 295, -1,
      110, 295, 112, -1,
      296, 114, 297, -1,
      297, 114, 112, -1,
      297, 112, 295, -1,
      298, 117, 296, -1,
      296, 117, 116, -1,
      296, 116, 114, -1,
      298, 299, 117, -1,
      117, 299, 155, -1,
      117, 155, 101, -1,
      6, 300, 301, -1,
      6, 301, 7, -1,
      7, 301, 302, -1,
      7, 302, 9, -1,
      9, 302, 303, -1,
      9, 303, 24, -1,
      24, 303, 304, -1,
      24, 304, 11, -1,
      11, 304, 305, -1,
      11, 305, 12, -1,
      12, 305, 306, -1,
      12, 306, 74, -1,
      74, 306, 307, -1,
      74, 307, 75, -1,
      75, 307, 308, -1,
      75, 308, 77, -1,
      77, 308, 309, -1,
      77, 309, 79, -1,
      79, 309, 310, -1,
      79, 310, 81, -1,
      81, 310, 311, -1,
      81, 311, 83, -1,
      83, 311, 312, -1,
      83, 312, 85, -1,
      85, 312, 313, -1,
      85, 313, 87, -1,
      87, 313, 314, -1,
      87, 314, 17, -1,
      17, 314, 315, -1,
      17, 315, 15, -1,
      15, 315, 316, -1,
      15, 316, 14, -1,
      14, 316, 317, -1,
      14, 317, 90, -1,
      90, 317, 318, -1,
      90, 318, 91, -1,
      91, 318, 319, -1,
      91, 319, 92, -1,
      92, 319, 320, -1,
      92, 320, 33, -1,
      33, 320, 321, -1,
      33, 321, 32, -1,
      32, 321, 322, -1,
      32, 322, 30, -1,
      30, 322, 323, -1,
      30, 323, 28, -1,
      28, 323, 324, -1,
      28, 324, 20, -1,
      20, 324, 325, -1,
      20, 325, 93, -1,
      93, 325, 300, -1,
      93, 300, 6, -1
    ]
  }
}

Shape {
  appearance Appearance {
    material Material {
      diffuseColor 0.20784313725490197 0.20784313725490197 0.20784313725490197
      specularColor 0.01568627450980392 0.01568627450980392 0.01568627450980392
      ambientIntensity 0.2
      transparency 0
      shininess 0.5
    }
  }
  geometry IndexedFaceSet {
    ccw TRUE
    solid FALSE
    coord DEF co Coordinate {
      point [
        0.1868 0.4979 0.3465,         0.1858 0.5234 0.3465,         0.1836 0.4975 0.3465,         0.1836 0.5236 0.3465,         0.1809 0.5234 0.3465,         0.1923 0.5008 0.3465,         0.1940 0.5184 0.3465,         0.1918 0.5207 0.3465,         0.1706 0.5090 0.3465,         0.1714 0.5059 0.3465,         0.1728 0.5032 0.3465,         0.1750 0.5008 0.3465,         0.1897 0.4991 0.3465,         0.1890 0.5225 0.3465,         0.1777 0.4990 0.3465,         0.1808 0.4978 0.3465,         0.1779 0.5223 0.3465,         0.1752 0.5206 0.3465,         0.1706 0.5121 0.3465,         0.1730 0.5182 0.3465,         0.1714 0.5154 0.3465,         0.1959 0.5062 0.3465,         0.1966 0.5095 0.3465,         0.1944 0.5033 0.3465,         0.1965 0.5127 0.3465,         0.1956 0.5157 0.3465,         0.1956 0.5157 0.3465
      ]
    }
    coordIndex [
      0, 1, 2, -1,
      2, 1, 3, -1,
      2, 3, 4, -1,
      5, 6, 7, -1,
      8, 9, 4, -1,
      4, 9, 10, -1,
      4, 10, 11, -1,
      0, 12, 1, -1,
      1, 12, 5, -1,
      1, 5, 13, -1,
      13, 5, 7, -1,
      11, 14, 4, -1,
      4, 14, 15, -1,
      4, 15, 2, -1,
      4, 16, 8, -1,
      8, 16, 17, -1,
      8, 17, 18, -1,
      18, 17, 19, -1,
      18, 19, 20, -1,
      21, 22, 23, -1,
      23, 22, 24, -1,
      23, 24, 5, -1,
      5, 24, 25, -1,
      5, 25, 6, -1
    ]
  }
}

Shape {
  appearance Appearance {
    material Material {
      diffuseColor 1 1 1
      specularColor 0.8784313725490196 0.8784313725490196 0.8784313725490196
      ambientIntensity 0.2
      transparency 0
      shininess 0.5
    }
  }
  geometry IndexedFaceSet {
    ccw TRUE
    solid FALSE
    coord DEF co Coordinate {
      point [
        0.4982 0.5875 0.3504,         0.4958 0.5846 0.3504,         0.5002 0.5810 0.3504,         0.4950 0.5839 0.3504,         0.4953 0.5775 0.3504,         0.4919 0.5818 0.3504,         0.4900 0.5754 0.3504,         0.4878 0.5804 0.3504,         0.4819 0.5744 0.3504,         0.4819 0.5797 0.3504,         0.4689 0.5744 0.3504,         0.4750 0.5797 0.3504,         0.4689 0.6214 0.3504,         0.4750 0.6160 0.3504,         0.4824 0.6214 0.3504,         0.4821 0.6160 0.3504,         0.4896 0.6206 0.3504,         0.4882 0.6153 0.3504,         0.4952 0.6186 0.3504,         0.4923 0.6139 0.3504,         0.5002 0.6152 0.3504,         0.4957 0.6116 0.3504,         0.5018 0.6136 0.3504,         0.4973 0.6100 0.3504,         0.5047 0.6095 0.3504,         0.4990 0.6073 0.3504,         0.5065 0.6051 0.3504,         0.5003 0.6038 0.3504,         0.5073 0.5985 0.3504,         0.5009 0.5983 0.3504,         0.5071 0.5955 0.3504,         0.5007 0.5954 0.3504,         0.5060 0.5900 0.3504,         0.4998 0.5910 0.3504,         0.5037 0.5851 0.3504,         0.5002 0.5810 0.3465,         0.5037 0.5851 0.3465,         0.5060 0.5900 0.3465,         0.5071 0.5955 0.3465,         0.5073 0.5985 0.3465,         0.5065 0.6051 0.3465,         0.5047 0.6095 0.3465,         0.5018 0.6136 0.3465,         0.5002 0.6152 0.3465,         0.4824 0.6214 0.3465,         0.4952 0.6186 0.3465,         0.4905 0.6203 0.3465,         0.4896 0.6206 0.3465,         0.4689 0.6214 0.3465,         0.4689 0.5744 0.3465,         0.4819 0.5744 0.3465,         0.4900 0.5754 0.3465,         0.4905 0.5756 0.3465,         0.4953 0.5775 0.3465,         0.4957 0.6116 0.3465,         0.4973 0.6100 0.3465,         0.4990 0.6073 0.3465,         0.5003 0.6038 0.3465,         0.5009 0.5983 0.3465,         0.4821 0.6160 0.3465,         0.4882 0.6153 0.3465,         0.4923 0.6139 0.3465,         0.4750 0.6160 0.3465,         0.4750 0.5797 0.3465,         0.4819 0.5797 0.3465,         0.4958 0.5846 0.3465,         0.4950 0.5839 0.3465,         0.4919 0.5818 0.3465,         0.4878 0.5804 0.3465,         0.5007 0.5954 0.3465,         0.4998 0.5910 0.3465,         0.4982 0.5875 0.3465,         0.4982 0.5875 0.3465
      ]
    }
    coordIndex [
      0, 1, 2, -1,
      2, 1, 3, -1,
      2, 3, 4, -1,
      4, 3, 5, -1,
      4, 5, 6, -1,
      6, 5, 7, -1,
      6, 7, 8, -1,
      8, 7, 9, -1,
      8, 9, 10, -1,
      10, 9, 11, -1,
      10, 11, 12, -1,
      12, 11, 13, -1,
      12, 13, 14, -1,
      14, 13, 15, -1,
      14, 15, 16, -1,
      16, 15, 17, -1,
      16, 17, 18, -1,
      18, 17, 19, -1,
      18, 19, 20, -1,
      20, 19, 21, -1,
      20, 21, 22, -1,
      22, 21, 23, -1,
      22, 23, 24, -1,
      24, 23, 25, -1,
      24, 25, 26, -1,
      26, 25, 27, -1,
      26, 27, 28, -1,
      28, 27, 29, -1,
      28, 29, 30, -1,
      30, 29, 31, -1,
      30, 31, 32, -1,
      32, 31, 33, -1,
      32, 33, 34, -1,
      34, 33, 0, -1,
      34, 0, 2, -1,
      2, 35, 36, -1,
      2, 36, 34, -1,
      34, 36, 37, -1,
      34, 37, 32, -1,
      32, 37, 38, -1,
      32, 38, 30, -1,
      30, 38, 39, -1,
      30, 39, 28, -1,
      28, 39, 40, -1,
      28, 40, 26, -1,
      26, 40, 41, -1,
      26, 41, 24, -1,
      24, 41, 42, -1,
      24, 42, 22, -1,
      22, 42, 43, -1,
      22, 43, 20, -1,
      44, 14, 16, -1,
      20, 43, 45, -1,
      20, 45, 18, -1,
      18, 45, 46, -1,
      18, 46, 16, -1,
      16, 46, 47, -1,
      16, 47, 44, -1,
      12, 14, 48, -1,
      48, 14, 44, -1,
      10, 12, 49, -1,
      49, 12, 48, -1,
      8, 10, 50, -1,
      50, 10, 49, -1,
      35, 2, 4, -1,
      8, 50, 51, -1,
      8, 51, 6, -1,
      6, 51, 52, -1,
      6, 52, 4, -1,
      4, 52, 53, -1,
      4, 53, 35, -1,
      21, 54, 55, -1,
      21, 55, 23, -1,
      23, 55, 56, -1,
      23, 56, 25, -1,
      25, 56, 57, -1,
      25, 57, 27, -1,
      27, 57, 58, -1,
      27, 58, 29, -1,
      15, 59, 60, -1,
      15, 60, 17, -1,
      17, 60, 61, -1,
      17, 61, 19, -1,
      19, 61, 54, -1,
      19, 54, 21, -1,
      15, 13, 59, -1,
      59, 13, 62, -1,
      13, 11, 62, -1,
      62, 11, 63, -1,
      11, 9, 63, -1,
      63, 9, 64, -1,
      1, 65, 66, -1,
      1, 66, 3, -1,
      3, 66, 67, -1,
      3, 67, 5, -1,
      5, 67, 68, -1,
      5, 68, 7, -1,
      7, 68, 64, -1,
      7, 64, 9, -1,
      29, 58, 69, -1,
      29, 69, 31, -1,
      31, 69, 70, -1,
      31, 70, 33, -1,
      33, 70, 71, -1,
      33, 71, 0, -1,
      0, 71, 65, -1,
      0, 65, 1, -1
    ]
  }
}

Shape {
  appearance Appearance {
    material Material {
      diffuseColor 0.20784313725490197 0.20784313725490197 0.20784313725490197
      specularColor 0.01568627450980392 0.01568627450980392 0.01568627450980392
      ambientIntensity 0.2
      transparency 0
      shininess 0.5
    }
  }
  geometry IndexedFaceSet {
    ccw TRUE
    solid FALSE
    coord DEF co Coordinate {
      point [
        0.4750 0.6160 0.3465,         0.4750 0.5797 0.3465,         0.4821 0.6160 0.3465,         0.4819 0.5797 0.3465,         0.4878 0.5804 0.3465,         0.4919 0.5818 0.3465,         0.4950 0.5839 0.3465,         0.4958 0.5846 0.3465,         0.4982 0.5875 0.3465,         0.4998 0.5910 0.3465,         0.5007 0.5954 0.3465,         0.5009 0.5983 0.3465,         0.5003 0.6038 0.3465,         0.4990 0.6073 0.3465,         0.4973 0.6100 0.3465,         0.4957 0.6116 0.3465,         0.4882 0.6153 0.3465,         0.4923 0.6139 0.3465,         0.4923 0.6139 0.3465
      ]
    }
    coordIndex [
      0, 1, 2, -1,
      2, 1, 3, -1,
      2, 3, 4, -1,
      4, 5, 2, -1,
      2, 5, 6, -1,
      2, 6, 7, -1,
      7, 8, 2, -1,
      2, 8, 9, -1,
      2, 9, 10, -1,
      10, 11, 2, -1,
      2, 11, 12, -1,
      2, 12, 13, -1,
      13, 14, 2, -1,
      2, 14, 15, -1,
      2, 15, 16, -1,
      16, 15, 17, -1
    ]
  }
}

Shape {
  appearance Appearance {
    material Material {
      diffuseColor 1 1 1
      specularColor 0.8784313725490196 0.8784313725490196 0.8784313725490196
      ambientIntensity 0.2
      transparency 0
      shininess 0.5
    }
  }
  geometry IndexedFaceSet {
    ccw TRUE
    solid FALSE
    coord DEF co Coordinate {
      point [
        0.4132 0.5790 0.3504,         0.4132 0.5790 0.3465,         0.4084 0.5796 0.3465,         0.4084 0.5796 0.3504,         0.4051 0.5809 0.3465,         0.4051 0.5809 0.3504,         0.4020 0.5830 0.3465,         0.4020 0.5830 0.3504,         0.4011 0.5839 0.3465,         0.4011 0.5839 0.3504,         0.3988 0.5871 0.3465,         0.3988 0.5871 0.3504,         0.3973 0.5909 0.3465,         0.3973 0.5909 0.3504,         0.3965 0.5956 0.3465,         0.3965 0.5956 0.3504,         0.3965 0.5974 0.3465,         0.3965 0.5974 0.3504,         0.3973 0.6039 0.3465,         0.3973 0.6039 0.3504,         0.3988 0.6080 0.3465,         0.3988 0.6080 0.3504,         0.4014 0.6115 0.3465,         0.4014 0.6115 0.3504,         0.4046 0.6142 0.3465,         0.4046 0.6142 0.3504,         0.4083 0.6159 0.3465,         0.4083 0.6159 0.3504,         0.4124 0.6167 0.3465,         0.4124 0.6167 0.3504,         0.4142 0.6167 0.3465,         0.4142 0.6167 0.3504,         0.4253 0.6139 0.3465,         0.4253 0.6139 0.3504,         0.4248 0.6142 0.3504,         0.4200 0.6160 0.3465,         0.4200 0.6160 0.3504,         0.4233 0.6148 0.3465,         0.4248 0.6142 0.3465,         0.4253 0.6203 0.3504,         0.4253 0.6203 0.3465,         0.4142 0.6222 0.3465,         0.4142 0.6222 0.3504,         0.4143 0.6222 0.3504,         0.4233 0.6209 0.3465,         0.4204 0.6217 0.3504,         0.4204 0.6217 0.3465,         0.4192 0.6218 0.3465,         0.4143 0.6222 0.3465,         0.4109 0.6218 0.3465,         0.4073 0.6214 0.3504,         0.4073 0.6214 0.3465,         0.4024 0.6195 0.3465,         0.4024 0.6195 0.3504,         0.3980 0.6164 0.3465,         0.3980 0.6164 0.3504,         0.3969 0.6153 0.3465,         0.3969 0.6153 0.3504,         0.3935 0.6108 0.3465,         0.3935 0.6108 0.3504,         0.3912 0.6056 0.3465,         0.3912 0.6056 0.3504,         0.3902 0.5995 0.3465,         0.3902 0.5995 0.3504,         0.3901 0.5970 0.3465,         0.3901 0.5970 0.3504,         0.3909 0.5900 0.3465,         0.3909 0.5900 0.3504,         0.3927 0.5849 0.3465,         0.3927 0.5849 0.3504,         0.3954 0.5808 0.3465,         0.3954 0.5808 0.3504,         0.3961 0.5800 0.3465,         0.3961 0.5800 0.3504,         0.3999 0.5768 0.3465,         0.3999 0.5768 0.3504,         0.4044 0.5748 0.3465,         0.4044 0.5748 0.3504,         0.4095 0.5737 0.3465,         0.4095 0.5737 0.3504,         0.4123 0.5736 0.3465,         0.4123 0.5736 0.3504,         0.4253 0.5763 0.3465,         0.4253 0.5763 0.3504,         0.4245 0.5759 0.3504,         0.4195 0.5743 0.3465,         0.4195 0.5743 0.3504,         0.4233 0.5755 0.3465,         0.4245 0.5759 0.3465,         0.4253 0.5821 0.3504,         0.4253 0.5821 0.3465,         0.4233 0.5812 0.3465,         0.4207 0.5801 0.3504,         0.4207 0.5801 0.3465,         0.4154 0.5791 0.3465,         0.4154 0.5791 0.3504,         0.5820 0.5179 0.3504,         0.5800 0.5126 0.3504,         0.5978 0.5179 0.3504,         0.5996 0.5126 0.3504,         0.5890 0.5375 0.3504,         0.5867 0.5468 0.3504,         0.5688 0.4997 0.3504,         0.5755 0.4997 0.3504,         0.5894 0.5389 0.3504,         0.5898 0.5408 0.3504,         0.5932 0.5468 0.3504,         0.5899 0.5408 0.3504,         0.5903 0.5388 0.3504,         0.5907 0.5375 0.3504,         0.6112 0.4997 0.3504,         0.6044 0.4997 0.3504,         0.5867 0.5468 0.3465,         0.5932 0.5468 0.3465,         0.5688 0.4997 0.3465,         0.5843 0.5404 0.3465,         0.5755 0.4997 0.3465,         0.5800 0.5126 0.3465,         0.5996 0.5126 0.3465,         0.6044 0.4997 0.3465,         0.6112 0.4997 0.3465,         0.5956 0.5404 0.3465,         0.5890 0.5375 0.3465,         0.5894 0.5389 0.3465,         0.5898 0.5408 0.3465,         0.5820 0.5179 0.3465,         0.5978 0.5179 0.3465,         0.5907 0.5375 0.3465,         0.5899 0.5408 0.3465,         0.5903 0.5388 0.3465,         0.5903 0.5388 0.3465
      ]
    }
    coordIndex [
      0, 1, 2, -1,
      0, 2, 3, -1,
      3, 2, 4, -1,
      3, 4, 5, -1,
      5, 4, 6, -1,
      5, 6, 7, -1,
      7, 6, 8, -1,
      7, 8, 9, -1,
      9, 8, 10, -1,
      9, 10, 11, -1,
      11, 10, 12, -1,
      11, 12, 13, -1,
      13, 12, 14, -1,
      13, 14, 15, -1,
      15, 14, 16, -1,
      15, 16, 17, -1,
      17, 16, 18, -1,
      17, 18, 19, -1,
      19, 18, 20, -1,
      19, 20, 21, -1,
      21, 20, 22, -1,
      21, 22, 23, -1,
      23, 22, 24, -1,
      23, 24, 25, -1,
      25, 24, 26, -1,
      25, 26, 27, -1,
      27, 26, 28, -1,
      27, 28, 29, -1,
      29, 28, 30, -1,
      29, 30, 31, -1,
      32, 33, 34, -1,
      31, 30, 35, -1,
      31, 35, 36, -1,
      36, 35, 37, -1,
      36, 37, 34, -1,
      34, 37, 38, -1,
      34, 38, 32, -1,
      39, 33, 40, -1,
      40, 33, 32, -1,
      41, 42, 43, -1,
      39, 40, 44, -1,
      39, 44, 45, -1,
      44, 46, 45, -1,
      45, 46, 47, -1,
      45, 47, 43, -1,
      43, 47, 48, -1,
      43, 48, 41, -1,
      42, 41, 49, -1,
      42, 49, 50, -1,
      49, 51, 50, -1,
      50, 51, 52, -1,
      50, 52, 53, -1,
      53, 52, 54, -1,
      53, 54, 55, -1,
      55, 54, 56, -1,
      55, 56, 57, -1,
      57, 56, 58, -1,
      57, 58, 59, -1,
      59, 58, 60, -1,
      59, 60, 61, -1,
      61, 60, 62, -1,
      61, 62, 63, -1,
      63, 62, 64, -1,
      63, 64, 65, -1,
      65, 64, 66, -1,
      65, 66, 67, -1,
      67, 66, 68, -1,
      67, 68, 69, -1,
      69, 68, 70, -1,
      69, 70, 71, -1,
      71, 70, 72, -1,
      71, 72, 73, -1,
      73, 72, 74, -1,
      73, 74, 75, -1,
      75, 74, 76, -1,
      75, 76, 77, -1,
      77, 76, 78, -1,
      77, 78, 79, -1,
      79, 78, 80, -1,
      79, 80, 81, -1,
      82, 83, 84, -1,
      81, 80, 85, -1,
      81, 85, 86, -1,
      86, 85, 87, -1,
      86, 87, 84, -1,
      84, 87, 88, -1,
      84, 88, 82, -1,
      89, 83, 90, -1,
      90, 83, 82, -1,
      89, 90, 91, -1,
      89, 91, 92, -1,
      91, 93, 92, -1,
      92, 93, 94, -1,
      92, 94, 95, -1,
      95, 94, 1, -1,
      95, 1, 0, -1,
      34, 33, 39, -1,
      25, 55, 23, -1,
      23, 55, 57, -1,
      23, 57, 21, -1,
      21, 57, 59, -1,
      21, 59, 19, -1,
      34, 39, 36, -1,
      36, 39, 45, -1,
      36, 45, 31, -1,
      31, 45, 43, -1,
      31, 43, 29, -1,
      29, 43, 42, -1,
      29, 42, 27, -1,
      27, 42, 50, -1,
      27, 50, 25, -1,
      25, 50, 53, -1,
      25, 53, 55, -1,
      83, 89, 84, -1,
      84, 89, 92, -1,
      84, 92, 86, -1,
      86, 92, 95, -1,
      86, 95, 81, -1,
      81, 95, 0, -1,
      81, 0, 79, -1,
      79, 0, 3, -1,
      79, 3, 77, -1,
      77, 3, 5, -1,
      77, 5, 75, -1,
      75, 5, 7, -1,
      75, 7, 73, -1,
      73, 7, 9, -1,
      73, 9, 71, -1,
      71, 9, 11, -1,
      71, 11, 69, -1,
      65, 17, 63, -1,
      63, 17, 19, -1,
      63, 19, 61, -1,
      61, 19, 59, -1,
      69, 11, 67, -1,
      67, 11, 13, -1,
      67, 13, 65, -1,
      65, 13, 15, -1,
      65, 15, 17, -1,
      96, 97, 98, -1,
      98, 97, 99, -1,
      100, 101, 96, -1,
      96, 101, 102, -1,
      96, 102, 97, -1,
      97, 102, 103, -1,
      100, 104, 101, -1,
      101, 104, 105, -1,
      101, 105, 106, -1,
      106, 105, 107, -1,
      106, 107, 108, -1,
      108, 109, 106, -1,
      106, 109, 98, -1,
      106, 98, 110, -1,
      110, 98, 99, -1,
      110, 99, 111, -1,
      101, 106, 112, -1,
      112, 106, 113, -1,
      114, 102, 115, -1,
      115, 102, 101, -1,
      115, 101, 112, -1,
      103, 102, 116, -1,
      116, 102, 114, -1,
      97, 103, 117, -1,
      117, 103, 116, -1,
      99, 97, 118, -1,
      118, 97, 117, -1,
      111, 99, 119, -1,
      119, 99, 118, -1,
      110, 111, 120, -1,
      120, 111, 119, -1,
      110, 120, 106, -1,
      106, 120, 121, -1,
      106, 121, 113, -1,
      100, 122, 123, -1,
      100, 123, 104, -1,
      104, 123, 124, -1,
      104, 124, 105, -1,
      100, 96, 122, -1,
      122, 96, 125, -1,
      96, 98, 125, -1,
      125, 98, 126, -1,
      98, 109, 126, -1,
      126, 109, 127, -1,
      107, 128, 129, -1,
      107, 129, 108, -1,
      108, 129, 127, -1,
      108, 127, 109, -1,
      107, 105, 128, -1,
      128, 105, 124, -1
    ]
  }
}

Shape {
  appearance Appearance {
    material Material {
      diffuseColor 0.20784313725490197 0.20784313725490197 0.20784313725490197
      specularColor 0.01568627450980392 0.01568627450980392 0.01568627450980392
      ambientIntensity 0.2
      transparency 0
      shininess 0.5
    }
  }
  geometry IndexedFaceSet {
    ccw TRUE
    solid FALSE
    coord DEF co Coordinate {
      point [
        0.5899 0.5408 0.3465,         0.5898 0.5408 0.3465,         0.5903 0.5388 0.3465,         0.5894 0.5389 0.3465,         0.5907 0.5375 0.3465,         0.5890 0.5375 0.3465,         0.5978 0.5179 0.3465,         0.5820 0.5179 0.3465,         0.5820 0.5179 0.3465
      ]
    }
    coordIndex [
      0, 1, 2, -1,
      2, 1, 3, -1,
      2, 3, 4, -1,
      4, 3, 5, -1,
      4, 5, 6, -1,
      6, 5, 7, -1
    ]
  }
}

Shape {
  appearance Appearance {
    material Material {
      diffuseColor 1 1 1
      specularColor 0.8784313725490196 0.8784313725490196 0.8784313725490196
      ambientIntensity 0.2
      transparency 0
      shininess 0.5
    }
  }
  geometry IndexedFaceSet {
    ccw TRUE
    solid FALSE
    coord DEF co Coordinate {
      point [
        0.5190 0.5051 0.3504,         0.5190 0.5051 0.3465,         0.4998 0.5051 0.3504,         0.5086 0.5051 0.3465,         0.4998 0.5051 0.3465,         0.4998 0.5209 0.3504,         0.4998 0.5209 0.3465,         0.5166 0.5209 0.3504,         0.5086 0.5209 0.3465,         0.5166 0.5209 0.3465,         0.5166 0.5263 0.3504,         0.5166 0.5263 0.3465,         0.4998 0.5263 0.3465,         0.4998 0.5263 0.3504,         0.5086 0.5263 0.3465,         0.4998 0.5414 0.3465,         0.4998 0.5414 0.3504,         0.4998 0.5404 0.3465,         0.5179 0.5414 0.3465,         0.5179 0.5414 0.3504,         0.5086 0.5414 0.3465,         0.5179 0.5468 0.3504,         0.5179 0.5468 0.3465,         0.4937 0.5468 0.3465,         0.4937 0.5468 0.3504,         0.5086 0.5468 0.3465,         0.4937 0.4997 0.3465,         0.4937 0.4997 0.3504,         0.4937 0.5404 0.3465,         0.5190 0.4997 0.3504,         0.5086 0.4997 0.3465,         0.5190 0.4997 0.3465,         0.3694 0.5051 0.3465,         0.3694 0.5051 0.3504,         0.3884 0.5051 0.3465,         0.3887 0.5051 0.3504,         0.3887 0.5051 0.3465,         0.3694 0.5209 0.3504,         0.3694 0.5209 0.3465,         0.3862 0.5209 0.3504,         0.3862 0.5209 0.3465,         0.3862 0.5263 0.3504,         0.3862 0.5263 0.3465,         0.3694 0.5263 0.3504,         0.3694 0.5263 0.3465,         0.3694 0.5414 0.3465,         0.3694 0.5414 0.3504,         0.3694 0.5404 0.3465,         0.3876 0.5414 0.3504,         0.3876 0.5414 0.3465,         0.3876 0.5468 0.3504,         0.3876 0.5468 0.3465,         0.3633 0.5468 0.3504,         0.3633 0.5468 0.3465,         0.3633 0.4997 0.3465,         0.3633 0.4997 0.3504,         0.3633 0.5404 0.3465,         0.3887 0.4997 0.3465,         0.3887 0.4997 0.3504,         0.3884 0.4997 0.3465,         0.5230 0.5926 0.3504,         0.5211 0.5872 0.3504,         0.5388 0.5926 0.3504,         0.5407 0.5872 0.3504,         0.5301 0.6121 0.3504,         0.5278 0.6214 0.3504,         0.5099 0.5744 0.3504,         0.5166 0.5744 0.3504,         0.5305 0.6135 0.3504,         0.5308 0.6154 0.3504,         0.5343 0.6214 0.3504,         0.5310 0.6154 0.3504,         0.5314 0.6134 0.3504,         0.5317 0.6121 0.3504,         0.5522 0.5744 0.3504,         0.5455 0.5744 0.3504,         0.5278 0.6214 0.3465,         0.5343 0.6214 0.3465,         0.5099 0.5744 0.3465,         0.5234 0.6100 0.3465,         0.5166 0.5744 0.3465,         0.5211 0.5872 0.3465,         0.5407 0.5872 0.3465,         0.5234 0.5872 0.3465,         0.5455 0.5744 0.3465,         0.5522 0.5744 0.3465,         0.5301 0.6121 0.3465,         0.5305 0.6135 0.3465,         0.5308 0.6154 0.3465,         0.5230 0.5926 0.3465,         0.5388 0.5926 0.3465,         0.5317 0.6121 0.3465,         0.5310 0.6154 0.3465,         0.5314 0.6134 0.3465,         0.5314 0.6134 0.3465
      ]
    }
    coordIndex [
      0, 1, 2, -1,
      2, 1, 3, -1,
      2, 3, 4, -1,
      5, 2, 6, -1,
      6, 2, 4, -1,
      5, 6, 7, -1,
      7, 6, 8, -1,
      7, 8, 9, -1,
      10, 7, 11, -1,
      11, 7, 9, -1,
      12, 13, 14, -1,
      14, 13, 10, -1,
      14, 10, 11, -1,
      15, 16, 17, -1,
      17, 16, 13, -1,
      17, 13, 12, -1,
      18, 19, 20, -1,
      20, 19, 16, -1,
      20, 16, 15, -1,
      21, 19, 22, -1,
      22, 19, 18, -1,
      23, 24, 25, -1,
      25, 24, 21, -1,
      25, 21, 22, -1,
      26, 27, 28, -1,
      28, 27, 24, -1,
      28, 24, 23, -1,
      27, 26, 29, -1,
      29, 26, 30, -1,
      29, 30, 31, -1,
      0, 29, 1, -1,
      1, 29, 31, -1,
      27, 29, 0, -1,
      0, 2, 27, -1,
      27, 2, 5, -1,
      27, 5, 24, -1,
      19, 21, 16, -1,
      16, 21, 24, -1,
      16, 24, 13, -1,
      13, 24, 5, -1,
      13, 5, 10, -1,
      10, 5, 7, -1,
      32, 33, 34, -1,
      34, 33, 35, -1,
      34, 35, 36, -1,
      37, 33, 38, -1,
      38, 33, 32, -1,
      39, 37, 40, -1,
      40, 37, 38, -1,
      41, 39, 42, -1,
      42, 39, 40, -1,
      43, 41, 44, -1,
      44, 41, 42, -1,
      45, 46, 47, -1,
      47, 46, 43, -1,
      47, 43, 44, -1,
      48, 46, 49, -1,
      49, 46, 45, -1,
      50, 48, 51, -1,
      51, 48, 49, -1,
      52, 50, 53, -1,
      53, 50, 51, -1,
      54, 55, 56, -1,
      56, 55, 52, -1,
      56, 52, 53, -1,
      57, 58, 59, -1,
      59, 58, 55, -1,
      59, 55, 54, -1,
      35, 58, 36, -1,
      36, 58, 57, -1,
      55, 58, 35, -1,
      35, 33, 55, -1,
      55, 33, 37, -1,
      55, 37, 52, -1,
      48, 50, 46, -1,
      46, 50, 52, -1,
      46, 52, 43, -1,
      43, 52, 37, -1,
      43, 37, 41, -1,
      41, 37, 39, -1,
      60, 61, 62, -1,
      62, 61, 63, -1,
      64, 65, 60, -1,
      60, 65, 66, -1,
      60, 66, 61, -1,
      61, 66, 67, -1,
      64, 68, 65, -1,
      65, 68, 69, -1,
      65, 69, 70, -1,
      70, 69, 71, -1,
      70, 71, 72, -1,
      72, 73, 70, -1,
      70, 73, 62, -1,
      70, 62, 74, -1,
      74, 62, 63, -1,
      74, 63, 75, -1,
      65, 70, 76, -1,
      76, 70, 77, -1,
      78, 66, 79, -1,
      79, 66, 65, -1,
      79, 65, 76, -1,
      67, 66, 80, -1,
      80, 66, 78, -1,
      61, 67, 81, -1,
      81, 67, 80, -1,
      82, 63, 83, -1,
      83, 63, 61, -1,
      83, 61, 81, -1,
      75, 63, 84, -1,
      84, 63, 82, -1,
      74, 75, 85, -1,
      85, 75, 84, -1,
      70, 74, 77, -1,
      77, 74, 85, -1,
      64, 86, 87, -1,
      64, 87, 68, -1,
      68, 87, 88, -1,
      68, 88, 69, -1,
      64, 60, 86, -1,
      86, 60, 89, -1,
      60, 62, 89, -1,
      89, 62, 90, -1,
      62, 73, 90, -1,
      90, 73, 91, -1,
      71, 92, 93, -1,
      71, 93, 72, -1,
      72, 93, 91, -1,
      72, 91, 73, -1,
      71, 69, 92, -1,
      92, 69, 88, -1
    ]
  }
}

Shape {
  appearance Appearance {
    material Material {
      diffuseColor 0.20784313725490197 0.20784313725490197 0.20784313725490197
      specularColor 0.01568627450980392 0.01568627450980392 0.01568627450980392
      ambientIntensity 0.2
      transparency 0
      shininess 0.5
    }
  }
  geometry IndexedFaceSet {
    ccw TRUE
    solid FALSE
    coord DEF co Coordinate {
      point [
        0.5310 0.6154 0.3465,         0.5308 0.6154 0.3465,         0.5314 0.6134 0.3465,         0.5305 0.6135 0.3465,         0.5317 0.6121 0.3465,         0.5301 0.6121 0.3465,         0.5388 0.5926 0.3465,         0.5230 0.5926 0.3465,         0.5230 0.5926 0.3465
      ]
    }
    coordIndex [
      0, 1, 2, -1,
      2, 1, 3, -1,
      2, 3, 4, -1,
      4, 3, 5, -1,
      4, 5, 6, -1,
      6, 5, 7, -1
    ]
  }
}

Shape {
  appearance Appearance {
    material Material {
      diffuseColor 1 1 1
      specularColor 0.8784313725490196 0.8784313725490196 0.8784313725490196
      ambientIntensity 0.2
      transparency 0
      shininess 0.5
    }
  }
  geometry IndexedFaceSet {
    ccw TRUE
    solid FALSE
    coord DEF co Coordinate {
      point [
        0.4408 0.5797 0.3465,         0.4408 0.5797 0.3504,         0.4535 0.5797 0.3465,         0.4601 0.5797 0.3504,         0.4601 0.5797 0.3465,         0.4408 0.5956 0.3504,         0.4408 0.5956 0.3465,         0.4576 0.5956 0.3504,         0.4535 0.5956 0.3465,         0.4576 0.5956 0.3465,         0.4576 0.6010 0.3504,         0.4576 0.6010 0.3465,         0.4408 0.6010 0.3465,         0.4408 0.6010 0.3504,         0.4535 0.6010 0.3465,         0.4408 0.6160 0.3504,         0.4408 0.6160 0.3465,         0.4590 0.6160 0.3504,         0.4535 0.6160 0.3465,         0.4590 0.6160 0.3465,         0.4590 0.6214 0.3504,         0.4590 0.6214 0.3465,         0.4347 0.6214 0.3465,         0.4347 0.6214 0.3504,         0.4535 0.6214 0.3465,         0.4347 0.5744 0.3504,         0.4347 0.5744 0.3465,         0.4601 0.5744 0.3504,         0.4535 0.5744 0.3465,         0.4601 0.5744 0.3465,         0.3694 0.5797 0.3504,         0.3882 0.5797 0.3504,         0.3694 0.5797 0.3465,         0.3882 0.5797 0.3465,         0.3694 0.6214 0.3504,         0.3694 0.6214 0.3465,         0.3633 0.6214 0.3504,         0.3633 0.6214 0.3465,         0.3633 0.5744 0.3504,         0.3633 0.5744 0.3465,         0.3882 0.5744 0.3504,         0.3882 0.5744 0.3465,         0.3882 0.5744 0.3465
      ]
    }
    coordIndex [
      0, 1, 2, -1,
      2, 1, 3, -1,
      2, 3, 4, -1,
      5, 1, 6, -1,
      6, 1, 0, -1,
      5, 6, 7, -1,
      7, 6, 8, -1,
      7, 8, 9, -1,
      10, 7, 11, -1,
      11, 7, 9, -1,
      12, 13, 14, -1,
      14, 13, 10, -1,
      14, 10, 11, -1,
      15, 13, 16, -1,
      16, 13, 12, -1,
      15, 16, 17, -1,
      17, 16, 18, -1,
      17, 18, 19, -1,
      20, 17, 21, -1,
      21, 17, 19, -1,
      22, 23, 24, -1,
      24, 23, 20, -1,
      24, 20, 21, -1,
      25, 23, 26, -1,
      26, 23, 22, -1,
      25, 26, 27, -1,
      27, 26, 28, -1,
      27, 28, 29, -1,
      3, 27, 4, -1,
      4, 27, 29, -1,
      25, 27, 3, -1,
      3, 1, 25, -1,
      25, 1, 5, -1,
      25, 5, 23, -1,
      17, 20, 15, -1,
      15, 20, 23, -1,
      15, 23, 13, -1,
      13, 23, 5, -1,
      13, 5, 10, -1,
      10, 5, 7, -1,
      30, 31, 32, -1,
      32, 31, 33, -1,
      34, 30, 35, -1,
      35, 30, 32, -1,
      36, 34, 37, -1,
      37, 34, 35, -1,
      38, 36, 39, -1,
      39, 36, 37, -1,
      40, 38, 41, -1,
      41, 38, 39, -1,
      31, 40, 33, -1,
      33, 40, 41, -1,
      34, 36, 30, -1,
      30, 36, 38, -1,
      30, 38, 31, -1,
      31, 38, 40, -1
    ]
  }
}
